Starting FT NCCL TP server: model=Qwen/Qwen2.5-32B-Instruct tp=8 port=8000
FT_COLLECTIVE_PYTHON=/workspace/nccl/contrib/fault_tolerant_collectives/ft_handle/python
FT_NCCL_MAX_COUNT=33554432
[E708 09:14:01.588409844 shim_common.cpp:1458] Exception in aoti_torch: Tried to register an operator (_C::persistent_masked_m_silu_mul_quant(Tensor input, Tensor counts, Tensor($0! -> ) y_q, Tensor($1! -> ) y_s, bool use_ue8m0) -> ()) with the same name and overload name multiple times. Each overload's schema should only be registered with a single call to def(). Duplicate registration: registered at /workspace/csrc/libtorch_stable/torch_bindings.cpp:10. Original registration: registered at /workspace/csrc/torch_bindings.cpp:21
Exception raised from registerDef at /pytorch/aten/src/ATen/core/dispatch/Dispatcher.cpp:248 (most recent call first):
frame #0: c10::Error::Error(c10::SourceLocation, std::__cxx11::basic_string<char, std::char_traits<char>, std::allocator<char> >) + 0x9d (0x7ffff6d7205d in /workspace/vllm/.venv/lib/python3.12/site-packages/torch/lib/libc10.so)
frame #1: c10::detail::torchCheckFail(char const*, char const*, unsigned int, std::__cxx11::basic_string<char, std::char_traits<char>, std::allocator<char> > const&) + 0xc3 (0x7ffff6d066fd in /workspace/vllm/.venv/lib/python3.12/site-packages/torch/lib/libc10.so)
frame #2: c10::Dispatcher::registerDef(c10::FunctionSchema, std::__cxx11::basic_string<char, std::char_traits<char>, std::allocator<char> >, std::vector<at::Tag, std::allocator<at::Tag> >) + 0x35e (0x7fff0e8811fe in /workspace/vllm/.venv/lib/python3.12/site-packages/torch/lib/libtorch_cpu.so)
frame #3: torch::Library::_def(c10::FunctionSchema&&, c10::OperatorName*, std::vector<at::Tag, std::allocator<at::Tag> > const&, torch::_RegisterOrVerify) & + 0x514 (0x7fff0e8c2254 in /workspace/vllm/.venv/lib/python3.12/site-packages/torch/lib/libtorch_cpu.so)
frame #4: aoti_torch_library_def + 0x99 (0x7fff12ad45b9 in /workspace/vllm/.venv/lib/python3.12/site-packages/torch/lib/libtorch_cpu.so)
frame #5: <unknown function> + 0x2bdaf1 (0x7ffded2beaf1 in /workspace/vllm/vllm/_C_stable_libtorch.abi3.so)
frame #6: <unknown function> + 0x2bf0ce (0x7ffded2c00ce in /workspace/vllm/vllm/_C_stable_libtorch.abi3.so)
frame #7: <unknown function> + 0x279d92 (0x7ffded27ad92 in /workspace/vllm/vllm/_C_stable_libtorch.abi3.so)
frame #8: <unknown function> + 0x571f (0x7ffff7fca71f in /lib64/ld-linux-x86-64.so.2)
frame #9: <unknown function> + 0x5824 (0x7ffff7fca824 in /lib64/ld-linux-x86-64.so.2)
frame #10: _dl_catch_exception + 0x132 (0x7ffff7fc65b2 in /lib64/ld-linux-x86-64.so.2)
frame #11: <unknown function> + 0xcd7c (0x7ffff7fd1d7c in /lib64/ld-linux-x86-64.so.2)
frame #12: _dl_catch_exception + 0x9c (0x7ffff7fc651c in /lib64/ld-linux-x86-64.so.2)
frame #13: <unknown function> + 0xd164 (0x7ffff7fd2164 in /lib64/ld-linux-x86-64.so.2)
frame #14: <unknown function> + 0x981a4 (0x7ffff7d0c1a4 in /usr/lib/x86_64-linux-gnu/libc.so.6)
frame #15: _dl_catch_exception + 0x9c (0x7ffff7fc651c in /lib64/ld-linux-x86-64.so.2)
frame #16: <unknown function> + 0x1669 (0x7ffff7fc6669 in /lib64/ld-linux-x86-64.so.2)
frame #17: <unknown function> + 0x97c83 (0x7ffff7d0bc83 in /usr/lib/x86_64-linux-gnu/libc.so.6)
frame #18: dlopen + 0x6f (0x7ffff7d0c25f in /usr/lib/x86_64-linux-gnu/libc.so.6)
frame #19: /workspace/vllm/.venv/bin/python() [0x6bc36c]
frame #20: /workspace/vllm/.venv/bin/python() [0x6a946a]
frame #21: /workspace/vllm/.venv/bin/python() [0x6a8bf2]
frame #22: /workspace/vllm/.venv/bin/python() [0x581f37]
frame #23: _PyEval_EvalFrameDefault + 0x4c3a (0x5db0ba in /workspace/vllm/.venv/bin/python)
frame #24: /workspace/vllm/.venv/bin/python() [0x549d47]
frame #25: PyObject_CallMethodObjArgs + 0xe3 (0x54b5c3 in /workspace/vllm/.venv/bin/python)
frame #26: PyImport_ImportModuleLevelObject + 0x395 (0x5fd805 in /workspace/vllm/.venv/bin/python)
frame #27: _PyEval_EvalFrameDefault + 0x5eee (0x5dc36e in /workspace/vllm/.venv/bin/python)
frame #28: PyEval_EvalCode + 0x15b (0x5d543b in /workspace/vllm/.venv/bin/python)
frame #29: /workspace/vllm/.venv/bin/python() [0x5d322c]
frame #30: /workspace/vllm/.venv/bin/python() [0x581d1d]
frame #31: _PyEval_EvalFrameDefault + 0x4c3a (0x5db0ba in /workspace/vllm/.venv/bin/python)
frame #32: PyObject_CallOneArg + 0x4d (0x54a65d in /workspace/vllm/.venv/bin/python)
frame #33: /workspace/vllm/.venv/bin/python() [0x582e84]
frame #34: _PyObject_LookupAttr + 0x7a (0x584bea in /workspace/vllm/.venv/bin/python)
frame #35: /workspace/vllm/.venv/bin/python() [0x5d2b8a]
frame #36: _PyEval_EvalFrameDefault + 0x207d (0x5d84fd in /workspace/vllm/.venv/bin/python)
frame #37: /workspace/vllm/.venv/bin/python() [0x549d47]
frame #38: PyObject_CallMethodObjArgs + 0xe3 (0x54b5c3 in /workspace/vllm/.venv/bin/python)
frame #39: PyImport_ImportModuleLevelObject + 0x5eb (0x5fda5b in /workspace/vllm/.venv/bin/python)
frame #40: _PyEval_EvalFrameDefault + 0x5eee (0x5dc36e in /workspace/vllm/.venv/bin/python)
frame #41: PyEval_EvalCode + 0x15b (0x5d543b in /workspace/vllm/.venv/bin/python)
frame #42: /workspace/vllm/.venv/bin/python() [0x5d322c]
frame #43: /workspace/vllm/.venv/bin/python() [0x581d1d]
frame #44: _PyEval_EvalFrameDefault + 0x4c3a (0x5db0ba in /workspace/vllm/.venv/bin/python)
frame #45: /workspace/vllm/.venv/bin/python() [0x549d47]
frame #46: PyObject_CallMethodObjArgs + 0xe3 (0x54b5c3 in /workspace/vllm/.venv/bin/python)
frame #47: PyImport_ImportModuleLevelObject + 0x395 (0x5fd805 in /workspace/vllm/.venv/bin/python)
frame #48: _PyEval_EvalFrameDefault + 0x5eee (0x5dc36e in /workspace/vllm/.venv/bin/python)
frame #49: PyEval_EvalCode + 0x15b (0x5d543b in /workspace/vllm/.venv/bin/python)
frame #50: /workspace/vllm/.venv/bin/python() [0x5d322c]
frame #51: /workspace/vllm/.venv/bin/python() [0x581d1d]
frame #52: _PyEval_EvalFrameDefault + 0x4c3a (0x5db0ba in /workspace/vllm/.venv/bin/python)
frame #53: /workspace/vllm/.venv/bin/python() [0x549d47]
frame #54: PyObject_CallMethodObjArgs + 0xe3 (0x54b5c3 in /workspace/vllm/.venv/bin/python)
frame #55: PyImport_ImportModuleLevelObject + 0x395 (0x5fd805 in /workspace/vllm/.venv/bin/python)
frame #56: _PyEval_EvalFrameDefault + 0x5eee (0x5dc36e in /workspace/vllm/.venv/bin/python)
frame #57: PyEval_EvalCode + 0x15b (0x5d543b in /workspace/vllm/.venv/bin/python)
frame #58: /workspace/vllm/.venv/bin/python() [0x5d322c]
frame #59: /workspace/vllm/.venv/bin/python() [0x581d1d]
frame #60: _PyEval_EvalFrameDefault + 0x4c3a (0x5db0ba in /workspace/vllm/.venv/bin/python)
frame #61: /workspace/vllm/.venv/bin/python() [0x549d47]
frame #62: PyObject_CallMethodObjArgs + 0xe3 (0x54b5c3 in /workspace/vllm/.venv/bin/python)

[E708 09:14:01.590365466 shim_common.cpp:1458] Exception in aoti_torch: Tried to register an operator (_C::weak_ref_tensor(Tensor input) -> Tensor) with the same name and overload name multiple times. Each overload's schema should only be registered with a single call to def(). Duplicate registration: registered at /workspace/csrc/libtorch_stable/torch_bindings.cpp:10. Original registration: registered at /workspace/csrc/torch_bindings.cpp:21
Exception raised from registerDef at /pytorch/aten/src/ATen/core/dispatch/Dispatcher.cpp:248 (most recent call first):
frame #0: c10::Error::Error(c10::SourceLocation, std::__cxx11::basic_string<char, std::char_traits<char>, std::allocator<char> >) + 0x9d (0x7ffff6d7205d in /workspace/vllm/.venv/lib/python3.12/site-packages/torch/lib/libc10.so)
frame #1: c10::detail::torchCheckFail(char const*, char const*, unsigned int, std::__cxx11::basic_string<char, std::char_traits<char>, std::allocator<char> > const&) + 0xc3 (0x7ffff6d066fd in /workspace/vllm/.venv/lib/python3.12/site-packages/torch/lib/libc10.so)
frame #2: c10::Dispatcher::registerDef(c10::FunctionSchema, std::__cxx11::basic_string<char, std::char_traits<char>, std::allocator<char> >, std::vector<at::Tag, std::allocator<at::Tag> >) + 0x35e (0x7fff0e8811fe in /workspace/vllm/.venv/lib/python3.12/site-packages/torch/lib/libtorch_cpu.so)
frame #3: torch::Library::_def(c10::FunctionSchema&&, c10::OperatorName*, std::vector<at::Tag, std::allocator<at::Tag> > const&, torch::_RegisterOrVerify) & + 0x514 (0x7fff0e8c2254 in /workspace/vllm/.venv/lib/python3.12/site-packages/torch/lib/libtorch_cpu.so)
frame #4: aoti_torch_library_def + 0x99 (0x7fff12ad45b9 in /workspace/vllm/.venv/lib/python3.12/site-packages/torch/lib/libtorch_cpu.so)
frame #5: <unknown function> + 0x2bdb00 (0x7ffded2beb00 in /workspace/vllm/vllm/_C_stable_libtorch.abi3.so)
frame #6: <unknown function> + 0x2bf0ce (0x7ffded2c00ce in /workspace/vllm/vllm/_C_stable_libtorch.abi3.so)
frame #7: <unknown function> + 0x279d92 (0x7ffded27ad92 in /workspace/vllm/vllm/_C_stable_libtorch.abi3.so)
frame #8: <unknown function> + 0x571f (0x7ffff7fca71f in /lib64/ld-linux-x86-64.so.2)
frame #9: <unknown function> + 0x5824 (0x7ffff7fca824 in /lib64/ld-linux-x86-64.so.2)
frame #10: _dl_catch_exception + 0x132 (0x7ffff7fc65b2 in /lib64/ld-linux-x86-64.so.2)
frame #11: <unknown function> + 0xcd7c (0x7ffff7fd1d7c in /lib64/ld-linux-x86-64.so.2)
frame #12: _dl_catch_exception + 0x9c (0x7ffff7fc651c in /lib64/ld-linux-x86-64.so.2)
frame #13: <unknown function> + 0xd164 (0x7ffff7fd2164 in /lib64/ld-linux-x86-64.so.2)
frame #14: <unknown function> + 0x981a4 (0x7ffff7d0c1a4 in /usr/lib/x86_64-linux-gnu/libc.so.6)
frame #15: _dl_catch_exception + 0x9c (0x7ffff7fc651c in /lib64/ld-linux-x86-64.so.2)
frame #16: <unknown function> + 0x1669 (0x7ffff7fc6669 in /lib64/ld-linux-x86-64.so.2)
frame #17: <unknown function> + 0x97c83 (0x7ffff7d0bc83 in /usr/lib/x86_64-linux-gnu/libc.so.6)
frame #18: dlopen + 0x6f (0x7ffff7d0c25f in /usr/lib/x86_64-linux-gnu/libc.so.6)
frame #19: /workspace/vllm/.venv/bin/python() [0x6bc36c]
frame #20: /workspace/vllm/.venv/bin/python() [0x6a946a]
frame #21: /workspace/vllm/.venv/bin/python() [0x6a8bf2]
frame #22: /workspace/vllm/.venv/bin/python() [0x581f37]
frame #23: _PyEval_EvalFrameDefault + 0x4c3a (0x5db0ba in /workspace/vllm/.venv/bin/python)
frame #24: /workspace/vllm/.venv/bin/python() [0x549d47]
frame #25: PyObject_CallMethodObjArgs + 0xe3 (0x54b5c3 in /workspace/vllm/.venv/bin/python)
frame #26: PyImport_ImportModuleLevelObject + 0x395 (0x5fd805 in /workspace/vllm/.venv/bin/python)
frame #27: _PyEval_EvalFrameDefault + 0x5eee (0x5dc36e in /workspace/vllm/.venv/bin/python)
frame #28: PyEval_EvalCode + 0x15b (0x5d543b in /workspace/vllm/.venv/bin/python)
frame #29: /workspace/vllm/.venv/bin/python() [0x5d322c]
frame #30: /workspace/vllm/.venv/bin/python() [0x581d1d]
frame #31: _PyEval_EvalFrameDefault + 0x4c3a (0x5db0ba in /workspace/vllm/.venv/bin/python)
frame #32: PyObject_CallOneArg + 0x4d (0x54a65d in /workspace/vllm/.venv/bin/python)
frame #33: /workspace/vllm/.venv/bin/python() [0x582e84]
frame #34: _PyObject_LookupAttr + 0x7a (0x584bea in /workspace/vllm/.venv/bin/python)
frame #35: /workspace/vllm/.venv/bin/python() [0x5d2b8a]
frame #36: _PyEval_EvalFrameDefault + 0x207d (0x5d84fd in /workspace/vllm/.venv/bin/python)
frame #37: /workspace/vllm/.venv/bin/python() [0x549d47]
frame #38: PyObject_CallMethodObjArgs + 0xe3 (0x54b5c3 in /workspace/vllm/.venv/bin/python)
frame #39: PyImport_ImportModuleLevelObject + 0x5eb (0x5fda5b in /workspace/vllm/.venv/bin/python)
frame #40: _PyEval_EvalFrameDefault + 0x5eee (0x5dc36e in /workspace/vllm/.venv/bin/python)
frame #41: PyEval_EvalCode + 0x15b (0x5d543b in /workspace/vllm/.venv/bin/python)
frame #42: /workspace/vllm/.venv/bin/python() [0x5d322c]
frame #43: /workspace/vllm/.venv/bin/python() [0x581d1d]
frame #44: _PyEval_EvalFrameDefault + 0x4c3a (0x5db0ba in /workspace/vllm/.venv/bin/python)
frame #45: /workspace/vllm/.venv/bin/python() [0x549d47]
frame #46: PyObject_CallMethodObjArgs + 0xe3 (0x54b5c3 in /workspace/vllm/.venv/bin/python)
frame #47: PyImport_ImportModuleLevelObject + 0x395 (0x5fd805 in /workspace/vllm/.venv/bin/python)
frame #48: _PyEval_EvalFrameDefault + 0x5eee (0x5dc36e in /workspace/vllm/.venv/bin/python)
frame #49: PyEval_EvalCode + 0x15b (0x5d543b in /workspace/vllm/.venv/bin/python)
frame #50: /workspace/vllm/.venv/bin/python() [0x5d322c]
frame #51: /workspace/vllm/.venv/bin/python() [0x581d1d]
frame #52: _PyEval_EvalFrameDefault + 0x4c3a (0x5db0ba in /workspace/vllm/.venv/bin/python)
frame #53: /workspace/vllm/.venv/bin/python() [0x549d47]
frame #54: PyObject_CallMethodObjArgs + 0xe3 (0x54b5c3 in /workspace/vllm/.venv/bin/python)
frame #55: PyImport_ImportModuleLevelObject + 0x395 (0x5fd805 in /workspace/vllm/.venv/bin/python)
frame #56: _PyEval_EvalFrameDefault + 0x5eee (0x5dc36e in /workspace/vllm/.venv/bin/python)
frame #57: PyEval_EvalCode + 0x15b (0x5d543b in /workspace/vllm/.venv/bin/python)
frame #58: /workspace/vllm/.venv/bin/python() [0x5d322c]
frame #59: /workspace/vllm/.venv/bin/python() [0x581d1d]
frame #60: _PyEval_EvalFrameDefault + 0x4c3a (0x5db0ba in /workspace/vllm/.venv/bin/python)
frame #61: /workspace/vllm/.venv/bin/python() [0x549d47]
frame #62: PyObject_CallMethodObjArgs + 0xe3 (0x54b5c3 in /workspace/vllm/.venv/bin/python)

[E708 09:14:01.592280891 shim_common.cpp:1458] Exception in aoti_torch: Tried to register an operator (_C::silu_and_mul_quant(Tensor($0! -> ) result, Tensor input, Tensor scale) -> ()) with the same name and overload name multiple times. Each overload's schema should only be registered with a single call to def(). Duplicate registration: registered at /workspace/csrc/libtorch_stable/torch_bindings.cpp:10. Original registration: registered at /workspace/csrc/torch_bindings.cpp:21
Exception raised from registerDef at /pytorch/aten/src/ATen/core/dispatch/Dispatcher.cpp:248 (most recent call first):
frame #0: c10::Error::Error(c10::SourceLocation, std::__cxx11::basic_string<char, std::char_traits<char>, std::allocator<char> >) + 0x9d (0x7ffff6d7205d in /workspace/vllm/.venv/lib/python3.12/site-packages/torch/lib/libc10.so)
frame #1: c10::detail::torchCheckFail(char const*, char const*, unsigned int, std::__cxx11::basic_string<char, std::char_traits<char>, std::allocator<char> > const&) + 0xc3 (0x7ffff6d066fd in /workspace/vllm/.venv/lib/python3.12/site-packages/torch/lib/libc10.so)
frame #2: c10::Dispatcher::registerDef(c10::FunctionSchema, std::__cxx11::basic_string<char, std::char_traits<char>, std::allocator<char> >, std::vector<at::Tag, std::allocator<at::Tag> >) + 0x35e (0x7fff0e8811fe in /workspace/vllm/.venv/lib/python3.12/site-packages/torch/lib/libtorch_cpu.so)
frame #3: torch::Library::_def(c10::FunctionSchema&&, c10::OperatorName*, std::vector<at::Tag, std::allocator<at::Tag> > const&, torch::_RegisterOrVerify) & + 0x514 (0x7fff0e8c2254 in /workspace/vllm/.venv/lib/python3.12/site-packages/torch/lib/libtorch_cpu.so)
frame #4: aoti_torch_library_def + 0x99 (0x7fff12ad45b9 in /workspace/vllm/.venv/lib/python3.12/site-packages/torch/lib/libtorch_cpu.so)
frame #5: <unknown function> + 0x2bdb3c (0x7ffded2beb3c in /workspace/vllm/vllm/_C_stable_libtorch.abi3.so)
frame #6: <unknown function> + 0x2bf0ce (0x7ffded2c00ce in /workspace/vllm/vllm/_C_stable_libtorch.abi3.so)
frame #7: <unknown function> + 0x279d92 (0x7ffded27ad92 in /workspace/vllm/vllm/_C_stable_libtorch.abi3.so)
frame #8: <unknown function> + 0x571f (0x7ffff7fca71f in /lib64/ld-linux-x86-64.so.2)
frame #9: <unknown function> + 0x5824 (0x7ffff7fca824 in /lib64/ld-linux-x86-64.so.2)
frame #10: _dl_catch_exception + 0x132 (0x7ffff7fc65b2 in /lib64/ld-linux-x86-64.so.2)
frame #11: <unknown function> + 0xcd7c (0x7ffff7fd1d7c in /lib64/ld-linux-x86-64.so.2)
frame #12: _dl_catch_exception + 0x9c (0x7ffff7fc651c in /lib64/ld-linux-x86-64.so.2)
frame #13: <unknown function> + 0xd164 (0x7ffff7fd2164 in /lib64/ld-linux-x86-64.so.2)
frame #14: <unknown function> + 0x981a4 (0x7ffff7d0c1a4 in /usr/lib/x86_64-linux-gnu/libc.so.6)
frame #15: _dl_catch_exception + 0x9c (0x7ffff7fc651c in /lib64/ld-linux-x86-64.so.2)
frame #16: <unknown function> + 0x1669 (0x7ffff7fc6669 in /lib64/ld-linux-x86-64.so.2)
frame #17: <unknown function> + 0x97c83 (0x7ffff7d0bc83 in /usr/lib/x86_64-linux-gnu/libc.so.6)
frame #18: dlopen + 0x6f (0x7ffff7d0c25f in /usr/lib/x86_64-linux-gnu/libc.so.6)
frame #19: /workspace/vllm/.venv/bin/python() [0x6bc36c]
frame #20: /workspace/vllm/.venv/bin/python() [0x6a946a]
frame #21: /workspace/vllm/.venv/bin/python() [0x6a8bf2]
frame #22: /workspace/vllm/.venv/bin/python() [0x581f37]
frame #23: _PyEval_EvalFrameDefault + 0x4c3a (0x5db0ba in /workspace/vllm/.venv/bin/python)
frame #24: /workspace/vllm/.venv/bin/python() [0x549d47]
frame #25: PyObject_CallMethodObjArgs + 0xe3 (0x54b5c3 in /workspace/vllm/.venv/bin/python)
frame #26: PyImport_ImportModuleLevelObject + 0x395 (0x5fd805 in /workspace/vllm/.venv/bin/python)
frame #27: _PyEval_EvalFrameDefault + 0x5eee (0x5dc36e in /workspace/vllm/.venv/bin/python)
frame #28: PyEval_EvalCode + 0x15b (0x5d543b in /workspace/vllm/.venv/bin/python)
frame #29: /workspace/vllm/.venv/bin/python() [0x5d322c]
frame #30: /workspace/vllm/.venv/bin/python() [0x581d1d]
frame #31: _PyEval_EvalFrameDefault + 0x4c3a (0x5db0ba in /workspace/vllm/.venv/bin/python)
frame #32: PyObject_CallOneArg + 0x4d (0x54a65d in /workspace/vllm/.venv/bin/python)
frame #33: /workspace/vllm/.venv/bin/python() [0x582e84]
frame #34: _PyObject_LookupAttr + 0x7a (0x584bea in /workspace/vllm/.venv/bin/python)
frame #35: /workspace/vllm/.venv/bin/python() [0x5d2b8a]
frame #36: _PyEval_EvalFrameDefault + 0x207d (0x5d84fd in /workspace/vllm/.venv/bin/python)
frame #37: /workspace/vllm/.venv/bin/python() [0x549d47]
frame #38: PyObject_CallMethodObjArgs + 0xe3 (0x54b5c3 in /workspace/vllm/.venv/bin/python)
frame #39: PyImport_ImportModuleLevelObject + 0x5eb (0x5fda5b in /workspace/vllm/.venv/bin/python)
frame #40: _PyEval_EvalFrameDefault + 0x5eee (0x5dc36e in /workspace/vllm/.venv/bin/python)
frame #41: PyEval_EvalCode + 0x15b (0x5d543b in /workspace/vllm/.venv/bin/python)
frame #42: /workspace/vllm/.venv/bin/python() [0x5d322c]
frame #43: /workspace/vllm/.venv/bin/python() [0x581d1d]
frame #44: _PyEval_EvalFrameDefault + 0x4c3a (0x5db0ba in /workspace/vllm/.venv/bin/python)
frame #45: /workspace/vllm/.venv/bin/python() [0x549d47]
frame #46: PyObject_CallMethodObjArgs + 0xe3 (0x54b5c3 in /workspace/vllm/.venv/bin/python)
frame #47: PyImport_ImportModuleLevelObject + 0x395 (0x5fd805 in /workspace/vllm/.venv/bin/python)
frame #48: _PyEval_EvalFrameDefault + 0x5eee (0x5dc36e in /workspace/vllm/.venv/bin/python)
frame #49: PyEval_EvalCode + 0x15b (0x5d543b in /workspace/vllm/.venv/bin/python)
frame #50: /workspace/vllm/.venv/bin/python() [0x5d322c]
frame #51: /workspace/vllm/.venv/bin/python() [0x581d1d]
frame #52: _PyEval_EvalFrameDefault + 0x4c3a (0x5db0ba in /workspace/vllm/.venv/bin/python)
frame #53: /workspace/vllm/.venv/bin/python() [0x549d47]
frame #54: PyObject_CallMethodObjArgs + 0xe3 (0x54b5c3 in /workspace/vllm/.venv/bin/python)
frame #55: PyImport_ImportModuleLevelObject + 0x395 (0x5fd805 in /workspace/vllm/.venv/bin/python)
frame #56: _PyEval_EvalFrameDefault + 0x5eee (0x5dc36e in /workspace/vllm/.venv/bin/python)
frame #57: PyEval_EvalCode + 0x15b (0x5d543b in /workspace/vllm/.venv/bin/python)
frame #58: /workspace/vllm/.venv/bin/python() [0x5d322c]
frame #59: /workspace/vllm/.venv/bin/python() [0x581d1d]
frame #60: _PyEval_EvalFrameDefault + 0x4c3a (0x5db0ba in /workspace/vllm/.venv/bin/python)
frame #61: /workspace/vllm/.venv/bin/python() [0x549d47]
frame #62: PyObject_CallMethodObjArgs + 0xe3 (0x54b5c3 in /workspace/vllm/.venv/bin/python)

[W708 09:14:01.594364847 OperatorEntry.cpp:208] Warning: Warning only once for all operators,  other operators may also be overridden.
  Overriding a previously registered kernel for the same operator and the same dispatch key
  operator: _C::persistent_masked_m_silu_mul_quant(Tensor input, Tensor counts, Tensor($0! -> ) y_q, Tensor($1! -> ) y_s, bool use_ue8m0) -> ()
    registered at /workspace/csrc/torch_bindings.cpp:21
  dispatch key: CUDA
  previous kernel: registered at /workspace/csrc/torch_bindings.cpp:21
       new kernel: registered at /workspace/csrc/libtorch_stable/torch_bindings.cpp:603 (function operator())
(APIServer pid=554344) INFO 07-08 09:14:06 [utils.py:344] 
(APIServer pid=554344) INFO 07-08 09:14:06 [utils.py:344]        █     █     █▄   ▄█
(APIServer pid=554344) INFO 07-08 09:14:06 [utils.py:344]  ▄▄ ▄█ █     █     █ ▀▄▀ █  version 0.22.1.dev18+g04071c1f4
(APIServer pid=554344) INFO 07-08 09:14:06 [utils.py:344]   █▄█▀ █     █     █     █  model   Qwen/Qwen2.5-32B-Instruct
(APIServer pid=554344) INFO 07-08 09:14:06 [utils.py:344]    ▀▀  ▀▀▀▀▀ ▀▀▀▀▀ ▀     ▀
(APIServer pid=554344) INFO 07-08 09:14:06 [utils.py:344] 
(APIServer pid=554344) INFO 07-08 09:14:06 [utils.py:278] non-default args: {'model_tag': 'Qwen/Qwen2.5-32B-Instruct', 'host': '127.0.0.1', 'model': 'Qwen/Qwen2.5-32B-Instruct', 'dtype': 'bfloat16', 'max_model_len': 4096, 'tensor_parallel_size': 8, 'disable_custom_all_reduce': True, 'gpu_memory_utilization': 0.9, 'max_num_batched_tokens': 4096}
(APIServer pid=554344) WARNING 07-08 09:14:06 [system_utils.py:299] Found ulimit of 51200 and failed to automatically increase with error current limit exceeds maximum limit. This can cause fd limit errors like `OSError: [Errno 24] Too many open files`. Consider increasing with ulimit -n
(APIServer pid=554344) Warning: You are sending unauthenticated requests to the HF Hub. Please set a HF_TOKEN to enable higher rate limits and faster downloads.
(APIServer pid=554344) INFO 07-08 09:14:07 [model.py:617] Resolved architecture: Qwen2ForCausalLM
(APIServer pid=554344) INFO 07-08 09:14:07 [model.py:1752] Using max model len 4096
(APIServer pid=554344) INFO 07-08 09:14:07 [scheduler.py:239] Chunked prefill is enabled with max_num_batched_tokens=4096.
(APIServer pid=554344) INFO 07-08 09:14:07 [vllm.py:977] Asynchronous scheduling is enabled.
(APIServer pid=554344) INFO 07-08 09:14:07 [kernel.py:270] Final IR op priority after setting platform defaults: IrOpPriorityConfig(rms_norm=['native'], fused_add_rms_norm=['native'])
(APIServer pid=554344) <frozen importlib._bootstrap_external>:1297: FutureWarning: The cuda.cudart module is deprecated and will be removed in a future release, please switch to use the cuda.bindings.runtime module instead.
(APIServer pid=554344) <frozen importlib._bootstrap_external>:1297: FutureWarning: The cuda.nvrtc module is deprecated and will be removed in a future release, please switch to use the cuda.bindings.nvrtc module instead.
(APIServer pid=554344) INFO 07-08 09:14:10 [compilation.py:312] Enabled custom fusions: allreduce_rms
[E708 09:14:17.215264808 shim_common.cpp:1458] Exception in aoti_torch: Tried to register an operator (_C::persistent_masked_m_silu_mul_quant(Tensor input, Tensor counts, Tensor($0! -> ) y_q, Tensor($1! -> ) y_s, bool use_ue8m0) -> ()) with the same name and overload name multiple times. Each overload's schema should only be registered with a single call to def(). Duplicate registration: registered at /workspace/csrc/libtorch_stable/torch_bindings.cpp:10. Original registration: registered at /workspace/csrc/torch_bindings.cpp:21
Exception raised from registerDef at /pytorch/aten/src/ATen/core/dispatch/Dispatcher.cpp:248 (most recent call first):
frame #0: c10::Error::Error(c10::SourceLocation, std::__cxx11::basic_string<char, std::char_traits<char>, std::allocator<char> >) + 0x9d (0x7ffff6b7205d in /workspace/vllm/.venv/lib/python3.12/site-packages/torch/lib/libc10.so)
frame #1: c10::detail::torchCheckFail(char const*, char const*, unsigned int, std::__cxx11::basic_string<char, std::char_traits<char>, std::allocator<char> > const&) + 0xc3 (0x7ffff6b066fd in /workspace/vllm/.venv/lib/python3.12/site-packages/torch/lib/libc10.so)
frame #2: c10::Dispatcher::registerDef(c10::FunctionSchema, std::__cxx11::basic_string<char, std::char_traits<char>, std::allocator<char> >, std::vector<at::Tag, std::allocator<at::Tag> >) + 0x35e (0x7fff0e6811fe in /workspace/vllm/.venv/lib/python3.12/site-packages/torch/lib/libtorch_cpu.so)
frame #3: torch::Library::_def(c10::FunctionSchema&&, c10::OperatorName*, std::vector<at::Tag, std::allocator<at::Tag> > const&, torch::_RegisterOrVerify) & + 0x514 (0x7fff0e6c2254 in /workspace/vllm/.venv/lib/python3.12/site-packages/torch/lib/libtorch_cpu.so)
frame #4: aoti_torch_library_def + 0x99 (0x7fff128d45b9 in /workspace/vllm/.venv/lib/python3.12/site-packages/torch/lib/libtorch_cpu.so)
frame #5: <unknown function> + 0x2bdaf1 (0x7ff8ec4beaf1 in /workspace/vllm/vllm/_C_stable_libtorch.abi3.so)
frame #6: <unknown function> + 0x2bf0ce (0x7ff8ec4c00ce in /workspace/vllm/vllm/_C_stable_libtorch.abi3.so)
frame #7: <unknown function> + 0x279d92 (0x7ff8ec47ad92 in /workspace/vllm/vllm/_C_stable_libtorch.abi3.so)
frame #8: <unknown function> + 0x571f (0x7ffff7fca71f in /lib64/ld-linux-x86-64.so.2)
frame #9: <unknown function> + 0x5824 (0x7ffff7fca824 in /lib64/ld-linux-x86-64.so.2)
frame #10: _dl_catch_exception + 0x132 (0x7ffff7fc65b2 in /lib64/ld-linux-x86-64.so.2)
frame #11: <unknown function> + 0xcd7c (0x7ffff7fd1d7c in /lib64/ld-linux-x86-64.so.2)
frame #12: _dl_catch_exception + 0x9c (0x7ffff7fc651c in /lib64/ld-linux-x86-64.so.2)
frame #13: <unknown function> + 0xd164 (0x7ffff7fd2164 in /lib64/ld-linux-x86-64.so.2)
frame #14: <unknown function> + 0x981a4 (0x7ffff7d0c1a4 in /usr/lib/x86_64-linux-gnu/libc.so.6)
frame #15: _dl_catch_exception + 0x9c (0x7ffff7fc651c in /lib64/ld-linux-x86-64.so.2)
frame #16: <unknown function> + 0x1669 (0x7ffff7fc6669 in /lib64/ld-linux-x86-64.so.2)
frame #17: <unknown function> + 0x97c83 (0x7ffff7d0bc83 in /usr/lib/x86_64-linux-gnu/libc.so.6)
frame #18: dlopen + 0x6f (0x7ffff7d0c25f in /usr/lib/x86_64-linux-gnu/libc.so.6)
frame #19: /workspace/vllm/.venv/bin/python() [0x6bc36c]
frame #20: /workspace/vllm/.venv/bin/python() [0x6a946a]
frame #21: /workspace/vllm/.venv/bin/python() [0x6a8bf2]
frame #22: /workspace/vllm/.venv/bin/python() [0x581f37]
frame #23: _PyEval_EvalFrameDefault + 0x4c3a (0x5db0ba in /workspace/vllm/.venv/bin/python)
frame #24: /workspace/vllm/.venv/bin/python() [0x549d47]
frame #25: PyObject_CallMethodObjArgs + 0xe3 (0x54b5c3 in /workspace/vllm/.venv/bin/python)
frame #26: PyImport_ImportModuleLevelObject + 0x395 (0x5fd805 in /workspace/vllm/.venv/bin/python)
frame #27: _PyEval_EvalFrameDefault + 0x5eee (0x5dc36e in /workspace/vllm/.venv/bin/python)
frame #28: PyEval_EvalCode + 0x15b (0x5d543b in /workspace/vllm/.venv/bin/python)
frame #29: /workspace/vllm/.venv/bin/python() [0x5d322c]
frame #30: /workspace/vllm/.venv/bin/python() [0x581d1d]
frame #31: _PyEval_EvalFrameDefault + 0x4c3a (0x5db0ba in /workspace/vllm/.venv/bin/python)
frame #32: PyObject_CallOneArg + 0x4d (0x54a65d in /workspace/vllm/.venv/bin/python)
frame #33: /workspace/vllm/.venv/bin/python() [0x582e84]
frame #34: _PyObject_LookupAttr + 0x7a (0x584bea in /workspace/vllm/.venv/bin/python)
frame #35: /workspace/vllm/.venv/bin/python() [0x5d2b8a]
frame #36: _PyEval_EvalFrameDefault + 0x207d (0x5d84fd in /workspace/vllm/.venv/bin/python)
frame #37: /workspace/vllm/.venv/bin/python() [0x549d47]
frame #38: PyObject_CallMethodObjArgs + 0xe3 (0x54b5c3 in /workspace/vllm/.venv/bin/python)
frame #39: PyImport_ImportModuleLevelObject + 0x5eb (0x5fda5b in /workspace/vllm/.venv/bin/python)
frame #40: _PyEval_EvalFrameDefault + 0x5eee (0x5dc36e in /workspace/vllm/.venv/bin/python)
frame #41: PyEval_EvalCode + 0x15b (0x5d543b in /workspace/vllm/.venv/bin/python)
frame #42: /workspace/vllm/.venv/bin/python() [0x5d322c]
frame #43: /workspace/vllm/.venv/bin/python() [0x581d1d]
frame #44: _PyEval_EvalFrameDefault + 0x4c3a (0x5db0ba in /workspace/vllm/.venv/bin/python)
frame #45: /workspace/vllm/.venv/bin/python() [0x549d47]
frame #46: PyObject_CallMethodObjArgs + 0xe3 (0x54b5c3 in /workspace/vllm/.venv/bin/python)
frame #47: PyImport_ImportModuleLevelObject + 0x395 (0x5fd805 in /workspace/vllm/.venv/bin/python)
frame #48: _PyEval_EvalFrameDefault + 0x5eee (0x5dc36e in /workspace/vllm/.venv/bin/python)
frame #49: PyEval_EvalCode + 0x15b (0x5d543b in /workspace/vllm/.venv/bin/python)
frame #50: /workspace/vllm/.venv/bin/python() [0x5d322c]
frame #51: /workspace/vllm/.venv/bin/python() [0x581d1d]
frame #52: _PyEval_EvalFrameDefault + 0x4c3a (0x5db0ba in /workspace/vllm/.venv/bin/python)
frame #53: /workspace/vllm/.venv/bin/python() [0x549d47]
frame #54: PyObject_CallMethodObjArgs + 0xe3 (0x54b5c3 in /workspace/vllm/.venv/bin/python)
frame #55: PyImport_ImportModuleLevelObject + 0x395 (0x5fd805 in /workspace/vllm/.venv/bin/python)
frame #56: _PyEval_EvalFrameDefault + 0x5eee (0x5dc36e in /workspace/vllm/.venv/bin/python)
frame #57: PyEval_EvalCode + 0x15b (0x5d543b in /workspace/vllm/.venv/bin/python)
frame #58: /workspace/vllm/.venv/bin/python() [0x5d322c]
frame #59: /workspace/vllm/.venv/bin/python() [0x581d1d]
frame #60: _PyEval_EvalFrameDefault + 0x4c3a (0x5db0ba in /workspace/vllm/.venv/bin/python)
frame #61: /workspace/vllm/.venv/bin/python() [0x549d47]
frame #62: PyObject_CallMethodObjArgs + 0xe3 (0x54b5c3 in /workspace/vllm/.venv/bin/python)

[E708 09:14:17.217358186 shim_common.cpp:1458] Exception in aoti_torch: Tried to register an operator (_C::weak_ref_tensor(Tensor input) -> Tensor) with the same name and overload name multiple times. Each overload's schema should only be registered with a single call to def(). Duplicate registration: registered at /workspace/csrc/libtorch_stable/torch_bindings.cpp:10. Original registration: registered at /workspace/csrc/torch_bindings.cpp:21
Exception raised from registerDef at /pytorch/aten/src/ATen/core/dispatch/Dispatcher.cpp:248 (most recent call first):
frame #0: c10::Error::Error(c10::SourceLocation, std::__cxx11::basic_string<char, std::char_traits<char>, std::allocator<char> >) + 0x9d (0x7ffff6b7205d in /workspace/vllm/.venv/lib/python3.12/site-packages/torch/lib/libc10.so)
frame #1: c10::detail::torchCheckFail(char const*, char const*, unsigned int, std::__cxx11::basic_string<char, std::char_traits<char>, std::allocator<char> > const&) + 0xc3 (0x7ffff6b066fd in /workspace/vllm/.venv/lib/python3.12/site-packages/torch/lib/libc10.so)
frame #2: c10::Dispatcher::registerDef(c10::FunctionSchema, std::__cxx11::basic_string<char, std::char_traits<char>, std::allocator<char> >, std::vector<at::Tag, std::allocator<at::Tag> >) + 0x35e (0x7fff0e6811fe in /workspace/vllm/.venv/lib/python3.12/site-packages/torch/lib/libtorch_cpu.so)
frame #3: torch::Library::_def(c10::FunctionSchema&&, c10::OperatorName*, std::vector<at::Tag, std::allocator<at::Tag> > const&, torch::_RegisterOrVerify) & + 0x514 (0x7fff0e6c2254 in /workspace/vllm/.venv/lib/python3.12/site-packages/torch/lib/libtorch_cpu.so)
frame #4: aoti_torch_library_def + 0x99 (0x7fff128d45b9 in /workspace/vllm/.venv/lib/python3.12/site-packages/torch/lib/libtorch_cpu.so)
frame #5: <unknown function> + 0x2bdb00 (0x7ff8ec4beb00 in /workspace/vllm/vllm/_C_stable_libtorch.abi3.so)
frame #6: <unknown function> + 0x2bf0ce (0x7ff8ec4c00ce in /workspace/vllm/vllm/_C_stable_libtorch.abi3.so)
frame #7: <unknown function> + 0x279d92 (0x7ff8ec47ad92 in /workspace/vllm/vllm/_C_stable_libtorch.abi3.so)
frame #8: <unknown function> + 0x571f (0x7ffff7fca71f in /lib64/ld-linux-x86-64.so.2)
frame #9: <unknown function> + 0x5824 (0x7ffff7fca824 in /lib64/ld-linux-x86-64.so.2)
frame #10: _dl_catch_exception + 0x132 (0x7ffff7fc65b2 in /lib64/ld-linux-x86-64.so.2)
frame #11: <unknown function> + 0xcd7c (0x7ffff7fd1d7c in /lib64/ld-linux-x86-64.so.2)
frame #12: _dl_catch_exception + 0x9c (0x7ffff7fc651c in /lib64/ld-linux-x86-64.so.2)
frame #13: <unknown function> + 0xd164 (0x7ffff7fd2164 in /lib64/ld-linux-x86-64.so.2)
frame #14: <unknown function> + 0x981a4 (0x7ffff7d0c1a4 in /usr/lib/x86_64-linux-gnu/libc.so.6)
frame #15: _dl_catch_exception + 0x9c (0x7ffff7fc651c in /lib64/ld-linux-x86-64.so.2)
frame #16: <unknown function> + 0x1669 (0x7ffff7fc6669 in /lib64/ld-linux-x86-64.so.2)
frame #17: <unknown function> + 0x97c83 (0x7ffff7d0bc83 in /usr/lib/x86_64-linux-gnu/libc.so.6)
frame #18: dlopen + 0x6f (0x7ffff7d0c25f in /usr/lib/x86_64-linux-gnu/libc.so.6)
frame #19: /workspace/vllm/.venv/bin/python() [0x6bc36c]
frame #20: /workspace/vllm/.venv/bin/python() [0x6a946a]
frame #21: /workspace/vllm/.venv/bin/python() [0x6a8bf2]
frame #22: /workspace/vllm/.venv/bin/python() [0x581f37]
frame #23: _PyEval_EvalFrameDefault + 0x4c3a (0x5db0ba in /workspace/vllm/.venv/bin/python)
frame #24: /workspace/vllm/.venv/bin/python() [0x549d47]
frame #25: PyObject_CallMethodObjArgs + 0xe3 (0x54b5c3 in /workspace/vllm/.venv/bin/python)
frame #26: PyImport_ImportModuleLevelObject + 0x395 (0x5fd805 in /workspace/vllm/.venv/bin/python)
frame #27: _PyEval_EvalFrameDefault + 0x5eee (0x5dc36e in /workspace/vllm/.venv/bin/python)
frame #28: PyEval_EvalCode + 0x15b (0x5d543b in /workspace/vllm/.venv/bin/python)
frame #29: /workspace/vllm/.venv/bin/python() [0x5d322c]
frame #30: /workspace/vllm/.venv/bin/python() [0x581d1d]
frame #31: _PyEval_EvalFrameDefault + 0x4c3a (0x5db0ba in /workspace/vllm/.venv/bin/python)
frame #32: PyObject_CallOneArg + 0x4d (0x54a65d in /workspace/vllm/.venv/bin/python)
frame #33: /workspace/vllm/.venv/bin/python() [0x582e84]
frame #34: _PyObject_LookupAttr + 0x7a (0x584bea in /workspace/vllm/.venv/bin/python)
frame #35: /workspace/vllm/.venv/bin/python() [0x5d2b8a]
frame #36: _PyEval_EvalFrameDefault + 0x207d (0x5d84fd in /workspace/vllm/.venv/bin/python)
frame #37: /workspace/vllm/.venv/bin/python() [0x549d47]
frame #38: PyObject_CallMethodObjArgs + 0xe3 (0x54b5c3 in /workspace/vllm/.venv/bin/python)
frame #39: PyImport_ImportModuleLevelObject + 0x5eb (0x5fda5b in /workspace/vllm/.venv/bin/python)
frame #40: _PyEval_EvalFrameDefault + 0x5eee (0x5dc36e in /workspace/vllm/.venv/bin/python)
frame #41: PyEval_EvalCode + 0x15b (0x5d543b in /workspace/vllm/.venv/bin/python)
frame #42: /workspace/vllm/.venv/bin/python() [0x5d322c]
frame #43: /workspace/vllm/.venv/bin/python() [0x581d1d]
frame #44: _PyEval_EvalFrameDefault + 0x4c3a (0x5db0ba in /workspace/vllm/.venv/bin/python)
frame #45: /workspace/vllm/.venv/bin/python() [0x549d47]
frame #46: PyObject_CallMethodObjArgs + 0xe3 (0x54b5c3 in /workspace/vllm/.venv/bin/python)
frame #47: PyImport_ImportModuleLevelObject + 0x395 (0x5fd805 in /workspace/vllm/.venv/bin/python)
frame #48: _PyEval_EvalFrameDefault + 0x5eee (0x5dc36e in /workspace/vllm/.venv/bin/python)
frame #49: PyEval_EvalCode + 0x15b (0x5d543b in /workspace/vllm/.venv/bin/python)
frame #50: /workspace/vllm/.venv/bin/python() [0x5d322c]
frame #51: /workspace/vllm/.venv/bin/python() [0x581d1d]
frame #52: _PyEval_EvalFrameDefault + 0x4c3a (0x5db0ba in /workspace/vllm/.venv/bin/python)
frame #53: /workspace/vllm/.venv/bin/python() [0x549d47]
frame #54: PyObject_CallMethodObjArgs + 0xe3 (0x54b5c3 in /workspace/vllm/.venv/bin/python)
frame #55: PyImport_ImportModuleLevelObject + 0x395 (0x5fd805 in /workspace/vllm/.venv/bin/python)
frame #56: _PyEval_EvalFrameDefault + 0x5eee (0x5dc36e in /workspace/vllm/.venv/bin/python)
frame #57: PyEval_EvalCode + 0x15b (0x5d543b in /workspace/vllm/.venv/bin/python)
frame #58: /workspace/vllm/.venv/bin/python() [0x5d322c]
frame #59: /workspace/vllm/.venv/bin/python() [0x581d1d]
frame #60: _PyEval_EvalFrameDefault + 0x4c3a (0x5db0ba in /workspace/vllm/.venv/bin/python)
frame #61: /workspace/vllm/.venv/bin/python() [0x549d47]
frame #62: PyObject_CallMethodObjArgs + 0xe3 (0x54b5c3 in /workspace/vllm/.venv/bin/python)

[E708 09:14:17.219359009 shim_common.cpp:1458] Exception in aoti_torch: Tried to register an operator (_C::silu_and_mul_quant(Tensor($0! -> ) result, Tensor input, Tensor scale) -> ()) with the same name and overload name multiple times. Each overload's schema should only be registered with a single call to def(). Duplicate registration: registered at /workspace/csrc/libtorch_stable/torch_bindings.cpp:10. Original registration: registered at /workspace/csrc/torch_bindings.cpp:21
Exception raised from registerDef at /pytorch/aten/src/ATen/core/dispatch/Dispatcher.cpp:248 (most recent call first):
frame #0: c10::Error::Error(c10::SourceLocation, std::__cxx11::basic_string<char, std::char_traits<char>, std::allocator<char> >) + 0x9d (0x7ffff6b7205d in /workspace/vllm/.venv/lib/python3.12/site-packages/torch/lib/libc10.so)
frame #1: c10::detail::torchCheckFail(char const*, char const*, unsigned int, std::__cxx11::basic_string<char, std::char_traits<char>, std::allocator<char> > const&) + 0xc3 (0x7ffff6b066fd in /workspace/vllm/.venv/lib/python3.12/site-packages/torch/lib/libc10.so)
frame #2: c10::Dispatcher::registerDef(c10::FunctionSchema, std::__cxx11::basic_string<char, std::char_traits<char>, std::allocator<char> >, std::vector<at::Tag, std::allocator<at::Tag> >) + 0x35e (0x7fff0e6811fe in /workspace/vllm/.venv/lib/python3.12/site-packages/torch/lib/libtorch_cpu.so)
frame #3: torch::Library::_def(c10::FunctionSchema&&, c10::OperatorName*, std::vector<at::Tag, std::allocator<at::Tag> > const&, torch::_RegisterOrVerify) & + 0x514 (0x7fff0e6c2254 in /workspace/vllm/.venv/lib/python3.12/site-packages/torch/lib/libtorch_cpu.so)
frame #4: aoti_torch_library_def + 0x99 (0x7fff128d45b9 in /workspace/vllm/.venv/lib/python3.12/site-packages/torch/lib/libtorch_cpu.so)
frame #5: <unknown function> + 0x2bdb3c (0x7ff8ec4beb3c in /workspace/vllm/vllm/_C_stable_libtorch.abi3.so)
frame #6: <unknown function> + 0x2bf0ce (0x7ff8ec4c00ce in /workspace/vllm/vllm/_C_stable_libtorch.abi3.so)
frame #7: <unknown function> + 0x279d92 (0x7ff8ec47ad92 in /workspace/vllm/vllm/_C_stable_libtorch.abi3.so)
frame #8: <unknown function> + 0x571f (0x7ffff7fca71f in /lib64/ld-linux-x86-64.so.2)
frame #9: <unknown function> + 0x5824 (0x7ffff7fca824 in /lib64/ld-linux-x86-64.so.2)
frame #10: _dl_catch_exception + 0x132 (0x7ffff7fc65b2 in /lib64/ld-linux-x86-64.so.2)
frame #11: <unknown function> + 0xcd7c (0x7ffff7fd1d7c in /lib64/ld-linux-x86-64.so.2)
frame #12: _dl_catch_exception + 0x9c (0x7ffff7fc651c in /lib64/ld-linux-x86-64.so.2)
frame #13: <unknown function> + 0xd164 (0x7ffff7fd2164 in /lib64/ld-linux-x86-64.so.2)
frame #14: <unknown function> + 0x981a4 (0x7ffff7d0c1a4 in /usr/lib/x86_64-linux-gnu/libc.so.6)
frame #15: _dl_catch_exception + 0x9c (0x7ffff7fc651c in /lib64/ld-linux-x86-64.so.2)
frame #16: <unknown function> + 0x1669 (0x7ffff7fc6669 in /lib64/ld-linux-x86-64.so.2)
frame #17: <unknown function> + 0x97c83 (0x7ffff7d0bc83 in /usr/lib/x86_64-linux-gnu/libc.so.6)
frame #18: dlopen + 0x6f (0x7ffff7d0c25f in /usr/lib/x86_64-linux-gnu/libc.so.6)
frame #19: /workspace/vllm/.venv/bin/python() [0x6bc36c]
frame #20: /workspace/vllm/.venv/bin/python() [0x6a946a]
frame #21: /workspace/vllm/.venv/bin/python() [0x6a8bf2]
frame #22: /workspace/vllm/.venv/bin/python() [0x581f37]
frame #23: _PyEval_EvalFrameDefault + 0x4c3a (0x5db0ba in /workspace/vllm/.venv/bin/python)
frame #24: /workspace/vllm/.venv/bin/python() [0x549d47]
frame #25: PyObject_CallMethodObjArgs + 0xe3 (0x54b5c3 in /workspace/vllm/.venv/bin/python)
frame #26: PyImport_ImportModuleLevelObject + 0x395 (0x5fd805 in /workspace/vllm/.venv/bin/python)
frame #27: _PyEval_EvalFrameDefault + 0x5eee (0x5dc36e in /workspace/vllm/.venv/bin/python)
frame #28: PyEval_EvalCode + 0x15b (0x5d543b in /workspace/vllm/.venv/bin/python)
frame #29: /workspace/vllm/.venv/bin/python() [0x5d322c]
frame #30: /workspace/vllm/.venv/bin/python() [0x581d1d]
frame #31: _PyEval_EvalFrameDefault + 0x4c3a (0x5db0ba in /workspace/vllm/.venv/bin/python)
frame #32: PyObject_CallOneArg + 0x4d (0x54a65d in /workspace/vllm/.venv/bin/python)
frame #33: /workspace/vllm/.venv/bin/python() [0x582e84]
frame #34: _PyObject_LookupAttr + 0x7a (0x584bea in /workspace/vllm/.venv/bin/python)
frame #35: /workspace/vllm/.venv/bin/python() [0x5d2b8a]
frame #36: _PyEval_EvalFrameDefault + 0x207d (0x5d84fd in /workspace/vllm/.venv/bin/python)
frame #37: /workspace/vllm/.venv/bin/python() [0x549d47]
frame #38: PyObject_CallMethodObjArgs + 0xe3 (0x54b5c3 in /workspace/vllm/.venv/bin/python)
frame #39: PyImport_ImportModuleLevelObject + 0x5eb (0x5fda5b in /workspace/vllm/.venv/bin/python)
frame #40: _PyEval_EvalFrameDefault + 0x5eee (0x5dc36e in /workspace/vllm/.venv/bin/python)
frame #41: PyEval_EvalCode + 0x15b (0x5d543b in /workspace/vllm/.venv/bin/python)
frame #42: /workspace/vllm/.venv/bin/python() [0x5d322c]
frame #43: /workspace/vllm/.venv/bin/python() [0x581d1d]
frame #44: _PyEval_EvalFrameDefault + 0x4c3a (0x5db0ba in /workspace/vllm/.venv/bin/python)
frame #45: /workspace/vllm/.venv/bin/python() [0x549d47]
frame #46: PyObject_CallMethodObjArgs + 0xe3 (0x54b5c3 in /workspace/vllm/.venv/bin/python)
frame #47: PyImport_ImportModuleLevelObject + 0x395 (0x5fd805 in /workspace/vllm/.venv/bin/python)
frame #48: _PyEval_EvalFrameDefault + 0x5eee (0x5dc36e in /workspace/vllm/.venv/bin/python)
frame #49: PyEval_EvalCode + 0x15b (0x5d543b in /workspace/vllm/.venv/bin/python)
frame #50: /workspace/vllm/.venv/bin/python() [0x5d322c]
frame #51: /workspace/vllm/.venv/bin/python() [0x581d1d]
frame #52: _PyEval_EvalFrameDefault + 0x4c3a (0x5db0ba in /workspace/vllm/.venv/bin/python)
frame #53: /workspace/vllm/.venv/bin/python() [0x549d47]
frame #54: PyObject_CallMethodObjArgs + 0xe3 (0x54b5c3 in /workspace/vllm/.venv/bin/python)
frame #55: PyImport_ImportModuleLevelObject + 0x395 (0x5fd805 in /workspace/vllm/.venv/bin/python)
frame #56: _PyEval_EvalFrameDefault + 0x5eee (0x5dc36e in /workspace/vllm/.venv/bin/python)
frame #57: PyEval_EvalCode + 0x15b (0x5d543b in /workspace/vllm/.venv/bin/python)
frame #58: /workspace/vllm/.venv/bin/python() [0x5d322c]
frame #59: /workspace/vllm/.venv/bin/python() [0x581d1d]
frame #60: _PyEval_EvalFrameDefault + 0x4c3a (0x5db0ba in /workspace/vllm/.venv/bin/python)
frame #61: /workspace/vllm/.venv/bin/python() [0x549d47]
frame #62: PyObject_CallMethodObjArgs + 0xe3 (0x54b5c3 in /workspace/vllm/.venv/bin/python)

[W708 09:14:17.221496233 OperatorEntry.cpp:208] Warning: Warning only once for all operators,  other operators may also be overridden.
  Overriding a previously registered kernel for the same operator and the same dispatch key
  operator: _C::persistent_masked_m_silu_mul_quant(Tensor input, Tensor counts, Tensor($0! -> ) y_q, Tensor($1! -> ) y_s, bool use_ue8m0) -> ()
    registered at /workspace/csrc/torch_bindings.cpp:21
  dispatch key: CUDA
  previous kernel: registered at /workspace/csrc/torch_bindings.cpp:21
       new kernel: registered at /workspace/csrc/libtorch_stable/torch_bindings.cpp:603 (function operator())
(EngineCore pid=556050) INFO 07-08 09:14:19 [core.py:112] Initializing a V1 LLM engine (v0.22.1.dev18+g04071c1f4) with config: model='Qwen/Qwen2.5-32B-Instruct', speculative_config=None, tokenizer='Qwen/Qwen2.5-32B-Instruct', skip_tokenizer_init=False, tokenizer_mode=auto, revision=None, tokenizer_revision=None, trust_remote_code=False, dtype=torch.bfloat16, max_seq_len=4096, download_dir=None, load_format=auto, tensor_parallel_size=8, pipeline_parallel_size=1, data_parallel_size=1, decode_context_parallel_size=1, dcp_comm_backend=ag_rs, disable_custom_all_reduce=True, quantization=None, quantization_config=None, enforce_eager=False, enable_return_routed_experts=False, kv_cache_dtype=auto, device_config=cuda, structured_outputs_config=StructuredOutputsConfig(backend='auto', disable_any_whitespace=False, disable_additional_properties=False, reasoning_parser='', reasoning_parser_plugin='', enable_in_reasoning=False), observability_config=ObservabilityConfig(show_hidden_metrics_for_version=None, otlp_traces_endpoint=None, collect_detailed_traces=None, kv_cache_metrics=False, kv_cache_metrics_sample=0.01, cudagraph_metrics=False, enable_layerwise_nvtx_tracing=False, enable_mfu_metrics=False, enable_mm_processor_stats=False, enable_logging_iteration_details=False), seed=0, served_model_name=Qwen/Qwen2.5-32B-Instruct, enable_prefix_caching=True, enable_chunked_prefill=True, pooler_config=None, compilation_config={'mode': <CompilationMode.VLLM_COMPILE: 3>, 'debug_dump_path': None, 'cache_dir': '', 'compile_cache_save_format': 'binary', 'backend': 'inductor', 'custom_ops': ['none'], 'ir_enable_torch_wrap': True, 'splitting_ops': ['vllm::unified_attention_with_output', 'vllm::unified_mla_attention_with_output', 'vllm::mamba_mixer2', 'vllm::mamba_mixer', 'vllm::short_conv', 'vllm::linear_attention', 'vllm::plamo2_mamba_mixer', 'vllm::qwen_gdn_attention_core', 'vllm::gdn_attention_core_xpu', 'vllm::olmo_hybrid_gdn_full_forward', 'vllm::kda_attention', 'vllm::sparse_attn_indexer', 'vllm::rocm_aiter_sparse_attn_indexer', 'vllm::deepseek_v4_attention', 'vllm::unified_kv_cache_update', 'vllm::unified_mla_kv_cache_update'], 'compile_mm_encoder': False, 'cudagraph_mm_encoder': False, 'encoder_cudagraph_token_budgets': [], 'encoder_cudagraph_max_vision_items_per_batch': 0, 'encoder_cudagraph_max_frames_per_batch': None, 'compile_sizes': [], 'compile_ranges_endpoints': [51, 4096], 'inductor_compile_config': {'enable_auto_functionalized_v2': False, 'size_asserts': False, 'alignment_asserts': False, 'scalar_asserts': False, 'combo_kernels': True, 'benchmark_combo_kernel': True}, 'inductor_passes': {}, 'cudagraph_mode': <CUDAGraphMode.FULL_AND_PIECEWISE: (2, 1)>, 'cudagraph_num_of_warmups': 1, 'cudagraph_capture_sizes': [1, 2, 4, 8, 16, 24, 32, 40, 48, 56, 64, 72, 80, 88, 96, 104, 112, 120, 128, 136, 144, 152, 160, 168, 176, 184, 192, 200, 208, 216, 224, 232, 240, 248, 256, 272, 288, 304, 320, 336, 352, 368, 384, 400, 416, 432, 448, 464, 480, 496, 512], 'cudagraph_copy_inputs': False, 'cudagraph_specialize_lora': True, 'use_inductor_graph_partition': False, 'pass_config': {'fuse_norm_quant': False, 'fuse_act_quant': False, 'fuse_attn_quant': False, 'enable_sp': False, 'fuse_gemm_comms': False, 'fuse_allreduce_rms': True, 'fuse_rope_kvcache_cat_mla': False, 'fuse_act_padding': False}, 'max_cudagraph_capture_size': 512, 'dynamic_shapes_config': {'type': <DynamicShapesType.BACKED: 'backed'>, 'evaluate_guards': False, 'assume_32_bit_indexing': False}, 'local_cache_dir': None, 'fast_moe_cold_start': False, 'static_all_moe_layers': []}, kernel_config=KernelConfig(ir_op_priority=IrOpPriorityConfig(rms_norm=['native'], fused_add_rms_norm=['native']), enable_flashinfer_autotune=True, moe_backend='auto', linear_backend='auto')
(EngineCore pid=556050) WARNING 07-08 09:14:19 [multiproc_executor.py:1029] Reducing Torch parallelism from 112 threads to 1 to avoid unnecessary CPU contention. Set OMP_NUM_THREADS in the external environment to tune this value as needed.
(EngineCore pid=556050) INFO 07-08 09:14:19 [multiproc_executor.py:139] DP group leader: node_rank=0, node_rank_within_dp=0, master_addr=127.0.0.1, mq_connect_ip=10.52.49.176 (local), world_size=8, local_world_size=8
[E708 09:14:21.062920166 shim_common.cpp:1458] Exception in aoti_torch: Tried to register an operator (_C::persistent_masked_m_silu_mul_quant(Tensor input, Tensor counts, Tensor($0! -> ) y_q, Tensor($1! -> ) y_s, bool use_ue8m0) -> ()) with the same name and overload name multiple times. Each overload's schema should only be registered with a single call to def(). Duplicate registration: registered at /workspace/csrc/libtorch_stable/torch_bindings.cpp:10. Original registration: registered at /workspace/csrc/torch_bindings.cpp:21
Exception raised from registerDef at /pytorch/aten/src/ATen/core/dispatch/Dispatcher.cpp:248 (most recent call first):
frame #0: c10::Error::Error(c10::SourceLocation, std::__cxx11::basic_string<char, std::char_traits<char>, std::allocator<char> >) + 0x9d (0x7ffff6b7205d in /workspace/vllm/.venv/lib/python3.12/site-packages/torch/lib/libc10.so)
frame #1: c10::detail::torchCheckFail(char const*, char const*, unsigned int, std::__cxx11::basic_string<char, std::char_traits<char>, std::allocator<char> > const&) + 0xc3 (0x7ffff6b066fd in /workspace/vllm/.venv/lib/python3.12/site-packages/torch/lib/libc10.so)
frame #2: c10::Dispatcher::registerDef(c10::FunctionSchema, std::__cxx11::basic_string<char, std::char_traits<char>, std::allocator<char> >, std::vector<at::Tag, std::allocator<at::Tag> >) + 0x35e (0x7fff0e6811fe in /workspace/vllm/.venv/lib/python3.12/site-packages/torch/lib/libtorch_cpu.so)
frame #3: torch::Library::_def(c10::FunctionSchema&&, c10::OperatorName*, std::vector<at::Tag, std::allocator<at::Tag> > const&, torch::_RegisterOrVerify) & + 0x514 (0x7fff0e6c2254 in /workspace/vllm/.venv/lib/python3.12/site-packages/torch/lib/libtorch_cpu.so)
frame #4: aoti_torch_library_def + 0x99 (0x7fff128d45b9 in /workspace/vllm/.venv/lib/python3.12/site-packages/torch/lib/libtorch_cpu.so)
frame #5: <unknown function> + 0x2bdaf1 (0x7ffe8aebeaf1 in /workspace/vllm/vllm/_C_stable_libtorch.abi3.so)
frame #6: <unknown function> + 0x2bf0ce (0x7ffe8aec00ce in /workspace/vllm/vllm/_C_stable_libtorch.abi3.so)
frame #7: <unknown function> + 0x279d92 (0x7ffe8ae7ad92 in /workspace/vllm/vllm/_C_stable_libtorch.abi3.so)
frame #8: <unknown function> + 0x571f (0x7ffff7fca71f in /lib64/ld-linux-x86-64.so.2)
frame #9: <unknown function> + 0x5824 (0x7ffff7fca824 in /lib64/ld-linux-x86-64.so.2)
frame #10: _dl_catch_exception + 0x132 (0x7ffff7fc65b2 in /lib64/ld-linux-x86-64.so.2)
frame #11: <unknown function> + 0xcd7c (0x7ffff7fd1d7c in /lib64/ld-linux-x86-64.so.2)
frame #12: _dl_catch_exception + 0x9c (0x7ffff7fc651c in /lib64/ld-linux-x86-64.so.2)
frame #13: <unknown function> + 0xd164 (0x7ffff7fd2164 in /lib64/ld-linux-x86-64.so.2)
frame #14: <unknown function> + 0x981a4 (0x7ffff7d0c1a4 in /usr/lib/x86_64-linux-gnu/libc.so.6)
frame #15: _dl_catch_exception + 0x9c (0x7ffff7fc651c in /lib64/ld-linux-x86-64.so.2)
frame #16: <unknown function> + 0x1669 (0x7ffff7fc6669 in /lib64/ld-linux-x86-64.so.2)
frame #17: <unknown function> + 0x97c83 (0x7ffff7d0bc83 in /usr/lib/x86_64-linux-gnu/libc.so.6)
frame #18: dlopen + 0x6f (0x7ffff7d0c25f in /usr/lib/x86_64-linux-gnu/libc.so.6)
frame #19: /workspace/vllm/.venv/bin/python() [0x6bc36c]
frame #20: /workspace/vllm/.venv/bin/python() [0x6a946a]
frame #21: /workspace/vllm/.venv/bin/python() [0x6a8bf2]
frame #22: /workspace/vllm/.venv/bin/python() [0x581f37]
frame #23: _PyEval_EvalFrameDefault + 0x4c3a (0x5db0ba in /workspace/vllm/.venv/bin/python)
frame #24: /workspace/vllm/.venv/bin/python() [0x549d47]
frame #25: PyObject_CallMethodObjArgs + 0xe3 (0x54b5c3 in /workspace/vllm/.venv/bin/python)
frame #26: PyImport_ImportModuleLevelObject + 0x395 (0x5fd805 in /workspace/vllm/.venv/bin/python)
frame #27: _PyEval_EvalFrameDefault + 0x5eee (0x5dc36e in /workspace/vllm/.venv/bin/python)
frame #28: PyEval_EvalCode + 0x15b (0x5d543b in /workspace/vllm/.venv/bin/python)
frame #29: /workspace/vllm/.venv/bin/python() [0x5d322c]
frame #30: /workspace/vllm/.venv/bin/python() [0x581d1d]
frame #31: _PyEval_EvalFrameDefault + 0x4c3a (0x5db0ba in /workspace/vllm/.venv/bin/python)
frame #32: PyObject_CallOneArg + 0x4d (0x54a65d in /workspace/vllm/.venv/bin/python)
frame #33: /workspace/vllm/.venv/bin/python() [0x582e84]
frame #34: _PyObject_LookupAttr + 0x7a (0x584bea in /workspace/vllm/.venv/bin/python)
frame #35: /workspace/vllm/.venv/bin/python() [0x5d2b8a]
frame #36: _PyEval_EvalFrameDefault + 0x207d (0x5d84fd in /workspace/vllm/.venv/bin/python)
frame #37: /workspace/vllm/.venv/bin/python() [0x549d47]
frame #38: PyObject_CallMethodObjArgs + 0xe3 (0x54b5c3 in /workspace/vllm/.venv/bin/python)
frame #39: PyImport_ImportModuleLevelObject + 0x5eb (0x5fda5b in /workspace/vllm/.venv/bin/python)
frame #40: _PyEval_EvalFrameDefault + 0x5eee (0x5dc36e in /workspace/vllm/.venv/bin/python)
frame #41: PyEval_EvalCode + 0x15b (0x5d543b in /workspace/vllm/.venv/bin/python)
frame #42: /workspace/vllm/.venv/bin/python() [0x5d322c]
frame #43: /workspace/vllm/.venv/bin/python() [0x581d1d]
frame #44: _PyEval_EvalFrameDefault + 0x4c3a (0x5db0ba in /workspace/vllm/.venv/bin/python)
frame #45: /workspace/vllm/.venv/bin/python() [0x549d47]
frame #46: PyObject_CallMethodObjArgs + 0xe3 (0x54b5c3 in /workspace/vllm/.venv/bin/python)
frame #47: PyImport_ImportModuleLevelObject + 0x395 (0x5fd805 in /workspace/vllm/.venv/bin/python)
frame #48: _PyEval_EvalFrameDefault + 0x5eee (0x5dc36e in /workspace/vllm/.venv/bin/python)
frame #49: PyEval_EvalCode + 0x15b (0x5d543b in /workspace/vllm/.venv/bin/python)
frame #50: /workspace/vllm/.venv/bin/python() [0x5d322c]
frame #51: /workspace/vllm/.venv/bin/python() [0x581d1d]
frame #52: _PyEval_EvalFrameDefault + 0x4c3a (0x5db0ba in /workspace/vllm/.venv/bin/python)
frame #53: /workspace/vllm/.venv/bin/python() [0x549d47]
frame #54: PyObject_CallMethodObjArgs + 0xe3 (0x54b5c3 in /workspace/vllm/.venv/bin/python)
frame #55: PyImport_ImportModuleLevelObject + 0x395 (0x5fd805 in /workspace/vllm/.venv/bin/python)
frame #56: _PyEval_EvalFrameDefault + 0x5eee (0x5dc36e in /workspace/vllm/.venv/bin/python)
frame #57: PyEval_EvalCode + 0x15b (0x5d543b in /workspace/vllm/.venv/bin/python)
frame #58: /workspace/vllm/.venv/bin/python() [0x5d322c]
frame #59: /workspace/vllm/.venv/bin/python() [0x581d1d]
frame #60: _PyEval_EvalFrameDefault + 0x4c3a (0x5db0ba in /workspace/vllm/.venv/bin/python)
frame #61: /workspace/vllm/.venv/bin/python() [0x549d47]
frame #62: PyObject_CallMethodObjArgs + 0xe3 (0x54b5c3 in /workspace/vllm/.venv/bin/python)

[E708 09:14:21.064999290 shim_common.cpp:1458] Exception in aoti_torch: Tried to register an operator (_C::weak_ref_tensor(Tensor input) -> Tensor) with the same name and overload name multiple times. Each overload's schema should only be registered with a single call to def(). Duplicate registration: registered at /workspace/csrc/libtorch_stable/torch_bindings.cpp:10. Original registration: registered at /workspace/csrc/torch_bindings.cpp:21
Exception raised from registerDef at /pytorch/aten/src/ATen/core/dispatch/Dispatcher.cpp:248 (most recent call first):
frame #0: c10::Error::Error(c10::SourceLocation, std::__cxx11::basic_string<char, std::char_traits<char>, std::allocator<char> >) + 0x9d (0x7ffff6b7205d in /workspace/vllm/.venv/lib/python3.12/site-packages/torch/lib/libc10.so)
frame #1: c10::detail::torchCheckFail(char const*, char const*, unsigned int, std::__cxx11::basic_string<char, std::char_traits<char>, std::allocator<char> > const&) + 0xc3 (0x7ffff6b066fd in /workspace/vllm/.venv/lib/python3.12/site-packages/torch/lib/libc10.so)
frame #2: c10::Dispatcher::registerDef(c10::FunctionSchema, std::__cxx11::basic_string<char, std::char_traits<char>, std::allocator<char> >, std::vector<at::Tag, std::allocator<at::Tag> >) + 0x35e (0x7fff0e6811fe in /workspace/vllm/.venv/lib/python3.12/site-packages/torch/lib/libtorch_cpu.so)
frame #3: torch::Library::_def(c10::FunctionSchema&&, c10::OperatorName*, std::vector<at::Tag, std::allocator<at::Tag> > const&, torch::_RegisterOrVerify) & + 0x514 (0x7fff0e6c2254 in /workspace/vllm/.venv/lib/python3.12/site-packages/torch/lib/libtorch_cpu.so)
frame #4: aoti_torch_library_def + 0x99 (0x7fff128d45b9 in /workspace/vllm/.venv/lib/python3.12/site-packages/torch/lib/libtorch_cpu.so)
frame #5: <unknown function> + 0x2bdb00 (0x7ffe8aebeb00 in /workspace/vllm/vllm/_C_stable_libtorch.abi3.so)
frame #6: <unknown function> + 0x2bf0ce (0x7ffe8aec00ce in /workspace/vllm/vllm/_C_stable_libtorch.abi3.so)
frame #7: <unknown function> + 0x279d92 (0x7ffe8ae7ad92 in /workspace/vllm/vllm/_C_stable_libtorch.abi3.so)
frame #8: <unknown function> + 0x571f (0x7ffff7fca71f in /lib64/ld-linux-x86-64.so.2)
frame #9: <unknown function> + 0x5824 (0x7ffff7fca824 in /lib64/ld-linux-x86-64.so.2)
frame #10: _dl_catch_exception + 0x132 (0x7ffff7fc65b2 in /lib64/ld-linux-x86-64.so.2)
frame #11: <unknown function> + 0xcd7c (0x7ffff7fd1d7c in /lib64/ld-linux-x86-64.so.2)
frame #12: _dl_catch_exception + 0x9c (0x7ffff7fc651c in /lib64/ld-linux-x86-64.so.2)
frame #13: <unknown function> + 0xd164 (0x7ffff7fd2164 in /lib64/ld-linux-x86-64.so.2)
frame #14: <unknown function> + 0x981a4 (0x7ffff7d0c1a4 in /usr/lib/x86_64-linux-gnu/libc.so.6)
frame #15: _dl_catch_exception + 0x9c (0x7ffff7fc651c in /lib64/ld-linux-x86-64.so.2)
frame #16: <unknown function> + 0x1669 (0x7ffff7fc6669 in /lib64/ld-linux-x86-64.so.2)
frame #17: <unknown function> + 0x97c83 (0x7ffff7d0bc83 in /usr/lib/x86_64-linux-gnu/libc.so.6)
frame #18: dlopen + 0x6f (0x7ffff7d0c25f in /usr/lib/x86_64-linux-gnu/libc.so.6)
frame #19: /workspace/vllm/.venv/bin/python() [0x6bc36c]
frame #20: /workspace/vllm/.venv/bin/python() [0x6a946a]
frame #21: /workspace/vllm/.venv/bin/python() [0x6a8bf2]
frame #22: /workspace/vllm/.venv/bin/python() [0x581f37]
frame #23: _PyEval_EvalFrameDefault + 0x4c3a (0x5db0ba in /workspace/vllm/.venv/bin/python)
frame #24: /workspace/vllm/.venv/bin/python() [0x549d47]
frame #25: PyObject_CallMethodObjArgs + 0xe3 (0x54b5c3 in /workspace/vllm/.venv/bin/python)
frame #26: PyImport_ImportModuleLevelObject + 0x395 (0x5fd805 in /workspace/vllm/.venv/bin/python)
frame #27: _PyEval_EvalFrameDefault + 0x5eee (0x5dc36e in /workspace/vllm/.venv/bin/python)
frame #28: PyEval_EvalCode + 0x15b (0x5d543b in /workspace/vllm/.venv/bin/python)
frame #29: /workspace/vllm/.venv/bin/python() [0x5d322c]
frame #30: /workspace/vllm/.venv/bin/python() [0x581d1d]
frame #31: _PyEval_EvalFrameDefault + 0x4c3a (0x5db0ba in /workspace/vllm/.venv/bin/python)
frame #32: PyObject_CallOneArg + 0x4d (0x54a65d in /workspace/vllm/.venv/bin/python)
frame #33: /workspace/vllm/.venv/bin/python() [0x582e84]
frame #34: _PyObject_LookupAttr + 0x7a (0x584bea in /workspace/vllm/.venv/bin/python)
frame #35: /workspace/vllm/.venv/bin/python() [0x5d2b8a]
frame #36: _PyEval_EvalFrameDefault + 0x207d (0x5d84fd in /workspace/vllm/.venv/bin/python)
frame #37: /workspace/vllm/.venv/bin/python() [0x549d47]
frame #38: PyObject_CallMethodObjArgs + 0xe3 (0x54b5c3 in /workspace/vllm/.venv/bin/python)
frame #39: PyImport_ImportModuleLevelObject + 0x5eb (0x5fda5b in /workspace/vllm/.venv/bin/python)
frame #40: _PyEval_EvalFrameDefault + 0x5eee (0x5dc36e in /workspace/vllm/.venv/bin/python)
frame #41: PyEval_EvalCode + 0x15b (0x5d543b in /workspace/vllm/.venv/bin/python)
frame #42: /workspace/vllm/.venv/bin/python() [0x5d322c]
frame #43: /workspace/vllm/.venv/bin/python() [0x581d1d]
frame #44: _PyEval_EvalFrameDefault + 0x4c3a (0x5db0ba in /workspace/vllm/.venv/bin/python)
frame #45: /workspace/vllm/.venv/bin/python() [0x549d47]
frame #46: PyObject_CallMethodObjArgs + 0xe3 (0x54b5c3 in /workspace/vllm/.venv/bin/python)
frame #47: PyImport_ImportModuleLevelObject + 0x395 (0x5fd805 in /workspace/vllm/.venv/bin/python)
frame #48: _PyEval_EvalFrameDefault + 0x5eee (0x5dc36e in /workspace/vllm/.venv/bin/python)
frame #49: PyEval_EvalCode + 0x15b (0x5d543b in /workspace/vllm/.venv/bin/python)
frame #50: /workspace/vllm/.venv/bin/python() [0x5d322c]
frame #51: /workspace/vllm/.venv/bin/python() [0x581d1d]
frame #52: _PyEval_EvalFrameDefault + 0x4c3a (0x5db0ba in /workspace/vllm/.venv/bin/python)
frame #53: /workspace/vllm/.venv/bin/python() [0x549d47]
frame #54: PyObject_CallMethodObjArgs + 0xe3 (0x54b5c3 in /workspace/vllm/.venv/bin/python)
frame #55: PyImport_ImportModuleLevelObject + 0x395 (0x5fd805 in /workspace/vllm/.venv/bin/python)
frame #56: _PyEval_EvalFrameDefault + 0x5eee (0x5dc36e in /workspace/vllm/.venv/bin/python)
frame #57: PyEval_EvalCode + 0x15b (0x5d543b in /workspace/vllm/.venv/bin/python)
frame #58: /workspace/vllm/.venv/bin/python() [0x5d322c]
frame #59: /workspace/vllm/.venv/bin/python() [0x581d1d]
frame #60: _PyEval_EvalFrameDefault + 0x4c3a (0x5db0ba in /workspace/vllm/.venv/bin/python)
frame #61: /workspace/vllm/.venv/bin/python() [0x549d47]
frame #62: PyObject_CallMethodObjArgs + 0xe3 (0x54b5c3 in /workspace/vllm/.venv/bin/python)

[E708 09:14:21.066971120 shim_common.cpp:1458] Exception in aoti_torch: Tried to register an operator (_C::silu_and_mul_quant(Tensor($0! -> ) result, Tensor input, Tensor scale) -> ()) with the same name and overload name multiple times. Each overload's schema should only be registered with a single call to def(). Duplicate registration: registered at /workspace/csrc/libtorch_stable/torch_bindings.cpp:10. Original registration: registered at /workspace/csrc/torch_bindings.cpp:21
Exception raised from registerDef at /pytorch/aten/src/ATen/core/dispatch/Dispatcher.cpp:248 (most recent call first):
frame #0: c10::Error::Error(c10::SourceLocation, std::__cxx11::basic_string<char, std::char_traits<char>, std::allocator<char> >) + 0x9d (0x7ffff6b7205d in /workspace/vllm/.venv/lib/python3.12/site-packages/torch/lib/libc10.so)
frame #1: c10::detail::torchCheckFail(char const*, char const*, unsigned int, std::__cxx11::basic_string<char, std::char_traits<char>, std::allocator<char> > const&) + 0xc3 (0x7ffff6b066fd in /workspace/vllm/.venv/lib/python3.12/site-packages/torch/lib/libc10.so)
frame #2: c10::Dispatcher::registerDef(c10::FunctionSchema, std::__cxx11::basic_string<char, std::char_traits<char>, std::allocator<char> >, std::vector<at::Tag, std::allocator<at::Tag> >) + 0x35e (0x7fff0e6811fe in /workspace/vllm/.venv/lib/python3.12/site-packages/torch/lib/libtorch_cpu.so)
frame #3: torch::Library::_def(c10::FunctionSchema&&, c10::OperatorName*, std::vector<at::Tag, std::allocator<at::Tag> > const&, torch::_RegisterOrVerify) & + 0x514 (0x7fff0e6c2254 in /workspace/vllm/.venv/lib/python3.12/site-packages/torch/lib/libtorch_cpu.so)
frame #4: aoti_torch_library_def + 0x99 (0x7fff128d45b9 in /workspace/vllm/.venv/lib/python3.12/site-packages/torch/lib/libtorch_cpu.so)
frame #5: <unknown function> + 0x2bdb3c (0x7ffe8aebeb3c in /workspace/vllm/vllm/_C_stable_libtorch.abi3.so)
frame #6: <unknown function> + 0x2bf0ce (0x7ffe8aec00ce in /workspace/vllm/vllm/_C_stable_libtorch.abi3.so)
frame #7: <unknown function> + 0x279d92 (0x7ffe8ae7ad92 in /workspace/vllm/vllm/_C_stable_libtorch.abi3.so)
frame #8: <unknown function> + 0x571f (0x7ffff7fca71f in /lib64/ld-linux-x86-64.so.2)
frame #9: <unknown function> + 0x5824 (0x7ffff7fca824 in /lib64/ld-linux-x86-64.so.2)
frame #10: _dl_catch_exception + 0x132 (0x7ffff7fc65b2 in /lib64/ld-linux-x86-64.so.2)
frame #11: <unknown function> + 0xcd7c (0x7ffff7fd1d7c in /lib64/ld-linux-x86-64.so.2)
frame #12: _dl_catch_exception + 0x9c (0x7ffff7fc651c in /lib64/ld-linux-x86-64.so.2)
frame #13: <unknown function> + 0xd164 (0x7ffff7fd2164 in /lib64/ld-linux-x86-64.so.2)
frame #14: <unknown function> + 0x981a4 (0x7ffff7d0c1a4 in /usr/lib/x86_64-linux-gnu/libc.so.6)
frame #15: _dl_catch_exception + 0x9c (0x7ffff7fc651c in /lib64/ld-linux-x86-64.so.2)
frame #16: <unknown function> + 0x1669 (0x7ffff7fc6669 in /lib64/ld-linux-x86-64.so.2)
frame #17: <unknown function> + 0x97c83 (0x7ffff7d0bc83 in /usr/lib/x86_64-linux-gnu/libc.so.6)
frame #18: dlopen + 0x6f (0x7ffff7d0c25f in /usr/lib/x86_64-linux-gnu/libc.so.6)
frame #19: /workspace/vllm/.venv/bin/python() [0x6bc36c]
frame #20: /workspace/vllm/.venv/bin/python() [0x6a946a]
frame #21: /workspace/vllm/.venv/bin/python() [0x6a8bf2]
frame #22: /workspace/vllm/.venv/bin/python() [0x581f37]
frame #23: _PyEval_EvalFrameDefault + 0x4c3a (0x5db0ba in /workspace/vllm/.venv/bin/python)
frame #24: /workspace/vllm/.venv/bin/python() [0x549d47]
frame #25: PyObject_CallMethodObjArgs + 0xe3 (0x54b5c3 in /workspace/vllm/.venv/bin/python)
frame #26: PyImport_ImportModuleLevelObject + 0x395 (0x5fd805 in /workspace/vllm/.venv/bin/python)
frame #27: _PyEval_EvalFrameDefault + 0x5eee (0x5dc36e in /workspace/vllm/.venv/bin/python)
frame #28: PyEval_EvalCode + 0x15b (0x5d543b in /workspace/vllm/.venv/bin/python)
frame #29: /workspace/vllm/.venv/bin/python() [0x5d322c]
frame #30: /workspace/vllm/.venv/bin/python() [0x581d1d]
frame #31: _PyEval_EvalFrameDefault + 0x4c3a (0x5db0ba in /workspace/vllm/.venv/bin/python)
frame #32: PyObject_CallOneArg + 0x4d (0x54a65d in /workspace/vllm/.venv/bin/python)
frame #33: /workspace/vllm/.venv/bin/python() [0x582e84]
frame #34: _PyObject_LookupAttr + 0x7a (0x584bea in /workspace/vllm/.venv/bin/python)
frame #35: /workspace/vllm/.venv/bin/python() [0x5d2b8a]
frame #36: _PyEval_EvalFrameDefault + 0x207d (0x5d84fd in /workspace/vllm/.venv/bin/python)
frame #37: /workspace/vllm/.venv/bin/python() [0x549d47]
frame #38: PyObject_CallMethodObjArgs + 0xe3 (0x54b5c3 in /workspace/vllm/.venv/bin/python)
frame #39: PyImport_ImportModuleLevelObject + 0x5eb (0x5fda5b in /workspace/vllm/.venv/bin/python)
frame #40: _PyEval_EvalFrameDefault + 0x5eee (0x5dc36e in /workspace/vllm/.venv/bin/python)
frame #41: PyEval_EvalCode + 0x15b (0x5d543b in /workspace/vllm/.venv/bin/python)
frame #42: /workspace/vllm/.venv/bin/python() [0x5d322c]
frame #43: /workspace/vllm/.venv/bin/python() [0x581d1d]
frame #44: _PyEval_EvalFrameDefault + 0x4c3a (0x5db0ba in /workspace/vllm/.venv/bin/python)
frame #45: /workspace/vllm/.venv/bin/python() [0x549d47]
frame #46: PyObject_CallMethodObjArgs + 0xe3 (0x54b5c3 in /workspace/vllm/.venv/bin/python)
frame #47: PyImport_ImportModuleLevelObject + 0x395 (0x5fd805 in /workspace/vllm/.venv/bin/python)
frame #48: _PyEval_EvalFrameDefault + 0x5eee (0x5dc36e in /workspace/vllm/.venv/bin/python)
frame #49: PyEval_EvalCode + 0x15b (0x5d543b in /workspace/vllm/.venv/bin/python)
frame #50: /workspace/vllm/.venv/bin/python() [0x5d322c]
frame #51: /workspace/vllm/.venv/bin/python() [0x581d1d]
frame #52: _PyEval_EvalFrameDefault + 0x4c3a (0x5db0ba in /workspace/vllm/.venv/bin/python)
frame #53: /workspace/vllm/.venv/bin/python() [0x549d47]
frame #54: PyObject_CallMethodObjArgs + 0xe3 (0x54b5c3 in /workspace/vllm/.venv/bin/python)
frame #55: PyImport_ImportModuleLevelObject + 0x395 (0x5fd805 in /workspace/vllm/.venv/bin/python)
frame #56: _PyEval_EvalFrameDefault + 0x5eee (0x5dc36e in /workspace/vllm/.venv/bin/python)
frame #57: PyEval_EvalCode + 0x15b (0x5d543b in /workspace/vllm/.venv/bin/python)
frame #58: /workspace/vllm/.venv/bin/python() [0x5d322c]
frame #59: /workspace/vllm/.venv/bin/python() [0x581d1d]
frame #60: _PyEval_EvalFrameDefault + 0x4c3a (0x5db0ba in /workspace/vllm/.venv/bin/python)
frame #61: /workspace/vllm/.venv/bin/python() [0x549d47]
frame #62: PyObject_CallMethodObjArgs + 0xe3 (0x54b5c3 in /workspace/vllm/.venv/bin/python)

[W708 09:14:21.069160757 OperatorEntry.cpp:208] Warning: Warning only once for all operators,  other operators may also be overridden.
  Overriding a previously registered kernel for the same operator and the same dispatch key
  operator: _C::persistent_masked_m_silu_mul_quant(Tensor input, Tensor counts, Tensor($0! -> ) y_q, Tensor($1! -> ) y_s, bool use_ue8m0) -> ()
    registered at /workspace/csrc/torch_bindings.cpp:21
  dispatch key: CUDA
  previous kernel: registered at /workspace/csrc/torch_bindings.cpp:21
       new kernel: registered at /workspace/csrc/libtorch_stable/torch_bindings.cpp:603 (function operator())
[E708 09:14:21.095617946 shim_common.cpp:1458] Exception in aoti_torch: Tried to register an operator (_C::persistent_masked_m_silu_mul_quant(Tensor input, Tensor counts, Tensor($0! -> ) y_q, Tensor($1! -> ) y_s, bool use_ue8m0) -> ()) with the same name and overload name multiple times. Each overload's schema should only be registered with a single call to def(). Duplicate registration: registered at /workspace/csrc/libtorch_stable/torch_bindings.cpp:10. Original registration: registered at /workspace/csrc/torch_bindings.cpp:21
Exception raised from registerDef at /pytorch/aten/src/ATen/core/dispatch/Dispatcher.cpp:248 (most recent call first):
frame #0: c10::Error::Error(c10::SourceLocation, std::__cxx11::basic_string<char, std::char_traits<char>, std::allocator<char> >) + 0x9d (0x7ffff6b7205d in /workspace/vllm/.venv/lib/python3.12/site-packages/torch/lib/libc10.so)
frame #1: c10::detail::torchCheckFail(char const*, char const*, unsigned int, std::__cxx11::basic_string<char, std::char_traits<char>, std::allocator<char> > const&) + 0xc3 (0x7ffff6b066fd in /workspace/vllm/.venv/lib/python3.12/site-packages/torch/lib/libc10.so)
frame #2: c10::Dispatcher::registerDef(c10::FunctionSchema, std::__cxx11::basic_string<char, std::char_traits<char>, std::allocator<char> >, std::vector<at::Tag, std::allocator<at::Tag> >) + 0x35e (0x7fff0e6811fe in /workspace/vllm/.venv/lib/python3.12/site-packages/torch/lib/libtorch_cpu.so)
frame #3: torch::Library::_def(c10::FunctionSchema&&, c10::OperatorName*, std::vector<at::Tag, std::allocator<at::Tag> > const&, torch::_RegisterOrVerify) & + 0x514 (0x7fff0e6c2254 in /workspace/vllm/.venv/lib/python3.12/site-packages/torch/lib/libtorch_cpu.so)
frame #4: aoti_torch_library_def + 0x99 (0x7fff128d45b9 in /workspace/vllm/.venv/lib/python3.12/site-packages/torch/lib/libtorch_cpu.so)
frame #5: <unknown function> + 0x2bdaf1 (0x7ffe8aebeaf1 in /workspace/vllm/vllm/_C_stable_libtorch.abi3.so)
frame #6: <unknown function> + 0x2bf0ce (0x7ffe8aec00ce in /workspace/vllm/vllm/_C_stable_libtorch.abi3.so)
frame #7: <unknown function> + 0x279d92 (0x7ffe8ae7ad92 in /workspace/vllm/vllm/_C_stable_libtorch.abi3.so)
frame #8: <unknown function> + 0x571f (0x7ffff7fca71f in /lib64/ld-linux-x86-64.so.2)
frame #9: <unknown function> + 0x5824 (0x7ffff7fca824 in /lib64/ld-linux-x86-64.so.2)
frame #10: _dl_catch_exception + 0x132 (0x7ffff7fc65b2 in /lib64/ld-linux-x86-64.so.2)
frame #11: <unknown function> + 0xcd7c (0x7ffff7fd1d7c in /lib64/ld-linux-x86-64.so.2)
frame #12: _dl_catch_exception + 0x9c (0x7ffff7fc651c in /lib64/ld-linux-x86-64.so.2)
frame #13: <unknown function> + 0xd164 (0x7ffff7fd2164 in /lib64/ld-linux-x86-64.so.2)
frame #14: <unknown function> + 0x981a4 (0x7ffff7d0c1a4 in /usr/lib/x86_64-linux-gnu/libc.so.6)
frame #15: _dl_catch_exception + 0x9c (0x7ffff7fc651c in /lib64/ld-linux-x86-64.so.2)
frame #16: <unknown function> + 0x1669 (0x7ffff7fc6669 in /lib64/ld-linux-x86-64.so.2)
frame #17: <unknown function> + 0x97c83 (0x7ffff7d0bc83 in /usr/lib/x86_64-linux-gnu/libc.so.6)
frame #18: dlopen + 0x6f (0x7ffff7d0c25f in /usr/lib/x86_64-linux-gnu/libc.so.6)
frame #19: /workspace/vllm/.venv/bin/python() [0x6bc36c]
frame #20: /workspace/vllm/.venv/bin/python() [0x6a946a]
frame #21: /workspace/vllm/.venv/bin/python() [0x6a8bf2]
frame #22: /workspace/vllm/.venv/bin/python() [0x581f37]
frame #23: _PyEval_EvalFrameDefault + 0x4c3a (0x5db0ba in /workspace/vllm/.venv/bin/python)
frame #24: /workspace/vllm/.venv/bin/python() [0x549d47]
frame #25: PyObject_CallMethodObjArgs + 0xe3 (0x54b5c3 in /workspace/vllm/.venv/bin/python)
frame #26: PyImport_ImportModuleLevelObject + 0x395 (0x5fd805 in /workspace/vllm/.venv/bin/python)
frame #27: _PyEval_EvalFrameDefault + 0x5eee (0x5dc36e in /workspace/vllm/.venv/bin/python)
frame #28: PyEval_EvalCode + 0x15b (0x5d543b in /workspace/vllm/.venv/bin/python)
frame #29: /workspace/vllm/.venv/bin/python() [0x5d322c]
frame #30: /workspace/vllm/.venv/bin/python() [0x581d1d]
frame #31: _PyEval_EvalFrameDefault + 0x4c3a (0x5db0ba in /workspace/vllm/.venv/bin/python)
frame #32: PyObject_CallOneArg + 0x4d (0x54a65d in /workspace/vllm/.venv/bin/python)
frame #33: /workspace/vllm/.venv/bin/python() [0x582e84]
frame #34: _PyObject_LookupAttr + 0x7a (0x584bea in /workspace/vllm/.venv/bin/python)
frame #35: /workspace/vllm/.venv/bin/python() [0x5d2b8a]
frame #36: _PyEval_EvalFrameDefault + 0x207d (0x5d84fd in /workspace/vllm/.venv/bin/python)
frame #37: /workspace/vllm/.venv/bin/python() [0x549d47]
frame #38: PyObject_CallMethodObjArgs + 0xe3 (0x54b5c3 in /workspace/vllm/.venv/bin/python)
frame #39: PyImport_ImportModuleLevelObject + 0x5eb (0x5fda5b in /workspace/vllm/.venv/bin/python)
frame #40: _PyEval_EvalFrameDefault + 0x5eee (0x5dc36e in /workspace/vllm/.venv/bin/python)
frame #41: PyEval_EvalCode + 0x15b (0x5d543b in /workspace/vllm/.venv/bin/python)
frame #42: /workspace/vllm/.venv/bin/python() [0x5d322c]
frame #43: /workspace/vllm/.venv/bin/python() [0x581d1d]
frame #44: _PyEval_EvalFrameDefault + 0x4c3a (0x5db0ba in /workspace/vllm/.venv/bin/python)
frame #45: /workspace/vllm/.venv/bin/python() [0x549d47]
frame #46: PyObject_CallMethodObjArgs + 0xe3 (0x54b5c3 in /workspace/vllm/.venv/bin/python)
frame #47: PyImport_ImportModuleLevelObject + 0x395 (0x5fd805 in /workspace/vllm/.venv/bin/python)
frame #48: _PyEval_EvalFrameDefault + 0x5eee (0x5dc36e in /workspace/vllm/.venv/bin/python)
frame #49: PyEval_EvalCode + 0x15b (0x5d543b in /workspace/vllm/.venv/bin/python)
frame #50: /workspace/vllm/.venv/bin/python() [0x5d322c]
frame #51: /workspace/vllm/.venv/bin/python() [0x581d1d]
frame #52: _PyEval_EvalFrameDefault + 0x4c3a (0x5db0ba in /workspace/vllm/.venv/bin/python)
frame #53: /workspace/vllm/.venv/bin/python() [0x549d47]
frame #54: PyObject_CallMethodObjArgs + 0xe3 (0x54b5c3 in /workspace/vllm/.venv/bin/python)
frame #55: PyImport_ImportModuleLevelObject + 0x395 (0x5fd805 in /workspace/vllm/.venv/bin/python)
frame #56: _PyEval_EvalFrameDefault + 0x5eee (0x5dc36e in /workspace/vllm/.venv/bin/python)
frame #57: PyEval_EvalCode + 0x15b (0x5d543b in /workspace/vllm/.venv/bin/python)
frame #58: /workspace/vllm/.venv/bin/python() [0x5d322c]
frame #59: /workspace/vllm/.venv/bin/python() [0x581d1d]
frame #60: _PyEval_EvalFrameDefault + 0x4c3a (0x5db0ba in /workspace/vllm/.venv/bin/python)
frame #61: /workspace/vllm/.venv/bin/python() [0x549d47]
frame #62: PyObject_CallMethodObjArgs + 0xe3 (0x54b5c3 in /workspace/vllm/.venv/bin/python)

[E708 09:14:21.097515621 shim_common.cpp:1458] Exception in aoti_torch: Tried to register an operator (_C::weak_ref_tensor(Tensor input) -> Tensor) with the same name and overload name multiple times. Each overload's schema should only be registered with a single call to def(). Duplicate registration: registered at /workspace/csrc/libtorch_stable/torch_bindings.cpp:10. Original registration: registered at /workspace/csrc/torch_bindings.cpp:21
Exception raised from registerDef at /pytorch/aten/src/ATen/core/dispatch/Dispatcher.cpp:248 (most recent call first):
frame #0: c10::Error::Error(c10::SourceLocation, std::__cxx11::basic_string<char, std::char_traits<char>, std::allocator<char> >) + 0x9d (0x7ffff6b7205d in /workspace/vllm/.venv/lib/python3.12/site-packages/torch/lib/libc10.so)
frame #1: c10::detail::torchCheckFail(char const*, char const*, unsigned int, std::__cxx11::basic_string<char, std::char_traits<char>, std::allocator<char> > const&) + 0xc3 (0x7ffff6b066fd in /workspace/vllm/.venv/lib/python3.12/site-packages/torch/lib/libc10.so)
frame #2: c10::Dispatcher::registerDef(c10::FunctionSchema, std::__cxx11::basic_string<char, std::char_traits<char>, std::allocator<char> >, std::vector<at::Tag, std::allocator<at::Tag> >) + 0x35e (0x7fff0e6811fe in /workspace/vllm/.venv/lib/python3.12/site-packages/torch/lib/libtorch_cpu.so)
frame #3: torch::Library::_def(c10::FunctionSchema&&, c10::OperatorName*, std::vector<at::Tag, std::allocator<at::Tag> > const&, torch::_RegisterOrVerify) & + 0x514 (0x7fff0e6c2254 in /workspace/vllm/.venv/lib/python3.12/site-packages/torch/lib/libtorch_cpu.so)
frame #4: aoti_torch_library_def + 0x99 (0x7fff128d45b9 in /workspace/vllm/.venv/lib/python3.12/site-packages/torch/lib/libtorch_cpu.so)
frame #5: <unknown function> + 0x2bdb00 (0x7ffe8aebeb00 in /workspace/vllm/vllm/_C_stable_libtorch.abi3.so)
frame #6: <unknown function> + 0x2bf0ce (0x7ffe8aec00ce in /workspace/vllm/vllm/_C_stable_libtorch.abi3.so)
frame #7: <unknown function> + 0x279d92 (0x7ffe8ae7ad92 in /workspace/vllm/vllm/_C_stable_libtorch.abi3.so)
frame #8: <unknown function> + 0x571f (0x7ffff7fca71f in /lib64/ld-linux-x86-64.so.2)
frame #9: <unknown function> + 0x5824 (0x7ffff7fca824 in /lib64/ld-linux-x86-64.so.2)
frame #10: _dl_catch_exception + 0x132 (0x7ffff7fc65b2 in /lib64/ld-linux-x86-64.so.2)
frame #11: <unknown function> + 0xcd7c (0x7ffff7fd1d7c in /lib64/ld-linux-x86-64.so.2)
frame #12: _dl_catch_exception + 0x9c (0x7ffff7fc651c in /lib64/ld-linux-x86-64.so.2)
frame #13: <unknown function> + 0xd164 (0x7ffff7fd2164 in /lib64/ld-linux-x86-64.so.2)
frame #14: <unknown function> + 0x981a4 (0x7ffff7d0c1a4 in /usr/lib/x86_64-linux-gnu/libc.so.6)
frame #15: _dl_catch_exception + 0x9c (0x7ffff7fc651c in /lib64/ld-linux-x86-64.so.2)
frame #16: <unknown function> + 0x1669 (0x7ffff7fc6669 in /lib64/ld-linux-x86-64.so.2)
frame #17: <unknown function> + 0x97c83 (0x7ffff7d0bc83 in /usr/lib/x86_64-linux-gnu/libc.so.6)
frame #18: dlopen + 0x6f (0x7ffff7d0c25f in /usr/lib/x86_64-linux-gnu/libc.so.6)
frame #19: /workspace/vllm/.venv/bin/python() [0x6bc36c]
frame #20: /workspace/vllm/.venv/bin/python() [0x6a946a]
frame #21: /workspace/vllm/.venv/bin/python() [0x6a8bf2]
frame #22: /workspace/vllm/.venv/bin/python() [0x581f37]
frame #23: _PyEval_EvalFrameDefault + 0x4c3a (0x5db0ba in /workspace/vllm/.venv/bin/python)
frame #24: /workspace/vllm/.venv/bin/python() [0x549d47]
frame #25: PyObject_CallMethodObjArgs + 0xe3 (0x54b5c3 in /workspace/vllm/.venv/bin/python)
frame #26: PyImport_ImportModuleLevelObject + 0x395 (0x5fd805 in /workspace/vllm/.venv/bin/python)
frame #27: _PyEval_EvalFrameDefault + 0x5eee (0x5dc36e in /workspace/vllm/.venv/bin/python)
frame #28: PyEval_EvalCode + 0x15b (0x5d543b in /workspace/vllm/.venv/bin/python)
frame #29: /workspace/vllm/.venv/bin/python() [0x5d322c]
frame #30: /workspace/vllm/.venv/bin/python() [0x581d1d]
frame #31: _PyEval_EvalFrameDefault + 0x4c3a (0x5db0ba in /workspace/vllm/.venv/bin/python)
frame #32: PyObject_CallOneArg + 0x4d (0x54a65d in /workspace/vllm/.venv/bin/python)
frame #33: /workspace/vllm/.venv/bin/python() [0x582e84]
frame #34: _PyObject_LookupAttr + 0x7a (0x584bea in /workspace/vllm/.venv/bin/python)
frame #35: /workspace/vllm/.venv/bin/python() [0x5d2b8a]
frame #36: _PyEval_EvalFrameDefault + 0x207d (0x5d84fd in /workspace/vllm/.venv/bin/python)
frame #37: /workspace/vllm/.venv/bin/python() [0x549d47]
frame #38: PyObject_CallMethodObjArgs + 0xe3 (0x54b5c3 in /workspace/vllm/.venv/bin/python)
frame #39: PyImport_ImportModuleLevelObject + 0x5eb (0x5fda5b in /workspace/vllm/.venv/bin/python)
frame #40: _PyEval_EvalFrameDefault + 0x5eee (0x5dc36e in /workspace/vllm/.venv/bin/python)
frame #41: PyEval_EvalCode + 0x15b (0x5d543b in /workspace/vllm/.venv/bin/python)
frame #42: /workspace/vllm/.venv/bin/python() [0x5d322c]
frame #43: /workspace/vllm/.venv/bin/python() [0x581d1d]
frame #44: _PyEval_EvalFrameDefault + 0x4c3a (0x5db0ba in /workspace/vllm/.venv/bin/python)
frame #45: /workspace/vllm/.venv/bin/python() [0x549d47]
frame #46: PyObject_CallMethodObjArgs + 0xe3 (0x54b5c3 in /workspace/vllm/.venv/bin/python)
frame #47: PyImport_ImportModuleLevelObject + 0x395 (0x5fd805 in /workspace/vllm/.venv/bin/python)
frame #48: _PyEval_EvalFrameDefault + 0x5eee (0x5dc36e in /workspace/vllm/.venv/bin/python)
frame #49: PyEval_EvalCode + 0x15b (0x5d543b in /workspace/vllm/.venv/bin/python)
frame #50: /workspace/vllm/.venv/bin/python() [0x5d322c]
frame #51: /workspace/vllm/.venv/bin/python() [0x581d1d]
frame #52: _PyEval_EvalFrameDefault + 0x4c3a (0x5db0ba in /workspace/vllm/.venv/bin/python)
frame #53: /workspace/vllm/.venv/bin/python() [0x549d47]
frame #54: PyObject_CallMethodObjArgs + 0xe3 (0x54b5c3 in /workspace/vllm/.venv/bin/python)
frame #55: PyImport_ImportModuleLevelObject + 0x395 (0x5fd805 in /workspace/vllm/.venv/bin/python)
frame #56: _PyEval_EvalFrameDefault + 0x5eee (0x5dc36e in /workspace/vllm/.venv/bin/python)
frame #57: PyEval_EvalCode + 0x15b (0x5d543b in /workspace/vllm/.venv/bin/python)
frame #58: /workspace/vllm/.venv/bin/python() [0x5d322c]
frame #59: /workspace/vllm/.venv/bin/python() [0x581d1d]
frame #60: _PyEval_EvalFrameDefault + 0x4c3a (0x5db0ba in /workspace/vllm/.venv/bin/python)
frame #61: /workspace/vllm/.venv/bin/python() [0x549d47]
frame #62: PyObject_CallMethodObjArgs + 0xe3 (0x54b5c3 in /workspace/vllm/.venv/bin/python)

[E708 09:14:21.099428379 shim_common.cpp:1458] Exception in aoti_torch: Tried to register an operator (_C::silu_and_mul_quant(Tensor($0! -> ) result, Tensor input, Tensor scale) -> ()) with the same name and overload name multiple times. Each overload's schema should only be registered with a single call to def(). Duplicate registration: registered at /workspace/csrc/libtorch_stable/torch_bindings.cpp:10. Original registration: registered at /workspace/csrc/torch_bindings.cpp:21
Exception raised from registerDef at /pytorch/aten/src/ATen/core/dispatch/Dispatcher.cpp:248 (most recent call first):
frame #0: c10::Error::Error(c10::SourceLocation, std::__cxx11::basic_string<char, std::char_traits<char>, std::allocator<char> >) + 0x9d (0x7ffff6b7205d in /workspace/vllm/.venv/lib/python3.12/site-packages/torch/lib/libc10.so)
frame #1: c10::detail::torchCheckFail(char const*, char const*, unsigned int, std::__cxx11::basic_string<char, std::char_traits<char>, std::allocator<char> > const&) + 0xc3 (0x7ffff6b066fd in /workspace/vllm/.venv/lib/python3.12/site-packages/torch/lib/libc10.so)
frame #2: c10::Dispatcher::registerDef(c10::FunctionSchema, std::__cxx11::basic_string<char, std::char_traits<char>, std::allocator<char> >, std::vector<at::Tag, std::allocator<at::Tag> >) + 0x35e (0x7fff0e6811fe in /workspace/vllm/.venv/lib/python3.12/site-packages/torch/lib/libtorch_cpu.so)
frame #3: torch::Library::_def(c10::FunctionSchema&&, c10::OperatorName*, std::vector<at::Tag, std::allocator<at::Tag> > const&, torch::_RegisterOrVerify) & + 0x514 (0x7fff0e6c2254 in /workspace/vllm/.venv/lib/python3.12/site-packages/torch/lib/libtorch_cpu.so)
frame #4: aoti_torch_library_def + 0x99 (0x7fff128d45b9 in /workspace/vllm/.venv/lib/python3.12/site-packages/torch/lib/libtorch_cpu.so)
frame #5: <unknown function> + 0x2bdb3c (0x7ffe8aebeb3c in /workspace/vllm/vllm/_C_stable_libtorch.abi3.so)
frame #6: <unknown function> + 0x2bf0ce (0x7ffe8aec00ce in /workspace/vllm/vllm/_C_stable_libtorch.abi3.so)
frame #7: <unknown function> + 0x279d92 (0x7ffe8ae7ad92 in /workspace/vllm/vllm/_C_stable_libtorch.abi3.so)
frame #8: <unknown function> + 0x571f (0x7ffff7fca71f in /lib64/ld-linux-x86-64.so.2)
frame #9: <unknown function> + 0x5824 (0x7ffff7fca824 in /lib64/ld-linux-x86-64.so.2)
frame #10: _dl_catch_exception + 0x132 (0x7ffff7fc65b2 in /lib64/ld-linux-x86-64.so.2)
frame #11: <unknown function> + 0xcd7c (0x7ffff7fd1d7c in /lib64/ld-linux-x86-64.so.2)
frame #12: _dl_catch_exception + 0x9c (0x7ffff7fc651c in /lib64/ld-linux-x86-64.so.2)
frame #13: <unknown function> + 0xd164 (0x7ffff7fd2164 in /lib64/ld-linux-x86-64.so.2)
frame #14: <unknown function> + 0x981a4 (0x7ffff7d0c1a4 in /usr/lib/x86_64-linux-gnu/libc.so.6)
frame #15: _dl_catch_exception + 0x9c (0x7ffff7fc651c in /lib64/ld-linux-x86-64.so.2)
frame #16: <unknown function> + 0x1669 (0x7ffff7fc6669 in /lib64/ld-linux-x86-64.so.2)
frame #17: <unknown function> + 0x97c83 (0x7ffff7d0bc83 in /usr/lib/x86_64-linux-gnu/libc.so.6)
frame #18: dlopen + 0x6f (0x7ffff7d0c25f in /usr/lib/x86_64-linux-gnu/libc.so.6)
frame #19: /workspace/vllm/.venv/bin/python() [0x6bc36c]
frame #20: /workspace/vllm/.venv/bin/python() [0x6a946a]
frame #21: /workspace/vllm/.venv/bin/python() [0x6a8bf2]
frame #22: /workspace/vllm/.venv/bin/python() [0x581f37]
frame #23: _PyEval_EvalFrameDefault + 0x4c3a (0x5db0ba in /workspace/vllm/.venv/bin/python)
frame #24: /workspace/vllm/.venv/bin/python() [0x549d47]
frame #25: PyObject_CallMethodObjArgs + 0xe3 (0x54b5c3 in /workspace/vllm/.venv/bin/python)
frame #26: PyImport_ImportModuleLevelObject + 0x395 (0x5fd805 in /workspace/vllm/.venv/bin/python)
frame #27: _PyEval_EvalFrameDefault + 0x5eee (0x5dc36e in /workspace/vllm/.venv/bin/python)
frame #28: PyEval_EvalCode + 0x15b (0x5d543b in /workspace/vllm/.venv/bin/python)
frame #29: /workspace/vllm/.venv/bin/python() [0x5d322c]
frame #30: /workspace/vllm/.venv/bin/python() [0x581d1d]
frame #31: _PyEval_EvalFrameDefault + 0x4c3a (0x5db0ba in /workspace/vllm/.venv/bin/python)
frame #32: PyObject_CallOneArg + 0x4d (0x54a65d in /workspace/vllm/.venv/bin/python)
frame #33: /workspace/vllm/.venv/bin/python() [0x582e84]
frame #34: _PyObject_LookupAttr + 0x7a (0x584bea in /workspace/vllm/.venv/bin/python)
frame #35: /workspace/vllm/.venv/bin/python() [0x5d2b8a]
frame #36: _PyEval_EvalFrameDefault + 0x207d (0x5d84fd in /workspace/vllm/.venv/bin/python)
frame #37: /workspace/vllm/.venv/bin/python() [0x549d47]
frame #38: PyObject_CallMethodObjArgs + 0xe3 (0x54b5c3 in /workspace/vllm/.venv/bin/python)
frame #39: PyImport_ImportModuleLevelObject + 0x5eb (0x5fda5b in /workspace/vllm/.venv/bin/python)
frame #40: _PyEval_EvalFrameDefault + 0x5eee (0x5dc36e in /workspace/vllm/.venv/bin/python)
frame #41: PyEval_EvalCode + 0x15b (0x5d543b in /workspace/vllm/.venv/bin/python)
frame #42: /workspace/vllm/.venv/bin/python() [0x5d322c]
frame #43: /workspace/vllm/.venv/bin/python() [0x581d1d]
frame #44: _PyEval_EvalFrameDefault + 0x4c3a (0x5db0ba in /workspace/vllm/.venv/bin/python)
frame #45: /workspace/vllm/.venv/bin/python() [0x549d47]
frame #46: PyObject_CallMethodObjArgs + 0xe3 (0x54b5c3 in /workspace/vllm/.venv/bin/python)
frame #47: PyImport_ImportModuleLevelObject + 0x395 (0x5fd805 in /workspace/vllm/.venv/bin/python)
frame #48: _PyEval_EvalFrameDefault + 0x5eee (0x5dc36e in /workspace/vllm/.venv/bin/python)
frame #49: PyEval_EvalCode + 0x15b (0x5d543b in /workspace/vllm/.venv/bin/python)
frame #50: /workspace/vllm/.venv/bin/python() [0x5d322c]
frame #51: /workspace/vllm/.venv/bin/python() [0x581d1d]
frame #52: _PyEval_EvalFrameDefault + 0x4c3a (0x5db0ba in /workspace/vllm/.venv/bin/python)
frame #53: /workspace/vllm/.venv/bin/python() [0x549d47]
frame #54: PyObject_CallMethodObjArgs + 0xe3 (0x54b5c3 in /workspace/vllm/.venv/bin/python)
frame #55: PyImport_ImportModuleLevelObject + 0x395 (0x5fd805 in /workspace/vllm/.venv/bin/python)
frame #56: _PyEval_EvalFrameDefault + 0x5eee (0x5dc36e in /workspace/vllm/.venv/bin/python)
frame #57: PyEval_EvalCode + 0x15b (0x5d543b in /workspace/vllm/.venv/bin/python)
frame #58: /workspace/vllm/.venv/bin/python() [0x5d322c]
frame #59: /workspace/vllm/.venv/bin/python() [0x581d1d]
frame #60: _PyEval_EvalFrameDefault + 0x4c3a (0x5db0ba in /workspace/vllm/.venv/bin/python)
frame #61: /workspace/vllm/.venv/bin/python() [0x549d47]
frame #62: PyObject_CallMethodObjArgs + 0xe3 (0x54b5c3 in /workspace/vllm/.venv/bin/python)

[W708 09:14:21.101516860 OperatorEntry.cpp:208] Warning: Warning only once for all operators,  other operators may also be overridden.
  Overriding a previously registered kernel for the same operator and the same dispatch key
  operator: _C::persistent_masked_m_silu_mul_quant(Tensor input, Tensor counts, Tensor($0! -> ) y_q, Tensor($1! -> ) y_s, bool use_ue8m0) -> ()
    registered at /workspace/csrc/torch_bindings.cpp:21
  dispatch key: CUDA
  previous kernel: registered at /workspace/csrc/torch_bindings.cpp:21
       new kernel: registered at /workspace/csrc/libtorch_stable/torch_bindings.cpp:603 (function operator())
[E708 09:14:22.455126862 shim_common.cpp:1458] Exception in aoti_torch: Tried to register an operator (_C::persistent_masked_m_silu_mul_quant(Tensor input, Tensor counts, Tensor($0! -> ) y_q, Tensor($1! -> ) y_s, bool use_ue8m0) -> ()) with the same name and overload name multiple times. Each overload's schema should only be registered with a single call to def(). Duplicate registration: registered at /workspace/csrc/libtorch_stable/torch_bindings.cpp:10. Original registration: registered at /workspace/csrc/torch_bindings.cpp:21
Exception raised from registerDef at /pytorch/aten/src/ATen/core/dispatch/Dispatcher.cpp:248 (most recent call first):
frame #0: c10::Error::Error(c10::SourceLocation, std::__cxx11::basic_string<char, std::char_traits<char>, std::allocator<char> >) + 0x9d (0x7ffff6b7205d in /workspace/vllm/.venv/lib/python3.12/site-packages/torch/lib/libc10.so)
frame #1: c10::detail::torchCheckFail(char const*, char const*, unsigned int, std::__cxx11::basic_string<char, std::char_traits<char>, std::allocator<char> > const&) + 0xc3 (0x7ffff6b066fd in /workspace/vllm/.venv/lib/python3.12/site-packages/torch/lib/libc10.so)
frame #2: c10::Dispatcher::registerDef(c10::FunctionSchema, std::__cxx11::basic_string<char, std::char_traits<char>, std::allocator<char> >, std::vector<at::Tag, std::allocator<at::Tag> >) + 0x35e (0x7fff0e6811fe in /workspace/vllm/.venv/lib/python3.12/site-packages/torch/lib/libtorch_cpu.so)
frame #3: torch::Library::_def(c10::FunctionSchema&&, c10::OperatorName*, std::vector<at::Tag, std::allocator<at::Tag> > const&, torch::_RegisterOrVerify) & + 0x514 (0x7fff0e6c2254 in /workspace/vllm/.venv/lib/python3.12/site-packages/torch/lib/libtorch_cpu.so)
frame #4: aoti_torch_library_def + 0x99 (0x7fff128d45b9 in /workspace/vllm/.venv/lib/python3.12/site-packages/torch/lib/libtorch_cpu.so)
frame #5: <unknown function> + 0x2bdaf1 (0x7ffe8aebeaf1 in /workspace/vllm/vllm/_C_stable_libtorch.abi3.so)
frame #6: <unknown function> + 0x2bf0ce (0x7ffe8aec00ce in /workspace/vllm/vllm/_C_stable_libtorch.abi3.so)
frame #7: <unknown function> + 0x279d92 (0x7ffe8ae7ad92 in /workspace/vllm/vllm/_C_stable_libtorch.abi3.so)
frame #8: <unknown function> + 0x571f (0x7ffff7fca71f in /lib64/ld-linux-x86-64.so.2)
frame #9: <unknown function> + 0x5824 (0x7ffff7fca824 in /lib64/ld-linux-x86-64.so.2)
frame #10: _dl_catch_exception + 0x132 (0x7ffff7fc65b2 in /lib64/ld-linux-x86-64.so.2)
frame #11: <unknown function> + 0xcd7c (0x7ffff7fd1d7c in /lib64/ld-linux-x86-64.so.2)
frame #12: _dl_catch_exception + 0x9c (0x7ffff7fc651c in /lib64/ld-linux-x86-64.so.2)
frame #13: <unknown function> + 0xd164 (0x7ffff7fd2164 in /lib64/ld-linux-x86-64.so.2)
frame #14: <unknown function> + 0x981a4 (0x7ffff7d0c1a4 in /usr/lib/x86_64-linux-gnu/libc.so.6)
frame #15: _dl_catch_exception + 0x9c (0x7ffff7fc651c in /lib64/ld-linux-x86-64.so.2)
frame #16: <unknown function> + 0x1669 (0x7ffff7fc6669 in /lib64/ld-linux-x86-64.so.2)
frame #17: <unknown function> + 0x97c83 (0x7ffff7d0bc83 in /usr/lib/x86_64-linux-gnu/libc.so.6)
frame #18: dlopen + 0x6f (0x7ffff7d0c25f in /usr/lib/x86_64-linux-gnu/libc.so.6)
frame #19: /workspace/vllm/.venv/bin/python() [0x6bc36c]
frame #20: /workspace/vllm/.venv/bin/python() [0x6a946a]
frame #21: /workspace/vllm/.venv/bin/python() [0x6a8bf2]
frame #22: /workspace/vllm/.venv/bin/python() [0x581f37]
frame #23: _PyEval_EvalFrameDefault + 0x4c3a (0x5db0ba in /workspace/vllm/.venv/bin/python)
frame #24: /workspace/vllm/.venv/bin/python() [0x549d47]
frame #25: PyObject_CallMethodObjArgs + 0xe3 (0x54b5c3 in /workspace/vllm/.venv/bin/python)
frame #26: PyImport_ImportModuleLevelObject + 0x395 (0x5fd805 in /workspace/vllm/.venv/bin/python)
frame #27: _PyEval_EvalFrameDefault + 0x5eee (0x5dc36e in /workspace/vllm/.venv/bin/python)
frame #28: PyEval_EvalCode + 0x15b (0x5d543b in /workspace/vllm/.venv/bin/python)
frame #29: /workspace/vllm/.venv/bin/python() [0x5d322c]
frame #30: /workspace/vllm/.venv/bin/python() [0x581d1d]
frame #31: _PyEval_EvalFrameDefault + 0x4c3a (0x5db0ba in /workspace/vllm/.venv/bin/python)
frame #32: PyObject_CallOneArg + 0x4d (0x54a65d in /workspace/vllm/.venv/bin/python)
frame #33: /workspace/vllm/.venv/bin/python() [0x582e84]
frame #34: _PyObject_LookupAttr + 0x7a (0x584bea in /workspace/vllm/.venv/bin/python)
frame #35: /workspace/vllm/.venv/bin/python() [0x5d2b8a]
frame #36: _PyEval_EvalFrameDefault + 0x207d (0x5d84fd in /workspace/vllm/.venv/bin/python)
frame #37: /workspace/vllm/.venv/bin/python() [0x549d47]
frame #38: PyObject_CallMethodObjArgs + 0xe3 (0x54b5c3 in /workspace/vllm/.venv/bin/python)
frame #39: PyImport_ImportModuleLevelObject + 0x5eb (0x5fda5b in /workspace/vllm/.venv/bin/python)
frame #40: _PyEval_EvalFrameDefault + 0x5eee (0x5dc36e in /workspace/vllm/.venv/bin/python)
frame #41: PyEval_EvalCode + 0x15b (0x5d543b in /workspace/vllm/.venv/bin/python)
frame #42: /workspace/vllm/.venv/bin/python() [0x5d322c]
frame #43: /workspace/vllm/.venv/bin/python() [0x581d1d]
frame #44: _PyEval_EvalFrameDefault + 0x4c3a (0x5db0ba in /workspace/vllm/.venv/bin/python)
frame #45: /workspace/vllm/.venv/bin/python() [0x549d47]
frame #46: PyObject_CallMethodObjArgs + 0xe3 (0x54b5c3 in /workspace/vllm/.venv/bin/python)
frame #47: PyImport_ImportModuleLevelObject + 0x395 (0x5fd805 in /workspace/vllm/.venv/bin/python)
frame #48: _PyEval_EvalFrameDefault + 0x5eee (0x5dc36e in /workspace/vllm/.venv/bin/python)
frame #49: PyEval_EvalCode + 0x15b (0x5d543b in /workspace/vllm/.venv/bin/python)
frame #50: /workspace/vllm/.venv/bin/python() [0x5d322c]
frame #51: /workspace/vllm/.venv/bin/python() [0x581d1d]
frame #52: _PyEval_EvalFrameDefault + 0x4c3a (0x5db0ba in /workspace/vllm/.venv/bin/python)
frame #53: /workspace/vllm/.venv/bin/python() [0x549d47]
frame #54: PyObject_CallMethodObjArgs + 0xe3 (0x54b5c3 in /workspace/vllm/.venv/bin/python)
frame #55: PyImport_ImportModuleLevelObject + 0x395 (0x5fd805 in /workspace/vllm/.venv/bin/python)
frame #56: _PyEval_EvalFrameDefault + 0x5eee (0x5dc36e in /workspace/vllm/.venv/bin/python)
frame #57: PyEval_EvalCode + 0x15b (0x5d543b in /workspace/vllm/.venv/bin/python)
frame #58: /workspace/vllm/.venv/bin/python() [0x5d322c]
frame #59: /workspace/vllm/.venv/bin/python() [0x581d1d]
frame #60: _PyEval_EvalFrameDefault + 0x4c3a (0x5db0ba in /workspace/vllm/.venv/bin/python)
frame #61: /workspace/vllm/.venv/bin/python() [0x549d47]
frame #62: PyObject_CallMethodObjArgs + 0xe3 (0x54b5c3 in /workspace/vllm/.venv/bin/python)

[E708 09:14:22.457110121 shim_common.cpp:1458] Exception in aoti_torch: Tried to register an operator (_C::weak_ref_tensor(Tensor input) -> Tensor) with the same name and overload name multiple times. Each overload's schema should only be registered with a single call to def(). Duplicate registration: registered at /workspace/csrc/libtorch_stable/torch_bindings.cpp:10. Original registration: registered at /workspace/csrc/torch_bindings.cpp:21
Exception raised from registerDef at /pytorch/aten/src/ATen/core/dispatch/Dispatcher.cpp:248 (most recent call first):
frame #0: c10::Error::Error(c10::SourceLocation, std::__cxx11::basic_string<char, std::char_traits<char>, std::allocator<char> >) + 0x9d (0x7ffff6b7205d in /workspace/vllm/.venv/lib/python3.12/site-packages/torch/lib/libc10.so)
frame #1: c10::detail::torchCheckFail(char const*, char const*, unsigned int, std::__cxx11::basic_string<char, std::char_traits<char>, std::allocator<char> > const&) + 0xc3 (0x7ffff6b066fd in /workspace/vllm/.venv/lib/python3.12/site-packages/torch/lib/libc10.so)
frame #2: c10::Dispatcher::registerDef(c10::FunctionSchema, std::__cxx11::basic_string<char, std::char_traits<char>, std::allocator<char> >, std::vector<at::Tag, std::allocator<at::Tag> >) + 0x35e (0x7fff0e6811fe in /workspace/vllm/.venv/lib/python3.12/site-packages/torch/lib/libtorch_cpu.so)
frame #3: torch::Library::_def(c10::FunctionSchema&&, c10::OperatorName*, std::vector<at::Tag, std::allocator<at::Tag> > const&, torch::_RegisterOrVerify) & + 0x514 (0x7fff0e6c2254 in /workspace/vllm/.venv/lib/python3.12/site-packages/torch/lib/libtorch_cpu.so)
frame #4: aoti_torch_library_def + 0x99 (0x7fff128d45b9 in /workspace/vllm/.venv/lib/python3.12/site-packages/torch/lib/libtorch_cpu.so)
frame #5: <unknown function> + 0x2bdb00 (0x7ffe8aebeb00 in /workspace/vllm/vllm/_C_stable_libtorch.abi3.so)
frame #6: <unknown function> + 0x2bf0ce (0x7ffe8aec00ce in /workspace/vllm/vllm/_C_stable_libtorch.abi3.so)
frame #7: <unknown function> + 0x279d92 (0x7ffe8ae7ad92 in /workspace/vllm/vllm/_C_stable_libtorch.abi3.so)
frame #8: <unknown function> + 0x571f (0x7ffff7fca71f in /lib64/ld-linux-x86-64.so.2)
frame #9: <unknown function> + 0x5824 (0x7ffff7fca824 in /lib64/ld-linux-x86-64.so.2)
frame #10: _dl_catch_exception + 0x132 (0x7ffff7fc65b2 in /lib64/ld-linux-x86-64.so.2)
frame #11: <unknown function> + 0xcd7c (0x7ffff7fd1d7c in /lib64/ld-linux-x86-64.so.2)
frame #12: _dl_catch_exception + 0x9c (0x7ffff7fc651c in /lib64/ld-linux-x86-64.so.2)
frame #13: <unknown function> + 0xd164 (0x7ffff7fd2164 in /lib64/ld-linux-x86-64.so.2)
frame #14: <unknown function> + 0x981a4 (0x7ffff7d0c1a4 in /usr/lib/x86_64-linux-gnu/libc.so.6)
frame #15: _dl_catch_exception + 0x9c (0x7ffff7fc651c in /lib64/ld-linux-x86-64.so.2)
frame #16: <unknown function> + 0x1669 (0x7ffff7fc6669 in /lib64/ld-linux-x86-64.so.2)
frame #17: <unknown function> + 0x97c83 (0x7ffff7d0bc83 in /usr/lib/x86_64-linux-gnu/libc.so.6)
frame #18: dlopen + 0x6f (0x7ffff7d0c25f in /usr/lib/x86_64-linux-gnu/libc.so.6)
frame #19: /workspace/vllm/.venv/bin/python() [0x6bc36c]
frame #20: /workspace/vllm/.venv/bin/python() [0x6a946a]
frame #21: /workspace/vllm/.venv/bin/python() [0x6a8bf2]
frame #22: /workspace/vllm/.venv/bin/python() [0x581f37]
frame #23: _PyEval_EvalFrameDefault + 0x4c3a (0x5db0ba in /workspace/vllm/.venv/bin/python)
frame #24: /workspace/vllm/.venv/bin/python() [0x549d47]
frame #25: PyObject_CallMethodObjArgs + 0xe3 (0x54b5c3 in /workspace/vllm/.venv/bin/python)
frame #26: PyImport_ImportModuleLevelObject + 0x395 (0x5fd805 in /workspace/vllm/.venv/bin/python)
frame #27: _PyEval_EvalFrameDefault + 0x5eee (0x5dc36e in /workspace/vllm/.venv/bin/python)
frame #28: PyEval_EvalCode + 0x15b (0x5d543b in /workspace/vllm/.venv/bin/python)
frame #29: /workspace/vllm/.venv/bin/python() [0x5d322c]
frame #30: /workspace/vllm/.venv/bin/python() [0x581d1d]
frame #31: _PyEval_EvalFrameDefault + 0x4c3a (0x5db0ba in /workspace/vllm/.venv/bin/python)
frame #32: PyObject_CallOneArg + 0x4d (0x54a65d in /workspace/vllm/.venv/bin/python)
frame #33: /workspace/vllm/.venv/bin/python() [0x582e84]
frame #34: _PyObject_LookupAttr + 0x7a (0x584bea in /workspace/vllm/.venv/bin/python)
frame #35: /workspace/vllm/.venv/bin/python() [0x5d2b8a]
frame #36: _PyEval_EvalFrameDefault + 0x207d (0x5d84fd in /workspace/vllm/.venv/bin/python)
frame #37: /workspace/vllm/.venv/bin/python() [0x549d47]
frame #38: PyObject_CallMethodObjArgs + 0xe3 (0x54b5c3 in /workspace/vllm/.venv/bin/python)
frame #39: PyImport_ImportModuleLevelObject + 0x5eb (0x5fda5b in /workspace/vllm/.venv/bin/python)
frame #40: _PyEval_EvalFrameDefault + 0x5eee (0x5dc36e in /workspace/vllm/.venv/bin/python)
frame #41: PyEval_EvalCode + 0x15b (0x5d543b in /workspace/vllm/.venv/bin/python)
frame #42: /workspace/vllm/.venv/bin/python() [0x5d322c]
frame #43: /workspace/vllm/.venv/bin/python() [0x581d1d]
frame #44: _PyEval_EvalFrameDefault + 0x4c3a (0x5db0ba in /workspace/vllm/.venv/bin/python)
frame #45: /workspace/vllm/.venv/bin/python() [0x549d47]
frame #46: PyObject_CallMethodObjArgs + 0xe3 (0x54b5c3 in /workspace/vllm/.venv/bin/python)
frame #47: PyImport_ImportModuleLevelObject + 0x395 (0x5fd805 in /workspace/vllm/.venv/bin/python)
frame #48: _PyEval_EvalFrameDefault + 0x5eee (0x5dc36e in /workspace/vllm/.venv/bin/python)
frame #49: PyEval_EvalCode + 0x15b (0x5d543b in /workspace/vllm/.venv/bin/python)
frame #50: /workspace/vllm/.venv/bin/python() [0x5d322c]
frame #51: /workspace/vllm/.venv/bin/python() [0x581d1d]
frame #52: _PyEval_EvalFrameDefault + 0x4c3a (0x5db0ba in /workspace/vllm/.venv/bin/python)
frame #53: /workspace/vllm/.venv/bin/python() [0x549d47]
frame #54: PyObject_CallMethodObjArgs + 0xe3 (0x54b5c3 in /workspace/vllm/.venv/bin/python)
frame #55: PyImport_ImportModuleLevelObject + 0x395 (0x5fd805 in /workspace/vllm/.venv/bin/python)
frame #56: _PyEval_EvalFrameDefault + 0x5eee (0x5dc36e in /workspace/vllm/.venv/bin/python)
frame #57: PyEval_EvalCode + 0x15b (0x5d543b in /workspace/vllm/.venv/bin/python)
frame #58: /workspace/vllm/.venv/bin/python() [0x5d322c]
frame #59: /workspace/vllm/.venv/bin/python() [0x581d1d]
frame #60: _PyEval_EvalFrameDefault + 0x4c3a (0x5db0ba in /workspace/vllm/.venv/bin/python)
frame #61: /workspace/vllm/.venv/bin/python() [0x549d47]
frame #62: PyObject_CallMethodObjArgs + 0xe3 (0x54b5c3 in /workspace/vllm/.venv/bin/python)

[E708 09:14:22.459087888 shim_common.cpp:1458] Exception in aoti_torch: Tried to register an operator (_C::silu_and_mul_quant(Tensor($0! -> ) result, Tensor input, Tensor scale) -> ()) with the same name and overload name multiple times. Each overload's schema should only be registered with a single call to def(). Duplicate registration: registered at /workspace/csrc/libtorch_stable/torch_bindings.cpp:10. Original registration: registered at /workspace/csrc/torch_bindings.cpp:21
Exception raised from registerDef at /pytorch/aten/src/ATen/core/dispatch/Dispatcher.cpp:248 (most recent call first):
frame #0: c10::Error::Error(c10::SourceLocation, std::__cxx11::basic_string<char, std::char_traits<char>, std::allocator<char> >) + 0x9d (0x7ffff6b7205d in /workspace/vllm/.venv/lib/python3.12/site-packages/torch/lib/libc10.so)
frame #1: c10::detail::torchCheckFail(char const*, char const*, unsigned int, std::__cxx11::basic_string<char, std::char_traits<char>, std::allocator<char> > const&) + 0xc3 (0x7ffff6b066fd in /workspace/vllm/.venv/lib/python3.12/site-packages/torch/lib/libc10.so)
frame #2: c10::Dispatcher::registerDef(c10::FunctionSchema, std::__cxx11::basic_string<char, std::char_traits<char>, std::allocator<char> >, std::vector<at::Tag, std::allocator<at::Tag> >) + 0x35e (0x7fff0e6811fe in /workspace/vllm/.venv/lib/python3.12/site-packages/torch/lib/libtorch_cpu.so)
frame #3: torch::Library::_def(c10::FunctionSchema&&, c10::OperatorName*, std::vector<at::Tag, std::allocator<at::Tag> > const&, torch::_RegisterOrVerify) & + 0x514 (0x7fff0e6c2254 in /workspace/vllm/.venv/lib/python3.12/site-packages/torch/lib/libtorch_cpu.so)
frame #4: aoti_torch_library_def + 0x99 (0x7fff128d45b9 in /workspace/vllm/.venv/lib/python3.12/site-packages/torch/lib/libtorch_cpu.so)
frame #5: <unknown function> + 0x2bdb3c (0x7ffe8aebeb3c in /workspace/vllm/vllm/_C_stable_libtorch.abi3.so)
frame #6: <unknown function> + 0x2bf0ce (0x7ffe8aec00ce in /workspace/vllm/vllm/_C_stable_libtorch.abi3.so)
frame #7: <unknown function> + 0x279d92 (0x7ffe8ae7ad92 in /workspace/vllm/vllm/_C_stable_libtorch.abi3.so)
frame #8: <unknown function> + 0x571f (0x7ffff7fca71f in /lib64/ld-linux-x86-64.so.2)
frame #9: <unknown function> + 0x5824 (0x7ffff7fca824 in /lib64/ld-linux-x86-64.so.2)
frame #10: _dl_catch_exception + 0x132 (0x7ffff7fc65b2 in /lib64/ld-linux-x86-64.so.2)
frame #11: <unknown function> + 0xcd7c (0x7ffff7fd1d7c in /lib64/ld-linux-x86-64.so.2)
frame #12: _dl_catch_exception + 0x9c (0x7ffff7fc651c in /lib64/ld-linux-x86-64.so.2)
frame #13: <unknown function> + 0xd164 (0x7ffff7fd2164 in /lib64/ld-linux-x86-64.so.2)
frame #14: <unknown function> + 0x981a4 (0x7ffff7d0c1a4 in /usr/lib/x86_64-linux-gnu/libc.so.6)
frame #15: _dl_catch_exception + 0x9c (0x7ffff7fc651c in /lib64/ld-linux-x86-64.so.2)
frame #16: <unknown function> + 0x1669 (0x7ffff7fc6669 in /lib64/ld-linux-x86-64.so.2)
frame #17: <unknown function> + 0x97c83 (0x7ffff7d0bc83 in /usr/lib/x86_64-linux-gnu/libc.so.6)
frame #18: dlopen + 0x6f (0x7ffff7d0c25f in /usr/lib/x86_64-linux-gnu/libc.so.6)
frame #19: /workspace/vllm/.venv/bin/python() [0x6bc36c]
frame #20: /workspace/vllm/.venv/bin/python() [0x6a946a]
frame #21: /workspace/vllm/.venv/bin/python() [0x6a8bf2]
frame #22: /workspace/vllm/.venv/bin/python() [0x581f37]
frame #23: _PyEval_EvalFrameDefault + 0x4c3a (0x5db0ba in /workspace/vllm/.venv/bin/python)
frame #24: /workspace/vllm/.venv/bin/python() [0x549d47]
frame #25: PyObject_CallMethodObjArgs + 0xe3 (0x54b5c3 in /workspace/vllm/.venv/bin/python)
frame #26: PyImport_ImportModuleLevelObject + 0x395 (0x5fd805 in /workspace/vllm/.venv/bin/python)
frame #27: _PyEval_EvalFrameDefault + 0x5eee (0x5dc36e in /workspace/vllm/.venv/bin/python)
frame #28: PyEval_EvalCode + 0x15b (0x5d543b in /workspace/vllm/.venv/bin/python)
frame #29: /workspace/vllm/.venv/bin/python() [0x5d322c]
frame #30: /workspace/vllm/.venv/bin/python() [0x581d1d]
frame #31: _PyEval_EvalFrameDefault + 0x4c3a (0x5db0ba in /workspace/vllm/.venv/bin/python)
frame #32: PyObject_CallOneArg + 0x4d (0x54a65d in /workspace/vllm/.venv/bin/python)
frame #33: /workspace/vllm/.venv/bin/python() [0x582e84]
frame #34: _PyObject_LookupAttr + 0x7a (0x584bea in /workspace/vllm/.venv/bin/python)
frame #35: /workspace/vllm/.venv/bin/python() [0x5d2b8a]
frame #36: _PyEval_EvalFrameDefault + 0x207d (0x5d84fd in /workspace/vllm/.venv/bin/python)
frame #37: /workspace/vllm/.venv/bin/python() [0x549d47]
frame #38: PyObject_CallMethodObjArgs + 0xe3 (0x54b5c3 in /workspace/vllm/.venv/bin/python)
frame #39: PyImport_ImportModuleLevelObject + 0x5eb (0x5fda5b in /workspace/vllm/.venv/bin/python)
frame #40: _PyEval_EvalFrameDefault + 0x5eee (0x5dc36e in /workspace/vllm/.venv/bin/python)
frame #41: PyEval_EvalCode + 0x15b (0x5d543b in /workspace/vllm/.venv/bin/python)
frame #42: /workspace/vllm/.venv/bin/python() [0x5d322c]
frame #43: /workspace/vllm/.venv/bin/python() [0x581d1d]
frame #44: _PyEval_EvalFrameDefault + 0x4c3a (0x5db0ba in /workspace/vllm/.venv/bin/python)
frame #45: /workspace/vllm/.venv/bin/python() [0x549d47]
frame #46: PyObject_CallMethodObjArgs + 0xe3 (0x54b5c3 in /workspace/vllm/.venv/bin/python)
frame #47: PyImport_ImportModuleLevelObject + 0x395 (0x5fd805 in /workspace/vllm/.venv/bin/python)
frame #48: _PyEval_EvalFrameDefault + 0x5eee (0x5dc36e in /workspace/vllm/.venv/bin/python)
frame #49: PyEval_EvalCode + 0x15b (0x5d543b in /workspace/vllm/.venv/bin/python)
frame #50: /workspace/vllm/.venv/bin/python() [0x5d322c]
frame #51: /workspace/vllm/.venv/bin/python() [0x581d1d]
frame #52: _PyEval_EvalFrameDefault + 0x4c3a (0x5db0ba in /workspace/vllm/.venv/bin/python)
frame #53: /workspace/vllm/.venv/bin/python() [0x549d47]
frame #54: PyObject_CallMethodObjArgs + 0xe3 (0x54b5c3 in /workspace/vllm/.venv/bin/python)
frame #55: PyImport_ImportModuleLevelObject + 0x395 (0x5fd805 in /workspace/vllm/.venv/bin/python)
frame #56: _PyEval_EvalFrameDefault + 0x5eee (0x5dc36e in /workspace/vllm/.venv/bin/python)
frame #57: PyEval_EvalCode + 0x15b (0x5d543b in /workspace/vllm/.venv/bin/python)
frame #58: /workspace/vllm/.venv/bin/python() [0x5d322c]
frame #59: /workspace/vllm/.venv/bin/python() [0x581d1d]
frame #60: _PyEval_EvalFrameDefault + 0x4c3a (0x5db0ba in /workspace/vllm/.venv/bin/python)
frame #61: /workspace/vllm/.venv/bin/python() [0x549d47]
frame #62: PyObject_CallMethodObjArgs + 0xe3 (0x54b5c3 in /workspace/vllm/.venv/bin/python)

[W708 09:14:22.461248970 OperatorEntry.cpp:208] Warning: Warning only once for all operators,  other operators may also be overridden.
  Overriding a previously registered kernel for the same operator and the same dispatch key
  operator: _C::persistent_masked_m_silu_mul_quant(Tensor input, Tensor counts, Tensor($0! -> ) y_q, Tensor($1! -> ) y_s, bool use_ue8m0) -> ()
    registered at /workspace/csrc/torch_bindings.cpp:21
  dispatch key: CUDA
  previous kernel: registered at /workspace/csrc/torch_bindings.cpp:21
       new kernel: registered at /workspace/csrc/libtorch_stable/torch_bindings.cpp:603 (function operator())
[E708 09:14:22.482326549 shim_common.cpp:1458] Exception in aoti_torch: Tried to register an operator (_C::persistent_masked_m_silu_mul_quant(Tensor input, Tensor counts, Tensor($0! -> ) y_q, Tensor($1! -> ) y_s, bool use_ue8m0) -> ()) with the same name and overload name multiple times. Each overload's schema should only be registered with a single call to def(). Duplicate registration: registered at /workspace/csrc/libtorch_stable/torch_bindings.cpp:10. Original registration: registered at /workspace/csrc/torch_bindings.cpp:21
Exception raised from registerDef at /pytorch/aten/src/ATen/core/dispatch/Dispatcher.cpp:248 (most recent call first):
frame #0: c10::Error::Error(c10::SourceLocation, std::__cxx11::basic_string<char, std::char_traits<char>, std::allocator<char> >) + 0x9d (0x7ffff6b7205d in /workspace/vllm/.venv/lib/python3.12/site-packages/torch/lib/libc10.so)
frame #1: c10::detail::torchCheckFail(char const*, char const*, unsigned int, std::__cxx11::basic_string<char, std::char_traits<char>, std::allocator<char> > const&) + 0xc3 (0x7ffff6b066fd in /workspace/vllm/.venv/lib/python3.12/site-packages/torch/lib/libc10.so)
frame #2: c10::Dispatcher::registerDef(c10::FunctionSchema, std::__cxx11::basic_string<char, std::char_traits<char>, std::allocator<char> >, std::vector<at::Tag, std::allocator<at::Tag> >) + 0x35e (0x7fff0e6811fe in /workspace/vllm/.venv/lib/python3.12/site-packages/torch/lib/libtorch_cpu.so)
frame #3: torch::Library::_def(c10::FunctionSchema&&, c10::OperatorName*, std::vector<at::Tag, std::allocator<at::Tag> > const&, torch::_RegisterOrVerify) & + 0x514 (0x7fff0e6c2254 in /workspace/vllm/.venv/lib/python3.12/site-packages/torch/lib/libtorch_cpu.so)
frame #4: aoti_torch_library_def + 0x99 (0x7fff128d45b9 in /workspace/vllm/.venv/lib/python3.12/site-packages/torch/lib/libtorch_cpu.so)
frame #5: <unknown function> + 0x2bdaf1 (0x7ffe8aebeaf1 in /workspace/vllm/vllm/_C_stable_libtorch.abi3.so)
frame #6: <unknown function> + 0x2bf0ce (0x7ffe8aec00ce in /workspace/vllm/vllm/_C_stable_libtorch.abi3.so)
frame #7: <unknown function> + 0x279d92 (0x7ffe8ae7ad92 in /workspace/vllm/vllm/_C_stable_libtorch.abi3.so)
frame #8: <unknown function> + 0x571f (0x7ffff7fca71f in /lib64/ld-linux-x86-64.so.2)
frame #9: <unknown function> + 0x5824 (0x7ffff7fca824 in /lib64/ld-linux-x86-64.so.2)
frame #10: _dl_catch_exception + 0x132 (0x7ffff7fc65b2 in /lib64/ld-linux-x86-64.so.2)
frame #11: <unknown function> + 0xcd7c (0x7ffff7fd1d7c in /lib64/ld-linux-x86-64.so.2)
frame #12: _dl_catch_exception + 0x9c (0x7ffff7fc651c in /lib64/ld-linux-x86-64.so.2)
frame #13: <unknown function> + 0xd164 (0x7ffff7fd2164 in /lib64/ld-linux-x86-64.so.2)
frame #14: <unknown function> + 0x981a4 (0x7ffff7d0c1a4 in /usr/lib/x86_64-linux-gnu/libc.so.6)
frame #15: _dl_catch_exception + 0x9c (0x7ffff7fc651c in /lib64/ld-linux-x86-64.so.2)
frame #16: <unknown function> + 0x1669 (0x7ffff7fc6669 in /lib64/ld-linux-x86-64.so.2)
frame #17: <unknown function> + 0x97c83 (0x7ffff7d0bc83 in /usr/lib/x86_64-linux-gnu/libc.so.6)
frame #18: dlopen + 0x6f (0x7ffff7d0c25f in /usr/lib/x86_64-linux-gnu/libc.so.6)
frame #19: /workspace/vllm/.venv/bin/python() [0x6bc36c]
frame #20: /workspace/vllm/.venv/bin/python() [0x6a946a]
frame #21: /workspace/vllm/.venv/bin/python() [0x6a8bf2]
frame #22: /workspace/vllm/.venv/bin/python() [0x581f37]
frame #23: _PyEval_EvalFrameDefault + 0x4c3a (0x5db0ba in /workspace/vllm/.venv/bin/python)
frame #24: /workspace/vllm/.venv/bin/python() [0x549d47]
frame #25: PyObject_CallMethodObjArgs + 0xe3 (0x54b5c3 in /workspace/vllm/.venv/bin/python)
frame #26: PyImport_ImportModuleLevelObject + 0x395 (0x5fd805 in /workspace/vllm/.venv/bin/python)
frame #27: _PyEval_EvalFrameDefault + 0x5eee (0x5dc36e in /workspace/vllm/.venv/bin/python)
frame #28: PyEval_EvalCode + 0x15b (0x5d543b in /workspace/vllm/.venv/bin/python)
frame #29: /workspace/vllm/.venv/bin/python() [0x5d322c]
frame #30: /workspace/vllm/.venv/bin/python() [0x581d1d]
frame #31: _PyEval_EvalFrameDefault + 0x4c3a (0x5db0ba in /workspace/vllm/.venv/bin/python)
frame #32: PyObject_CallOneArg + 0x4d (0x54a65d in /workspace/vllm/.venv/bin/python)
frame #33: /workspace/vllm/.venv/bin/python() [0x582e84]
frame #34: _PyObject_LookupAttr + 0x7a (0x584bea in /workspace/vllm/.venv/bin/python)
frame #35: /workspace/vllm/.venv/bin/python() [0x5d2b8a]
frame #36: _PyEval_EvalFrameDefault + 0x207d (0x5d84fd in /workspace/vllm/.venv/bin/python)
frame #37: /workspace/vllm/.venv/bin/python() [0x549d47]
frame #38: PyObject_CallMethodObjArgs + 0xe3 (0x54b5c3 in /workspace/vllm/.venv/bin/python)
frame #39: PyImport_ImportModuleLevelObject + 0x5eb (0x5fda5b in /workspace/vllm/.venv/bin/python)
frame #40: _PyEval_EvalFrameDefault + 0x5eee (0x5dc36e in /workspace/vllm/.venv/bin/python)
frame #41: PyEval_EvalCode + 0x15b (0x5d543b in /workspace/vllm/.venv/bin/python)
frame #42: /workspace/vllm/.venv/bin/python() [0x5d322c]
frame #43: /workspace/vllm/.venv/bin/python() [0x581d1d]
frame #44: _PyEval_EvalFrameDefault + 0x4c3a (0x5db0ba in /workspace/vllm/.venv/bin/python)
frame #45: /workspace/vllm/.venv/bin/python() [0x549d47]
frame #46: PyObject_CallMethodObjArgs + 0xe3 (0x54b5c3 in /workspace/vllm/.venv/bin/python)
frame #47: PyImport_ImportModuleLevelObject + 0x395 (0x5fd805 in /workspace/vllm/.venv/bin/python)
frame #48: _PyEval_EvalFrameDefault + 0x5eee (0x5dc36e in /workspace/vllm/.venv/bin/python)
frame #49: PyEval_EvalCode + 0x15b (0x5d543b in /workspace/vllm/.venv/bin/python)
frame #50: /workspace/vllm/.venv/bin/python() [0x5d322c]
frame #51: /workspace/vllm/.venv/bin/python() [0x581d1d]
frame #52: _PyEval_EvalFrameDefault + 0x4c3a (0x5db0ba in /workspace/vllm/.venv/bin/python)
frame #53: /workspace/vllm/.venv/bin/python() [0x549d47]
frame #54: PyObject_CallMethodObjArgs + 0xe3 (0x54b5c3 in /workspace/vllm/.venv/bin/python)
frame #55: PyImport_ImportModuleLevelObject + 0x395 (0x5fd805 in /workspace/vllm/.venv/bin/python)
frame #56: _PyEval_EvalFrameDefault + 0x5eee (0x5dc36e in /workspace/vllm/.venv/bin/python)
frame #57: PyEval_EvalCode + 0x15b (0x5d543b in /workspace/vllm/.venv/bin/python)
frame #58: /workspace/vllm/.venv/bin/python() [0x5d322c]
frame #59: /workspace/vllm/.venv/bin/python() [0x581d1d]
frame #60: _PyEval_EvalFrameDefault + 0x4c3a (0x5db0ba in /workspace/vllm/.venv/bin/python)
frame #61: /workspace/vllm/.venv/bin/python() [0x549d47]
frame #62: PyObject_CallMethodObjArgs + 0xe3 (0x54b5c3 in /workspace/vllm/.venv/bin/python)

[E708 09:14:22.484335970 shim_common.cpp:1458] Exception in aoti_torch: Tried to register an operator (_C::weak_ref_tensor(Tensor input) -> Tensor) with the same name and overload name multiple times. Each overload's schema should only be registered with a single call to def(). Duplicate registration: registered at /workspace/csrc/libtorch_stable/torch_bindings.cpp:10. Original registration: registered at /workspace/csrc/torch_bindings.cpp:21
Exception raised from registerDef at /pytorch/aten/src/ATen/core/dispatch/Dispatcher.cpp:248 (most recent call first):
frame #0: c10::Error::Error(c10::SourceLocation, std::__cxx11::basic_string<char, std::char_traits<char>, std::allocator<char> >) + 0x9d (0x7ffff6b7205d in /workspace/vllm/.venv/lib/python3.12/site-packages/torch/lib/libc10.so)
frame #1: c10::detail::torchCheckFail(char const*, char const*, unsigned int, std::__cxx11::basic_string<char, std::char_traits<char>, std::allocator<char> > const&) + 0xc3 (0x7ffff6b066fd in /workspace/vllm/.venv/lib/python3.12/site-packages/torch/lib/libc10.so)
frame #2: c10::Dispatcher::registerDef(c10::FunctionSchema, std::__cxx11::basic_string<char, std::char_traits<char>, std::allocator<char> >, std::vector<at::Tag, std::allocator<at::Tag> >) + 0x35e (0x7fff0e6811fe in /workspace/vllm/.venv/lib/python3.12/site-packages/torch/lib/libtorch_cpu.so)
frame #3: torch::Library::_def(c10::FunctionSchema&&, c10::OperatorName*, std::vector<at::Tag, std::allocator<at::Tag> > const&, torch::_RegisterOrVerify) & + 0x514 (0x7fff0e6c2254 in /workspace/vllm/.venv/lib/python3.12/site-packages/torch/lib/libtorch_cpu.so)
frame #4: aoti_torch_library_def + 0x99 (0x7fff128d45b9 in /workspace/vllm/.venv/lib/python3.12/site-packages/torch/lib/libtorch_cpu.so)
frame #5: <unknown function> + 0x2bdb00 (0x7ffe8aebeb00 in /workspace/vllm/vllm/_C_stable_libtorch.abi3.so)
frame #6: <unknown function> + 0x2bf0ce (0x7ffe8aec00ce in /workspace/vllm/vllm/_C_stable_libtorch.abi3.so)
frame #7: <unknown function> + 0x279d92 (0x7ffe8ae7ad92 in /workspace/vllm/vllm/_C_stable_libtorch.abi3.so)
frame #8: <unknown function> + 0x571f (0x7ffff7fca71f in /lib64/ld-linux-x86-64.so.2)
frame #9: <unknown function> + 0x5824 (0x7ffff7fca824 in /lib64/ld-linux-x86-64.so.2)
frame #10: _dl_catch_exception + 0x132 (0x7ffff7fc65b2 in /lib64/ld-linux-x86-64.so.2)
frame #11: <unknown function> + 0xcd7c (0x7ffff7fd1d7c in /lib64/ld-linux-x86-64.so.2)
frame #12: _dl_catch_exception + 0x9c (0x7ffff7fc651c in /lib64/ld-linux-x86-64.so.2)
frame #13: <unknown function> + 0xd164 (0x7ffff7fd2164 in /lib64/ld-linux-x86-64.so.2)
frame #14: <unknown function> + 0x981a4 (0x7ffff7d0c1a4 in /usr/lib/x86_64-linux-gnu/libc.so.6)
frame #15: _dl_catch_exception + 0x9c (0x7ffff7fc651c in /lib64/ld-linux-x86-64.so.2)
frame #16: <unknown function> + 0x1669 (0x7ffff7fc6669 in /lib64/ld-linux-x86-64.so.2)
frame #17: <unknown function> + 0x97c83 (0x7ffff7d0bc83 in /usr/lib/x86_64-linux-gnu/libc.so.6)
frame #18: dlopen + 0x6f (0x7ffff7d0c25f in /usr/lib/x86_64-linux-gnu/libc.so.6)
frame #19: /workspace/vllm/.venv/bin/python() [0x6bc36c]
frame #20: /workspace/vllm/.venv/bin/python() [0x6a946a]
frame #21: /workspace/vllm/.venv/bin/python() [0x6a8bf2]
frame #22: /workspace/vllm/.venv/bin/python() [0x581f37]
frame #23: _PyEval_EvalFrameDefault + 0x4c3a (0x5db0ba in /workspace/vllm/.venv/bin/python)
frame #24: /workspace/vllm/.venv/bin/python() [0x549d47]
frame #25: PyObject_CallMethodObjArgs + 0xe3 (0x54b5c3 in /workspace/vllm/.venv/bin/python)
frame #26: PyImport_ImportModuleLevelObject + 0x395 (0x5fd805 in /workspace/vllm/.venv/bin/python)
frame #27: _PyEval_EvalFrameDefault + 0x5eee (0x5dc36e in /workspace/vllm/.venv/bin/python)
frame #28: PyEval_EvalCode + 0x15b (0x5d543b in /workspace/vllm/.venv/bin/python)
frame #29: /workspace/vllm/.venv/bin/python() [0x5d322c]
frame #30: /workspace/vllm/.venv/bin/python() [0x581d1d]
frame #31: _PyEval_EvalFrameDefault + 0x4c3a (0x5db0ba in /workspace/vllm/.venv/bin/python)
frame #32: PyObject_CallOneArg + 0x4d (0x54a65d in /workspace/vllm/.venv/bin/python)
frame #33: /workspace/vllm/.venv/bin/python() [0x582e84]
frame #34: _PyObject_LookupAttr + 0x7a (0x584bea in /workspace/vllm/.venv/bin/python)
frame #35: /workspace/vllm/.venv/bin/python() [0x5d2b8a]
frame #36: _PyEval_EvalFrameDefault + 0x207d (0x5d84fd in /workspace/vllm/.venv/bin/python)
frame #37: /workspace/vllm/.venv/bin/python() [0x549d47]
frame #38: PyObject_CallMethodObjArgs + 0xe3 (0x54b5c3 in /workspace/vllm/.venv/bin/python)
frame #39: PyImport_ImportModuleLevelObject + 0x5eb (0x5fda5b in /workspace/vllm/.venv/bin/python)
frame #40: _PyEval_EvalFrameDefault + 0x5eee (0x5dc36e in /workspace/vllm/.venv/bin/python)
frame #41: PyEval_EvalCode + 0x15b (0x5d543b in /workspace/vllm/.venv/bin/python)
frame #42: /workspace/vllm/.venv/bin/python() [0x5d322c]
frame #43: /workspace/vllm/.venv/bin/python() [0x581d1d]
frame #44: _PyEval_EvalFrameDefault + 0x4c3a (0x5db0ba in /workspace/vllm/.venv/bin/python)
frame #45: /workspace/vllm/.venv/bin/python() [0x549d47]
frame #46: PyObject_CallMethodObjArgs + 0xe3 (0x54b5c3 in /workspace/vllm/.venv/bin/python)
frame #47: PyImport_ImportModuleLevelObject + 0x395 (0x5fd805 in /workspace/vllm/.venv/bin/python)
frame #48: _PyEval_EvalFrameDefault + 0x5eee (0x5dc36e in /workspace/vllm/.venv/bin/python)
frame #49: PyEval_EvalCode + 0x15b (0x5d543b in /workspace/vllm/.venv/bin/python)
frame #50: /workspace/vllm/.venv/bin/python() [0x5d322c]
frame #51: /workspace/vllm/.venv/bin/python() [0x581d1d]
frame #52: _PyEval_EvalFrameDefault + 0x4c3a (0x5db0ba in /workspace/vllm/.venv/bin/python)
frame #53: /workspace/vllm/.venv/bin/python() [0x549d47]
frame #54: PyObject_CallMethodObjArgs + 0xe3 (0x54b5c3 in /workspace/vllm/.venv/bin/python)
frame #55: PyImport_ImportModuleLevelObject + 0x395 (0x5fd805 in /workspace/vllm/.venv/bin/python)
frame #56: _PyEval_EvalFrameDefault + 0x5eee (0x5dc36e in /workspace/vllm/.venv/bin/python)
frame #57: PyEval_EvalCode + 0x15b (0x5d543b in /workspace/vllm/.venv/bin/python)
frame #58: /workspace/vllm/.venv/bin/python() [0x5d322c]
frame #59: /workspace/vllm/.venv/bin/python() [0x581d1d]
frame #60: _PyEval_EvalFrameDefault + 0x4c3a (0x5db0ba in /workspace/vllm/.venv/bin/python)
frame #61: /workspace/vllm/.venv/bin/python() [0x549d47]
frame #62: PyObject_CallMethodObjArgs + 0xe3 (0x54b5c3 in /workspace/vllm/.venv/bin/python)

[E708 09:14:22.486313955 shim_common.cpp:1458] Exception in aoti_torch: Tried to register an operator (_C::silu_and_mul_quant(Tensor($0! -> ) result, Tensor input, Tensor scale) -> ()) with the same name and overload name multiple times. Each overload's schema should only be registered with a single call to def(). Duplicate registration: registered at /workspace/csrc/libtorch_stable/torch_bindings.cpp:10. Original registration: registered at /workspace/csrc/torch_bindings.cpp:21
Exception raised from registerDef at /pytorch/aten/src/ATen/core/dispatch/Dispatcher.cpp:248 (most recent call first):
frame #0: c10::Error::Error(c10::SourceLocation, std::__cxx11::basic_string<char, std::char_traits<char>, std::allocator<char> >) + 0x9d (0x7ffff6b7205d in /workspace/vllm/.venv/lib/python3.12/site-packages/torch/lib/libc10.so)
frame #1: c10::detail::torchCheckFail(char const*, char const*, unsigned int, std::__cxx11::basic_string<char, std::char_traits<char>, std::allocator<char> > const&) + 0xc3 (0x7ffff6b066fd in /workspace/vllm/.venv/lib/python3.12/site-packages/torch/lib/libc10.so)
frame #2: c10::Dispatcher::registerDef(c10::FunctionSchema, std::__cxx11::basic_string<char, std::char_traits<char>, std::allocator<char> >, std::vector<at::Tag, std::allocator<at::Tag> >) + 0x35e (0x7fff0e6811fe in /workspace/vllm/.venv/lib/python3.12/site-packages/torch/lib/libtorch_cpu.so)
frame #3: torch::Library::_def(c10::FunctionSchema&&, c10::OperatorName*, std::vector<at::Tag, std::allocator<at::Tag> > const&, torch::_RegisterOrVerify) & + 0x514 (0x7fff0e6c2254 in /workspace/vllm/.venv/lib/python3.12/site-packages/torch/lib/libtorch_cpu.so)
frame #4: aoti_torch_library_def + 0x99 (0x7fff128d45b9 in /workspace/vllm/.venv/lib/python3.12/site-packages/torch/lib/libtorch_cpu.so)
frame #5: <unknown function> + 0x2bdb3c (0x7ffe8aebeb3c in /workspace/vllm/vllm/_C_stable_libtorch.abi3.so)
frame #6: <unknown function> + 0x2bf0ce (0x7ffe8aec00ce in /workspace/vllm/vllm/_C_stable_libtorch.abi3.so)
frame #7: <unknown function> + 0x279d92 (0x7ffe8ae7ad92 in /workspace/vllm/vllm/_C_stable_libtorch.abi3.so)
frame #8: <unknown function> + 0x571f (0x7ffff7fca71f in /lib64/ld-linux-x86-64.so.2)
frame #9: <unknown function> + 0x5824 (0x7ffff7fca824 in /lib64/ld-linux-x86-64.so.2)
frame #10: _dl_catch_exception + 0x132 (0x7ffff7fc65b2 in /lib64/ld-linux-x86-64.so.2)
frame #11: <unknown function> + 0xcd7c (0x7ffff7fd1d7c in /lib64/ld-linux-x86-64.so.2)
frame #12: _dl_catch_exception + 0x9c (0x7ffff7fc651c in /lib64/ld-linux-x86-64.so.2)
frame #13: <unknown function> + 0xd164 (0x7ffff7fd2164 in /lib64/ld-linux-x86-64.so.2)
frame #14: <unknown function> + 0x981a4 (0x7ffff7d0c1a4 in /usr/lib/x86_64-linux-gnu/libc.so.6)
frame #15: _dl_catch_exception + 0x9c (0x7ffff7fc651c in /lib64/ld-linux-x86-64.so.2)
frame #16: <unknown function> + 0x1669 (0x7ffff7fc6669 in /lib64/ld-linux-x86-64.so.2)
frame #17: <unknown function> + 0x97c83 (0x7ffff7d0bc83 in /usr/lib/x86_64-linux-gnu/libc.so.6)
frame #18: dlopen + 0x6f (0x7ffff7d0c25f in /usr/lib/x86_64-linux-gnu/libc.so.6)
frame #19: /workspace/vllm/.venv/bin/python() [0x6bc36c]
frame #20: /workspace/vllm/.venv/bin/python() [0x6a946a]
frame #21: /workspace/vllm/.venv/bin/python() [0x6a8bf2]
frame #22: /workspace/vllm/.venv/bin/python() [0x581f37]
frame #23: _PyEval_EvalFrameDefault + 0x4c3a (0x5db0ba in /workspace/vllm/.venv/bin/python)
frame #24: /workspace/vllm/.venv/bin/python() [0x549d47]
frame #25: PyObject_CallMethodObjArgs + 0xe3 (0x54b5c3 in /workspace/vllm/.venv/bin/python)
frame #26: PyImport_ImportModuleLevelObject + 0x395 (0x5fd805 in /workspace/vllm/.venv/bin/python)
frame #27: _PyEval_EvalFrameDefault + 0x5eee (0x5dc36e in /workspace/vllm/.venv/bin/python)
frame #28: PyEval_EvalCode + 0x15b (0x5d543b in /workspace/vllm/.venv/bin/python)
frame #29: /workspace/vllm/.venv/bin/python() [0x5d322c]
frame #30: /workspace/vllm/.venv/bin/python() [0x581d1d]
frame #31: _PyEval_EvalFrameDefault + 0x4c3a (0x5db0ba in /workspace/vllm/.venv/bin/python)
frame #32: PyObject_CallOneArg + 0x4d (0x54a65d in /workspace/vllm/.venv/bin/python)
frame #33: /workspace/vllm/.venv/bin/python() [0x582e84]
frame #34: _PyObject_LookupAttr + 0x7a (0x584bea in /workspace/vllm/.venv/bin/python)
frame #35: /workspace/vllm/.venv/bin/python() [0x5d2b8a]
frame #36: _PyEval_EvalFrameDefault + 0x207d (0x5d84fd in /workspace/vllm/.venv/bin/python)
frame #37: /workspace/vllm/.venv/bin/python() [0x549d47]
frame #38: PyObject_CallMethodObjArgs + 0xe3 (0x54b5c3 in /workspace/vllm/.venv/bin/python)
frame #39: PyImport_ImportModuleLevelObject + 0x5eb (0x5fda5b in /workspace/vllm/.venv/bin/python)
frame #40: _PyEval_EvalFrameDefault + 0x5eee (0x5dc36e in /workspace/vllm/.venv/bin/python)
frame #41: PyEval_EvalCode + 0x15b (0x5d543b in /workspace/vllm/.venv/bin/python)
frame #42: /workspace/vllm/.venv/bin/python() [0x5d322c]
frame #43: /workspace/vllm/.venv/bin/python() [0x581d1d]
frame #44: _PyEval_EvalFrameDefault + 0x4c3a (0x5db0ba in /workspace/vllm/.venv/bin/python)
frame #45: /workspace/vllm/.venv/bin/python() [0x549d47]
frame #46: PyObject_CallMethodObjArgs + 0xe3 (0x54b5c3 in /workspace/vllm/.venv/bin/python)
frame #47: PyImport_ImportModuleLevelObject + 0x395 (0x5fd805 in /workspace/vllm/.venv/bin/python)
frame #48: _PyEval_EvalFrameDefault + 0x5eee (0x5dc36e in /workspace/vllm/.venv/bin/python)
frame #49: PyEval_EvalCode + 0x15b (0x5d543b in /workspace/vllm/.venv/bin/python)
frame #50: /workspace/vllm/.venv/bin/python() [0x5d322c]
frame #51: /workspace/vllm/.venv/bin/python() [0x581d1d]
frame #52: _PyEval_EvalFrameDefault + 0x4c3a (0x5db0ba in /workspace/vllm/.venv/bin/python)
frame #53: /workspace/vllm/.venv/bin/python() [0x549d47]
frame #54: PyObject_CallMethodObjArgs + 0xe3 (0x54b5c3 in /workspace/vllm/.venv/bin/python)
frame #55: PyImport_ImportModuleLevelObject + 0x395 (0x5fd805 in /workspace/vllm/.venv/bin/python)
frame #56: _PyEval_EvalFrameDefault + 0x5eee (0x5dc36e in /workspace/vllm/.venv/bin/python)
frame #57: PyEval_EvalCode + 0x15b (0x5d543b in /workspace/vllm/.venv/bin/python)
frame #58: /workspace/vllm/.venv/bin/python() [0x5d322c]
frame #59: /workspace/vllm/.venv/bin/python() [0x581d1d]
frame #60: _PyEval_EvalFrameDefault + 0x4c3a (0x5db0ba in /workspace/vllm/.venv/bin/python)
frame #61: /workspace/vllm/.venv/bin/python() [0x549d47]
frame #62: PyObject_CallMethodObjArgs + 0xe3 (0x54b5c3 in /workspace/vllm/.venv/bin/python)

[W708 09:14:22.488491327 OperatorEntry.cpp:208] Warning: Warning only once for all operators,  other operators may also be overridden.
  Overriding a previously registered kernel for the same operator and the same dispatch key
  operator: _C::persistent_masked_m_silu_mul_quant(Tensor input, Tensor counts, Tensor($0! -> ) y_q, Tensor($1! -> ) y_s, bool use_ue8m0) -> ()
    registered at /workspace/csrc/torch_bindings.cpp:21
  dispatch key: CUDA
  previous kernel: registered at /workspace/csrc/torch_bindings.cpp:21
       new kernel: registered at /workspace/csrc/libtorch_stable/torch_bindings.cpp:603 (function operator())
[E708 09:14:22.492563257 shim_common.cpp:1458] Exception in aoti_torch: Tried to register an operator (_C::persistent_masked_m_silu_mul_quant(Tensor input, Tensor counts, Tensor($0! -> ) y_q, Tensor($1! -> ) y_s, bool use_ue8m0) -> ()) with the same name and overload name multiple times. Each overload's schema should only be registered with a single call to def(). Duplicate registration: registered at /workspace/csrc/libtorch_stable/torch_bindings.cpp:10. Original registration: registered at /workspace/csrc/torch_bindings.cpp:21
Exception raised from registerDef at /pytorch/aten/src/ATen/core/dispatch/Dispatcher.cpp:248 (most recent call first):
frame #0: c10::Error::Error(c10::SourceLocation, std::__cxx11::basic_string<char, std::char_traits<char>, std::allocator<char> >) + 0x9d (0x7ffff6b7205d in /workspace/vllm/.venv/lib/python3.12/site-packages/torch/lib/libc10.so)
frame #1: c10::detail::torchCheckFail(char const*, char const*, unsigned int, std::__cxx11::basic_string<char, std::char_traits<char>, std::allocator<char> > const&) + 0xc3 (0x7ffff6b066fd in /workspace/vllm/.venv/lib/python3.12/site-packages/torch/lib/libc10.so)
frame #2: c10::Dispatcher::registerDef(c10::FunctionSchema, std::__cxx11::basic_string<char, std::char_traits<char>, std::allocator<char> >, std::vector<at::Tag, std::allocator<at::Tag> >) + 0x35e (0x7fff0e6811fe in /workspace/vllm/.venv/lib/python3.12/site-packages/torch/lib/libtorch_cpu.so)
frame #3: torch::Library::_def(c10::FunctionSchema&&, c10::OperatorName*, std::vector<at::Tag, std::allocator<at::Tag> > const&, torch::_RegisterOrVerify) & + 0x514 (0x7fff0e6c2254 in /workspace/vllm/.venv/lib/python3.12/site-packages/torch/lib/libtorch_cpu.so)
frame #4: aoti_torch_library_def + 0x99 (0x7fff128d45b9 in /workspace/vllm/.venv/lib/python3.12/site-packages/torch/lib/libtorch_cpu.so)
frame #5: <unknown function> + 0x2bdaf1 (0x7ffe8aebeaf1 in /workspace/vllm/vllm/_C_stable_libtorch.abi3.so)
frame #6: <unknown function> + 0x2bf0ce (0x7ffe8aec00ce in /workspace/vllm/vllm/_C_stable_libtorch.abi3.so)
frame #7: <unknown function> + 0x279d92 (0x7ffe8ae7ad92 in /workspace/vllm/vllm/_C_stable_libtorch.abi3.so)
frame #8: <unknown function> + 0x571f (0x7ffff7fca71f in /lib64/ld-linux-x86-64.so.2)
frame #9: <unknown function> + 0x5824 (0x7ffff7fca824 in /lib64/ld-linux-x86-64.so.2)
frame #10: _dl_catch_exception + 0x132 (0x7ffff7fc65b2 in /lib64/ld-linux-x86-64.so.2)
frame #11: <unknown function> + 0xcd7c (0x7ffff7fd1d7c in /lib64/ld-linux-x86-64.so.2)
frame #12: _dl_catch_exception + 0x9c (0x7ffff7fc651c in /lib64/ld-linux-x86-64.so.2)
frame #13: <unknown function> + 0xd164 (0x7ffff7fd2164 in /lib64/ld-linux-x86-64.so.2)
frame #14: <unknown function> + 0x981a4 (0x7ffff7d0c1a4 in /usr/lib/x86_64-linux-gnu/libc.so.6)
frame #15: _dl_catch_exception + 0x9c (0x7ffff7fc651c in /lib64/ld-linux-x86-64.so.2)
frame #16: <unknown function> + 0x1669 (0x7ffff7fc6669 in /lib64/ld-linux-x86-64.so.2)
frame #17: <unknown function> + 0x97c83 (0x7ffff7d0bc83 in /usr/lib/x86_64-linux-gnu/libc.so.6)
frame #18: dlopen + 0x6f (0x7ffff7d0c25f in /usr/lib/x86_64-linux-gnu/libc.so.6)
frame #19: /workspace/vllm/.venv/bin/python() [0x6bc36c]
frame #20: /workspace/vllm/.venv/bin/python() [0x6a946a]
frame #21: /workspace/vllm/.venv/bin/python() [0x6a8bf2]
frame #22: /workspace/vllm/.venv/bin/python() [0x581f37]
frame #23: _PyEval_EvalFrameDefault + 0x4c3a (0x5db0ba in /workspace/vllm/.venv/bin/python)
frame #24: /workspace/vllm/.venv/bin/python() [0x549d47]
frame #25: PyObject_CallMethodObjArgs + 0xe3 (0x54b5c3 in /workspace/vllm/.venv/bin/python)
frame #26: PyImport_ImportModuleLevelObject + 0x395 (0x5fd805 in /workspace/vllm/.venv/bin/python)
frame #27: _PyEval_EvalFrameDefault + 0x5eee (0x5dc36e in /workspace/vllm/.venv/bin/python)
frame #28: PyEval_EvalCode + 0x15b (0x5d543b in /workspace/vllm/.venv/bin/python)
frame #29: /workspace/vllm/.venv/bin/python() [0x5d322c]
frame #30: /workspace/vllm/.venv/bin/python() [0x581d1d]
frame #31: _PyEval_EvalFrameDefault + 0x4c3a (0x5db0ba in /workspace/vllm/.venv/bin/python)
frame #32: PyObject_CallOneArg + 0x4d (0x54a65d in /workspace/vllm/.venv/bin/python)
frame #33: /workspace/vllm/.venv/bin/python() [0x582e84]
frame #34: _PyObject_LookupAttr + 0x7a (0x584bea in /workspace/vllm/.venv/bin/python)
frame #35: /workspace/vllm/.venv/bin/python() [0x5d2b8a]
frame #36: _PyEval_EvalFrameDefault + 0x207d (0x5d84fd in /workspace/vllm/.venv/bin/python)
frame #37: /workspace/vllm/.venv/bin/python() [0x549d47]
frame #38: PyObject_CallMethodObjArgs + 0xe3 (0x54b5c3 in /workspace/vllm/.venv/bin/python)
frame #39: PyImport_ImportModuleLevelObject + 0x5eb (0x5fda5b in /workspace/vllm/.venv/bin/python)
frame #40: _PyEval_EvalFrameDefault + 0x5eee (0x5dc36e in /workspace/vllm/.venv/bin/python)
frame #41: PyEval_EvalCode + 0x15b (0x5d543b in /workspace/vllm/.venv/bin/python)
frame #42: /workspace/vllm/.venv/bin/python() [0x5d322c]
frame #43: /workspace/vllm/.venv/bin/python() [0x581d1d]
frame #44: _PyEval_EvalFrameDefault + 0x4c3a (0x5db0ba in /workspace/vllm/.venv/bin/python)
frame #45: /workspace/vllm/.venv/bin/python() [0x549d47]
frame #46: PyObject_CallMethodObjArgs + 0xe3 (0x54b5c3 in /workspace/vllm/.venv/bin/python)
frame #47: PyImport_ImportModuleLevelObject + 0x395 (0x5fd805 in /workspace/vllm/.venv/bin/python)
frame #48: _PyEval_EvalFrameDefault + 0x5eee (0x5dc36e in /workspace/vllm/.venv/bin/python)
frame #49: PyEval_EvalCode + 0x15b (0x5d543b in /workspace/vllm/.venv/bin/python)
frame #50: /workspace/vllm/.venv/bin/python() [0x5d322c]
frame #51: /workspace/vllm/.venv/bin/python() [0x581d1d]
frame #52: _PyEval_EvalFrameDefault + 0x4c3a (0x5db0ba in /workspace/vllm/.venv/bin/python)
frame #53: /workspace/vllm/.venv/bin/python() [0x549d47]
frame #54: PyObject_CallMethodObjArgs + 0xe3 (0x54b5c3 in /workspace/vllm/.venv/bin/python)
frame #55: PyImport_ImportModuleLevelObject + 0x395 (0x5fd805 in /workspace/vllm/.venv/bin/python)
frame #56: _PyEval_EvalFrameDefault + 0x5eee (0x5dc36e in /workspace/vllm/.venv/bin/python)
frame #57: PyEval_EvalCode + 0x15b (0x5d543b in /workspace/vllm/.venv/bin/python)
frame #58: /workspace/vllm/.venv/bin/python() [0x5d322c]
frame #59: /workspace/vllm/.venv/bin/python() [0x581d1d]
frame #60: _PyEval_EvalFrameDefault + 0x4c3a (0x5db0ba in /workspace/vllm/.venv/bin/python)
frame #61: /workspace/vllm/.venv/bin/python() [0x549d47]
frame #62: PyObject_CallMethodObjArgs + 0xe3 (0x54b5c3 in /workspace/vllm/.venv/bin/python)

[E708 09:14:22.494576094 shim_common.cpp:1458] Exception in aoti_torch: Tried to register an operator (_C::weak_ref_tensor(Tensor input) -> Tensor) with the same name and overload name multiple times. Each overload's schema should only be registered with a single call to def(). Duplicate registration: registered at /workspace/csrc/libtorch_stable/torch_bindings.cpp:10. Original registration: registered at /workspace/csrc/torch_bindings.cpp:21
Exception raised from registerDef at /pytorch/aten/src/ATen/core/dispatch/Dispatcher.cpp:248 (most recent call first):
frame #0: c10::Error::Error(c10::SourceLocation, std::__cxx11::basic_string<char, std::char_traits<char>, std::allocator<char> >) + 0x9d (0x7ffff6b7205d in /workspace/vllm/.venv/lib/python3.12/site-packages/torch/lib/libc10.so)
frame #1: c10::detail::torchCheckFail(char const*, char const*, unsigned int, std::__cxx11::basic_string<char, std::char_traits<char>, std::allocator<char> > const&) + 0xc3 (0x7ffff6b066fd in /workspace/vllm/.venv/lib/python3.12/site-packages/torch/lib/libc10.so)
frame #2: c10::Dispatcher::registerDef(c10::FunctionSchema, std::__cxx11::basic_string<char, std::char_traits<char>, std::allocator<char> >, std::vector<at::Tag, std::allocator<at::Tag> >) + 0x35e (0x7fff0e6811fe in /workspace/vllm/.venv/lib/python3.12/site-packages/torch/lib/libtorch_cpu.so)
frame #3: torch::Library::_def(c10::FunctionSchema&&, c10::OperatorName*, std::vector<at::Tag, std::allocator<at::Tag> > const&, torch::_RegisterOrVerify) & + 0x514 (0x7fff0e6c2254 in /workspace/vllm/.venv/lib/python3.12/site-packages/torch/lib/libtorch_cpu.so)
frame #4: aoti_torch_library_def + 0x99 (0x7fff128d45b9 in /workspace/vllm/.venv/lib/python3.12/site-packages/torch/lib/libtorch_cpu.so)
frame #5: <unknown function> + 0x2bdb00 (0x7ffe8aebeb00 in /workspace/vllm/vllm/_C_stable_libtorch.abi3.so)
frame #6: <unknown function> + 0x2bf0ce (0x7ffe8aec00ce in /workspace/vllm/vllm/_C_stable_libtorch.abi3.so)
frame #7: <unknown function> + 0x279d92 (0x7ffe8ae7ad92 in /workspace/vllm/vllm/_C_stable_libtorch.abi3.so)
frame #8: <unknown function> + 0x571f (0x7ffff7fca71f in /lib64/ld-linux-x86-64.so.2)
frame #9: <unknown function> + 0x5824 (0x7ffff7fca824 in /lib64/ld-linux-x86-64.so.2)
frame #10: _dl_catch_exception + 0x132 (0x7ffff7fc65b2 in /lib64/ld-linux-x86-64.so.2)
frame #11: <unknown function> + 0xcd7c (0x7ffff7fd1d7c in /lib64/ld-linux-x86-64.so.2)
frame #12: _dl_catch_exception + 0x9c (0x7ffff7fc651c in /lib64/ld-linux-x86-64.so.2)
frame #13: <unknown function> + 0xd164 (0x7ffff7fd2164 in /lib64/ld-linux-x86-64.so.2)
frame #14: <unknown function> + 0x981a4 (0x7ffff7d0c1a4 in /usr/lib/x86_64-linux-gnu/libc.so.6)
frame #15: _dl_catch_exception + 0x9c (0x7ffff7fc651c in /lib64/ld-linux-x86-64.so.2)
frame #16: <unknown function> + 0x1669 (0x7ffff7fc6669 in /lib64/ld-linux-x86-64.so.2)
frame #17: <unknown function> + 0x97c83 (0x7ffff7d0bc83 in /usr/lib/x86_64-linux-gnu/libc.so.6)
frame #18: dlopen + 0x6f (0x7ffff7d0c25f in /usr/lib/x86_64-linux-gnu/libc.so.6)
frame #19: /workspace/vllm/.venv/bin/python() [0x6bc36c]
frame #20: /workspace/vllm/.venv/bin/python() [0x6a946a]
frame #21: /workspace/vllm/.venv/bin/python() [0x6a8bf2]
frame #22: /workspace/vllm/.venv/bin/python() [0x581f37]
frame #23: _PyEval_EvalFrameDefault + 0x4c3a (0x5db0ba in /workspace/vllm/.venv/bin/python)
frame #24: /workspace/vllm/.venv/bin/python() [0x549d47]
frame #25: PyObject_CallMethodObjArgs + 0xe3 (0x54b5c3 in /workspace/vllm/.venv/bin/python)
frame #26: PyImport_ImportModuleLevelObject + 0x395 (0x5fd805 in /workspace/vllm/.venv/bin/python)
frame #27: _PyEval_EvalFrameDefault + 0x5eee (0x5dc36e in /workspace/vllm/.venv/bin/python)
frame #28: PyEval_EvalCode + 0x15b (0x5d543b in /workspace/vllm/.venv/bin/python)
frame #29: /workspace/vllm/.venv/bin/python() [0x5d322c]
frame #30: /workspace/vllm/.venv/bin/python() [0x581d1d]
frame #31: _PyEval_EvalFrameDefault + 0x4c3a (0x5db0ba in /workspace/vllm/.venv/bin/python)
frame #32: PyObject_CallOneArg + 0x4d (0x54a65d in /workspace/vllm/.venv/bin/python)
frame #33: /workspace/vllm/.venv/bin/python() [0x582e84]
frame #34: _PyObject_LookupAttr + 0x7a (0x584bea in /workspace/vllm/.venv/bin/python)
frame #35: /workspace/vllm/.venv/bin/python() [0x5d2b8a]
frame #36: _PyEval_EvalFrameDefault + 0x207d (0x5d84fd in /workspace/vllm/.venv/bin/python)
frame #37: /workspace/vllm/.venv/bin/python() [0x549d47]
frame #38: PyObject_CallMethodObjArgs + 0xe3 (0x54b5c3 in /workspace/vllm/.venv/bin/python)
frame #39: PyImport_ImportModuleLevelObject + 0x5eb (0x5fda5b in /workspace/vllm/.venv/bin/python)
frame #40: _PyEval_EvalFrameDefault + 0x5eee (0x5dc36e in /workspace/vllm/.venv/bin/python)
frame #41: PyEval_EvalCode + 0x15b (0x5d543b in /workspace/vllm/.venv/bin/python)
frame #42: /workspace/vllm/.venv/bin/python() [0x5d322c]
frame #43: /workspace/vllm/.venv/bin/python() [0x581d1d]
frame #44: _PyEval_EvalFrameDefault + 0x4c3a (0x5db0ba in /workspace/vllm/.venv/bin/python)
frame #45: /workspace/vllm/.venv/bin/python() [0x549d47]
frame #46: PyObject_CallMethodObjArgs + 0xe3 (0x54b5c3 in /workspace/vllm/.venv/bin/python)
frame #47: PyImport_ImportModuleLevelObject + 0x395 (0x5fd805 in /workspace/vllm/.venv/bin/python)
frame #48: _PyEval_EvalFrameDefault + 0x5eee (0x5dc36e in /workspace/vllm/.venv/bin/python)
frame #49: PyEval_EvalCode + 0x15b (0x5d543b in /workspace/vllm/.venv/bin/python)
frame #50: /workspace/vllm/.venv/bin/python() [0x5d322c]
frame #51: /workspace/vllm/.venv/bin/python() [0x581d1d]
frame #52: _PyEval_EvalFrameDefault + 0x4c3a (0x5db0ba in /workspace/vllm/.venv/bin/python)
frame #53: /workspace/vllm/.venv/bin/python() [0x549d47]
frame #54: PyObject_CallMethodObjArgs + 0xe3 (0x54b5c3 in /workspace/vllm/.venv/bin/python)
frame #55: PyImport_ImportModuleLevelObject + 0x395 (0x5fd805 in /workspace/vllm/.venv/bin/python)
frame #56: _PyEval_EvalFrameDefault + 0x5eee (0x5dc36e in /workspace/vllm/.venv/bin/python)
frame #57: PyEval_EvalCode + 0x15b (0x5d543b in /workspace/vllm/.venv/bin/python)
frame #58: /workspace/vllm/.venv/bin/python() [0x5d322c]
frame #59: /workspace/vllm/.venv/bin/python() [0x581d1d]
frame #60: _PyEval_EvalFrameDefault + 0x4c3a (0x5db0ba in /workspace/vllm/.venv/bin/python)
frame #61: /workspace/vllm/.venv/bin/python() [0x549d47]
frame #62: PyObject_CallMethodObjArgs + 0xe3 (0x54b5c3 in /workspace/vllm/.venv/bin/python)

[E708 09:14:22.496539554 shim_common.cpp:1458] Exception in aoti_torch: Tried to register an operator (_C::silu_and_mul_quant(Tensor($0! -> ) result, Tensor input, Tensor scale) -> ()) with the same name and overload name multiple times. Each overload's schema should only be registered with a single call to def(). Duplicate registration: registered at /workspace/csrc/libtorch_stable/torch_bindings.cpp:10. Original registration: registered at /workspace/csrc/torch_bindings.cpp:21
Exception raised from registerDef at /pytorch/aten/src/ATen/core/dispatch/Dispatcher.cpp:248 (most recent call first):
frame #0: c10::Error::Error(c10::SourceLocation, std::__cxx11::basic_string<char, std::char_traits<char>, std::allocator<char> >) + 0x9d (0x7ffff6b7205d in /workspace/vllm/.venv/lib/python3.12/site-packages/torch/lib/libc10.so)
frame #1: c10::detail::torchCheckFail(char const*, char const*, unsigned int, std::__cxx11::basic_string<char, std::char_traits<char>, std::allocator<char> > const&) + 0xc3 (0x7ffff6b066fd in /workspace/vllm/.venv/lib/python3.12/site-packages/torch/lib/libc10.so)
frame #2: c10::Dispatcher::registerDef(c10::FunctionSchema, std::__cxx11::basic_string<char, std::char_traits<char>, std::allocator<char> >, std::vector<at::Tag, std::allocator<at::Tag> >) + 0x35e (0x7fff0e6811fe in /workspace/vllm/.venv/lib/python3.12/site-packages/torch/lib/libtorch_cpu.so)
frame #3: torch::Library::_def(c10::FunctionSchema&&, c10::OperatorName*, std::vector<at::Tag, std::allocator<at::Tag> > const&, torch::_RegisterOrVerify) & + 0x514 (0x7fff0e6c2254 in /workspace/vllm/.venv/lib/python3.12/site-packages/torch/lib/libtorch_cpu.so)
frame #4: aoti_torch_library_def + 0x99 (0x7fff128d45b9 in /workspace/vllm/.venv/lib/python3.12/site-packages/torch/lib/libtorch_cpu.so)
frame #5: <unknown function> + 0x2bdb3c (0x7ffe8aebeb3c in /workspace/vllm/vllm/_C_stable_libtorch.abi3.so)
frame #6: <unknown function> + 0x2bf0ce (0x7ffe8aec00ce in /workspace/vllm/vllm/_C_stable_libtorch.abi3.so)
frame #7: <unknown function> + 0x279d92 (0x7ffe8ae7ad92 in /workspace/vllm/vllm/_C_stable_libtorch.abi3.so)
frame #8: <unknown function> + 0x571f (0x7ffff7fca71f in /lib64/ld-linux-x86-64.so.2)
frame #9: <unknown function> + 0x5824 (0x7ffff7fca824 in /lib64/ld-linux-x86-64.so.2)
frame #10: _dl_catch_exception + 0x132 (0x7ffff7fc65b2 in /lib64/ld-linux-x86-64.so.2)
frame #11: <unknown function> + 0xcd7c (0x7ffff7fd1d7c in /lib64/ld-linux-x86-64.so.2)
frame #12: _dl_catch_exception + 0x9c (0x7ffff7fc651c in /lib64/ld-linux-x86-64.so.2)
frame #13: <unknown function> + 0xd164 (0x7ffff7fd2164 in /lib64/ld-linux-x86-64.so.2)
frame #14: <unknown function> + 0x981a4 (0x7ffff7d0c1a4 in /usr/lib/x86_64-linux-gnu/libc.so.6)
frame #15: _dl_catch_exception + 0x9c (0x7ffff7fc651c in /lib64/ld-linux-x86-64.so.2)
frame #16: <unknown function> + 0x1669 (0x7ffff7fc6669 in /lib64/ld-linux-x86-64.so.2)
frame #17: <unknown function> + 0x97c83 (0x7ffff7d0bc83 in /usr/lib/x86_64-linux-gnu/libc.so.6)
frame #18: dlopen + 0x6f (0x7ffff7d0c25f in /usr/lib/x86_64-linux-gnu/libc.so.6)
frame #19: /workspace/vllm/.venv/bin/python() [0x6bc36c]
frame #20: /workspace/vllm/.venv/bin/python() [0x6a946a]
frame #21: /workspace/vllm/.venv/bin/python() [0x6a8bf2]
frame #22: /workspace/vllm/.venv/bin/python() [0x581f37]
frame #23: _PyEval_EvalFrameDefault + 0x4c3a (0x5db0ba in /workspace/vllm/.venv/bin/python)
frame #24: /workspace/vllm/.venv/bin/python() [0x549d47]
frame #25: PyObject_CallMethodObjArgs + 0xe3 (0x54b5c3 in /workspace/vllm/.venv/bin/python)
frame #26: PyImport_ImportModuleLevelObject + 0x395 (0x5fd805 in /workspace/vllm/.venv/bin/python)
frame #27: _PyEval_EvalFrameDefault + 0x5eee (0x5dc36e in /workspace/vllm/.venv/bin/python)
frame #28: PyEval_EvalCode + 0x15b (0x5d543b in /workspace/vllm/.venv/bin/python)
frame #29: /workspace/vllm/.venv/bin/python() [0x5d322c]
frame #30: /workspace/vllm/.venv/bin/python() [0x581d1d]
frame #31: _PyEval_EvalFrameDefault + 0x4c3a (0x5db0ba in /workspace/vllm/.venv/bin/python)
frame #32: PyObject_CallOneArg + 0x4d (0x54a65d in /workspace/vllm/.venv/bin/python)
frame #33: /workspace/vllm/.venv/bin/python() [0x582e84]
frame #34: _PyObject_LookupAttr + 0x7a (0x584bea in /workspace/vllm/.venv/bin/python)
frame #35: /workspace/vllm/.venv/bin/python() [0x5d2b8a]
frame #36: _PyEval_EvalFrameDefault + 0x207d (0x5d84fd in /workspace/vllm/.venv/bin/python)
frame #37: /workspace/vllm/.venv/bin/python() [0x549d47]
frame #38: PyObject_CallMethodObjArgs + 0xe3 (0x54b5c3 in /workspace/vllm/.venv/bin/python)
frame #39: PyImport_ImportModuleLevelObject + 0x5eb (0x5fda5b in /workspace/vllm/.venv/bin/python)
frame #40: _PyEval_EvalFrameDefault + 0x5eee (0x5dc36e in /workspace/vllm/.venv/bin/python)
frame #41: PyEval_EvalCode + 0x15b (0x5d543b in /workspace/vllm/.venv/bin/python)
frame #42: /workspace/vllm/.venv/bin/python() [0x5d322c]
frame #43: /workspace/vllm/.venv/bin/python() [0x581d1d]
frame #44: _PyEval_EvalFrameDefault + 0x4c3a (0x5db0ba in /workspace/vllm/.venv/bin/python)
frame #45: /workspace/vllm/.venv/bin/python() [0x549d47]
frame #46: PyObject_CallMethodObjArgs + 0xe3 (0x54b5c3 in /workspace/vllm/.venv/bin/python)
frame #47: PyImport_ImportModuleLevelObject + 0x395 (0x5fd805 in /workspace/vllm/.venv/bin/python)
frame #48: _PyEval_EvalFrameDefault + 0x5eee (0x5dc36e in /workspace/vllm/.venv/bin/python)
frame #49: PyEval_EvalCode + 0x15b (0x5d543b in /workspace/vllm/.venv/bin/python)
frame #50: /workspace/vllm/.venv/bin/python() [0x5d322c]
frame #51: /workspace/vllm/.venv/bin/python() [0x581d1d]
frame #52: _PyEval_EvalFrameDefault + 0x4c3a (0x5db0ba in /workspace/vllm/.venv/bin/python)
frame #53: /workspace/vllm/.venv/bin/python() [0x549d47]
frame #54: PyObject_CallMethodObjArgs + 0xe3 (0x54b5c3 in /workspace/vllm/.venv/bin/python)
frame #55: PyImport_ImportModuleLevelObject + 0x395 (0x5fd805 in /workspace/vllm/.venv/bin/python)
frame #56: _PyEval_EvalFrameDefault + 0x5eee (0x5dc36e in /workspace/vllm/.venv/bin/python)
frame #57: PyEval_EvalCode + 0x15b (0x5d543b in /workspace/vllm/.venv/bin/python)
frame #58: /workspace/vllm/.venv/bin/python() [0x5d322c]
frame #59: /workspace/vllm/.venv/bin/python() [0x581d1d]
frame #60: _PyEval_EvalFrameDefault + 0x4c3a (0x5db0ba in /workspace/vllm/.venv/bin/python)
frame #61: /workspace/vllm/.venv/bin/python() [0x549d47]
frame #62: PyObject_CallMethodObjArgs + 0xe3 (0x54b5c3 in /workspace/vllm/.venv/bin/python)

[W708 09:14:22.498703115 OperatorEntry.cpp:208] Warning: Warning only once for all operators,  other operators may also be overridden.
  Overriding a previously registered kernel for the same operator and the same dispatch key
  operator: _C::persistent_masked_m_silu_mul_quant(Tensor input, Tensor counts, Tensor($0! -> ) y_q, Tensor($1! -> ) y_s, bool use_ue8m0) -> ()
    registered at /workspace/csrc/torch_bindings.cpp:21
  dispatch key: CUDA
  previous kernel: registered at /workspace/csrc/torch_bindings.cpp:21
       new kernel: registered at /workspace/csrc/libtorch_stable/torch_bindings.cpp:603 (function operator())
[E708 09:14:22.501775464 shim_common.cpp:1458] Exception in aoti_torch: Tried to register an operator (_C::persistent_masked_m_silu_mul_quant(Tensor input, Tensor counts, Tensor($0! -> ) y_q, Tensor($1! -> ) y_s, bool use_ue8m0) -> ()) with the same name and overload name multiple times. Each overload's schema should only be registered with a single call to def(). Duplicate registration: registered at /workspace/csrc/libtorch_stable/torch_bindings.cpp:10. Original registration: registered at /workspace/csrc/torch_bindings.cpp:21
Exception raised from registerDef at /pytorch/aten/src/ATen/core/dispatch/Dispatcher.cpp:248 (most recent call first):
frame #0: c10::Error::Error(c10::SourceLocation, std::__cxx11::basic_string<char, std::char_traits<char>, std::allocator<char> >) + 0x9d (0x7ffff6b7205d in /workspace/vllm/.venv/lib/python3.12/site-packages/torch/lib/libc10.so)
frame #1: c10::detail::torchCheckFail(char const*, char const*, unsigned int, std::__cxx11::basic_string<char, std::char_traits<char>, std::allocator<char> > const&) + 0xc3 (0x7ffff6b066fd in /workspace/vllm/.venv/lib/python3.12/site-packages/torch/lib/libc10.so)
frame #2: c10::Dispatcher::registerDef(c10::FunctionSchema, std::__cxx11::basic_string<char, std::char_traits<char>, std::allocator<char> >, std::vector<at::Tag, std::allocator<at::Tag> >) + 0x35e (0x7fff0e6811fe in /workspace/vllm/.venv/lib/python3.12/site-packages/torch/lib/libtorch_cpu.so)
frame #3: torch::Library::_def(c10::FunctionSchema&&, c10::OperatorName*, std::vector<at::Tag, std::allocator<at::Tag> > const&, torch::_RegisterOrVerify) & + 0x514 (0x7fff0e6c2254 in /workspace/vllm/.venv/lib/python3.12/site-packages/torch/lib/libtorch_cpu.so)
frame #4: aoti_torch_library_def + 0x99 (0x7fff128d45b9 in /workspace/vllm/.venv/lib/python3.12/site-packages/torch/lib/libtorch_cpu.so)
frame #5: <unknown function> + 0x2bdaf1 (0x7ffe8aebeaf1 in /workspace/vllm/vllm/_C_stable_libtorch.abi3.so)
frame #6: <unknown function> + 0x2bf0ce (0x7ffe8aec00ce in /workspace/vllm/vllm/_C_stable_libtorch.abi3.so)
frame #7: <unknown function> + 0x279d92 (0x7ffe8ae7ad92 in /workspace/vllm/vllm/_C_stable_libtorch.abi3.so)
frame #8: <unknown function> + 0x571f (0x7ffff7fca71f in /lib64/ld-linux-x86-64.so.2)
frame #9: <unknown function> + 0x5824 (0x7ffff7fca824 in /lib64/ld-linux-x86-64.so.2)
frame #10: _dl_catch_exception + 0x132 (0x7ffff7fc65b2 in /lib64/ld-linux-x86-64.so.2)
frame #11: <unknown function> + 0xcd7c (0x7ffff7fd1d7c in /lib64/ld-linux-x86-64.so.2)
frame #12: _dl_catch_exception + 0x9c (0x7ffff7fc651c in /lib64/ld-linux-x86-64.so.2)
frame #13: <unknown function> + 0xd164 (0x7ffff7fd2164 in /lib64/ld-linux-x86-64.so.2)
frame #14: <unknown function> + 0x981a4 (0x7ffff7d0c1a4 in /usr/lib/x86_64-linux-gnu/libc.so.6)
frame #15: _dl_catch_exception + 0x9c (0x7ffff7fc651c in /lib64/ld-linux-x86-64.so.2)
frame #16: <unknown function> + 0x1669 (0x7ffff7fc6669 in /lib64/ld-linux-x86-64.so.2)
frame #17: <unknown function> + 0x97c83 (0x7ffff7d0bc83 in /usr/lib/x86_64-linux-gnu/libc.so.6)
frame #18: dlopen + 0x6f (0x7ffff7d0c25f in /usr/lib/x86_64-linux-gnu/libc.so.6)
frame #19: /workspace/vllm/.venv/bin/python() [0x6bc36c]
frame #20: /workspace/vllm/.venv/bin/python() [0x6a946a]
frame #21: /workspace/vllm/.venv/bin/python() [0x6a8bf2]
frame #22: /workspace/vllm/.venv/bin/python() [0x581f37]
frame #23: _PyEval_EvalFrameDefault + 0x4c3a (0x5db0ba in /workspace/vllm/.venv/bin/python)
frame #24: /workspace/vllm/.venv/bin/python() [0x549d47]
frame #25: PyObject_CallMethodObjArgs + 0xe3 (0x54b5c3 in /workspace/vllm/.venv/bin/python)
frame #26: PyImport_ImportModuleLevelObject + 0x395 (0x5fd805 in /workspace/vllm/.venv/bin/python)
frame #27: _PyEval_EvalFrameDefault + 0x5eee (0x5dc36e in /workspace/vllm/.venv/bin/python)
frame #28: PyEval_EvalCode + 0x15b (0x5d543b in /workspace/vllm/.venv/bin/python)
frame #29: /workspace/vllm/.venv/bin/python() [0x5d322c]
frame #30: /workspace/vllm/.venv/bin/python() [0x581d1d]
frame #31: _PyEval_EvalFrameDefault + 0x4c3a (0x5db0ba in /workspace/vllm/.venv/bin/python)
frame #32: PyObject_CallOneArg + 0x4d (0x54a65d in /workspace/vllm/.venv/bin/python)
frame #33: /workspace/vllm/.venv/bin/python() [0x582e84]
frame #34: _PyObject_LookupAttr + 0x7a (0x584bea in /workspace/vllm/.venv/bin/python)
frame #35: /workspace/vllm/.venv/bin/python() [0x5d2b8a]
frame #36: _PyEval_EvalFrameDefault + 0x207d (0x5d84fd in /workspace/vllm/.venv/bin/python)
frame #37: /workspace/vllm/.venv/bin/python() [0x549d47]
frame #38: PyObject_CallMethodObjArgs + 0xe3 (0x54b5c3 in /workspace/vllm/.venv/bin/python)
frame #39: PyImport_ImportModuleLevelObject + 0x5eb (0x5fda5b in /workspace/vllm/.venv/bin/python)
frame #40: _PyEval_EvalFrameDefault + 0x5eee (0x5dc36e in /workspace/vllm/.venv/bin/python)
frame #41: PyEval_EvalCode + 0x15b (0x5d543b in /workspace/vllm/.venv/bin/python)
frame #42: /workspace/vllm/.venv/bin/python() [0x5d322c]
frame #43: /workspace/vllm/.venv/bin/python() [0x581d1d]
frame #44: _PyEval_EvalFrameDefault + 0x4c3a (0x5db0ba in /workspace/vllm/.venv/bin/python)
frame #45: /workspace/vllm/.venv/bin/python() [0x549d47]
frame #46: PyObject_CallMethodObjArgs + 0xe3 (0x54b5c3 in /workspace/vllm/.venv/bin/python)
frame #47: PyImport_ImportModuleLevelObject + 0x395 (0x5fd805 in /workspace/vllm/.venv/bin/python)
frame #48: _PyEval_EvalFrameDefault + 0x5eee (0x5dc36e in /workspace/vllm/.venv/bin/python)
frame #49: PyEval_EvalCode + 0x15b (0x5d543b in /workspace/vllm/.venv/bin/python)
frame #50: /workspace/vllm/.venv/bin/python() [0x5d322c]
frame #51: /workspace/vllm/.venv/bin/python() [0x581d1d]
frame #52: _PyEval_EvalFrameDefault + 0x4c3a (0x5db0ba in /workspace/vllm/.venv/bin/python)
frame #53: /workspace/vllm/.venv/bin/python() [0x549d47]
frame #54: PyObject_CallMethodObjArgs + 0xe3 (0x54b5c3 in /workspace/vllm/.venv/bin/python)
frame #55: PyImport_ImportModuleLevelObject + 0x395 (0x5fd805 in /workspace/vllm/.venv/bin/python)
frame #56: _PyEval_EvalFrameDefault + 0x5eee (0x5dc36e in /workspace/vllm/.venv/bin/python)
frame #57: PyEval_EvalCode + 0x15b (0x5d543b in /workspace/vllm/.venv/bin/python)
frame #58: /workspace/vllm/.venv/bin/python() [0x5d322c]
frame #59: /workspace/vllm/.venv/bin/python() [0x581d1d]
frame #60: _PyEval_EvalFrameDefault + 0x4c3a (0x5db0ba in /workspace/vllm/.venv/bin/python)
frame #61: /workspace/vllm/.venv/bin/python() [0x549d47]
frame #62: PyObject_CallMethodObjArgs + 0xe3 (0x54b5c3 in /workspace/vllm/.venv/bin/python)

[E708 09:14:22.503754626 shim_common.cpp:1458] Exception in aoti_torch: Tried to register an operator (_C::weak_ref_tensor(Tensor input) -> Tensor) with the same name and overload name multiple times. Each overload's schema should only be registered with a single call to def(). Duplicate registration: registered at /workspace/csrc/libtorch_stable/torch_bindings.cpp:10. Original registration: registered at /workspace/csrc/torch_bindings.cpp:21
Exception raised from registerDef at /pytorch/aten/src/ATen/core/dispatch/Dispatcher.cpp:248 (most recent call first):
frame #0: c10::Error::Error(c10::SourceLocation, std::__cxx11::basic_string<char, std::char_traits<char>, std::allocator<char> >) + 0x9d (0x7ffff6b7205d in /workspace/vllm/.venv/lib/python3.12/site-packages/torch/lib/libc10.so)
frame #1: c10::detail::torchCheckFail(char const*, char const*, unsigned int, std::__cxx11::basic_string<char, std::char_traits<char>, std::allocator<char> > const&) + 0xc3 (0x7ffff6b066fd in /workspace/vllm/.venv/lib/python3.12/site-packages/torch/lib/libc10.so)
frame #2: c10::Dispatcher::registerDef(c10::FunctionSchema, std::__cxx11::basic_string<char, std::char_traits<char>, std::allocator<char> >, std::vector<at::Tag, std::allocator<at::Tag> >) + 0x35e (0x7fff0e6811fe in /workspace/vllm/.venv/lib/python3.12/site-packages/torch/lib/libtorch_cpu.so)
frame #3: torch::Library::_def(c10::FunctionSchema&&, c10::OperatorName*, std::vector<at::Tag, std::allocator<at::Tag> > const&, torch::_RegisterOrVerify) & + 0x514 (0x7fff0e6c2254 in /workspace/vllm/.venv/lib/python3.12/site-packages/torch/lib/libtorch_cpu.so)
frame #4: aoti_torch_library_def + 0x99 (0x7fff128d45b9 in /workspace/vllm/.venv/lib/python3.12/site-packages/torch/lib/libtorch_cpu.so)
frame #5: <unknown function> + 0x2bdb00 (0x7ffe8aebeb00 in /workspace/vllm/vllm/_C_stable_libtorch.abi3.so)
frame #6: <unknown function> + 0x2bf0ce (0x7ffe8aec00ce in /workspace/vllm/vllm/_C_stable_libtorch.abi3.so)
frame #7: <unknown function> + 0x279d92 (0x7ffe8ae7ad92 in /workspace/vllm/vllm/_C_stable_libtorch.abi3.so)
frame #8: <unknown function> + 0x571f (0x7ffff7fca71f in /lib64/ld-linux-x86-64.so.2)
frame #9: <unknown function> + 0x5824 (0x7ffff7fca824 in /lib64/ld-linux-x86-64.so.2)
frame #10: _dl_catch_exception + 0x132 (0x7ffff7fc65b2 in /lib64/ld-linux-x86-64.so.2)
frame #11: <unknown function> + 0xcd7c (0x7ffff7fd1d7c in /lib64/ld-linux-x86-64.so.2)
frame #12: _dl_catch_exception + 0x9c (0x7ffff7fc651c in /lib64/ld-linux-x86-64.so.2)
frame #13: <unknown function> + 0xd164 (0x7ffff7fd2164 in /lib64/ld-linux-x86-64.so.2)
frame #14: <unknown function> + 0x981a4 (0x7ffff7d0c1a4 in /usr/lib/x86_64-linux-gnu/libc.so.6)
frame #15: _dl_catch_exception + 0x9c (0x7ffff7fc651c in /lib64/ld-linux-x86-64.so.2)
frame #16: <unknown function> + 0x1669 (0x7ffff7fc6669 in /lib64/ld-linux-x86-64.so.2)
frame #17: <unknown function> + 0x97c83 (0x7ffff7d0bc83 in /usr/lib/x86_64-linux-gnu/libc.so.6)
frame #18: dlopen + 0x6f (0x7ffff7d0c25f in /usr/lib/x86_64-linux-gnu/libc.so.6)
frame #19: /workspace/vllm/.venv/bin/python() [0x6bc36c]
frame #20: /workspace/vllm/.venv/bin/python() [0x6a946a]
frame #21: /workspace/vllm/.venv/bin/python() [0x6a8bf2]
frame #22: /workspace/vllm/.venv/bin/python() [0x581f37]
frame #23: _PyEval_EvalFrameDefault + 0x4c3a (0x5db0ba in /workspace/vllm/.venv/bin/python)
frame #24: /workspace/vllm/.venv/bin/python() [0x549d47]
frame #25: PyObject_CallMethodObjArgs + 0xe3 (0x54b5c3 in /workspace/vllm/.venv/bin/python)
frame #26: PyImport_ImportModuleLevelObject + 0x395 (0x5fd805 in /workspace/vllm/.venv/bin/python)
frame #27: _PyEval_EvalFrameDefault + 0x5eee (0x5dc36e in /workspace/vllm/.venv/bin/python)
frame #28: PyEval_EvalCode + 0x15b (0x5d543b in /workspace/vllm/.venv/bin/python)
frame #29: /workspace/vllm/.venv/bin/python() [0x5d322c]
frame #30: /workspace/vllm/.venv/bin/python() [0x581d1d]
frame #31: _PyEval_EvalFrameDefault + 0x4c3a (0x5db0ba in /workspace/vllm/.venv/bin/python)
frame #32: PyObject_CallOneArg + 0x4d (0x54a65d in /workspace/vllm/.venv/bin/python)
frame #33: /workspace/vllm/.venv/bin/python() [0x582e84]
frame #34: _PyObject_LookupAttr + 0x7a (0x584bea in /workspace/vllm/.venv/bin/python)
frame #35: /workspace/vllm/.venv/bin/python() [0x5d2b8a]
frame #36: _PyEval_EvalFrameDefault + 0x207d (0x5d84fd in /workspace/vllm/.venv/bin/python)
frame #37: /workspace/vllm/.venv/bin/python() [0x549d47]
frame #38: PyObject_CallMethodObjArgs + 0xe3 (0x54b5c3 in /workspace/vllm/.venv/bin/python)
frame #39: PyImport_ImportModuleLevelObject + 0x5eb (0x5fda5b in /workspace/vllm/.venv/bin/python)
frame #40: _PyEval_EvalFrameDefault + 0x5eee (0x5dc36e in /workspace/vllm/.venv/bin/python)
frame #41: PyEval_EvalCode + 0x15b (0x5d543b in /workspace/vllm/.venv/bin/python)
frame #42: /workspace/vllm/.venv/bin/python() [0x5d322c]
frame #43: /workspace/vllm/.venv/bin/python() [0x581d1d]
frame #44: _PyEval_EvalFrameDefault + 0x4c3a (0x5db0ba in /workspace/vllm/.venv/bin/python)
frame #45: /workspace/vllm/.venv/bin/python() [0x549d47]
frame #46: PyObject_CallMethodObjArgs + 0xe3 (0x54b5c3 in /workspace/vllm/.venv/bin/python)
frame #47: PyImport_ImportModuleLevelObject + 0x395 (0x5fd805 in /workspace/vllm/.venv/bin/python)
frame #48: _PyEval_EvalFrameDefault + 0x5eee (0x5dc36e in /workspace/vllm/.venv/bin/python)
frame #49: PyEval_EvalCode + 0x15b (0x5d543b in /workspace/vllm/.venv/bin/python)
frame #50: /workspace/vllm/.venv/bin/python() [0x5d322c]
frame #51: /workspace/vllm/.venv/bin/python() [0x581d1d]
frame #52: _PyEval_EvalFrameDefault + 0x4c3a (0x5db0ba in /workspace/vllm/.venv/bin/python)
frame #53: /workspace/vllm/.venv/bin/python() [0x549d47]
frame #54: PyObject_CallMethodObjArgs + 0xe3 (0x54b5c3 in /workspace/vllm/.venv/bin/python)
frame #55: PyImport_ImportModuleLevelObject + 0x395 (0x5fd805 in /workspace/vllm/.venv/bin/python)
frame #56: _PyEval_EvalFrameDefault + 0x5eee (0x5dc36e in /workspace/vllm/.venv/bin/python)
frame #57: PyEval_EvalCode + 0x15b (0x5d543b in /workspace/vllm/.venv/bin/python)
frame #58: /workspace/vllm/.venv/bin/python() [0x5d322c]
frame #59: /workspace/vllm/.venv/bin/python() [0x581d1d]
frame #60: _PyEval_EvalFrameDefault + 0x4c3a (0x5db0ba in /workspace/vllm/.venv/bin/python)
frame #61: /workspace/vllm/.venv/bin/python() [0x549d47]
frame #62: PyObject_CallMethodObjArgs + 0xe3 (0x54b5c3 in /workspace/vllm/.venv/bin/python)

[E708 09:14:22.505747104 shim_common.cpp:1458] Exception in aoti_torch: Tried to register an operator (_C::silu_and_mul_quant(Tensor($0! -> ) result, Tensor input, Tensor scale) -> ()) with the same name and overload name multiple times. Each overload's schema should only be registered with a single call to def(). Duplicate registration: registered at /workspace/csrc/libtorch_stable/torch_bindings.cpp:10. Original registration: registered at /workspace/csrc/torch_bindings.cpp:21
Exception raised from registerDef at /pytorch/aten/src/ATen/core/dispatch/Dispatcher.cpp:248 (most recent call first):
frame #0: c10::Error::Error(c10::SourceLocation, std::__cxx11::basic_string<char, std::char_traits<char>, std::allocator<char> >) + 0x9d (0x7ffff6b7205d in /workspace/vllm/.venv/lib/python3.12/site-packages/torch/lib/libc10.so)
frame #1: c10::detail::torchCheckFail(char const*, char const*, unsigned int, std::__cxx11::basic_string<char, std::char_traits<char>, std::allocator<char> > const&) + 0xc3 (0x7ffff6b066fd in /workspace/vllm/.venv/lib/python3.12/site-packages/torch/lib/libc10.so)
frame #2: c10::Dispatcher::registerDef(c10::FunctionSchema, std::__cxx11::basic_string<char, std::char_traits<char>, std::allocator<char> >, std::vector<at::Tag, std::allocator<at::Tag> >) + 0x35e (0x7fff0e6811fe in /workspace/vllm/.venv/lib/python3.12/site-packages/torch/lib/libtorch_cpu.so)
frame #3: torch::Library::_def(c10::FunctionSchema&&, c10::OperatorName*, std::vector<at::Tag, std::allocator<at::Tag> > const&, torch::_RegisterOrVerify) & + 0x514 (0x7fff0e6c2254 in /workspace/vllm/.venv/lib/python3.12/site-packages/torch/lib/libtorch_cpu.so)
frame #4: aoti_torch_library_def + 0x99 (0x7fff128d45b9 in /workspace/vllm/.venv/lib/python3.12/site-packages/torch/lib/libtorch_cpu.so)
frame #5: <unknown function> + 0x2bdb3c (0x7ffe8aebeb3c in /workspace/vllm/vllm/_C_stable_libtorch.abi3.so)
frame #6: <unknown function> + 0x2bf0ce (0x7ffe8aec00ce in /workspace/vllm/vllm/_C_stable_libtorch.abi3.so)
frame #7: <unknown function> + 0x279d92 (0x7ffe8ae7ad92 in /workspace/vllm/vllm/_C_stable_libtorch.abi3.so)
frame #8: <unknown function> + 0x571f (0x7ffff7fca71f in /lib64/ld-linux-x86-64.so.2)
frame #9: <unknown function> + 0x5824 (0x7ffff7fca824 in /lib64/ld-linux-x86-64.so.2)
frame #10: _dl_catch_exception + 0x132 (0x7ffff7fc65b2 in /lib64/ld-linux-x86-64.so.2)
frame #11: <unknown function> + 0xcd7c (0x7ffff7fd1d7c in /lib64/ld-linux-x86-64.so.2)
frame #12: _dl_catch_exception + 0x9c (0x7ffff7fc651c in /lib64/ld-linux-x86-64.so.2)
frame #13: <unknown function> + 0xd164 (0x7ffff7fd2164 in /lib64/ld-linux-x86-64.so.2)
frame #14: <unknown function> + 0x981a4 (0x7ffff7d0c1a4 in /usr/lib/x86_64-linux-gnu/libc.so.6)
frame #15: _dl_catch_exception + 0x9c (0x7ffff7fc651c in /lib64/ld-linux-x86-64.so.2)
frame #16: <unknown function> + 0x1669 (0x7ffff7fc6669 in /lib64/ld-linux-x86-64.so.2)
frame #17: <unknown function> + 0x97c83 (0x7ffff7d0bc83 in /usr/lib/x86_64-linux-gnu/libc.so.6)
frame #18: dlopen + 0x6f (0x7ffff7d0c25f in /usr/lib/x86_64-linux-gnu/libc.so.6)
frame #19: /workspace/vllm/.venv/bin/python() [0x6bc36c]
frame #20: /workspace/vllm/.venv/bin/python() [0x6a946a]
frame #21: /workspace/vllm/.venv/bin/python() [0x6a8bf2]
frame #22: /workspace/vllm/.venv/bin/python() [0x581f37]
frame #23: _PyEval_EvalFrameDefault + 0x4c3a (0x5db0ba in /workspace/vllm/.venv/bin/python)
frame #24: /workspace/vllm/.venv/bin/python() [0x549d47]
frame #25: PyObject_CallMethodObjArgs + 0xe3 (0x54b5c3 in /workspace/vllm/.venv/bin/python)
frame #26: PyImport_ImportModuleLevelObject + 0x395 (0x5fd805 in /workspace/vllm/.venv/bin/python)
frame #27: _PyEval_EvalFrameDefault + 0x5eee (0x5dc36e in /workspace/vllm/.venv/bin/python)
frame #28: PyEval_EvalCode + 0x15b (0x5d543b in /workspace/vllm/.venv/bin/python)
frame #29: /workspace/vllm/.venv/bin/python() [0x5d322c]
frame #30: /workspace/vllm/.venv/bin/python() [0x581d1d]
frame #31: _PyEval_EvalFrameDefault + 0x4c3a (0x5db0ba in /workspace/vllm/.venv/bin/python)
frame #32: PyObject_CallOneArg + 0x4d (0x54a65d in /workspace/vllm/.venv/bin/python)
frame #33: /workspace/vllm/.venv/bin/python() [0x582e84]
frame #34: _PyObject_LookupAttr + 0x7a (0x584bea in /workspace/vllm/.venv/bin/python)
frame #35: /workspace/vllm/.venv/bin/python() [0x5d2b8a]
frame #36: _PyEval_EvalFrameDefault + 0x207d (0x5d84fd in /workspace/vllm/.venv/bin/python)
frame #37: /workspace/vllm/.venv/bin/python() [0x549d47]
frame #38: PyObject_CallMethodObjArgs + 0xe3 (0x54b5c3 in /workspace/vllm/.venv/bin/python)
frame #39: PyImport_ImportModuleLevelObject + 0x5eb (0x5fda5b in /workspace/vllm/.venv/bin/python)
frame #40: _PyEval_EvalFrameDefault + 0x5eee (0x5dc36e in /workspace/vllm/.venv/bin/python)
frame #41: PyEval_EvalCode + 0x15b (0x5d543b in /workspace/vllm/.venv/bin/python)
frame #42: /workspace/vllm/.venv/bin/python() [0x5d322c]
frame #43: /workspace/vllm/.venv/bin/python() [0x581d1d]
frame #44: _PyEval_EvalFrameDefault + 0x4c3a (0x5db0ba in /workspace/vllm/.venv/bin/python)
frame #45: /workspace/vllm/.venv/bin/python() [0x549d47]
frame #46: PyObject_CallMethodObjArgs + 0xe3 (0x54b5c3 in /workspace/vllm/.venv/bin/python)
frame #47: PyImport_ImportModuleLevelObject + 0x395 (0x5fd805 in /workspace/vllm/.venv/bin/python)
frame #48: _PyEval_EvalFrameDefault + 0x5eee (0x5dc36e in /workspace/vllm/.venv/bin/python)
frame #49: PyEval_EvalCode + 0x15b (0x5d543b in /workspace/vllm/.venv/bin/python)
frame #50: /workspace/vllm/.venv/bin/python() [0x5d322c]
frame #51: /workspace/vllm/.venv/bin/python() [0x581d1d]
frame #52: _PyEval_EvalFrameDefault + 0x4c3a (0x5db0ba in /workspace/vllm/.venv/bin/python)
frame #53: /workspace/vllm/.venv/bin/python() [0x549d47]
frame #54: PyObject_CallMethodObjArgs + 0xe3 (0x54b5c3 in /workspace/vllm/.venv/bin/python)
frame #55: PyImport_ImportModuleLevelObject + 0x395 (0x5fd805 in /workspace/vllm/.venv/bin/python)
frame #56: _PyEval_EvalFrameDefault + 0x5eee (0x5dc36e in /workspace/vllm/.venv/bin/python)
frame #57: PyEval_EvalCode + 0x15b (0x5d543b in /workspace/vllm/.venv/bin/python)
frame #58: /workspace/vllm/.venv/bin/python() [0x5d322c]
frame #59: /workspace/vllm/.venv/bin/python() [0x581d1d]
frame #60: _PyEval_EvalFrameDefault + 0x4c3a (0x5db0ba in /workspace/vllm/.venv/bin/python)
frame #61: /workspace/vllm/.venv/bin/python() [0x549d47]
frame #62: PyObject_CallMethodObjArgs + 0xe3 (0x54b5c3 in /workspace/vllm/.venv/bin/python)

[W708 09:14:22.507908848 OperatorEntry.cpp:208] Warning: Warning only once for all operators,  other operators may also be overridden.
  Overriding a previously registered kernel for the same operator and the same dispatch key
  operator: _C::persistent_masked_m_silu_mul_quant(Tensor input, Tensor counts, Tensor($0! -> ) y_q, Tensor($1! -> ) y_s, bool use_ue8m0) -> ()
    registered at /workspace/csrc/torch_bindings.cpp:21
  dispatch key: CUDA
  previous kernel: registered at /workspace/csrc/torch_bindings.cpp:21
       new kernel: registered at /workspace/csrc/libtorch_stable/torch_bindings.cpp:603 (function operator())
[E708 09:14:22.511026251 shim_common.cpp:1458] Exception in aoti_torch: Tried to register an operator (_C::persistent_masked_m_silu_mul_quant(Tensor input, Tensor counts, Tensor($0! -> ) y_q, Tensor($1! -> ) y_s, bool use_ue8m0) -> ()) with the same name and overload name multiple times. Each overload's schema should only be registered with a single call to def(). Duplicate registration: registered at /workspace/csrc/libtorch_stable/torch_bindings.cpp:10. Original registration: registered at /workspace/csrc/torch_bindings.cpp:21
Exception raised from registerDef at /pytorch/aten/src/ATen/core/dispatch/Dispatcher.cpp:248 (most recent call first):
frame #0: c10::Error::Error(c10::SourceLocation, std::__cxx11::basic_string<char, std::char_traits<char>, std::allocator<char> >) + 0x9d (0x7ffff6b7205d in /workspace/vllm/.venv/lib/python3.12/site-packages/torch/lib/libc10.so)
frame #1: c10::detail::torchCheckFail(char const*, char const*, unsigned int, std::__cxx11::basic_string<char, std::char_traits<char>, std::allocator<char> > const&) + 0xc3 (0x7ffff6b066fd in /workspace/vllm/.venv/lib/python3.12/site-packages/torch/lib/libc10.so)
frame #2: c10::Dispatcher::registerDef(c10::FunctionSchema, std::__cxx11::basic_string<char, std::char_traits<char>, std::allocator<char> >, std::vector<at::Tag, std::allocator<at::Tag> >) + 0x35e (0x7fff0e6811fe in /workspace/vllm/.venv/lib/python3.12/site-packages/torch/lib/libtorch_cpu.so)
frame #3: torch::Library::_def(c10::FunctionSchema&&, c10::OperatorName*, std::vector<at::Tag, std::allocator<at::Tag> > const&, torch::_RegisterOrVerify) & + 0x514 (0x7fff0e6c2254 in /workspace/vllm/.venv/lib/python3.12/site-packages/torch/lib/libtorch_cpu.so)
frame #4: aoti_torch_library_def + 0x99 (0x7fff128d45b9 in /workspace/vllm/.venv/lib/python3.12/site-packages/torch/lib/libtorch_cpu.so)
frame #5: <unknown function> + 0x2bdaf1 (0x7ffe8aebeaf1 in /workspace/vllm/vllm/_C_stable_libtorch.abi3.so)
frame #6: <unknown function> + 0x2bf0ce (0x7ffe8aec00ce in /workspace/vllm/vllm/_C_stable_libtorch.abi3.so)
frame #7: <unknown function> + 0x279d92 (0x7ffe8ae7ad92 in /workspace/vllm/vllm/_C_stable_libtorch.abi3.so)
frame #8: <unknown function> + 0x571f (0x7ffff7fca71f in /lib64/ld-linux-x86-64.so.2)
frame #9: <unknown function> + 0x5824 (0x7ffff7fca824 in /lib64/ld-linux-x86-64.so.2)
frame #10: _dl_catch_exception + 0x132 (0x7ffff7fc65b2 in /lib64/ld-linux-x86-64.so.2)
frame #11: <unknown function> + 0xcd7c (0x7ffff7fd1d7c in /lib64/ld-linux-x86-64.so.2)
frame #12: _dl_catch_exception + 0x9c (0x7ffff7fc651c in /lib64/ld-linux-x86-64.so.2)
frame #13: <unknown function> + 0xd164 (0x7ffff7fd2164 in /lib64/ld-linux-x86-64.so.2)
frame #14: <unknown function> + 0x981a4 (0x7ffff7d0c1a4 in /usr/lib/x86_64-linux-gnu/libc.so.6)
frame #15: _dl_catch_exception + 0x9c (0x7ffff7fc651c in /lib64/ld-linux-x86-64.so.2)
frame #16: <unknown function> + 0x1669 (0x7ffff7fc6669 in /lib64/ld-linux-x86-64.so.2)
frame #17: <unknown function> + 0x97c83 (0x7ffff7d0bc83 in /usr/lib/x86_64-linux-gnu/libc.so.6)
frame #18: dlopen + 0x6f (0x7ffff7d0c25f in /usr/lib/x86_64-linux-gnu/libc.so.6)
frame #19: /workspace/vllm/.venv/bin/python() [0x6bc36c]
frame #20: /workspace/vllm/.venv/bin/python() [0x6a946a]
frame #21: /workspace/vllm/.venv/bin/python() [0x6a8bf2]
frame #22: /workspace/vllm/.venv/bin/python() [0x581f37]
frame #23: _PyEval_EvalFrameDefault + 0x4c3a (0x5db0ba in /workspace/vllm/.venv/bin/python)
frame #24: /workspace/vllm/.venv/bin/python() [0x549d47]
frame #25: PyObject_CallMethodObjArgs + 0xe3 (0x54b5c3 in /workspace/vllm/.venv/bin/python)
frame #26: PyImport_ImportModuleLevelObject + 0x395 (0x5fd805 in /workspace/vllm/.venv/bin/python)
frame #27: _PyEval_EvalFrameDefault + 0x5eee (0x5dc36e in /workspace/vllm/.venv/bin/python)
frame #28: PyEval_EvalCode + 0x15b (0x5d543b in /workspace/vllm/.venv/bin/python)
frame #29: /workspace/vllm/.venv/bin/python() [0x5d322c]
frame #30: /workspace/vllm/.venv/bin/python() [0x581d1d]
frame #31: _PyEval_EvalFrameDefault + 0x4c3a (0x5db0ba in /workspace/vllm/.venv/bin/python)
frame #32: PyObject_CallOneArg + 0x4d (0x54a65d in /workspace/vllm/.venv/bin/python)
frame #33: /workspace/vllm/.venv/bin/python() [0x582e84]
frame #34: _PyObject_LookupAttr + 0x7a (0x584bea in /workspace/vllm/.venv/bin/python)
frame #35: /workspace/vllm/.venv/bin/python() [0x5d2b8a]
frame #36: _PyEval_EvalFrameDefault + 0x207d (0x5d84fd in /workspace/vllm/.venv/bin/python)
frame #37: /workspace/vllm/.venv/bin/python() [0x549d47]
frame #38: PyObject_CallMethodObjArgs + 0xe3 (0x54b5c3 in /workspace/vllm/.venv/bin/python)
frame #39: PyImport_ImportModuleLevelObject + 0x5eb (0x5fda5b in /workspace/vllm/.venv/bin/python)
frame #40: _PyEval_EvalFrameDefault + 0x5eee (0x5dc36e in /workspace/vllm/.venv/bin/python)
frame #41: PyEval_EvalCode + 0x15b (0x5d543b in /workspace/vllm/.venv/bin/python)
frame #42: /workspace/vllm/.venv/bin/python() [0x5d322c]
frame #43: /workspace/vllm/.venv/bin/python() [0x581d1d]
frame #44: _PyEval_EvalFrameDefault + 0x4c3a (0x5db0ba in /workspace/vllm/.venv/bin/python)
frame #45: /workspace/vllm/.venv/bin/python() [0x549d47]
frame #46: PyObject_CallMethodObjArgs + 0xe3 (0x54b5c3 in /workspace/vllm/.venv/bin/python)
frame #47: PyImport_ImportModuleLevelObject + 0x395 (0x5fd805 in /workspace/vllm/.venv/bin/python)
frame #48: _PyEval_EvalFrameDefault + 0x5eee (0x5dc36e in /workspace/vllm/.venv/bin/python)
frame #49: PyEval_EvalCode + 0x15b (0x5d543b in /workspace/vllm/.venv/bin/python)
frame #50: /workspace/vllm/.venv/bin/python() [0x5d322c]
frame #51: /workspace/vllm/.venv/bin/python() [0x581d1d]
frame #52: _PyEval_EvalFrameDefault + 0x4c3a (0x5db0ba in /workspace/vllm/.venv/bin/python)
frame #53: /workspace/vllm/.venv/bin/python() [0x549d47]
frame #54: PyObject_CallMethodObjArgs + 0xe3 (0x54b5c3 in /workspace/vllm/.venv/bin/python)
frame #55: PyImport_ImportModuleLevelObject + 0x395 (0x5fd805 in /workspace/vllm/.venv/bin/python)
frame #56: _PyEval_EvalFrameDefault + 0x5eee (0x5dc36e in /workspace/vllm/.venv/bin/python)
frame #57: PyEval_EvalCode + 0x15b (0x5d543b in /workspace/vllm/.venv/bin/python)
frame #58: /workspace/vllm/.venv/bin/python() [0x5d322c]
frame #59: /workspace/vllm/.venv/bin/python() [0x581d1d]
frame #60: _PyEval_EvalFrameDefault + 0x4c3a (0x5db0ba in /workspace/vllm/.venv/bin/python)
frame #61: /workspace/vllm/.venv/bin/python() [0x549d47]
frame #62: PyObject_CallMethodObjArgs + 0xe3 (0x54b5c3 in /workspace/vllm/.venv/bin/python)

[E708 09:14:22.513028930 shim_common.cpp:1458] Exception in aoti_torch: Tried to register an operator (_C::weak_ref_tensor(Tensor input) -> Tensor) with the same name and overload name multiple times. Each overload's schema should only be registered with a single call to def(). Duplicate registration: registered at /workspace/csrc/libtorch_stable/torch_bindings.cpp:10. Original registration: registered at /workspace/csrc/torch_bindings.cpp:21
Exception raised from registerDef at /pytorch/aten/src/ATen/core/dispatch/Dispatcher.cpp:248 (most recent call first):
frame #0: c10::Error::Error(c10::SourceLocation, std::__cxx11::basic_string<char, std::char_traits<char>, std::allocator<char> >) + 0x9d (0x7ffff6b7205d in /workspace/vllm/.venv/lib/python3.12/site-packages/torch/lib/libc10.so)
frame #1: c10::detail::torchCheckFail(char const*, char const*, unsigned int, std::__cxx11::basic_string<char, std::char_traits<char>, std::allocator<char> > const&) + 0xc3 (0x7ffff6b066fd in /workspace/vllm/.venv/lib/python3.12/site-packages/torch/lib/libc10.so)
frame #2: c10::Dispatcher::registerDef(c10::FunctionSchema, std::__cxx11::basic_string<char, std::char_traits<char>, std::allocator<char> >, std::vector<at::Tag, std::allocator<at::Tag> >) + 0x35e (0x7fff0e6811fe in /workspace/vllm/.venv/lib/python3.12/site-packages/torch/lib/libtorch_cpu.so)
frame #3: torch::Library::_def(c10::FunctionSchema&&, c10::OperatorName*, std::vector<at::Tag, std::allocator<at::Tag> > const&, torch::_RegisterOrVerify) & + 0x514 (0x7fff0e6c2254 in /workspace/vllm/.venv/lib/python3.12/site-packages/torch/lib/libtorch_cpu.so)
frame #4: aoti_torch_library_def + 0x99 (0x7fff128d45b9 in /workspace/vllm/.venv/lib/python3.12/site-packages/torch/lib/libtorch_cpu.so)
frame #5: <unknown function> + 0x2bdb00 (0x7ffe8aebeb00 in /workspace/vllm/vllm/_C_stable_libtorch.abi3.so)
frame #6: <unknown function> + 0x2bf0ce (0x7ffe8aec00ce in /workspace/vllm/vllm/_C_stable_libtorch.abi3.so)
frame #7: <unknown function> + 0x279d92 (0x7ffe8ae7ad92 in /workspace/vllm/vllm/_C_stable_libtorch.abi3.so)
frame #8: <unknown function> + 0x571f (0x7ffff7fca71f in /lib64/ld-linux-x86-64.so.2)
frame #9: <unknown function> + 0x5824 (0x7ffff7fca824 in /lib64/ld-linux-x86-64.so.2)
frame #10: _dl_catch_exception + 0x132 (0x7ffff7fc65b2 in /lib64/ld-linux-x86-64.so.2)
frame #11: <unknown function> + 0xcd7c (0x7ffff7fd1d7c in /lib64/ld-linux-x86-64.so.2)
frame #12: _dl_catch_exception + 0x9c (0x7ffff7fc651c in /lib64/ld-linux-x86-64.so.2)
frame #13: <unknown function> + 0xd164 (0x7ffff7fd2164 in /lib64/ld-linux-x86-64.so.2)
frame #14: <unknown function> + 0x981a4 (0x7ffff7d0c1a4 in /usr/lib/x86_64-linux-gnu/libc.so.6)
frame #15: _dl_catch_exception + 0x9c (0x7ffff7fc651c in /lib64/ld-linux-x86-64.so.2)
frame #16: <unknown function> + 0x1669 (0x7ffff7fc6669 in /lib64/ld-linux-x86-64.so.2)
frame #17: <unknown function> + 0x97c83 (0x7ffff7d0bc83 in /usr/lib/x86_64-linux-gnu/libc.so.6)
frame #18: dlopen + 0x6f (0x7ffff7d0c25f in /usr/lib/x86_64-linux-gnu/libc.so.6)
frame #19: /workspace/vllm/.venv/bin/python() [0x6bc36c]
frame #20: /workspace/vllm/.venv/bin/python() [0x6a946a]
frame #21: /workspace/vllm/.venv/bin/python() [0x6a8bf2]
frame #22: /workspace/vllm/.venv/bin/python() [0x581f37]
frame #23: _PyEval_EvalFrameDefault + 0x4c3a (0x5db0ba in /workspace/vllm/.venv/bin/python)
frame #24: /workspace/vllm/.venv/bin/python() [0x549d47]
frame #25: PyObject_CallMethodObjArgs + 0xe3 (0x54b5c3 in /workspace/vllm/.venv/bin/python)
frame #26: PyImport_ImportModuleLevelObject + 0x395 (0x5fd805 in /workspace/vllm/.venv/bin/python)
frame #27: _PyEval_EvalFrameDefault + 0x5eee (0x5dc36e in /workspace/vllm/.venv/bin/python)
frame #28: PyEval_EvalCode + 0x15b (0x5d543b in /workspace/vllm/.venv/bin/python)
frame #29: /workspace/vllm/.venv/bin/python() [0x5d322c]
frame #30: /workspace/vllm/.venv/bin/python() [0x581d1d]
frame #31: _PyEval_EvalFrameDefault + 0x4c3a (0x5db0ba in /workspace/vllm/.venv/bin/python)
frame #32: PyObject_CallOneArg + 0x4d (0x54a65d in /workspace/vllm/.venv/bin/python)
frame #33: /workspace/vllm/.venv/bin/python() [0x582e84]
frame #34: _PyObject_LookupAttr + 0x7a (0x584bea in /workspace/vllm/.venv/bin/python)
frame #35: /workspace/vllm/.venv/bin/python() [0x5d2b8a]
frame #36: _PyEval_EvalFrameDefault + 0x207d (0x5d84fd in /workspace/vllm/.venv/bin/python)
frame #37: /workspace/vllm/.venv/bin/python() [0x549d47]
frame #38: PyObject_CallMethodObjArgs + 0xe3 (0x54b5c3 in /workspace/vllm/.venv/bin/python)
frame #39: PyImport_ImportModuleLevelObject + 0x5eb (0x5fda5b in /workspace/vllm/.venv/bin/python)
frame #40: _PyEval_EvalFrameDefault + 0x5eee (0x5dc36e in /workspace/vllm/.venv/bin/python)
frame #41: PyEval_EvalCode + 0x15b (0x5d543b in /workspace/vllm/.venv/bin/python)
frame #42: /workspace/vllm/.venv/bin/python() [0x5d322c]
frame #43: /workspace/vllm/.venv/bin/python() [0x581d1d]
frame #44: _PyEval_EvalFrameDefault + 0x4c3a (0x5db0ba in /workspace/vllm/.venv/bin/python)
frame #45: /workspace/vllm/.venv/bin/python() [0x549d47]
frame #46: PyObject_CallMethodObjArgs + 0xe3 (0x54b5c3 in /workspace/vllm/.venv/bin/python)
frame #47: PyImport_ImportModuleLevelObject + 0x395 (0x5fd805 in /workspace/vllm/.venv/bin/python)
frame #48: _PyEval_EvalFrameDefault + 0x5eee (0x5dc36e in /workspace/vllm/.venv/bin/python)
frame #49: PyEval_EvalCode + 0x15b (0x5d543b in /workspace/vllm/.venv/bin/python)
frame #50: /workspace/vllm/.venv/bin/python() [0x5d322c]
frame #51: /workspace/vllm/.venv/bin/python() [0x581d1d]
frame #52: _PyEval_EvalFrameDefault + 0x4c3a (0x5db0ba in /workspace/vllm/.venv/bin/python)
frame #53: /workspace/vllm/.venv/bin/python() [0x549d47]
frame #54: PyObject_CallMethodObjArgs + 0xe3 (0x54b5c3 in /workspace/vllm/.venv/bin/python)
frame #55: PyImport_ImportModuleLevelObject + 0x395 (0x5fd805 in /workspace/vllm/.venv/bin/python)
frame #56: _PyEval_EvalFrameDefault + 0x5eee (0x5dc36e in /workspace/vllm/.venv/bin/python)
frame #57: PyEval_EvalCode + 0x15b (0x5d543b in /workspace/vllm/.venv/bin/python)
frame #58: /workspace/vllm/.venv/bin/python() [0x5d322c]
frame #59: /workspace/vllm/.venv/bin/python() [0x581d1d]
frame #60: _PyEval_EvalFrameDefault + 0x4c3a (0x5db0ba in /workspace/vllm/.venv/bin/python)
frame #61: /workspace/vllm/.venv/bin/python() [0x549d47]
frame #62: PyObject_CallMethodObjArgs + 0xe3 (0x54b5c3 in /workspace/vllm/.venv/bin/python)

[E708 09:14:22.514985799 shim_common.cpp:1458] Exception in aoti_torch: Tried to register an operator (_C::silu_and_mul_quant(Tensor($0! -> ) result, Tensor input, Tensor scale) -> ()) with the same name and overload name multiple times. Each overload's schema should only be registered with a single call to def(). Duplicate registration: registered at /workspace/csrc/libtorch_stable/torch_bindings.cpp:10. Original registration: registered at /workspace/csrc/torch_bindings.cpp:21
Exception raised from registerDef at /pytorch/aten/src/ATen/core/dispatch/Dispatcher.cpp:248 (most recent call first):
frame #0: c10::Error::Error(c10::SourceLocation, std::__cxx11::basic_string<char, std::char_traits<char>, std::allocator<char> >) + 0x9d (0x7ffff6b7205d in /workspace/vllm/.venv/lib/python3.12/site-packages/torch/lib/libc10.so)
frame #1: c10::detail::torchCheckFail(char const*, char const*, unsigned int, std::__cxx11::basic_string<char, std::char_traits<char>, std::allocator<char> > const&) + 0xc3 (0x7ffff6b066fd in /workspace/vllm/.venv/lib/python3.12/site-packages/torch/lib/libc10.so)
frame #2: c10::Dispatcher::registerDef(c10::FunctionSchema, std::__cxx11::basic_string<char, std::char_traits<char>, std::allocator<char> >, std::vector<at::Tag, std::allocator<at::Tag> >) + 0x35e (0x7fff0e6811fe in /workspace/vllm/.venv/lib/python3.12/site-packages/torch/lib/libtorch_cpu.so)
frame #3: torch::Library::_def(c10::FunctionSchema&&, c10::OperatorName*, std::vector<at::Tag, std::allocator<at::Tag> > const&, torch::_RegisterOrVerify) & + 0x514 (0x7fff0e6c2254 in /workspace/vllm/.venv/lib/python3.12/site-packages/torch/lib/libtorch_cpu.so)
frame #4: aoti_torch_library_def + 0x99 (0x7fff128d45b9 in /workspace/vllm/.venv/lib/python3.12/site-packages/torch/lib/libtorch_cpu.so)
frame #5: <unknown function> + 0x2bdb3c (0x7ffe8aebeb3c in /workspace/vllm/vllm/_C_stable_libtorch.abi3.so)
frame #6: <unknown function> + 0x2bf0ce (0x7ffe8aec00ce in /workspace/vllm/vllm/_C_stable_libtorch.abi3.so)
frame #7: <unknown function> + 0x279d92 (0x7ffe8ae7ad92 in /workspace/vllm/vllm/_C_stable_libtorch.abi3.so)
frame #8: <unknown function> + 0x571f (0x7ffff7fca71f in /lib64/ld-linux-x86-64.so.2)
frame #9: <unknown function> + 0x5824 (0x7ffff7fca824 in /lib64/ld-linux-x86-64.so.2)
frame #10: _dl_catch_exception + 0x132 (0x7ffff7fc65b2 in /lib64/ld-linux-x86-64.so.2)
frame #11: <unknown function> + 0xcd7c (0x7ffff7fd1d7c in /lib64/ld-linux-x86-64.so.2)
frame #12: _dl_catch_exception + 0x9c (0x7ffff7fc651c in /lib64/ld-linux-x86-64.so.2)
frame #13: <unknown function> + 0xd164 (0x7ffff7fd2164 in /lib64/ld-linux-x86-64.so.2)
frame #14: <unknown function> + 0x981a4 (0x7ffff7d0c1a4 in /usr/lib/x86_64-linux-gnu/libc.so.6)
frame #15: _dl_catch_exception + 0x9c (0x7ffff7fc651c in /lib64/ld-linux-x86-64.so.2)
frame #16: <unknown function> + 0x1669 (0x7ffff7fc6669 in /lib64/ld-linux-x86-64.so.2)
frame #17: <unknown function> + 0x97c83 (0x7ffff7d0bc83 in /usr/lib/x86_64-linux-gnu/libc.so.6)
frame #18: dlopen + 0x6f (0x7ffff7d0c25f in /usr/lib/x86_64-linux-gnu/libc.so.6)
frame #19: /workspace/vllm/.venv/bin/python() [0x6bc36c]
frame #20: /workspace/vllm/.venv/bin/python() [0x6a946a]
frame #21: /workspace/vllm/.venv/bin/python() [0x6a8bf2]
frame #22: /workspace/vllm/.venv/bin/python() [0x581f37]
frame #23: _PyEval_EvalFrameDefault + 0x4c3a (0x5db0ba in /workspace/vllm/.venv/bin/python)
frame #24: /workspace/vllm/.venv/bin/python() [0x549d47]
frame #25: PyObject_CallMethodObjArgs + 0xe3 (0x54b5c3 in /workspace/vllm/.venv/bin/python)
frame #26: PyImport_ImportModuleLevelObject + 0x395 (0x5fd805 in /workspace/vllm/.venv/bin/python)
frame #27: _PyEval_EvalFrameDefault + 0x5eee (0x5dc36e in /workspace/vllm/.venv/bin/python)
frame #28: PyEval_EvalCode + 0x15b (0x5d543b in /workspace/vllm/.venv/bin/python)
frame #29: /workspace/vllm/.venv/bin/python() [0x5d322c]
frame #30: /workspace/vllm/.venv/bin/python() [0x581d1d]
frame #31: _PyEval_EvalFrameDefault + 0x4c3a (0x5db0ba in /workspace/vllm/.venv/bin/python)
frame #32: PyObject_CallOneArg + 0x4d (0x54a65d in /workspace/vllm/.venv/bin/python)
frame #33: /workspace/vllm/.venv/bin/python() [0x582e84]
frame #34: _PyObject_LookupAttr + 0x7a (0x584bea in /workspace/vllm/.venv/bin/python)
frame #35: /workspace/vllm/.venv/bin/python() [0x5d2b8a]
frame #36: _PyEval_EvalFrameDefault + 0x207d (0x5d84fd in /workspace/vllm/.venv/bin/python)
frame #37: /workspace/vllm/.venv/bin/python() [0x549d47]
frame #38: PyObject_CallMethodObjArgs + 0xe3 (0x54b5c3 in /workspace/vllm/.venv/bin/python)
frame #39: PyImport_ImportModuleLevelObject + 0x5eb (0x5fda5b in /workspace/vllm/.venv/bin/python)
frame #40: _PyEval_EvalFrameDefault + 0x5eee (0x5dc36e in /workspace/vllm/.venv/bin/python)
frame #41: PyEval_EvalCode + 0x15b (0x5d543b in /workspace/vllm/.venv/bin/python)
frame #42: /workspace/vllm/.venv/bin/python() [0x5d322c]
frame #43: /workspace/vllm/.venv/bin/python() [0x581d1d]
frame #44: _PyEval_EvalFrameDefault + 0x4c3a (0x5db0ba in /workspace/vllm/.venv/bin/python)
frame #45: /workspace/vllm/.venv/bin/python() [0x549d47]
frame #46: PyObject_CallMethodObjArgs + 0xe3 (0x54b5c3 in /workspace/vllm/.venv/bin/python)
frame #47: PyImport_ImportModuleLevelObject + 0x395 (0x5fd805 in /workspace/vllm/.venv/bin/python)
frame #48: _PyEval_EvalFrameDefault + 0x5eee (0x5dc36e in /workspace/vllm/.venv/bin/python)
frame #49: PyEval_EvalCode + 0x15b (0x5d543b in /workspace/vllm/.venv/bin/python)
frame #50: /workspace/vllm/.venv/bin/python() [0x5d322c]
frame #51: /workspace/vllm/.venv/bin/python() [0x581d1d]
frame #52: _PyEval_EvalFrameDefault + 0x4c3a (0x5db0ba in /workspace/vllm/.venv/bin/python)
frame #53: /workspace/vllm/.venv/bin/python() [0x549d47]
frame #54: PyObject_CallMethodObjArgs + 0xe3 (0x54b5c3 in /workspace/vllm/.venv/bin/python)
frame #55: PyImport_ImportModuleLevelObject + 0x395 (0x5fd805 in /workspace/vllm/.venv/bin/python)
frame #56: _PyEval_EvalFrameDefault + 0x5eee (0x5dc36e in /workspace/vllm/.venv/bin/python)
frame #57: PyEval_EvalCode + 0x15b (0x5d543b in /workspace/vllm/.venv/bin/python)
frame #58: /workspace/vllm/.venv/bin/python() [0x5d322c]
frame #59: /workspace/vllm/.venv/bin/python() [0x581d1d]
frame #60: _PyEval_EvalFrameDefault + 0x4c3a (0x5db0ba in /workspace/vllm/.venv/bin/python)
frame #61: /workspace/vllm/.venv/bin/python() [0x549d47]
frame #62: PyObject_CallMethodObjArgs + 0xe3 (0x54b5c3 in /workspace/vllm/.venv/bin/python)

[W708 09:14:22.517162897 OperatorEntry.cpp:208] Warning: Warning only once for all operators,  other operators may also be overridden.
  Overriding a previously registered kernel for the same operator and the same dispatch key
  operator: _C::persistent_masked_m_silu_mul_quant(Tensor input, Tensor counts, Tensor($0! -> ) y_q, Tensor($1! -> ) y_s, bool use_ue8m0) -> ()
    registered at /workspace/csrc/torch_bindings.cpp:21
  dispatch key: CUDA
  previous kernel: registered at /workspace/csrc/torch_bindings.cpp:21
       new kernel: registered at /workspace/csrc/libtorch_stable/torch_bindings.cpp:603 (function operator())
[E708 09:14:22.648901262 shim_common.cpp:1458] Exception in aoti_torch: Tried to register an operator (_C::persistent_masked_m_silu_mul_quant(Tensor input, Tensor counts, Tensor($0! -> ) y_q, Tensor($1! -> ) y_s, bool use_ue8m0) -> ()) with the same name and overload name multiple times. Each overload's schema should only be registered with a single call to def(). Duplicate registration: registered at /workspace/csrc/libtorch_stable/torch_bindings.cpp:10. Original registration: registered at /workspace/csrc/torch_bindings.cpp:21
Exception raised from registerDef at /pytorch/aten/src/ATen/core/dispatch/Dispatcher.cpp:248 (most recent call first):
frame #0: c10::Error::Error(c10::SourceLocation, std::__cxx11::basic_string<char, std::char_traits<char>, std::allocator<char> >) + 0x9d (0x7ffff6b7205d in /workspace/vllm/.venv/lib/python3.12/site-packages/torch/lib/libc10.so)
frame #1: c10::detail::torchCheckFail(char const*, char const*, unsigned int, std::__cxx11::basic_string<char, std::char_traits<char>, std::allocator<char> > const&) + 0xc3 (0x7ffff6b066fd in /workspace/vllm/.venv/lib/python3.12/site-packages/torch/lib/libc10.so)
frame #2: c10::Dispatcher::registerDef(c10::FunctionSchema, std::__cxx11::basic_string<char, std::char_traits<char>, std::allocator<char> >, std::vector<at::Tag, std::allocator<at::Tag> >) + 0x35e (0x7fff0e6811fe in /workspace/vllm/.venv/lib/python3.12/site-packages/torch/lib/libtorch_cpu.so)
frame #3: torch::Library::_def(c10::FunctionSchema&&, c10::OperatorName*, std::vector<at::Tag, std::allocator<at::Tag> > const&, torch::_RegisterOrVerify) & + 0x514 (0x7fff0e6c2254 in /workspace/vllm/.venv/lib/python3.12/site-packages/torch/lib/libtorch_cpu.so)
frame #4: aoti_torch_library_def + 0x99 (0x7fff128d45b9 in /workspace/vllm/.venv/lib/python3.12/site-packages/torch/lib/libtorch_cpu.so)
frame #5: <unknown function> + 0x2bdaf1 (0x7ffe8aebeaf1 in /workspace/vllm/vllm/_C_stable_libtorch.abi3.so)
frame #6: <unknown function> + 0x2bf0ce (0x7ffe8aec00ce in /workspace/vllm/vllm/_C_stable_libtorch.abi3.so)
frame #7: <unknown function> + 0x279d92 (0x7ffe8ae7ad92 in /workspace/vllm/vllm/_C_stable_libtorch.abi3.so)
frame #8: <unknown function> + 0x571f (0x7ffff7fca71f in /lib64/ld-linux-x86-64.so.2)
frame #9: <unknown function> + 0x5824 (0x7ffff7fca824 in /lib64/ld-linux-x86-64.so.2)
frame #10: _dl_catch_exception + 0x132 (0x7ffff7fc65b2 in /lib64/ld-linux-x86-64.so.2)
frame #11: <unknown function> + 0xcd7c (0x7ffff7fd1d7c in /lib64/ld-linux-x86-64.so.2)
frame #12: _dl_catch_exception + 0x9c (0x7ffff7fc651c in /lib64/ld-linux-x86-64.so.2)
frame #13: <unknown function> + 0xd164 (0x7ffff7fd2164 in /lib64/ld-linux-x86-64.so.2)
frame #14: <unknown function> + 0x981a4 (0x7ffff7d0c1a4 in /usr/lib/x86_64-linux-gnu/libc.so.6)
frame #15: _dl_catch_exception + 0x9c (0x7ffff7fc651c in /lib64/ld-linux-x86-64.so.2)
frame #16: <unknown function> + 0x1669 (0x7ffff7fc6669 in /lib64/ld-linux-x86-64.so.2)
frame #17: <unknown function> + 0x97c83 (0x7ffff7d0bc83 in /usr/lib/x86_64-linux-gnu/libc.so.6)
frame #18: dlopen + 0x6f (0x7ffff7d0c25f in /usr/lib/x86_64-linux-gnu/libc.so.6)
frame #19: /workspace/vllm/.venv/bin/python() [0x6bc36c]
frame #20: /workspace/vllm/.venv/bin/python() [0x6a946a]
frame #21: /workspace/vllm/.venv/bin/python() [0x6a8bf2]
frame #22: /workspace/vllm/.venv/bin/python() [0x581f37]
frame #23: _PyEval_EvalFrameDefault + 0x4c3a (0x5db0ba in /workspace/vllm/.venv/bin/python)
frame #24: /workspace/vllm/.venv/bin/python() [0x549d47]
frame #25: PyObject_CallMethodObjArgs + 0xe3 (0x54b5c3 in /workspace/vllm/.venv/bin/python)
frame #26: PyImport_ImportModuleLevelObject + 0x395 (0x5fd805 in /workspace/vllm/.venv/bin/python)
frame #27: _PyEval_EvalFrameDefault + 0x5eee (0x5dc36e in /workspace/vllm/.venv/bin/python)
frame #28: PyEval_EvalCode + 0x15b (0x5d543b in /workspace/vllm/.venv/bin/python)
frame #29: /workspace/vllm/.venv/bin/python() [0x5d322c]
frame #30: /workspace/vllm/.venv/bin/python() [0x581d1d]
frame #31: _PyEval_EvalFrameDefault + 0x4c3a (0x5db0ba in /workspace/vllm/.venv/bin/python)
frame #32: PyObject_CallOneArg + 0x4d (0x54a65d in /workspace/vllm/.venv/bin/python)
frame #33: /workspace/vllm/.venv/bin/python() [0x582e84]
frame #34: _PyObject_LookupAttr + 0x7a (0x584bea in /workspace/vllm/.venv/bin/python)
frame #35: /workspace/vllm/.venv/bin/python() [0x5d2b8a]
frame #36: _PyEval_EvalFrameDefault + 0x207d (0x5d84fd in /workspace/vllm/.venv/bin/python)
frame #37: /workspace/vllm/.venv/bin/python() [0x549d47]
frame #38: PyObject_CallMethodObjArgs + 0xe3 (0x54b5c3 in /workspace/vllm/.venv/bin/python)
frame #39: PyImport_ImportModuleLevelObject + 0x5eb (0x5fda5b in /workspace/vllm/.venv/bin/python)
frame #40: _PyEval_EvalFrameDefault + 0x5eee (0x5dc36e in /workspace/vllm/.venv/bin/python)
frame #41: PyEval_EvalCode + 0x15b (0x5d543b in /workspace/vllm/.venv/bin/python)
frame #42: /workspace/vllm/.venv/bin/python() [0x5d322c]
frame #43: /workspace/vllm/.venv/bin/python() [0x581d1d]
frame #44: _PyEval_EvalFrameDefault + 0x4c3a (0x5db0ba in /workspace/vllm/.venv/bin/python)
frame #45: /workspace/vllm/.venv/bin/python() [0x549d47]
frame #46: PyObject_CallMethodObjArgs + 0xe3 (0x54b5c3 in /workspace/vllm/.venv/bin/python)
frame #47: PyImport_ImportModuleLevelObject + 0x395 (0x5fd805 in /workspace/vllm/.venv/bin/python)
frame #48: _PyEval_EvalFrameDefault + 0x5eee (0x5dc36e in /workspace/vllm/.venv/bin/python)
frame #49: PyEval_EvalCode + 0x15b (0x5d543b in /workspace/vllm/.venv/bin/python)
frame #50: /workspace/vllm/.venv/bin/python() [0x5d322c]
frame #51: /workspace/vllm/.venv/bin/python() [0x581d1d]
frame #52: _PyEval_EvalFrameDefault + 0x4c3a (0x5db0ba in /workspace/vllm/.venv/bin/python)
frame #53: /workspace/vllm/.venv/bin/python() [0x549d47]
frame #54: PyObject_CallMethodObjArgs + 0xe3 (0x54b5c3 in /workspace/vllm/.venv/bin/python)
frame #55: PyImport_ImportModuleLevelObject + 0x395 (0x5fd805 in /workspace/vllm/.venv/bin/python)
frame #56: _PyEval_EvalFrameDefault + 0x5eee (0x5dc36e in /workspace/vllm/.venv/bin/python)
frame #57: PyEval_EvalCode + 0x15b (0x5d543b in /workspace/vllm/.venv/bin/python)
frame #58: /workspace/vllm/.venv/bin/python() [0x5d322c]
frame #59: /workspace/vllm/.venv/bin/python() [0x581d1d]
frame #60: _PyEval_EvalFrameDefault + 0x4c3a (0x5db0ba in /workspace/vllm/.venv/bin/python)
frame #61: /workspace/vllm/.venv/bin/python() [0x549d47]
frame #62: PyObject_CallMethodObjArgs + 0xe3 (0x54b5c3 in /workspace/vllm/.venv/bin/python)

[E708 09:14:22.650777919 shim_common.cpp:1458] Exception in aoti_torch: Tried to register an operator (_C::weak_ref_tensor(Tensor input) -> Tensor) with the same name and overload name multiple times. Each overload's schema should only be registered with a single call to def(). Duplicate registration: registered at /workspace/csrc/libtorch_stable/torch_bindings.cpp:10. Original registration: registered at /workspace/csrc/torch_bindings.cpp:21
Exception raised from registerDef at /pytorch/aten/src/ATen/core/dispatch/Dispatcher.cpp:248 (most recent call first):
frame #0: c10::Error::Error(c10::SourceLocation, std::__cxx11::basic_string<char, std::char_traits<char>, std::allocator<char> >) + 0x9d (0x7ffff6b7205d in /workspace/vllm/.venv/lib/python3.12/site-packages/torch/lib/libc10.so)
frame #1: c10::detail::torchCheckFail(char const*, char const*, unsigned int, std::__cxx11::basic_string<char, std::char_traits<char>, std::allocator<char> > const&) + 0xc3 (0x7ffff6b066fd in /workspace/vllm/.venv/lib/python3.12/site-packages/torch/lib/libc10.so)
frame #2: c10::Dispatcher::registerDef(c10::FunctionSchema, std::__cxx11::basic_string<char, std::char_traits<char>, std::allocator<char> >, std::vector<at::Tag, std::allocator<at::Tag> >) + 0x35e (0x7fff0e6811fe in /workspace/vllm/.venv/lib/python3.12/site-packages/torch/lib/libtorch_cpu.so)
frame #3: torch::Library::_def(c10::FunctionSchema&&, c10::OperatorName*, std::vector<at::Tag, std::allocator<at::Tag> > const&, torch::_RegisterOrVerify) & + 0x514 (0x7fff0e6c2254 in /workspace/vllm/.venv/lib/python3.12/site-packages/torch/lib/libtorch_cpu.so)
frame #4: aoti_torch_library_def + 0x99 (0x7fff128d45b9 in /workspace/vllm/.venv/lib/python3.12/site-packages/torch/lib/libtorch_cpu.so)
frame #5: <unknown function> + 0x2bdb00 (0x7ffe8aebeb00 in /workspace/vllm/vllm/_C_stable_libtorch.abi3.so)
frame #6: <unknown function> + 0x2bf0ce (0x7ffe8aec00ce in /workspace/vllm/vllm/_C_stable_libtorch.abi3.so)
frame #7: <unknown function> + 0x279d92 (0x7ffe8ae7ad92 in /workspace/vllm/vllm/_C_stable_libtorch.abi3.so)
frame #8: <unknown function> + 0x571f (0x7ffff7fca71f in /lib64/ld-linux-x86-64.so.2)
frame #9: <unknown function> + 0x5824 (0x7ffff7fca824 in /lib64/ld-linux-x86-64.so.2)
frame #10: _dl_catch_exception + 0x132 (0x7ffff7fc65b2 in /lib64/ld-linux-x86-64.so.2)
frame #11: <unknown function> + 0xcd7c (0x7ffff7fd1d7c in /lib64/ld-linux-x86-64.so.2)
frame #12: _dl_catch_exception + 0x9c (0x7ffff7fc651c in /lib64/ld-linux-x86-64.so.2)
frame #13: <unknown function> + 0xd164 (0x7ffff7fd2164 in /lib64/ld-linux-x86-64.so.2)
frame #14: <unknown function> + 0x981a4 (0x7ffff7d0c1a4 in /usr/lib/x86_64-linux-gnu/libc.so.6)
frame #15: _dl_catch_exception + 0x9c (0x7ffff7fc651c in /lib64/ld-linux-x86-64.so.2)
frame #16: <unknown function> + 0x1669 (0x7ffff7fc6669 in /lib64/ld-linux-x86-64.so.2)
frame #17: <unknown function> + 0x97c83 (0x7ffff7d0bc83 in /usr/lib/x86_64-linux-gnu/libc.so.6)
frame #18: dlopen + 0x6f (0x7ffff7d0c25f in /usr/lib/x86_64-linux-gnu/libc.so.6)
frame #19: /workspace/vllm/.venv/bin/python() [0x6bc36c]
frame #20: /workspace/vllm/.venv/bin/python() [0x6a946a]
frame #21: /workspace/vllm/.venv/bin/python() [0x6a8bf2]
frame #22: /workspace/vllm/.venv/bin/python() [0x581f37]
frame #23: _PyEval_EvalFrameDefault + 0x4c3a (0x5db0ba in /workspace/vllm/.venv/bin/python)
frame #24: /workspace/vllm/.venv/bin/python() [0x549d47]
frame #25: PyObject_CallMethodObjArgs + 0xe3 (0x54b5c3 in /workspace/vllm/.venv/bin/python)
frame #26: PyImport_ImportModuleLevelObject + 0x395 (0x5fd805 in /workspace/vllm/.venv/bin/python)
frame #27: _PyEval_EvalFrameDefault + 0x5eee (0x5dc36e in /workspace/vllm/.venv/bin/python)
frame #28: PyEval_EvalCode + 0x15b (0x5d543b in /workspace/vllm/.venv/bin/python)
frame #29: /workspace/vllm/.venv/bin/python() [0x5d322c]
frame #30: /workspace/vllm/.venv/bin/python() [0x581d1d]
frame #31: _PyEval_EvalFrameDefault + 0x4c3a (0x5db0ba in /workspace/vllm/.venv/bin/python)
frame #32: PyObject_CallOneArg + 0x4d (0x54a65d in /workspace/vllm/.venv/bin/python)
frame #33: /workspace/vllm/.venv/bin/python() [0x582e84]
frame #34: _PyObject_LookupAttr + 0x7a (0x584bea in /workspace/vllm/.venv/bin/python)
frame #35: /workspace/vllm/.venv/bin/python() [0x5d2b8a]
frame #36: _PyEval_EvalFrameDefault + 0x207d (0x5d84fd in /workspace/vllm/.venv/bin/python)
frame #37: /workspace/vllm/.venv/bin/python() [0x549d47]
frame #38: PyObject_CallMethodObjArgs + 0xe3 (0x54b5c3 in /workspace/vllm/.venv/bin/python)
frame #39: PyImport_ImportModuleLevelObject + 0x5eb (0x5fda5b in /workspace/vllm/.venv/bin/python)
frame #40: _PyEval_EvalFrameDefault + 0x5eee (0x5dc36e in /workspace/vllm/.venv/bin/python)
frame #41: PyEval_EvalCode + 0x15b (0x5d543b in /workspace/vllm/.venv/bin/python)
frame #42: /workspace/vllm/.venv/bin/python() [0x5d322c]
frame #43: /workspace/vllm/.venv/bin/python() [0x581d1d]
frame #44: _PyEval_EvalFrameDefault + 0x4c3a (0x5db0ba in /workspace/vllm/.venv/bin/python)
frame #45: /workspace/vllm/.venv/bin/python() [0x549d47]
frame #46: PyObject_CallMethodObjArgs + 0xe3 (0x54b5c3 in /workspace/vllm/.venv/bin/python)
frame #47: PyImport_ImportModuleLevelObject + 0x395 (0x5fd805 in /workspace/vllm/.venv/bin/python)
frame #48: _PyEval_EvalFrameDefault + 0x5eee (0x5dc36e in /workspace/vllm/.venv/bin/python)
frame #49: PyEval_EvalCode + 0x15b (0x5d543b in /workspace/vllm/.venv/bin/python)
frame #50: /workspace/vllm/.venv/bin/python() [0x5d322c]
frame #51: /workspace/vllm/.venv/bin/python() [0x581d1d]
frame #52: _PyEval_EvalFrameDefault + 0x4c3a (0x5db0ba in /workspace/vllm/.venv/bin/python)
frame #53: /workspace/vllm/.venv/bin/python() [0x549d47]
frame #54: PyObject_CallMethodObjArgs + 0xe3 (0x54b5c3 in /workspace/vllm/.venv/bin/python)
frame #55: PyImport_ImportModuleLevelObject + 0x395 (0x5fd805 in /workspace/vllm/.venv/bin/python)
frame #56: _PyEval_EvalFrameDefault + 0x5eee (0x5dc36e in /workspace/vllm/.venv/bin/python)
frame #57: PyEval_EvalCode + 0x15b (0x5d543b in /workspace/vllm/.venv/bin/python)
frame #58: /workspace/vllm/.venv/bin/python() [0x5d322c]
frame #59: /workspace/vllm/.venv/bin/python() [0x581d1d]
frame #60: _PyEval_EvalFrameDefault + 0x4c3a (0x5db0ba in /workspace/vllm/.venv/bin/python)
frame #61: /workspace/vllm/.venv/bin/python() [0x549d47]
frame #62: PyObject_CallMethodObjArgs + 0xe3 (0x54b5c3 in /workspace/vllm/.venv/bin/python)

[E708 09:14:22.652661414 shim_common.cpp:1458] Exception in aoti_torch: Tried to register an operator (_C::silu_and_mul_quant(Tensor($0! -> ) result, Tensor input, Tensor scale) -> ()) with the same name and overload name multiple times. Each overload's schema should only be registered with a single call to def(). Duplicate registration: registered at /workspace/csrc/libtorch_stable/torch_bindings.cpp:10. Original registration: registered at /workspace/csrc/torch_bindings.cpp:21
Exception raised from registerDef at /pytorch/aten/src/ATen/core/dispatch/Dispatcher.cpp:248 (most recent call first):
frame #0: c10::Error::Error(c10::SourceLocation, std::__cxx11::basic_string<char, std::char_traits<char>, std::allocator<char> >) + 0x9d (0x7ffff6b7205d in /workspace/vllm/.venv/lib/python3.12/site-packages/torch/lib/libc10.so)
frame #1: c10::detail::torchCheckFail(char const*, char const*, unsigned int, std::__cxx11::basic_string<char, std::char_traits<char>, std::allocator<char> > const&) + 0xc3 (0x7ffff6b066fd in /workspace/vllm/.venv/lib/python3.12/site-packages/torch/lib/libc10.so)
frame #2: c10::Dispatcher::registerDef(c10::FunctionSchema, std::__cxx11::basic_string<char, std::char_traits<char>, std::allocator<char> >, std::vector<at::Tag, std::allocator<at::Tag> >) + 0x35e (0x7fff0e6811fe in /workspace/vllm/.venv/lib/python3.12/site-packages/torch/lib/libtorch_cpu.so)
frame #3: torch::Library::_def(c10::FunctionSchema&&, c10::OperatorName*, std::vector<at::Tag, std::allocator<at::Tag> > const&, torch::_RegisterOrVerify) & + 0x514 (0x7fff0e6c2254 in /workspace/vllm/.venv/lib/python3.12/site-packages/torch/lib/libtorch_cpu.so)
frame #4: aoti_torch_library_def + 0x99 (0x7fff128d45b9 in /workspace/vllm/.venv/lib/python3.12/site-packages/torch/lib/libtorch_cpu.so)
frame #5: <unknown function> + 0x2bdb3c (0x7ffe8aebeb3c in /workspace/vllm/vllm/_C_stable_libtorch.abi3.so)
frame #6: <unknown function> + 0x2bf0ce (0x7ffe8aec00ce in /workspace/vllm/vllm/_C_stable_libtorch.abi3.so)
frame #7: <unknown function> + 0x279d92 (0x7ffe8ae7ad92 in /workspace/vllm/vllm/_C_stable_libtorch.abi3.so)
frame #8: <unknown function> + 0x571f (0x7ffff7fca71f in /lib64/ld-linux-x86-64.so.2)
frame #9: <unknown function> + 0x5824 (0x7ffff7fca824 in /lib64/ld-linux-x86-64.so.2)
frame #10: _dl_catch_exception + 0x132 (0x7ffff7fc65b2 in /lib64/ld-linux-x86-64.so.2)
frame #11: <unknown function> + 0xcd7c (0x7ffff7fd1d7c in /lib64/ld-linux-x86-64.so.2)
frame #12: _dl_catch_exception + 0x9c (0x7ffff7fc651c in /lib64/ld-linux-x86-64.so.2)
frame #13: <unknown function> + 0xd164 (0x7ffff7fd2164 in /lib64/ld-linux-x86-64.so.2)
frame #14: <unknown function> + 0x981a4 (0x7ffff7d0c1a4 in /usr/lib/x86_64-linux-gnu/libc.so.6)
frame #15: _dl_catch_exception + 0x9c (0x7ffff7fc651c in /lib64/ld-linux-x86-64.so.2)
frame #16: <unknown function> + 0x1669 (0x7ffff7fc6669 in /lib64/ld-linux-x86-64.so.2)
frame #17: <unknown function> + 0x97c83 (0x7ffff7d0bc83 in /usr/lib/x86_64-linux-gnu/libc.so.6)
frame #18: dlopen + 0x6f (0x7ffff7d0c25f in /usr/lib/x86_64-linux-gnu/libc.so.6)
frame #19: /workspace/vllm/.venv/bin/python() [0x6bc36c]
frame #20: /workspace/vllm/.venv/bin/python() [0x6a946a]
frame #21: /workspace/vllm/.venv/bin/python() [0x6a8bf2]
frame #22: /workspace/vllm/.venv/bin/python() [0x581f37]
frame #23: _PyEval_EvalFrameDefault + 0x4c3a (0x5db0ba in /workspace/vllm/.venv/bin/python)
frame #24: /workspace/vllm/.venv/bin/python() [0x549d47]
frame #25: PyObject_CallMethodObjArgs + 0xe3 (0x54b5c3 in /workspace/vllm/.venv/bin/python)
frame #26: PyImport_ImportModuleLevelObject + 0x395 (0x5fd805 in /workspace/vllm/.venv/bin/python)
frame #27: _PyEval_EvalFrameDefault + 0x5eee (0x5dc36e in /workspace/vllm/.venv/bin/python)
frame #28: PyEval_EvalCode + 0x15b (0x5d543b in /workspace/vllm/.venv/bin/python)
frame #29: /workspace/vllm/.venv/bin/python() [0x5d322c]
frame #30: /workspace/vllm/.venv/bin/python() [0x581d1d]
frame #31: _PyEval_EvalFrameDefault + 0x4c3a (0x5db0ba in /workspace/vllm/.venv/bin/python)
frame #32: PyObject_CallOneArg + 0x4d (0x54a65d in /workspace/vllm/.venv/bin/python)
frame #33: /workspace/vllm/.venv/bin/python() [0x582e84]
frame #34: _PyObject_LookupAttr + 0x7a (0x584bea in /workspace/vllm/.venv/bin/python)
frame #35: /workspace/vllm/.venv/bin/python() [0x5d2b8a]
frame #36: _PyEval_EvalFrameDefault + 0x207d (0x5d84fd in /workspace/vllm/.venv/bin/python)
frame #37: /workspace/vllm/.venv/bin/python() [0x549d47]
frame #38: PyObject_CallMethodObjArgs + 0xe3 (0x54b5c3 in /workspace/vllm/.venv/bin/python)
frame #39: PyImport_ImportModuleLevelObject + 0x5eb (0x5fda5b in /workspace/vllm/.venv/bin/python)
frame #40: _PyEval_EvalFrameDefault + 0x5eee (0x5dc36e in /workspace/vllm/.venv/bin/python)
frame #41: PyEval_EvalCode + 0x15b (0x5d543b in /workspace/vllm/.venv/bin/python)
frame #42: /workspace/vllm/.venv/bin/python() [0x5d322c]
frame #43: /workspace/vllm/.venv/bin/python() [0x581d1d]
frame #44: _PyEval_EvalFrameDefault + 0x4c3a (0x5db0ba in /workspace/vllm/.venv/bin/python)
frame #45: /workspace/vllm/.venv/bin/python() [0x549d47]
frame #46: PyObject_CallMethodObjArgs + 0xe3 (0x54b5c3 in /workspace/vllm/.venv/bin/python)
frame #47: PyImport_ImportModuleLevelObject + 0x395 (0x5fd805 in /workspace/vllm/.venv/bin/python)
frame #48: _PyEval_EvalFrameDefault + 0x5eee (0x5dc36e in /workspace/vllm/.venv/bin/python)
frame #49: PyEval_EvalCode + 0x15b (0x5d543b in /workspace/vllm/.venv/bin/python)
frame #50: /workspace/vllm/.venv/bin/python() [0x5d322c]
frame #51: /workspace/vllm/.venv/bin/python() [0x581d1d]
frame #52: _PyEval_EvalFrameDefault + 0x4c3a (0x5db0ba in /workspace/vllm/.venv/bin/python)
frame #53: /workspace/vllm/.venv/bin/python() [0x549d47]
frame #54: PyObject_CallMethodObjArgs + 0xe3 (0x54b5c3 in /workspace/vllm/.venv/bin/python)
frame #55: PyImport_ImportModuleLevelObject + 0x395 (0x5fd805 in /workspace/vllm/.venv/bin/python)
frame #56: _PyEval_EvalFrameDefault + 0x5eee (0x5dc36e in /workspace/vllm/.venv/bin/python)
frame #57: PyEval_EvalCode + 0x15b (0x5d543b in /workspace/vllm/.venv/bin/python)
frame #58: /workspace/vllm/.venv/bin/python() [0x5d322c]
frame #59: /workspace/vllm/.venv/bin/python() [0x581d1d]
frame #60: _PyEval_EvalFrameDefault + 0x4c3a (0x5db0ba in /workspace/vllm/.venv/bin/python)
frame #61: /workspace/vllm/.venv/bin/python() [0x549d47]
frame #62: PyObject_CallMethodObjArgs + 0xe3 (0x54b5c3 in /workspace/vllm/.venv/bin/python)

[W708 09:14:22.654737097 OperatorEntry.cpp:208] Warning: Warning only once for all operators,  other operators may also be overridden.
  Overriding a previously registered kernel for the same operator and the same dispatch key
  operator: _C::persistent_masked_m_silu_mul_quant(Tensor input, Tensor counts, Tensor($0! -> ) y_q, Tensor($1! -> ) y_s, bool use_ue8m0) -> ()
    registered at /workspace/csrc/torch_bindings.cpp:21
  dispatch key: CUDA
  previous kernel: registered at /workspace/csrc/torch_bindings.cpp:21
       new kernel: registered at /workspace/csrc/libtorch_stable/torch_bindings.cpp:603 (function operator())
(Worker pid=556331) INFO 07-08 09:14:31 [parallel_state.py:1422] world_size=8 rank=7 local_rank=7 distributed_init_method=tcp://127.0.0.1:57171 backend=nccl
(Worker pid=556328) INFO 07-08 09:14:31 [parallel_state.py:1422] world_size=8 rank=4 local_rank=4 distributed_init_method=tcp://127.0.0.1:57171 backend=nccl
(Worker pid=556324) INFO 07-08 09:14:31 [parallel_state.py:1422] world_size=8 rank=0 local_rank=0 distributed_init_method=tcp://127.0.0.1:57171 backend=nccl
(Worker pid=556329) INFO 07-08 09:14:32 [parallel_state.py:1422] world_size=8 rank=5 local_rank=5 distributed_init_method=tcp://127.0.0.1:57171 backend=nccl
(Worker pid=556330) INFO 07-08 09:14:32 [parallel_state.py:1422] world_size=8 rank=6 local_rank=6 distributed_init_method=tcp://127.0.0.1:57171 backend=nccl
(Worker pid=556325) INFO 07-08 09:14:32 [parallel_state.py:1422] world_size=8 rank=1 local_rank=1 distributed_init_method=tcp://127.0.0.1:57171 backend=nccl
(Worker pid=556326) INFO 07-08 09:14:32 [parallel_state.py:1422] world_size=8 rank=2 local_rank=2 distributed_init_method=tcp://127.0.0.1:57171 backend=nccl
(Worker pid=556327) INFO 07-08 09:14:32 [parallel_state.py:1422] world_size=8 rank=3 local_rank=3 distributed_init_method=tcp://127.0.0.1:57171 backend=nccl
(Worker pid=556328) INFO 07-08 09:14:32 [parallel_state.py:1607] Using ft_nccl backend for tensor-parallel groups.
(Worker pid=556330) INFO 07-08 09:14:32 [parallel_state.py:1607] Using ft_nccl backend for tensor-parallel groups.
(Worker pid=556326) INFO 07-08 09:14:32 [parallel_state.py:1607] Using ft_nccl backend for tensor-parallel groups.
(Worker pid=556325) INFO 07-08 09:14:32 [parallel_state.py:1607] Using ft_nccl backend for tensor-parallel groups.
(Worker pid=556324) INFO 07-08 09:14:32 [parallel_state.py:1607] Using ft_nccl backend for tensor-parallel groups.
(Worker pid=556329) INFO 07-08 09:14:32 [parallel_state.py:1607] Using ft_nccl backend for tensor-parallel groups.
(Worker pid=556331) INFO 07-08 09:14:32 [parallel_state.py:1607] Using ft_nccl backend for tensor-parallel groups.
(Worker pid=556327) INFO 07-08 09:14:32 [parallel_state.py:1607] Using ft_nccl backend for tensor-parallel groups.
(Worker pid=556330) <frozen importlib._bootstrap_external>:1297: FutureWarning: The cuda.cudart module is deprecated and will be removed in a future release, please switch to use the cuda.bindings.runtime module instead.
(Worker pid=556324) <frozen importlib._bootstrap_external>:1297: FutureWarning: The cuda.cudart module is deprecated and will be removed in a future release, please switch to use the cuda.bindings.runtime module instead.
(Worker pid=556330) <frozen importlib._bootstrap_external>:1297: FutureWarning: The cuda.nvrtc module is deprecated and will be removed in a future release, please switch to use the cuda.bindings.nvrtc module instead.
(Worker pid=556324) <frozen importlib._bootstrap_external>:1297: FutureWarning: The cuda.nvrtc module is deprecated and will be removed in a future release, please switch to use the cuda.bindings.nvrtc module instead.
(Worker pid=556326) <frozen importlib._bootstrap_external>:1297: FutureWarning: The cuda.cudart module is deprecated and will be removed in a future release, please switch to use the cuda.bindings.runtime module instead.
(Worker pid=556326) <frozen importlib._bootstrap_external>:1297: FutureWarning: The cuda.nvrtc module is deprecated and will be removed in a future release, please switch to use the cuda.bindings.nvrtc module instead.
(Worker pid=556329) <frozen importlib._bootstrap_external>:1297: FutureWarning: The cuda.cudart module is deprecated and will be removed in a future release, please switch to use the cuda.bindings.runtime module instead.
(Worker pid=556329) <frozen importlib._bootstrap_external>:1297: FutureWarning: The cuda.nvrtc module is deprecated and will be removed in a future release, please switch to use the cuda.bindings.nvrtc module instead.
(Worker pid=556331) <frozen importlib._bootstrap_external>:1297: FutureWarning: The cuda.cudart module is deprecated and will be removed in a future release, please switch to use the cuda.bindings.runtime module instead.
(Worker pid=556331) <frozen importlib._bootstrap_external>:1297: FutureWarning: The cuda.nvrtc module is deprecated and will be removed in a future release, please switch to use the cuda.bindings.nvrtc module instead.
(Worker pid=556327) <frozen importlib._bootstrap_external>:1297: FutureWarning: The cuda.cudart module is deprecated and will be removed in a future release, please switch to use the cuda.bindings.runtime module instead.
(Worker pid=556327) <frozen importlib._bootstrap_external>:1297: FutureWarning: The cuda.nvrtc module is deprecated and will be removed in a future release, please switch to use the cuda.bindings.nvrtc module instead.
(Worker pid=556328) <frozen importlib._bootstrap_external>:1297: FutureWarning: The cuda.cudart module is deprecated and will be removed in a future release, please switch to use the cuda.bindings.runtime module instead.
(Worker pid=556328) <frozen importlib._bootstrap_external>:1297: FutureWarning: The cuda.nvrtc module is deprecated and will be removed in a future release, please switch to use the cuda.bindings.nvrtc module instead.
(Worker pid=556325) <frozen importlib._bootstrap_external>:1297: FutureWarning: The cuda.cudart module is deprecated and will be removed in a future release, please switch to use the cuda.bindings.runtime module instead.
(Worker pid=556325) <frozen importlib._bootstrap_external>:1297: FutureWarning: The cuda.nvrtc module is deprecated and will be removed in a future release, please switch to use the cuda.bindings.nvrtc module instead.
(Worker pid=556324) INFO 07-08 09:14:38 [pynccl.py:113] vLLM is using nccl==2.28.9
(Worker pid=556324) INFO 07-08 09:14:41 [cuda_communicator.py:244] Using ['FT_NCCL', 'PYNCCL'] all-reduce backends (in dispatch order) for group 'tp:0' out of potential backends: ['FT_NCCL', 'NCCL_SYMM_MEM', 'QUICK_REDUCE', 'FLASHINFER', 'CUSTOM', 'SYMM_MEM', 'PYNCCL'].
(Worker pid=556324) INFO 07-08 09:14:41 [parallel_state.py:1746] rank 0 in world size 8 is assigned as DP rank 0, PP rank 0, PCP rank 0, TP rank 0, EP rank N/A, EPLB rank N/A
(Worker pid=556324) INFO 07-08 09:14:42 [topk_topp_sampler.py:45] Using FlashInfer for top-p & top-k sampling.
(Worker_TP0 pid=556324) INFO 07-08 09:14:42 [gpu_model_runner.py:5037] Starting to load model Qwen/Qwen2.5-32B-Instruct...
(Worker_TP0 pid=556324) INFO 07-08 09:14:42 [cuda.py:378] Using FLASH_ATTN attention backend out of potential backends: ['FLASH_ATTN', 'FLASHINFER', 'TRITON_ATTN', 'FLEX_ATTENTION'].
(Worker_TP0 pid=556324) INFO 07-08 09:14:42 [flash_attn.py:636] Using FlashAttention version 3
(Worker_TP7 pid=556331) Warning: You are sending unauthenticated requests to the HF Hub. Please set a HF_TOKEN to enable higher rate limits and faster downloads.
(Worker_TP2 pid=556326) Warning: You are sending unauthenticated requests to the HF Hub. Please set a HF_TOKEN to enable higher rate limits and faster downloads.
(Worker_TP0 pid=556324) Warning: You are sending unauthenticated requests to the HF Hub. Please set a HF_TOKEN to enable higher rate limits and faster downloads.
(Worker_TP4 pid=556328) Warning: You are sending unauthenticated requests to the HF Hub. Please set a HF_TOKEN to enable higher rate limits and faster downloads.
(Worker_TP6 pid=556330) Warning: You are sending unauthenticated requests to the HF Hub. Please set a HF_TOKEN to enable higher rate limits and faster downloads.
(Worker_TP1 pid=556325) Warning: You are sending unauthenticated requests to the HF Hub. Please set a HF_TOKEN to enable higher rate limits and faster downloads.
(Worker_TP5 pid=556329) Warning: You are sending unauthenticated requests to the HF Hub. Please set a HF_TOKEN to enable higher rate limits and faster downloads.
(Worker_TP3 pid=556327) Warning: You are sending unauthenticated requests to the HF Hub. Please set a HF_TOKEN to enable higher rate limits and faster downloads.
(Worker_TP0 pid=556324) INFO 07-08 09:14:44 [weight_utils.py:922] Filesystem type for checkpoints: TMPFS. Checkpoint size: 61.03 GiB. Available RAM: 1698.47 GiB.
(Worker_TP0 pid=556324) INFO 07-08 09:14:44 [weight_utils.py:945] Auto-prefetch is disabled because the filesystem (TMPFS) is not a recognized network FS (NFS/Lustre). If you want to force prefetching, start vLLM with --safetensors-load-strategy=prefetch.
(Worker_TP0 pid=556324) Loading safetensors checkpoint shards:   0% Completed | 0/17 [00:00<?, ?it/s]
(Worker_TP0 pid=556324) Loading safetensors checkpoint shards:   6% Completed | 1/17 [00:00<00:02,  7.45it/s]
(Worker_TP0 pid=556324) Loading safetensors checkpoint shards:  12% Completed | 2/17 [00:00<00:02,  5.78it/s]
(Worker_TP0 pid=556324) Loading safetensors checkpoint shards:  18% Completed | 3/17 [00:00<00:02,  5.26it/s]
(Worker_TP0 pid=556324) Loading safetensors checkpoint shards:  24% Completed | 4/17 [00:00<00:02,  5.09it/s]
(Worker_TP0 pid=556324) Loading safetensors checkpoint shards:  29% Completed | 5/17 [00:00<00:02,  5.01it/s]
(Worker_TP0 pid=556324) Loading safetensors checkpoint shards:  35% Completed | 6/17 [00:01<00:02,  4.99it/s]
(Worker_TP0 pid=556324) Loading safetensors checkpoint shards:  41% Completed | 7/17 [00:01<00:02,  4.99it/s]
(Worker_TP0 pid=556324) Loading safetensors checkpoint shards:  47% Completed | 8/17 [00:01<00:01,  4.94it/s]
(Worker_TP0 pid=556324) Loading safetensors checkpoint shards:  53% Completed | 9/17 [00:01<00:01,  4.92it/s]
(Worker_TP0 pid=556324) Loading safetensors checkpoint shards:  59% Completed | 10/17 [00:01<00:01,  4.92it/s]
(Worker_TP0 pid=556324) Loading safetensors checkpoint shards:  65% Completed | 11/17 [00:02<00:01,  4.87it/s]
(Worker_TP0 pid=556324) Loading safetensors checkpoint shards:  71% Completed | 12/17 [00:02<00:01,  4.71it/s]
(Worker_TP0 pid=556324) Loading safetensors checkpoint shards:  76% Completed | 13/17 [00:02<00:00,  4.69it/s]
(Worker_TP0 pid=556324) Loading safetensors checkpoint shards:  82% Completed | 14/17 [00:02<00:00,  4.66it/s]
(Worker_TP0 pid=556324) Loading safetensors checkpoint shards:  88% Completed | 15/17 [00:03<00:00,  4.73it/s]
(Worker_TP0 pid=556324) Loading safetensors checkpoint shards:  94% Completed | 16/17 [00:03<00:00,  4.74it/s]
(Worker_TP0 pid=556324) Loading safetensors checkpoint shards: 100% Completed | 17/17 [00:03<00:00,  5.25it/s]
(Worker_TP0 pid=556324) Loading safetensors checkpoint shards: 100% Completed | 17/17 [00:03<00:00,  5.00it/s]
(Worker_TP0 pid=556324) 
(Worker_TP0 pid=556324) INFO 07-08 09:14:48 [default_loader.py:397] Loading weights took 3.42 seconds
(Worker_TP0 pid=556324) INFO 07-08 09:14:48 [gpu_model_runner.py:5132] Model loading took 7.69 GiB memory and 5.463218 seconds
(Worker_TP0 pid=556324) INFO 07-08 09:14:56 [backends.py:1087] vLLM's torch.compile cache is disabled.
(Worker_TP0 pid=556324) INFO 07-08 09:14:56 [backends.py:1148] Dynamo bytecode transform time: 7.68 s
(Worker_TP0 pid=556324) INFO 07-08 09:14:56 [flashinfer_all_reduce.py:111] Auto-selected flashinfer allreduce backend: trtllm
(Worker_TP0 pid=556324) /workspace/vllm/.venv/lib/python3.12/site-packages/torch/distributed/c10d_logger.py:83: UserWarning: barrier(): using the device under current context. You can specify `device_id` in `init_process_group` to mute this warning.
(Worker_TP0 pid=556324)   return func(*args, **kwargs)
[rank0]:[W708 09:14:57.233733585 ProcessGroupNCCL.cpp:5188] Guessing device ID based on global rank. This can cause a hang if rank to GPU mapping is heterogeneous. You can specify device_id in init_process_group()
(Worker_TP0 pid=556324) INFO 07-08 09:14:59 [flashinfer_all_reduce.py:151] Initialized FlashInfer Allreduce norm fusion workspace with backend=trtllm
(EngineCore pid=556050) INFO 07-08 09:15:50 [shm_broadcast.py:698] No available shared memory broadcast block found in 60 seconds. This typically happens when some processes are hanging or doing some time-consuming work (e.g. compilation, weight/kv cache quantization).
(Worker_TP0 pid=556324) INFO 07-08 09:16:25 [backends.py:393] Compiling a graph for compile range (1, 51) takes 84.53 s
(Worker_TP0 pid=556324) INFO 07-08 09:16:26 [backends.py:393] Compiling a graph for compile range (52, 4096) takes 84.83 s
(Worker_TP6 pid=556330) /workspace/vllm/.venv/lib/python3.12/site-packages/torch/_dynamo/eval_frame.py:1263: UserWarning: vllm::all_reduce (with implementation in ???): The output of this custom operator (1) must not also be an input to this custom operator and (2) may not alias any inputs to this custom operator or other returns. The most common way to trigger this error is if we have y = custom_op(x) and y and x are the same Tensor. Please instead return a clone of the offending output tensor(s) (e.g. return x.clone()) or refactor the custom operator to not return y. This is deprecated and will become an error in PyTorch 2.12.
(Worker_TP4 pid=556328) /workspace/vllm/.venv/lib/python3.12/site-packages/torch/_dynamo/eval_frame.py:1263: UserWarning: vllm::all_reduce (with implementation in ???): The output of this custom operator (1) must not also be an input to this custom operator and (2) may not alias any inputs to this custom operator or other returns. The most common way to trigger this error is if we have y = custom_op(x) and y and x are the same Tensor. Please instead return a clone of the offending output tensor(s) (e.g. return x.clone()) or refactor the custom operator to not return y. This is deprecated and will become an error in PyTorch 2.12.
(Worker_TP5 pid=556329) /workspace/vllm/.venv/lib/python3.12/site-packages/torch/_dynamo/eval_frame.py:1263: UserWarning: vllm::all_reduce (with implementation in ???): The output of this custom operator (1) must not also be an input to this custom operator and (2) may not alias any inputs to this custom operator or other returns. The most common way to trigger this error is if we have y = custom_op(x) and y and x are the same Tensor. Please instead return a clone of the offending output tensor(s) (e.g. return x.clone()) or refactor the custom operator to not return y. This is deprecated and will become an error in PyTorch 2.12.
(Worker_TP6 pid=556330)   return fn(*args, **kwargs)
(Worker_TP4 pid=556328)   return fn(*args, **kwargs)
(Worker_TP5 pid=556329)   return fn(*args, **kwargs)
(Worker_TP7 pid=556331) /workspace/vllm/.venv/lib/python3.12/site-packages/torch/_dynamo/eval_frame.py:1263: UserWarning: vllm::all_reduce (with implementation in ???): The output of this custom operator (1) must not also be an input to this custom operator and (2) may not alias any inputs to this custom operator or other returns. The most common way to trigger this error is if we have y = custom_op(x) and y and x are the same Tensor. Please instead return a clone of the offending output tensor(s) (e.g. return x.clone()) or refactor the custom operator to not return y. This is deprecated and will become an error in PyTorch 2.12.
(Worker_TP7 pid=556331)   return fn(*args, **kwargs)
(Worker_TP0 pid=556324) /workspace/vllm/.venv/lib/python3.12/site-packages/torch/_dynamo/eval_frame.py:1263: UserWarning: vllm::all_reduce (with implementation in ???): The output of this custom operator (1) must not also be an input to this custom operator and (2) may not alias any inputs to this custom operator or other returns. The most common way to trigger this error is if we have y = custom_op(x) and y and x are the same Tensor. Please instead return a clone of the offending output tensor(s) (e.g. return x.clone()) or refactor the custom operator to not return y. This is deprecated and will become an error in PyTorch 2.12.
(Worker_TP3 pid=556327) /workspace/vllm/.venv/lib/python3.12/site-packages/torch/_dynamo/eval_frame.py:1263: UserWarning: vllm::all_reduce (with implementation in ???): The output of this custom operator (1) must not also be an input to this custom operator and (2) may not alias any inputs to this custom operator or other returns. The most common way to trigger this error is if we have y = custom_op(x) and y and x are the same Tensor. Please instead return a clone of the offending output tensor(s) (e.g. return x.clone()) or refactor the custom operator to not return y. This is deprecated and will become an error in PyTorch 2.12.
(Worker_TP2 pid=556326) /workspace/vllm/.venv/lib/python3.12/site-packages/torch/_dynamo/eval_frame.py:1263: UserWarning: vllm::all_reduce (with implementation in ???): The output of this custom operator (1) must not also be an input to this custom operator and (2) may not alias any inputs to this custom operator or other returns. The most common way to trigger this error is if we have y = custom_op(x) and y and x are the same Tensor. Please instead return a clone of the offending output tensor(s) (e.g. return x.clone()) or refactor the custom operator to not return y. This is deprecated and will become an error in PyTorch 2.12.
(Worker_TP1 pid=556325) /workspace/vllm/.venv/lib/python3.12/site-packages/torch/_dynamo/eval_frame.py:1263: UserWarning: vllm::all_reduce (with implementation in ???): The output of this custom operator (1) must not also be an input to this custom operator and (2) may not alias any inputs to this custom operator or other returns. The most common way to trigger this error is if we have y = custom_op(x) and y and x are the same Tensor. Please instead return a clone of the offending output tensor(s) (e.g. return x.clone()) or refactor the custom operator to not return y. This is deprecated and will become an error in PyTorch 2.12.
(Worker_TP0 pid=556324)   return fn(*args, **kwargs)
(Worker_TP3 pid=556327)   return fn(*args, **kwargs)
(Worker_TP2 pid=556326)   return fn(*args, **kwargs)
(Worker_TP1 pid=556325)   return fn(*args, **kwargs)
(Worker_TP0 pid=556324) INFO 07-08 09:16:32 [monitor.py:53] torch.compile and initial profiling/warmup run together took 103.51 s in total
(Worker_TP4 pid=556328) INFO 07-08 09:16:33 [gpu_model_runner.py:6279] Profiling CUDA graph memory: PIECEWISE=51 (largest=512), FULL=51 (largest=512)
(Worker_TP3 pid=556327) INFO 07-08 09:16:33 [gpu_model_runner.py:6279] Profiling CUDA graph memory: PIECEWISE=51 (largest=512), FULL=51 (largest=512)
(Worker_TP1 pid=556325) INFO 07-08 09:16:33 [gpu_model_runner.py:6279] Profiling CUDA graph memory: PIECEWISE=51 (largest=512), FULL=51 (largest=512)
(Worker_TP7 pid=556331) INFO 07-08 09:16:34 [gpu_model_runner.py:6279] Profiling CUDA graph memory: PIECEWISE=51 (largest=512), FULL=51 (largest=512)
(Worker_TP0 pid=556324) INFO 07-08 09:16:34 [gpu_model_runner.py:6279] Profiling CUDA graph memory: PIECEWISE=51 (largest=512), FULL=51 (largest=512)
(Worker_TP6 pid=556330) INFO 07-08 09:16:34 [gpu_model_runner.py:6279] Profiling CUDA graph memory: PIECEWISE=51 (largest=512), FULL=51 (largest=512)
(Worker_TP2 pid=556326) INFO 07-08 09:16:34 [gpu_model_runner.py:6279] Profiling CUDA graph memory: PIECEWISE=51 (largest=512), FULL=51 (largest=512)
(Worker_TP5 pid=556329) INFO 07-08 09:16:34 [gpu_model_runner.py:6279] Profiling CUDA graph memory: PIECEWISE=51 (largest=512), FULL=51 (largest=512)
(Worker_TP4 pid=556328) INFO 07-08 09:16:37 [gpu_model_runner.py:6365] Estimated CUDA graph memory: 0.99 GiB total
(Worker_TP6 pid=556330) INFO 07-08 09:16:37 [gpu_model_runner.py:6365] Estimated CUDA graph memory: 0.99 GiB total
(Worker_TP7 pid=556331) INFO 07-08 09:16:37 [gpu_model_runner.py:6365] Estimated CUDA graph memory: 0.99 GiB total
(Worker_TP5 pid=556329) INFO 07-08 09:16:37 [gpu_model_runner.py:6365] Estimated CUDA graph memory: 0.99 GiB total
(Worker_TP1 pid=556325) INFO 07-08 09:16:37 [gpu_model_runner.py:6365] Estimated CUDA graph memory: 0.99 GiB total
(Worker_TP3 pid=556327) INFO 07-08 09:16:37 [gpu_model_runner.py:6365] Estimated CUDA graph memory: 0.99 GiB total
(Worker_TP2 pid=556326) INFO 07-08 09:16:37 [gpu_model_runner.py:6365] Estimated CUDA graph memory: 0.99 GiB total
(Worker_TP0 pid=556324) INFO 07-08 09:16:38 [gpu_model_runner.py:6365] Estimated CUDA graph memory: 0.99 GiB total
(Worker_TP7 pid=556331) INFO 07-08 09:16:38 [gpu_worker.py:481] CUDA graph memory profiling is enabled (default since v0.21.0). The current --gpu-memory-utilization=0.9000 is equivalent to --gpu-memory-utilization=0.8875 without CUDA graph memory profiling. To maintain the same effective KV cache size as before, increase --gpu-memory-utilization to 0.9125. To disable, set VLLM_MEMORY_PROFILER_ESTIMATE_CUDAGRAPHS=0.
(Worker_TP6 pid=556330) INFO 07-08 09:16:38 [gpu_worker.py:481] CUDA graph memory profiling is enabled (default since v0.21.0). The current --gpu-memory-utilization=0.9000 is equivalent to --gpu-memory-utilization=0.8875 without CUDA graph memory profiling. To maintain the same effective KV cache size as before, increase --gpu-memory-utilization to 0.9125. To disable, set VLLM_MEMORY_PROFILER_ESTIMATE_CUDAGRAPHS=0.
(Worker_TP4 pid=556328) INFO 07-08 09:16:38 [gpu_worker.py:481] CUDA graph memory profiling is enabled (default since v0.21.0). The current --gpu-memory-utilization=0.9000 is equivalent to --gpu-memory-utilization=0.8875 without CUDA graph memory profiling. To maintain the same effective KV cache size as before, increase --gpu-memory-utilization to 0.9125. To disable, set VLLM_MEMORY_PROFILER_ESTIMATE_CUDAGRAPHS=0.
(Worker_TP5 pid=556329) INFO 07-08 09:16:38 [gpu_worker.py:481] CUDA graph memory profiling is enabled (default since v0.21.0). The current --gpu-memory-utilization=0.9000 is equivalent to --gpu-memory-utilization=0.8875 without CUDA graph memory profiling. To maintain the same effective KV cache size as before, increase --gpu-memory-utilization to 0.9125. To disable, set VLLM_MEMORY_PROFILER_ESTIMATE_CUDAGRAPHS=0.
(Worker_TP1 pid=556325) INFO 07-08 09:16:38 [gpu_worker.py:481] CUDA graph memory profiling is enabled (default since v0.21.0). The current --gpu-memory-utilization=0.9000 is equivalent to --gpu-memory-utilization=0.8875 without CUDA graph memory profiling. To maintain the same effective KV cache size as before, increase --gpu-memory-utilization to 0.9125. To disable, set VLLM_MEMORY_PROFILER_ESTIMATE_CUDAGRAPHS=0.
(Worker_TP3 pid=556327) INFO 07-08 09:16:38 [gpu_worker.py:481] CUDA graph memory profiling is enabled (default since v0.21.0). The current --gpu-memory-utilization=0.9000 is equivalent to --gpu-memory-utilization=0.8875 without CUDA graph memory profiling. To maintain the same effective KV cache size as before, increase --gpu-memory-utilization to 0.9125. To disable, set VLLM_MEMORY_PROFILER_ESTIMATE_CUDAGRAPHS=0.
(Worker_TP2 pid=556326) INFO 07-08 09:16:38 [gpu_worker.py:481] CUDA graph memory profiling is enabled (default since v0.21.0). The current --gpu-memory-utilization=0.9000 is equivalent to --gpu-memory-utilization=0.8875 without CUDA graph memory profiling. To maintain the same effective KV cache size as before, increase --gpu-memory-utilization to 0.9125. To disable, set VLLM_MEMORY_PROFILER_ESTIMATE_CUDAGRAPHS=0.
(Worker_TP0 pid=556324) INFO 07-08 09:16:38 [gpu_worker.py:466] Available KV cache memory: 59.41 GiB
(Worker_TP0 pid=556324) INFO 07-08 09:16:38 [gpu_worker.py:481] CUDA graph memory profiling is enabled (default since v0.21.0). The current --gpu-memory-utilization=0.9000 is equivalent to --gpu-memory-utilization=0.8875 without CUDA graph memory profiling. To maintain the same effective KV cache size as before, increase --gpu-memory-utilization to 0.9125. To disable, set VLLM_MEMORY_PROFILER_ESTIMATE_CUDAGRAPHS=0.
(EngineCore pid=556050) INFO 07-08 09:16:38 [kv_cache_utils.py:1733] GPU KV cache size: 1,946,688 tokens
(EngineCore pid=556050) INFO 07-08 09:16:38 [kv_cache_utils.py:1734] Maximum concurrency for 4,096 tokens per request: 475.27x
(Worker_TP0 pid=556324) 2026-07-08 09:16:38,984 - INFO - autotuner.py:615 - flashinfer.jit: [Autotuner]: Autotuning process starts ...
(Worker_TP3 pid=556327) 2026-07-08 09:16:38,984 - INFO - autotuner.py:615 - flashinfer.jit: [Autotuner]: Autotuning process starts ...
(Worker_TP1 pid=556325) 2026-07-08 09:16:38,984 - INFO - autotuner.py:615 - flashinfer.jit: [Autotuner]: Autotuning process starts ...
(Worker_TP2 pid=556326) 2026-07-08 09:16:38,984 - INFO - autotuner.py:615 - flashinfer.jit: [Autotuner]: Autotuning process starts ...
(Worker_TP4 pid=556328) 2026-07-08 09:16:38,985 - INFO - autotuner.py:615 - flashinfer.jit: [Autotuner]: Autotuning process starts ...
(Worker_TP6 pid=556330) 2026-07-08 09:16:38,985 - INFO - autotuner.py:615 - flashinfer.jit: [Autotuner]: Autotuning process starts ...
(Worker_TP7 pid=556331) 2026-07-08 09:16:38,985 - INFO - autotuner.py:615 - flashinfer.jit: [Autotuner]: Autotuning process starts ...
(Worker_TP5 pid=556329) 2026-07-08 09:16:38,985 - INFO - autotuner.py:615 - flashinfer.jit: [Autotuner]: Autotuning process starts ...
(Worker_TP3 pid=556327) 2026-07-08 09:16:39,037 - INFO - autotuner.py:634 - flashinfer.jit: [Autotuner]: Autotuning process ends
(Worker_TP0 pid=556324) 2026-07-08 09:16:39,038 - INFO - autotuner.py:634 - flashinfer.jit: [Autotuner]: Autotuning process ends
(Worker_TP2 pid=556326) 2026-07-08 09:16:39,038 - INFO - autotuner.py:634 - flashinfer.jit: [Autotuner]: Autotuning process ends
(Worker_TP1 pid=556325) 2026-07-08 09:16:39,039 - INFO - autotuner.py:634 - flashinfer.jit: [Autotuner]: Autotuning process ends
(Worker_TP4 pid=556328) 2026-07-08 09:16:39,040 - INFO - autotuner.py:634 - flashinfer.jit: [Autotuner]: Autotuning process ends
(Worker_TP6 pid=556330) 2026-07-08 09:16:39,041 - INFO - autotuner.py:634 - flashinfer.jit: [Autotuner]: Autotuning process ends
(Worker_TP5 pid=556329) 2026-07-08 09:16:39,042 - INFO - autotuner.py:634 - flashinfer.jit: [Autotuner]: Autotuning process ends
(Worker_TP7 pid=556331) 2026-07-08 09:16:39,058 - INFO - autotuner.py:634 - flashinfer.jit: [Autotuner]: Autotuning process ends
(Worker_TP0 pid=556324) Capturing CUDA graphs (mixed prefill-decode, PIECEWISE):   0%|          | 0/51 [00:00<?, ?it/s]Capturing CUDA graphs (mixed prefill-decode, PIECEWISE):   2%|▏         | 1/51 [00:00<00:39,  1.27it/s]Capturing CUDA graphs (mixed prefill-decode, PIECEWISE):   4%|▍         | 2/51 [00:00<00:19,  2.48it/s]Capturing CUDA graphs (mixed prefill-decode, PIECEWISE):   6%|▌         | 3/51 [00:01<00:13,  3.48it/s]Capturing CUDA graphs (mixed prefill-decode, PIECEWISE):   8%|▊         | 4/51 [00:01<00:10,  4.32it/s]Capturing CUDA graphs (mixed prefill-decode, PIECEWISE):  10%|▉         | 5/51 [00:01<00:09,  4.96it/s]Capturing CUDA graphs (mixed prefill-decode, PIECEWISE):  12%|█▏        | 6/51 [00:01<00:08,  5.37it/s]Capturing CUDA graphs (mixed prefill-decode, PIECEWISE):  14%|█▎        | 7/51 [00:01<00:07,  5.72it/s]Capturing CUDA graphs (mixed prefill-decode, PIECEWISE):  16%|█▌        | 8/51 [00:01<00:07,  5.98it/s]Capturing CUDA graphs (mixed prefill-decode, PIECEWISE):  18%|█▊        | 9/51 [00:01<00:06,  6.13it/s]Capturing CUDA graphs (mixed prefill-decode, PIECEWISE):  20%|█▉        | 10/51 [00:02<00:06,  6.28it/s]Capturing CUDA graphs (mixed prefill-decode, PIECEWISE):  22%|██▏       | 11/51 [00:02<00:06,  6.40it/s]Capturing CUDA graphs (mixed prefill-decode, PIECEWISE):  24%|██▎       | 12/51 [00:02<00:06,  6.40it/s]Capturing CUDA graphs (mixed prefill-decode, PIECEWISE):  25%|██▌       | 13/51 [00:02<00:05,  6.44it/s]Capturing CUDA graphs (mixed prefill-decode, PIECEWISE):  27%|██▋       | 14/51 [00:02<00:05,  6.46it/s]Capturing CUDA graphs (mixed prefill-decode, PIECEWISE):  29%|██▉       | 15/51 [00:02<00:05,  6.43it/s]Capturing CUDA graphs (mixed prefill-decode, PIECEWISE):  31%|███▏      | 16/51 [00:03<00:05,  6.43it/s]Capturing CUDA graphs (mixed prefill-decode, PIECEWISE):  33%|███▎      | 17/51 [00:03<00:05,  6.43it/s]Capturing CUDA graphs (mixed prefill-decode, PIECEWISE):  35%|███▌      | 18/51 [00:03<00:05,  6.45it/s]Capturing CUDA graphs (mixed prefill-decode, PIECEWISE):  37%|███▋      | 19/51 [00:03<00:05,  6.35it/s]Capturing CUDA graphs (mixed prefill-decode, PIECEWISE):  39%|███▉      | 20/51 [00:03<00:04,  6.43it/s]Capturing CUDA graphs (mixed prefill-decode, PIECEWISE):  41%|████      | 21/51 [00:03<00:04,  6.41it/s]Capturing CUDA graphs (mixed prefill-decode, PIECEWISE):  43%|████▎     | 22/51 [00:03<00:04,  6.38it/s]Capturing CUDA graphs (mixed prefill-decode, PIECEWISE):  45%|████▌     | 23/51 [00:04<00:04,  6.35it/s]Capturing CUDA graphs (mixed prefill-decode, PIECEWISE):  47%|████▋     | 24/51 [00:04<00:04,  6.39it/s]Capturing CUDA graphs (mixed prefill-decode, PIECEWISE):  49%|████▉     | 25/51 [00:04<00:04,  6.31it/s]Capturing CUDA graphs (mixed prefill-decode, PIECEWISE):  51%|█████     | 26/51 [00:04<00:03,  6.35it/s]Capturing CUDA graphs (mixed prefill-decode, PIECEWISE):  53%|█████▎    | 27/51 [00:04<00:03,  6.32it/s]Capturing CUDA graphs (mixed prefill-decode, PIECEWISE):  55%|█████▍    | 28/51 [00:04<00:03,  6.30it/s]Capturing CUDA graphs (mixed prefill-decode, PIECEWISE):  57%|█████▋    | 29/51 [00:05<00:03,  6.25it/s]Capturing CUDA graphs (mixed prefill-decode, PIECEWISE):  59%|█████▉    | 30/51 [00:05<00:03,  6.26it/s]Capturing CUDA graphs (mixed prefill-decode, PIECEWISE):  61%|██████    | 31/51 [00:05<00:03,  6.16it/s]Capturing CUDA graphs (mixed prefill-decode, PIECEWISE):  63%|██████▎   | 32/51 [00:05<00:03,  6.19it/s]Capturing CUDA graphs (mixed prefill-decode, PIECEWISE):  65%|██████▍   | 33/51 [00:05<00:02,  6.14it/s]Capturing CUDA graphs (mixed prefill-decode, PIECEWISE):  67%|██████▋   | 34/51 [00:05<00:02,  6.16it/s]Capturing CUDA graphs (mixed prefill-decode, PIECEWISE):  69%|██████▊   | 35/51 [00:06<00:02,  6.13it/s]Capturing CUDA graphs (mixed prefill-decode, PIECEWISE):  71%|███████   | 36/51 [00:06<00:02,  6.24it/s]Capturing CUDA graphs (mixed prefill-decode, PIECEWISE):  73%|███████▎  | 37/51 [00:07<00:06,  2.27it/s]Capturing CUDA graphs (mixed prefill-decode, PIECEWISE):  75%|███████▍  | 38/51 [00:07<00:04,  2.83it/s]Capturing CUDA graphs (mixed prefill-decode, PIECEWISE):  76%|███████▋  | 39/51 [00:07<00:03,  3.38it/s]Capturing CUDA graphs (mixed prefill-decode, PIECEWISE):  78%|███████▊  | 40/51 [00:07<00:02,  3.87it/s]Capturing CUDA graphs (mixed prefill-decode, PIECEWISE):  80%|████████  | 41/51 [00:07<00:02,  4.35it/s]Capturing CUDA graphs (mixed prefill-decode, PIECEWISE):  82%|████████▏ | 42/51 [00:08<00:01,  4.78it/s]Capturing CUDA graphs (mixed prefill-decode, PIECEWISE):  84%|████████▍ | 43/51 [00:08<00:01,  4.89it/s]Capturing CUDA graphs (mixed prefill-decode, PIECEWISE):  86%|████████▋ | 44/51 [00:08<00:01,  5.37it/s]Capturing CUDA graphs (mixed prefill-decode, PIECEWISE):  88%|████████▊ | 45/51 [00:08<00:01,  5.75it/s]Capturing CUDA graphs (mixed prefill-decode, PIECEWISE):  90%|█████████ | 46/51 [00:08<00:00,  6.04it/s]Capturing CUDA graphs (mixed prefill-decode, PIECEWISE):  92%|█████████▏| 47/51 [00:08<00:00,  5.83it/s]Capturing CUDA graphs (mixed prefill-decode, PIECEWISE):  94%|█████████▍| 48/51 [00:09<00:00,  6.09it/s]Capturing CUDA graphs (mixed prefill-decode, PIECEWISE):  96%|█████████▌| 49/51 [00:09<00:00,  6.34it/s]Capturing CUDA graphs (mixed prefill-decode, PIECEWISE):  98%|█████████▊| 50/51 [00:09<00:00,  6.51it/s]Capturing CUDA graphs (mixed prefill-decode, PIECEWISE): 100%|██████████| 51/51 [00:09<00:00,  6.60it/s]Capturing CUDA graphs (mixed prefill-decode, PIECEWISE): 100%|██████████| 51/51 [00:09<00:00,  5.35it/s]
(Worker_TP0 pid=556324) Capturing CUDA graphs (decode, FULL):   0%|          | 0/51 [00:00<?, ?it/s]Capturing CUDA graphs (decode, FULL):   2%|▏         | 1/51 [00:00<00:07,  6.87it/s]Capturing CUDA graphs (decode, FULL):   4%|▍         | 2/51 [00:00<00:06,  7.36it/s]Capturing CUDA graphs (decode, FULL):   6%|▌         | 3/51 [00:00<00:06,  7.49it/s]Capturing CUDA graphs (decode, FULL):   8%|▊         | 4/51 [00:00<00:06,  7.59it/s]Capturing CUDA graphs (decode, FULL):  10%|▉         | 5/51 [00:00<00:06,  7.65it/s]Capturing CUDA graphs (decode, FULL):  12%|█▏        | 6/51 [00:00<00:05,  7.64it/s]Capturing CUDA graphs (decode, FULL):  14%|█▎        | 7/51 [00:00<00:05,  7.71it/s]Capturing CUDA graphs (decode, FULL):  16%|█▌        | 8/51 [00:01<00:05,  7.70it/s]Capturing CUDA graphs (decode, FULL):  18%|█▊        | 9/51 [00:01<00:05,  7.73it/s]Capturing CUDA graphs (decode, FULL):  20%|█▉        | 10/51 [00:01<00:05,  7.74it/s]Capturing CUDA graphs (decode, FULL):  22%|██▏       | 11/51 [00:01<00:05,  7.78it/s]Capturing CUDA graphs (decode, FULL):  24%|██▎       | 12/51 [00:01<00:05,  7.78it/s]Capturing CUDA graphs (decode, FULL):  25%|██▌       | 13/51 [00:01<00:04,  7.73it/s]Capturing CUDA graphs (decode, FULL):  27%|██▋       | 14/51 [00:01<00:04,  7.73it/s]Capturing CUDA graphs (decode, FULL):  29%|██▉       | 15/51 [00:01<00:04,  7.77it/s]Capturing CUDA graphs (decode, FULL):  31%|███▏      | 16/51 [00:02<00:04,  7.74it/s]Capturing CUDA graphs (decode, FULL):  33%|███▎      | 17/51 [00:02<00:04,  7.73it/s]Capturing CUDA graphs (decode, FULL):  35%|███▌      | 18/51 [00:02<00:04,  7.74it/s]Capturing CUDA graphs (decode, FULL):  37%|███▋      | 19/51 [00:02<00:04,  7.78it/s]Capturing CUDA graphs (decode, FULL):  39%|███▉      | 20/51 [00:02<00:03,  7.80it/s]Capturing CUDA graphs (decode, FULL):  41%|████      | 21/51 [00:02<00:03,  7.83it/s]Capturing CUDA graphs (decode, FULL):  43%|████▎     | 22/51 [00:02<00:03,  7.85it/s]Capturing CUDA graphs (decode, FULL):  45%|████▌     | 23/51 [00:02<00:03,  7.89it/s]Capturing CUDA graphs (decode, FULL):  47%|████▋     | 24/51 [00:03<00:03,  7.91it/s]Capturing CUDA graphs (decode, FULL):  49%|████▉     | 25/51 [00:03<00:03,  7.89it/s]Capturing CUDA graphs (decode, FULL):  51%|█████     | 26/51 [00:03<00:03,  7.87it/s]Capturing CUDA graphs (decode, FULL):  53%|█████▎    | 27/51 [00:03<00:03,  7.79it/s]Capturing CUDA graphs (decode, FULL):  55%|█████▍    | 28/51 [00:03<00:02,  7.83it/s]Capturing CUDA graphs (decode, FULL):  57%|█████▋    | 29/51 [00:03<00:02,  7.91it/s]Capturing CUDA graphs (decode, FULL):  59%|█████▉    | 30/51 [00:03<00:02,  7.97it/s]Capturing CUDA graphs (decode, FULL):  61%|██████    | 31/51 [00:03<00:02,  7.94it/s]Capturing CUDA graphs (decode, FULL):  63%|██████▎   | 32/51 [00:04<00:02,  7.89it/s]Capturing CUDA graphs (decode, FULL):  65%|██████▍   | 33/51 [00:04<00:02,  7.87it/s]Capturing CUDA graphs (decode, FULL):  67%|██████▋   | 34/51 [00:04<00:02,  7.85it/s]Capturing CUDA graphs (decode, FULL):  69%|██████▊   | 35/51 [00:04<00:02,  7.83it/s]Capturing CUDA graphs (decode, FULL):  71%|███████   | 36/51 [00:04<00:01,  7.98it/s]Capturing CUDA graphs (decode, FULL):  73%|███████▎  | 37/51 [00:04<00:01,  7.90it/s]Capturing CUDA graphs (decode, FULL):  75%|███████▍  | 38/51 [00:04<00:01,  7.89it/s]Capturing CUDA graphs (decode, FULL):  76%|███████▋  | 39/51 [00:04<00:01,  7.95it/s]Capturing CUDA graphs (decode, FULL):  78%|███████▊  | 40/51 [00:05<00:01,  7.95it/s]Capturing CUDA graphs (decode, FULL):  80%|████████  | 41/51 [00:05<00:01,  7.92it/s]Capturing CUDA graphs (decode, FULL):  82%|████████▏ | 42/51 [00:05<00:01,  7.97it/s]Capturing CUDA graphs (decode, FULL):  84%|████████▍ | 43/51 [00:05<00:00,  8.34it/s]Capturing CUDA graphs (decode, FULL):  86%|████████▋ | 44/51 [00:05<00:00,  8.63it/s]Capturing CUDA graphs (decode, FULL):  88%|████████▊ | 45/51 [00:05<00:00,  8.79it/s]Capturing CUDA graphs (decode, FULL):  90%|█████████ | 46/51 [00:05<00:00,  9.02it/s]Capturing CUDA graphs (decode, FULL):  92%|█████████▏| 47/51 [00:05<00:00,  9.12it/s]Capturing CUDA graphs (decode, FULL):  94%|█████████▍| 48/51 [00:06<00:00,  9.33it/s]Capturing CUDA graphs (decode, FULL):  96%|█████████▌| 49/51 [00:06<00:00,  9.43it/s]Capturing CUDA graphs (decode, FULL):  98%|█████████▊| 50/51 [00:06<00:00,  9.43it/s]Capturing CUDA graphs (decode, FULL): 100%|██████████| 51/51 [00:06<00:00,  9.49it/s]Capturing CUDA graphs (decode, FULL): 100%|██████████| 51/51 [00:06<00:00,  8.06it/s]
(Worker_TP7 pid=556331) INFO 07-08 09:16:56 [gpu_worker.py:619] CUDA graph pool memory: 0.96 GiB (actual), 0.99 GiB (estimated), difference: 0.03 GiB (3.5%).
(Worker_TP4 pid=556328) INFO 07-08 09:16:56 [gpu_worker.py:619] CUDA graph pool memory: 0.96 GiB (actual), 0.99 GiB (estimated), difference: 0.03 GiB (3.5%).
(Worker_TP6 pid=556330) INFO 07-08 09:16:56 [gpu_worker.py:619] CUDA graph pool memory: 0.96 GiB (actual), 0.99 GiB (estimated), difference: 0.03 GiB (3.5%).
(Worker_TP5 pid=556329) INFO 07-08 09:16:56 [gpu_worker.py:619] CUDA graph pool memory: 0.96 GiB (actual), 0.99 GiB (estimated), difference: 0.03 GiB (3.5%).
(Worker_TP1 pid=556325) INFO 07-08 09:16:56 [gpu_worker.py:619] CUDA graph pool memory: 0.96 GiB (actual), 0.99 GiB (estimated), difference: 0.03 GiB (3.5%).
(Worker_TP2 pid=556326) INFO 07-08 09:16:56 [gpu_worker.py:619] CUDA graph pool memory: 0.96 GiB (actual), 0.99 GiB (estimated), difference: 0.03 GiB (3.5%).
(Worker_TP3 pid=556327) INFO 07-08 09:16:56 [gpu_worker.py:619] CUDA graph pool memory: 0.96 GiB (actual), 0.99 GiB (estimated), difference: 0.03 GiB (3.5%).
(Worker_TP0 pid=556324) INFO 07-08 09:16:56 [gpu_model_runner.py:6456] Graph capturing finished in 18 secs, took 0.96 GiB
(Worker_TP0 pid=556324) INFO 07-08 09:16:56 [gpu_worker.py:619] CUDA graph pool memory: 0.96 GiB (actual), 0.99 GiB (estimated), difference: 0.03 GiB (3.5%).
(Worker_TP1 pid=556325) INFO 07-08 09:16:56 [jit_monitor.py:54] Kernel JIT monitor activated — Triton JIT compilations during inference will be logged as warnings.
(Worker_TP2 pid=556326) INFO 07-08 09:16:56 [jit_monitor.py:54] Kernel JIT monitor activated — Triton JIT compilations during inference will be logged as warnings.
(Worker_TP0 pid=556324) INFO 07-08 09:16:56 [jit_monitor.py:54] Kernel JIT monitor activated — Triton JIT compilations during inference will be logged as warnings.
(Worker_TP3 pid=556327) INFO 07-08 09:16:56 [jit_monitor.py:54] Kernel JIT monitor activated — Triton JIT compilations during inference will be logged as warnings.
(Worker_TP6 pid=556330) INFO 07-08 09:16:56 [jit_monitor.py:54] Kernel JIT monitor activated — Triton JIT compilations during inference will be logged as warnings.
(Worker_TP7 pid=556331) INFO 07-08 09:16:56 [jit_monitor.py:54] Kernel JIT monitor activated — Triton JIT compilations during inference will be logged as warnings.
(Worker_TP4 pid=556328) INFO 07-08 09:16:56 [jit_monitor.py:54] Kernel JIT monitor activated — Triton JIT compilations during inference will be logged as warnings.
(Worker_TP5 pid=556329) INFO 07-08 09:16:56 [jit_monitor.py:54] Kernel JIT monitor activated — Triton JIT compilations during inference will be logged as warnings.
(EngineCore pid=556050) INFO 07-08 09:16:56 [core.py:302] init engine (profile, create kv cache, warmup model) took 127.76 s (compilation: 103.51 s)
(EngineCore pid=556050) Warning: You are sending unauthenticated requests to the HF Hub. Please set a HF_TOKEN to enable higher rate limits and faster downloads.
(EngineCore pid=556050) INFO 07-08 09:16:59 [vllm.py:977] Asynchronous scheduling is enabled.
(EngineCore pid=556050) INFO 07-08 09:16:59 [kernel.py:270] Final IR op priority after setting platform defaults: IrOpPriorityConfig(rms_norm=['native'], fused_add_rms_norm=['native'])
(EngineCore pid=556050) <frozen importlib._bootstrap_external>:1297: FutureWarning: The cuda.cudart module is deprecated and will be removed in a future release, please switch to use the cuda.bindings.runtime module instead.
(EngineCore pid=556050) <frozen importlib._bootstrap_external>:1297: FutureWarning: The cuda.nvrtc module is deprecated and will be removed in a future release, please switch to use the cuda.bindings.nvrtc module instead.
(EngineCore pid=556050) INFO 07-08 09:16:59 [compilation.py:312] Enabled custom fusions: allreduce_rms
(APIServer pid=554344) INFO 07-08 09:16:59 [api_server.py:592] Supported tasks: ['generate']
(APIServer pid=554344) WARNING 07-08 09:16:59 [model.py:1509] Default vLLM sampling parameters have been overridden by the model's `generation_config.json`: `{'repetition_penalty': 1.05, 'temperature': 0.7, 'top_k': 20, 'top_p': 0.8}`. If this is not intended, please relaunch vLLM instance with `--generation-config vllm`.
(APIServer pid=554344) INFO 07-08 09:17:01 [hf.py:488] Detected the chat template content format to be 'string'. You can set `--chat-template-content-format` to override this.
(APIServer pid=554344) INFO 07-08 09:17:01 [api_server.py:596] Starting vLLM server on http://127.0.0.1:8000
(APIServer pid=554344) INFO 07-08 09:17:01 [launcher.py:37] Available routes are:
(APIServer pid=554344) INFO 07-08 09:17:01 [launcher.py:46] Route: /openapi.json, Methods: HEAD, GET
(APIServer pid=554344) INFO 07-08 09:17:01 [launcher.py:46] Route: /docs, Methods: HEAD, GET
(APIServer pid=554344) INFO 07-08 09:17:01 [launcher.py:46] Route: /docs/oauth2-redirect, Methods: HEAD, GET
(APIServer pid=554344) INFO 07-08 09:17:01 [launcher.py:46] Route: /redoc, Methods: HEAD, GET
(APIServer pid=554344) INFO 07-08 09:17:01 [launcher.py:46] Route: /tokenize, Methods: POST
(APIServer pid=554344) INFO 07-08 09:17:01 [launcher.py:46] Route: /detokenize, Methods: POST
(APIServer pid=554344) INFO 07-08 09:17:01 [launcher.py:46] Route: /load, Methods: GET
(APIServer pid=554344) INFO 07-08 09:17:01 [launcher.py:46] Route: /version, Methods: GET
(APIServer pid=554344) INFO 07-08 09:17:01 [launcher.py:46] Route: /health, Methods: GET
(APIServer pid=554344) INFO 07-08 09:17:01 [launcher.py:46] Route: /metrics, Methods: GET
(APIServer pid=554344) INFO 07-08 09:17:01 [launcher.py:46] Route: /v1/models, Methods: GET
(APIServer pid=554344) INFO 07-08 09:17:01 [launcher.py:46] Route: /ping, Methods: GET
(APIServer pid=554344) INFO 07-08 09:17:01 [launcher.py:46] Route: /ping, Methods: POST
(APIServer pid=554344) INFO 07-08 09:17:01 [launcher.py:46] Route: /invocations, Methods: POST
(APIServer pid=554344) INFO 07-08 09:17:01 [launcher.py:46] Route: /v1/chat/completions, Methods: POST
(APIServer pid=554344) INFO 07-08 09:17:01 [launcher.py:46] Route: /v1/chat/completions/batch, Methods: POST
(APIServer pid=554344) INFO 07-08 09:17:01 [launcher.py:46] Route: /v1/responses, Methods: POST
(APIServer pid=554344) INFO 07-08 09:17:01 [launcher.py:46] Route: /v1/responses/{response_id}, Methods: GET
(APIServer pid=554344) INFO 07-08 09:17:01 [launcher.py:46] Route: /v1/responses/{response_id}/cancel, Methods: POST
(APIServer pid=554344) INFO 07-08 09:17:01 [launcher.py:46] Route: /v1/completions, Methods: POST
(APIServer pid=554344) INFO 07-08 09:17:01 [launcher.py:46] Route: /v1/messages, Methods: POST
(APIServer pid=554344) INFO 07-08 09:17:01 [launcher.py:46] Route: /v1/messages/count_tokens, Methods: POST
(APIServer pid=554344) INFO 07-08 09:17:01 [launcher.py:46] Route: /inference/v1/generate, Methods: POST
(APIServer pid=554344) INFO 07-08 09:17:01 [launcher.py:46] Route: /scale_elastic_ep, Methods: POST
(APIServer pid=554344) INFO 07-08 09:17:01 [launcher.py:46] Route: /is_scaling_elastic_ep, Methods: POST
(APIServer pid=554344) INFO 07-08 09:17:01 [launcher.py:46] Route: /generative_scoring, Methods: POST
(APIServer pid=554344) INFO 07-08 09:17:01 [launcher.py:46] Route: /v1/chat/completions/render, Methods: POST
(APIServer pid=554344) INFO 07-08 09:17:01 [launcher.py:46] Route: /v1/completions/render, Methods: POST
(APIServer pid=554344) INFO:     Started server process [554344]
(APIServer pid=554344) INFO:     Waiting for application startup.
(APIServer pid=554344) INFO:     Application startup complete.
(APIServer pid=554344) INFO:     127.0.0.1:34188 - "POST /v1/completions HTTP/1.1" 200 OK
(Worker_TP0 pid=556324) WARNING 07-08 09:17:04 [jit_monitor.py:103] Triton kernel JIT compilation during inference: _compute_slot_mapping_kernel. This causes a latency spike; consider extending warmup to cover this shape/config.
(APIServer pid=554344) INFO:     127.0.0.1:34188 - "POST /v1/completions HTTP/1.1" 200 OK
(APIServer pid=554344) INFO:     127.0.0.1:44614 - "POST /v1/completions HTTP/1.1" 200 OK
(APIServer pid=554344) INFO:     127.0.0.1:44620 - "POST /v1/completions HTTP/1.1" 200 OK
(APIServer pid=554344) INFO:     127.0.0.1:44636 - "POST /v1/completions HTTP/1.1" 200 OK
(APIServer pid=554344) INFO:     127.0.0.1:44638 - "POST /v1/completions HTTP/1.1" 200 OK
(APIServer pid=554344) INFO:     127.0.0.1:44652 - "POST /v1/completions HTTP/1.1" 200 OK
(APIServer pid=554344) INFO:     127.0.0.1:44658 - "POST /v1/completions HTTP/1.1" 200 OK
(APIServer pid=554344) INFO:     127.0.0.1:44660 - "POST /v1/completions HTTP/1.1" 200 OK
(APIServer pid=554344) INFO:     127.0.0.1:44664 - "POST /v1/completions HTTP/1.1" 200 OK
(APIServer pid=554344) INFO:     127.0.0.1:44674 - "POST /v1/completions HTTP/1.1" 200 OK
(APIServer pid=554344) INFO:     127.0.0.1:44676 - "POST /v1/completions HTTP/1.1" 200 OK
(APIServer pid=554344) INFO:     127.0.0.1:44686 - "POST /v1/completions HTTP/1.1" 200 OK
(APIServer pid=554344) INFO:     127.0.0.1:44696 - "POST /v1/completions HTTP/1.1" 200 OK
(APIServer pid=554344) INFO:     127.0.0.1:44704 - "POST /v1/completions HTTP/1.1" 200 OK
(APIServer pid=554344) INFO:     127.0.0.1:44714 - "POST /v1/completions HTTP/1.1" 200 OK
(APIServer pid=554344) INFO:     127.0.0.1:44728 - "POST /v1/completions HTTP/1.1" 200 OK
(APIServer pid=554344) INFO:     127.0.0.1:44744 - "POST /v1/completions HTTP/1.1" 200 OK
(APIServer pid=554344) INFO:     127.0.0.1:44754 - "POST /v1/completions HTTP/1.1" 200 OK
(APIServer pid=554344) INFO:     127.0.0.1:44762 - "POST /v1/completions HTTP/1.1" 200 OK
(APIServer pid=554344) INFO:     127.0.0.1:44764 - "POST /v1/completions HTTP/1.1" 200 OK
(APIServer pid=554344) INFO:     127.0.0.1:44778 - "POST /v1/completions HTTP/1.1" 200 OK
(APIServer pid=554344) INFO:     127.0.0.1:44784 - "POST /v1/completions HTTP/1.1" 200 OK
(APIServer pid=554344) INFO:     127.0.0.1:44796 - "POST /v1/completions HTTP/1.1" 200 OK
(APIServer pid=554344) INFO:     127.0.0.1:44804 - "POST /v1/completions HTTP/1.1" 200 OK
(APIServer pid=554344) INFO:     127.0.0.1:44810 - "POST /v1/completions HTTP/1.1" 200 OK
(APIServer pid=554344) INFO:     127.0.0.1:44822 - "POST /v1/completions HTTP/1.1" 200 OK
(APIServer pid=554344) INFO:     127.0.0.1:44824 - "POST /v1/completions HTTP/1.1" 200 OK
(APIServer pid=554344) INFO:     127.0.0.1:44838 - "POST /v1/completions HTTP/1.1" 200 OK
(APIServer pid=554344) INFO:     127.0.0.1:44840 - "POST /v1/completions HTTP/1.1" 200 OK
(APIServer pid=554344) INFO:     127.0.0.1:44852 - "POST /v1/completions HTTP/1.1" 200 OK
(APIServer pid=554344) INFO:     127.0.0.1:44868 - "POST /v1/completions HTTP/1.1" 200 OK
(APIServer pid=554344) INFO:     127.0.0.1:44878 - "POST /v1/completions HTTP/1.1" 200 OK
(APIServer pid=554344) INFO:     127.0.0.1:44884 - "POST /v1/completions HTTP/1.1" 200 OK
(APIServer pid=554344) INFO:     127.0.0.1:44890 - "POST /v1/completions HTTP/1.1" 200 OK
(APIServer pid=554344) INFO:     127.0.0.1:44892 - "POST /v1/completions HTTP/1.1" 200 OK
(APIServer pid=554344) INFO:     127.0.0.1:44906 - "POST /v1/completions HTTP/1.1" 200 OK
(APIServer pid=554344) INFO:     127.0.0.1:44918 - "POST /v1/completions HTTP/1.1" 200 OK
(APIServer pid=554344) INFO:     127.0.0.1:44928 - "POST /v1/completions HTTP/1.1" 200 OK
(APIServer pid=554344) INFO:     127.0.0.1:44944 - "POST /v1/completions HTTP/1.1" 200 OK
(APIServer pid=554344) INFO:     127.0.0.1:44956 - "POST /v1/completions HTTP/1.1" 200 OK
(APIServer pid=554344) INFO:     127.0.0.1:44968 - "POST /v1/completions HTTP/1.1" 200 OK
(APIServer pid=554344) INFO:     127.0.0.1:44972 - "POST /v1/completions HTTP/1.1" 200 OK
(APIServer pid=554344) INFO:     127.0.0.1:44976 - "POST /v1/completions HTTP/1.1" 200 OK
(APIServer pid=554344) INFO:     127.0.0.1:44990 - "POST /v1/completions HTTP/1.1" 200 OK
(APIServer pid=554344) INFO:     127.0.0.1:44992 - "POST /v1/completions HTTP/1.1" 200 OK
(APIServer pid=554344) INFO:     127.0.0.1:44996 - "POST /v1/completions HTTP/1.1" 200 OK
(APIServer pid=554344) INFO:     127.0.0.1:45004 - "POST /v1/completions HTTP/1.1" 200 OK
(APIServer pid=554344) INFO:     127.0.0.1:45008 - "POST /v1/completions HTTP/1.1" 200 OK
(APIServer pid=554344) INFO:     127.0.0.1:45024 - "POST /v1/completions HTTP/1.1" 200 OK
(APIServer pid=554344) INFO:     127.0.0.1:45032 - "POST /v1/completions HTTP/1.1" 200 OK
(APIServer pid=554344) INFO:     127.0.0.1:45044 - "POST /v1/completions HTTP/1.1" 200 OK
(APIServer pid=554344) INFO:     127.0.0.1:45052 - "POST /v1/completions HTTP/1.1" 200 OK
(APIServer pid=554344) INFO:     127.0.0.1:45054 - "POST /v1/completions HTTP/1.1" 200 OK
(APIServer pid=554344) INFO:     127.0.0.1:45068 - "POST /v1/completions HTTP/1.1" 200 OK
(APIServer pid=554344) INFO:     127.0.0.1:45082 - "POST /v1/completions HTTP/1.1" 200 OK
(APIServer pid=554344) INFO:     127.0.0.1:45084 - "POST /v1/completions HTTP/1.1" 200 OK
(APIServer pid=554344) INFO:     127.0.0.1:45092 - "POST /v1/completions HTTP/1.1" 200 OK
(APIServer pid=554344) INFO:     127.0.0.1:45094 - "POST /v1/completions HTTP/1.1" 200 OK
(APIServer pid=554344) INFO:     127.0.0.1:45096 - "POST /v1/completions HTTP/1.1" 200 OK
(APIServer pid=554344) INFO:     127.0.0.1:45100 - "POST /v1/completions HTTP/1.1" 200 OK
(APIServer pid=554344) INFO:     127.0.0.1:45116 - "POST /v1/completions HTTP/1.1" 200 OK
(APIServer pid=554344) INFO:     127.0.0.1:45118 - "POST /v1/completions HTTP/1.1" 200 OK
(APIServer pid=554344) INFO:     127.0.0.1:45128 - "POST /v1/completions HTTP/1.1" 200 OK
(APIServer pid=554344) INFO:     127.0.0.1:45130 - "POST /v1/completions HTTP/1.1" 200 OK
(APIServer pid=554344) INFO 07-08 09:17:12 [loggers.py:271] Engine 000: Avg prompt throughput: 87.5 tokens/s, Avg generation throughput: 892.3 tokens/s, Running: 64 reqs, Waiting: 0 reqs, GPU KV cache usage: 0.6%, Prefix cache hit rate: 86.2%
(APIServer pid=554344) INFO:     127.0.0.1:34188 - "GET /metrics HTTP/1.1" 200 OK
(APIServer pid=554344) INFO:     127.0.0.1:44614 - "POST /v1/completions HTTP/1.1" 200 OK
(APIServer pid=554344) INFO:     127.0.0.1:44838 - "POST /v1/completions HTTP/1.1" 200 OK
(APIServer pid=554344) INFO:     127.0.0.1:44658 - "POST /v1/completions HTTP/1.1" 200 OK
(APIServer pid=554344) INFO:     127.0.0.1:44696 - "POST /v1/completions HTTP/1.1" 200 OK
(APIServer pid=554344) INFO:     127.0.0.1:44652 - "POST /v1/completions HTTP/1.1" 200 OK
(APIServer pid=554344) INFO:     127.0.0.1:44686 - "POST /v1/completions HTTP/1.1" 200 OK
(APIServer pid=554344) INFO:     127.0.0.1:44822 - "POST /v1/completions HTTP/1.1" 200 OK
(APIServer pid=554344) INFO:     127.0.0.1:44810 - "POST /v1/completions HTTP/1.1" 200 OK
(APIServer pid=554344) INFO:     127.0.0.1:44784 - "POST /v1/completions HTTP/1.1" 200 OK
(APIServer pid=554344) INFO:     127.0.0.1:44778 - "POST /v1/completions HTTP/1.1" 200 OK
(APIServer pid=554344) INFO:     127.0.0.1:44764 - "POST /v1/completions HTTP/1.1" 200 OK
(APIServer pid=554344) INFO:     127.0.0.1:44796 - "POST /v1/completions HTTP/1.1" 200 OK
(APIServer pid=554344) INFO:     127.0.0.1:44804 - "POST /v1/completions HTTP/1.1" 200 OK
(APIServer pid=554344) INFO:     127.0.0.1:44636 - "POST /v1/completions HTTP/1.1" 200 OK
(APIServer pid=554344) INFO:     127.0.0.1:44890 - "POST /v1/completions HTTP/1.1" 200 OK
(APIServer pid=554344) INFO:     127.0.0.1:44884 - "POST /v1/completions HTTP/1.1" 200 OK
(APIServer pid=554344) INFO:     127.0.0.1:44878 - "POST /v1/completions HTTP/1.1" 200 OK
(APIServer pid=554344) INFO:     127.0.0.1:44868 - "POST /v1/completions HTTP/1.1" 200 OK
(APIServer pid=554344) INFO:     127.0.0.1:44676 - "POST /v1/completions HTTP/1.1" 200 OK
(APIServer pid=554344) INFO:     127.0.0.1:44840 - "POST /v1/completions HTTP/1.1" 200 OK
(APIServer pid=554344) INFO:     127.0.0.1:44852 - "POST /v1/completions HTTP/1.1" 200 OK
(APIServer pid=554344) INFO:     127.0.0.1:44824 - "POST /v1/completions HTTP/1.1" 200 OK
(APIServer pid=554344) INFO:     127.0.0.1:44674 - "POST /v1/completions HTTP/1.1" 200 OK
(APIServer pid=554344) INFO:     127.0.0.1:44638 - "POST /v1/completions HTTP/1.1" 200 OK
(APIServer pid=554344) INFO:     127.0.0.1:44762 - "POST /v1/completions HTTP/1.1" 200 OK
(APIServer pid=554344) INFO:     127.0.0.1:44664 - "POST /v1/completions HTTP/1.1" 200 OK
(APIServer pid=554344) INFO:     127.0.0.1:44744 - "POST /v1/completions HTTP/1.1" 200 OK
(APIServer pid=554344) INFO:     127.0.0.1:44728 - "POST /v1/completions HTTP/1.1" 200 OK
(APIServer pid=554344) INFO:     127.0.0.1:44714 - "POST /v1/completions HTTP/1.1" 200 OK
(APIServer pid=554344) INFO:     127.0.0.1:44754 - "POST /v1/completions HTTP/1.1" 200 OK
(APIServer pid=554344) INFO:     127.0.0.1:44620 - "POST /v1/completions HTTP/1.1" 200 OK
(APIServer pid=554344) INFO:     127.0.0.1:44660 - "POST /v1/completions HTTP/1.1" 200 OK
(APIServer pid=554344) INFO:     127.0.0.1:44704 - "POST /v1/completions HTTP/1.1" 200 OK
(APIServer pid=554344) INFO:     127.0.0.1:45054 - "POST /v1/completions HTTP/1.1" 200 OK
(APIServer pid=554344) INFO:     127.0.0.1:45052 - "POST /v1/completions HTTP/1.1" 200 OK
(APIServer pid=554344) INFO:     127.0.0.1:45044 - "POST /v1/completions HTTP/1.1" 200 OK
(APIServer pid=554344) INFO:     127.0.0.1:45032 - "POST /v1/completions HTTP/1.1" 200 OK
(APIServer pid=554344) INFO:     127.0.0.1:45024 - "POST /v1/completions HTTP/1.1" 200 OK
(APIServer pid=554344) INFO:     127.0.0.1:45008 - "POST /v1/completions HTTP/1.1" 200 OK
(APIServer pid=554344) INFO:     127.0.0.1:44976 - "POST /v1/completions HTTP/1.1" 200 OK
(APIServer pid=554344) INFO:     127.0.0.1:44972 - "POST /v1/completions HTTP/1.1" 200 OK
(APIServer pid=554344) INFO:     127.0.0.1:44968 - "POST /v1/completions HTTP/1.1" 200 OK
(APIServer pid=554344) INFO:     127.0.0.1:44956 - "POST /v1/completions HTTP/1.1" 200 OK
(APIServer pid=554344) INFO:     127.0.0.1:44944 - "POST /v1/completions HTTP/1.1" 200 OK
(APIServer pid=554344) INFO:     127.0.0.1:44928 - "POST /v1/completions HTTP/1.1" 200 OK
(APIServer pid=554344) INFO:     127.0.0.1:44918 - "POST /v1/completions HTTP/1.1" 200 OK
(APIServer pid=554344) INFO:     127.0.0.1:44906 - "POST /v1/completions HTTP/1.1" 200 OK
(APIServer pid=554344) INFO:     127.0.0.1:44892 - "POST /v1/completions HTTP/1.1" 200 OK
(APIServer pid=554344) INFO:     127.0.0.1:44990 - "POST /v1/completions HTTP/1.1" 200 OK
(APIServer pid=554344) INFO:     127.0.0.1:45004 - "POST /v1/completions HTTP/1.1" 200 OK
(APIServer pid=554344) INFO:     127.0.0.1:44996 - "POST /v1/completions HTTP/1.1" 200 OK
(APIServer pid=554344) INFO:     127.0.0.1:44992 - "POST /v1/completions HTTP/1.1" 200 OK
(APIServer pid=554344) INFO:     127.0.0.1:45068 - "POST /v1/completions HTTP/1.1" 200 OK
(APIServer pid=554344) INFO:     127.0.0.1:45092 - "POST /v1/completions HTTP/1.1" 200 OK
(APIServer pid=554344) INFO:     127.0.0.1:45094 - "POST /v1/completions HTTP/1.1" 200 OK
(APIServer pid=554344) INFO:     127.0.0.1:45096 - "POST /v1/completions HTTP/1.1" 200 OK
(APIServer pid=554344) INFO:     127.0.0.1:45084 - "POST /v1/completions HTTP/1.1" 200 OK
(APIServer pid=554344) INFO:     127.0.0.1:45130 - "POST /v1/completions HTTP/1.1" 200 OK
(APIServer pid=554344) INFO:     127.0.0.1:45128 - "POST /v1/completions HTTP/1.1" 200 OK
(APIServer pid=554344) INFO:     127.0.0.1:45118 - "POST /v1/completions HTTP/1.1" 200 OK
(APIServer pid=554344) INFO:     127.0.0.1:45116 - "POST /v1/completions HTTP/1.1" 200 OK
(APIServer pid=554344) INFO:     127.0.0.1:45100 - "POST /v1/completions HTTP/1.1" 200 OK
(APIServer pid=554344) INFO:     127.0.0.1:45082 - "POST /v1/completions HTTP/1.1" 200 OK
(APIServer pid=554344) INFO:     127.0.0.1:34188 - "POST /v1/completions HTTP/1.1" 200 OK
(APIServer pid=554344) INFO:     127.0.0.1:47192 - "POST /v1/completions HTTP/1.1" 200 OK
(APIServer pid=554344) INFO:     127.0.0.1:47208 - "POST /v1/completions HTTP/1.1" 200 OK
(APIServer pid=554344) INFO:     127.0.0.1:47212 - "POST /v1/completions HTTP/1.1" 200 OK
(APIServer pid=554344) INFO:     127.0.0.1:47224 - "POST /v1/completions HTTP/1.1" 200 OK
(APIServer pid=554344) INFO:     127.0.0.1:47230 - "POST /v1/completions HTTP/1.1" 200 OK
(APIServer pid=554344) INFO:     127.0.0.1:47244 - "POST /v1/completions HTTP/1.1" 200 OK
(APIServer pid=554344) INFO:     127.0.0.1:47246 - "POST /v1/completions HTTP/1.1" 200 OK
(APIServer pid=554344) INFO:     127.0.0.1:47258 - "POST /v1/completions HTTP/1.1" 200 OK
(APIServer pid=554344) INFO:     127.0.0.1:47272 - "POST /v1/completions HTTP/1.1" 200 OK
(APIServer pid=554344) INFO:     127.0.0.1:47284 - "POST /v1/completions HTTP/1.1" 200 OK
(APIServer pid=554344) INFO:     127.0.0.1:47290 - "POST /v1/completions HTTP/1.1" 200 OK
(APIServer pid=554344) INFO:     127.0.0.1:47296 - "POST /v1/completions HTTP/1.1" 200 OK
(APIServer pid=554344) INFO:     127.0.0.1:47300 - "POST /v1/completions HTTP/1.1" 200 OK
(APIServer pid=554344) INFO:     127.0.0.1:47304 - "POST /v1/completions HTTP/1.1" 200 OK
(APIServer pid=554344) INFO:     127.0.0.1:47308 - "POST /v1/completions HTTP/1.1" 200 OK
(APIServer pid=554344) INFO:     127.0.0.1:47312 - "POST /v1/completions HTTP/1.1" 200 OK
(APIServer pid=554344) INFO:     127.0.0.1:47326 - "POST /v1/completions HTTP/1.1" 200 OK
(APIServer pid=554344) INFO:     127.0.0.1:47332 - "POST /v1/completions HTTP/1.1" 200 OK
(APIServer pid=554344) INFO:     127.0.0.1:47348 - "POST /v1/completions HTTP/1.1" 200 OK
(APIServer pid=554344) INFO:     127.0.0.1:47350 - "POST /v1/completions HTTP/1.1" 200 OK
(APIServer pid=554344) INFO:     127.0.0.1:47364 - "POST /v1/completions HTTP/1.1" 200 OK
(APIServer pid=554344) INFO:     127.0.0.1:47366 - "POST /v1/completions HTTP/1.1" 200 OK
(APIServer pid=554344) INFO:     127.0.0.1:47368 - "POST /v1/completions HTTP/1.1" 200 OK
(APIServer pid=554344) INFO:     127.0.0.1:47384 - "POST /v1/completions HTTP/1.1" 200 OK
(APIServer pid=554344) INFO:     127.0.0.1:47396 - "POST /v1/completions HTTP/1.1" 200 OK
(APIServer pid=554344) INFO:     127.0.0.1:47402 - "POST /v1/completions HTTP/1.1" 200 OK
(APIServer pid=554344) INFO:     127.0.0.1:47416 - "POST /v1/completions HTTP/1.1" 200 OK
(APIServer pid=554344) INFO:     127.0.0.1:47424 - "POST /v1/completions HTTP/1.1" 200 OK
(APIServer pid=554344) INFO:     127.0.0.1:47440 - "POST /v1/completions HTTP/1.1" 200 OK
(APIServer pid=554344) INFO:     127.0.0.1:47444 - "POST /v1/completions HTTP/1.1" 200 OK
(APIServer pid=554344) INFO:     127.0.0.1:47460 - "POST /v1/completions HTTP/1.1" 200 OK
(APIServer pid=554344) INFO:     127.0.0.1:47470 - "POST /v1/completions HTTP/1.1" 200 OK
(APIServer pid=554344) INFO:     127.0.0.1:47484 - "POST /v1/completions HTTP/1.1" 200 OK
(APIServer pid=554344) INFO:     127.0.0.1:47490 - "POST /v1/completions HTTP/1.1" 200 OK
(APIServer pid=554344) INFO:     127.0.0.1:47492 - "POST /v1/completions HTTP/1.1" 200 OK
(APIServer pid=554344) INFO:     127.0.0.1:47502 - "POST /v1/completions HTTP/1.1" 200 OK
(APIServer pid=554344) INFO:     127.0.0.1:47516 - "POST /v1/completions HTTP/1.1" 200 OK
(APIServer pid=554344) INFO:     127.0.0.1:47520 - "POST /v1/completions HTTP/1.1" 200 OK
(APIServer pid=554344) INFO:     127.0.0.1:47534 - "POST /v1/completions HTTP/1.1" 200 OK
(APIServer pid=554344) INFO:     127.0.0.1:47536 - "POST /v1/completions HTTP/1.1" 200 OK
(APIServer pid=554344) INFO:     127.0.0.1:47544 - "POST /v1/completions HTTP/1.1" 200 OK
(APIServer pid=554344) INFO:     127.0.0.1:47556 - "POST /v1/completions HTTP/1.1" 200 OK
(APIServer pid=554344) INFO:     127.0.0.1:47568 - "POST /v1/completions HTTP/1.1" 200 OK
(APIServer pid=554344) INFO:     127.0.0.1:47572 - "POST /v1/completions HTTP/1.1" 200 OK
(APIServer pid=554344) INFO:     127.0.0.1:47586 - "POST /v1/completions HTTP/1.1" 200 OK
(APIServer pid=554344) INFO:     127.0.0.1:47596 - "POST /v1/completions HTTP/1.1" 200 OK
(APIServer pid=554344) INFO:     127.0.0.1:47600 - "POST /v1/completions HTTP/1.1" 200 OK
(APIServer pid=554344) INFO:     127.0.0.1:47610 - "POST /v1/completions HTTP/1.1" 200 OK
(APIServer pid=554344) INFO:     127.0.0.1:47626 - "POST /v1/completions HTTP/1.1" 200 OK
(APIServer pid=554344) INFO:     127.0.0.1:47640 - "POST /v1/completions HTTP/1.1" 200 OK
(APIServer pid=554344) INFO:     127.0.0.1:47644 - "POST /v1/completions HTTP/1.1" 200 OK
(APIServer pid=554344) INFO:     127.0.0.1:47652 - "POST /v1/completions HTTP/1.1" 200 OK
(APIServer pid=554344) INFO:     127.0.0.1:47666 - "POST /v1/completions HTTP/1.1" 200 OK
(APIServer pid=554344) INFO:     127.0.0.1:47678 - "POST /v1/completions HTTP/1.1" 200 OK
(APIServer pid=554344) INFO:     127.0.0.1:47684 - "POST /v1/completions HTTP/1.1" 200 OK
(APIServer pid=554344) INFO:     127.0.0.1:47700 - "POST /v1/completions HTTP/1.1" 200 OK
(APIServer pid=554344) INFO:     127.0.0.1:47710 - "POST /v1/completions HTTP/1.1" 200 OK
(APIServer pid=554344) INFO:     127.0.0.1:47718 - "POST /v1/completions HTTP/1.1" 200 OK
(APIServer pid=554344) INFO:     127.0.0.1:47732 - "POST /v1/completions HTTP/1.1" 200 OK
(APIServer pid=554344) INFO:     127.0.0.1:47744 - "POST /v1/completions HTTP/1.1" 200 OK
(APIServer pid=554344) INFO:     127.0.0.1:47756 - "POST /v1/completions HTTP/1.1" 200 OK
(APIServer pid=554344) INFO:     127.0.0.1:47764 - "POST /v1/completions HTTP/1.1" 200 OK
(APIServer pid=554344) INFO:     127.0.0.1:47766 - "POST /v1/completions HTTP/1.1" 200 OK
(APIServer pid=554344) INFO:     127.0.0.1:47774 - "POST /v1/completions HTTP/1.1" 200 OK
(APIServer pid=554344) INFO:     127.0.0.1:47780 - "POST /v1/completions HTTP/1.1" 200 OK
(APIServer pid=554344) INFO:     127.0.0.1:47788 - "POST /v1/completions HTTP/1.1" 200 OK
(APIServer pid=554344) INFO:     127.0.0.1:47800 - "POST /v1/completions HTTP/1.1" 200 OK
(APIServer pid=554344) INFO:     127.0.0.1:47816 - "POST /v1/completions HTTP/1.1" 200 OK
(APIServer pid=554344) INFO:     127.0.0.1:47830 - "POST /v1/completions HTTP/1.1" 200 OK
(APIServer pid=554344) INFO:     127.0.0.1:47840 - "POST /v1/completions HTTP/1.1" 200 OK
(APIServer pid=554344) INFO:     127.0.0.1:47844 - "POST /v1/completions HTTP/1.1" 200 OK
(APIServer pid=554344) INFO:     127.0.0.1:47846 - "POST /v1/completions HTTP/1.1" 200 OK
(APIServer pid=554344) INFO:     127.0.0.1:47856 - "POST /v1/completions HTTP/1.1" 200 OK
(APIServer pid=554344) INFO:     127.0.0.1:47862 - "POST /v1/completions HTTP/1.1" 200 OK
(APIServer pid=554344) INFO:     127.0.0.1:47870 - "POST /v1/completions HTTP/1.1" 200 OK
(APIServer pid=554344) INFO:     127.0.0.1:47882 - "POST /v1/completions HTTP/1.1" 200 OK
(APIServer pid=554344) INFO:     127.0.0.1:47888 - "POST /v1/completions HTTP/1.1" 200 OK
(APIServer pid=554344) INFO:     127.0.0.1:47902 - "POST /v1/completions HTTP/1.1" 200 OK
(APIServer pid=554344) INFO:     127.0.0.1:47914 - "POST /v1/completions HTTP/1.1" 200 OK
(APIServer pid=554344) INFO:     127.0.0.1:47928 - "POST /v1/completions HTTP/1.1" 200 OK
(APIServer pid=554344) INFO:     127.0.0.1:47934 - "POST /v1/completions HTTP/1.1" 200 OK
(APIServer pid=554344) INFO:     127.0.0.1:47938 - "POST /v1/completions HTTP/1.1" 200 OK
(APIServer pid=554344) INFO:     127.0.0.1:47940 - "POST /v1/completions HTTP/1.1" 200 OK
(APIServer pid=554344) INFO:     127.0.0.1:47956 - "POST /v1/completions HTTP/1.1" 200 OK
(APIServer pid=554344) INFO:     127.0.0.1:47972 - "POST /v1/completions HTTP/1.1" 200 OK
(APIServer pid=554344) INFO:     127.0.0.1:47984 - "POST /v1/completions HTTP/1.1" 200 OK
(APIServer pid=554344) INFO:     127.0.0.1:47998 - "POST /v1/completions HTTP/1.1" 200 OK
(APIServer pid=554344) INFO:     127.0.0.1:48010 - "POST /v1/completions HTTP/1.1" 200 OK
(APIServer pid=554344) INFO:     127.0.0.1:48026 - "POST /v1/completions HTTP/1.1" 200 OK
(APIServer pid=554344) INFO:     127.0.0.1:48028 - "POST /v1/completions HTTP/1.1" 200 OK
(APIServer pid=554344) INFO:     127.0.0.1:48032 - "POST /v1/completions HTTP/1.1" 200 OK
(APIServer pid=554344) INFO:     127.0.0.1:48042 - "POST /v1/completions HTTP/1.1" 200 OK
(APIServer pid=554344) INFO:     127.0.0.1:48050 - "POST /v1/completions HTTP/1.1" 200 OK
(APIServer pid=554344) INFO:     127.0.0.1:48058 - "POST /v1/completions HTTP/1.1" 200 OK
(APIServer pid=554344) INFO:     127.0.0.1:48072 - "POST /v1/completions HTTP/1.1" 200 OK
(APIServer pid=554344) INFO:     127.0.0.1:48086 - "POST /v1/completions HTTP/1.1" 200 OK
(APIServer pid=554344) INFO:     127.0.0.1:48096 - "POST /v1/completions HTTP/1.1" 200 OK
(APIServer pid=554344) INFO:     127.0.0.1:48106 - "POST /v1/completions HTTP/1.1" 200 OK
(APIServer pid=554344) INFO:     127.0.0.1:48114 - "POST /v1/completions HTTP/1.1" 200 OK
(APIServer pid=554344) INFO:     127.0.0.1:48128 - "POST /v1/completions HTTP/1.1" 200 OK
(APIServer pid=554344) INFO:     127.0.0.1:48138 - "POST /v1/completions HTTP/1.1" 200 OK
(APIServer pid=554344) INFO:     127.0.0.1:48144 - "POST /v1/completions HTTP/1.1" 200 OK
(APIServer pid=554344) INFO:     127.0.0.1:48154 - "POST /v1/completions HTTP/1.1" 200 OK
(APIServer pid=554344) INFO:     127.0.0.1:48156 - "POST /v1/completions HTTP/1.1" 200 OK
(APIServer pid=554344) INFO:     127.0.0.1:48164 - "POST /v1/completions HTTP/1.1" 200 OK
(APIServer pid=554344) INFO:     127.0.0.1:48172 - "POST /v1/completions HTTP/1.1" 200 OK
(APIServer pid=554344) INFO:     127.0.0.1:48174 - "POST /v1/completions HTTP/1.1" 200 OK
(APIServer pid=554344) INFO:     127.0.0.1:48176 - "POST /v1/completions HTTP/1.1" 200 OK
(APIServer pid=554344) INFO:     127.0.0.1:48182 - "POST /v1/completions HTTP/1.1" 200 OK
(APIServer pid=554344) INFO:     127.0.0.1:48184 - "POST /v1/completions HTTP/1.1" 200 OK
(APIServer pid=554344) INFO:     127.0.0.1:48196 - "POST /v1/completions HTTP/1.1" 200 OK
(APIServer pid=554344) INFO:     127.0.0.1:48208 - "POST /v1/completions HTTP/1.1" 200 OK
(APIServer pid=554344) INFO:     127.0.0.1:48210 - "POST /v1/completions HTTP/1.1" 200 OK
(APIServer pid=554344) INFO:     127.0.0.1:48220 - "POST /v1/completions HTTP/1.1" 200 OK
(APIServer pid=554344) INFO:     127.0.0.1:48232 - "POST /v1/completions HTTP/1.1" 200 OK
(APIServer pid=554344) INFO:     127.0.0.1:48242 - "POST /v1/completions HTTP/1.1" 200 OK
(APIServer pid=554344) INFO:     127.0.0.1:48256 - "POST /v1/completions HTTP/1.1" 200 OK
(APIServer pid=554344) INFO:     127.0.0.1:48262 - "POST /v1/completions HTTP/1.1" 200 OK
(APIServer pid=554344) INFO:     127.0.0.1:48272 - "POST /v1/completions HTTP/1.1" 200 OK
(APIServer pid=554344) INFO:     127.0.0.1:48280 - "POST /v1/completions HTTP/1.1" 200 OK
(APIServer pid=554344) INFO:     127.0.0.1:48294 - "POST /v1/completions HTTP/1.1" 200 OK
(APIServer pid=554344) INFO:     127.0.0.1:48296 - "POST /v1/completions HTTP/1.1" 200 OK
(APIServer pid=554344) INFO:     127.0.0.1:48304 - "POST /v1/completions HTTP/1.1" 200 OK
(APIServer pid=554344) INFO:     127.0.0.1:48312 - "POST /v1/completions HTTP/1.1" 200 OK
(APIServer pid=554344) INFO:     127.0.0.1:48324 - "POST /v1/completions HTTP/1.1" 200 OK
(APIServer pid=554344) INFO:     127.0.0.1:48340 - "POST /v1/completions HTTP/1.1" 200 OK
(APIServer pid=554344) INFO:     127.0.0.1:48356 - "POST /v1/completions HTTP/1.1" 200 OK
(APIServer pid=554344) INFO:     127.0.0.1:48358 - "POST /v1/completions HTTP/1.1" 200 OK
(APIServer pid=554344) INFO:     127.0.0.1:48374 - "POST /v1/completions HTTP/1.1" 200 OK
(APIServer pid=554344) INFO:     127.0.0.1:48382 - "POST /v1/completions HTTP/1.1" 200 OK
(APIServer pid=554344) INFO:     127.0.0.1:48388 - "POST /v1/completions HTTP/1.1" 200 OK
(APIServer pid=554344) INFO:     127.0.0.1:48404 - "POST /v1/completions HTTP/1.1" 200 OK
(APIServer pid=554344) INFO:     127.0.0.1:48406 - "POST /v1/completions HTTP/1.1" 200 OK
(APIServer pid=554344) INFO:     127.0.0.1:48416 - "POST /v1/completions HTTP/1.1" 200 OK
(APIServer pid=554344) INFO:     127.0.0.1:48418 - "POST /v1/completions HTTP/1.1" 200 OK
(APIServer pid=554344) INFO:     127.0.0.1:48426 - "POST /v1/completions HTTP/1.1" 200 OK
(APIServer pid=554344) INFO:     127.0.0.1:48428 - "POST /v1/completions HTTP/1.1" 200 OK
(APIServer pid=554344) INFO:     127.0.0.1:48444 - "POST /v1/completions HTTP/1.1" 200 OK
(APIServer pid=554344) INFO:     127.0.0.1:48458 - "POST /v1/completions HTTP/1.1" 200 OK
(APIServer pid=554344) INFO:     127.0.0.1:48464 - "POST /v1/completions HTTP/1.1" 200 OK
(APIServer pid=554344) INFO:     127.0.0.1:48468 - "POST /v1/completions HTTP/1.1" 200 OK
(APIServer pid=554344) INFO:     127.0.0.1:48474 - "POST /v1/completions HTTP/1.1" 200 OK
(APIServer pid=554344) INFO:     127.0.0.1:48478 - "POST /v1/completions HTTP/1.1" 200 OK
(APIServer pid=554344) INFO:     127.0.0.1:48482 - "POST /v1/completions HTTP/1.1" 200 OK
(APIServer pid=554344) INFO:     127.0.0.1:48488 - "POST /v1/completions HTTP/1.1" 200 OK
(APIServer pid=554344) INFO:     127.0.0.1:48500 - "POST /v1/completions HTTP/1.1" 200 OK
(APIServer pid=554344) INFO:     127.0.0.1:48504 - "POST /v1/completions HTTP/1.1" 200 OK
(APIServer pid=554344) INFO:     127.0.0.1:48516 - "POST /v1/completions HTTP/1.1" 200 OK
(APIServer pid=554344) INFO:     127.0.0.1:48522 - "POST /v1/completions HTTP/1.1" 200 OK
(APIServer pid=554344) INFO:     127.0.0.1:48534 - "POST /v1/completions HTTP/1.1" 200 OK
(APIServer pid=554344) INFO:     127.0.0.1:48542 - "POST /v1/completions HTTP/1.1" 200 OK
(APIServer pid=554344) INFO:     127.0.0.1:48548 - "POST /v1/completions HTTP/1.1" 200 OK
(APIServer pid=554344) INFO:     127.0.0.1:48552 - "POST /v1/completions HTTP/1.1" 200 OK
(APIServer pid=554344) INFO:     127.0.0.1:48568 - "POST /v1/completions HTTP/1.1" 200 OK
(APIServer pid=554344) INFO:     127.0.0.1:48582 - "POST /v1/completions HTTP/1.1" 200 OK
(APIServer pid=554344) INFO:     127.0.0.1:48598 - "POST /v1/completions HTTP/1.1" 200 OK
(APIServer pid=554344) INFO:     127.0.0.1:48610 - "POST /v1/completions HTTP/1.1" 200 OK
(APIServer pid=554344) INFO:     127.0.0.1:48616 - "POST /v1/completions HTTP/1.1" 200 OK
(APIServer pid=554344) INFO:     127.0.0.1:48620 - "POST /v1/completions HTTP/1.1" 200 OK
(APIServer pid=554344) INFO:     127.0.0.1:48628 - "POST /v1/completions HTTP/1.1" 200 OK
(APIServer pid=554344) INFO:     127.0.0.1:48638 - "POST /v1/completions HTTP/1.1" 200 OK
(APIServer pid=554344) INFO:     127.0.0.1:48650 - "POST /v1/completions HTTP/1.1" 200 OK
(APIServer pid=554344) INFO:     127.0.0.1:48664 - "POST /v1/completions HTTP/1.1" 200 OK
(APIServer pid=554344) INFO:     127.0.0.1:48668 - "POST /v1/completions HTTP/1.1" 200 OK
(APIServer pid=554344) INFO:     127.0.0.1:48680 - "POST /v1/completions HTTP/1.1" 200 OK
(APIServer pid=554344) INFO:     127.0.0.1:48692 - "POST /v1/completions HTTP/1.1" 200 OK
(APIServer pid=554344) INFO:     127.0.0.1:48694 - "POST /v1/completions HTTP/1.1" 200 OK
(APIServer pid=554344) INFO:     127.0.0.1:48708 - "POST /v1/completions HTTP/1.1" 200 OK
(APIServer pid=554344) INFO:     127.0.0.1:48722 - "POST /v1/completions HTTP/1.1" 200 OK
(APIServer pid=554344) INFO:     127.0.0.1:48738 - "POST /v1/completions HTTP/1.1" 200 OK
(APIServer pid=554344) INFO:     127.0.0.1:48748 - "POST /v1/completions HTTP/1.1" 200 OK
(APIServer pid=554344) INFO:     127.0.0.1:48756 - "POST /v1/completions HTTP/1.1" 200 OK
(APIServer pid=554344) INFO:     127.0.0.1:48768 - "POST /v1/completions HTTP/1.1" 200 OK
(APIServer pid=554344) INFO:     127.0.0.1:48780 - "POST /v1/completions HTTP/1.1" 200 OK
(APIServer pid=554344) INFO:     127.0.0.1:48786 - "POST /v1/completions HTTP/1.1" 200 OK
(APIServer pid=554344) INFO:     127.0.0.1:48790 - "POST /v1/completions HTTP/1.1" 200 OK
(APIServer pid=554344) INFO:     127.0.0.1:48796 - "POST /v1/completions HTTP/1.1" 200 OK
(APIServer pid=554344) INFO:     127.0.0.1:48806 - "POST /v1/completions HTTP/1.1" 200 OK
(APIServer pid=554344) INFO:     127.0.0.1:48822 - "POST /v1/completions HTTP/1.1" 200 OK
(APIServer pid=554344) INFO:     127.0.0.1:48832 - "POST /v1/completions HTTP/1.1" 200 OK
(APIServer pid=554344) INFO:     127.0.0.1:48848 - "POST /v1/completions HTTP/1.1" 200 OK
(APIServer pid=554344) INFO:     127.0.0.1:48858 - "POST /v1/completions HTTP/1.1" 200 OK
(APIServer pid=554344) INFO:     127.0.0.1:48866 - "POST /v1/completions HTTP/1.1" 200 OK
(APIServer pid=554344) INFO:     127.0.0.1:48868 - "POST /v1/completions HTTP/1.1" 200 OK
(APIServer pid=554344) INFO:     127.0.0.1:48878 - "POST /v1/completions HTTP/1.1" 200 OK
(APIServer pid=554344) INFO:     127.0.0.1:48894 - "POST /v1/completions HTTP/1.1" 200 OK
(APIServer pid=554344) INFO:     127.0.0.1:48910 - "POST /v1/completions HTTP/1.1" 200 OK
(APIServer pid=554344) INFO:     127.0.0.1:48918 - "POST /v1/completions HTTP/1.1" 200 OK
(APIServer pid=554344) INFO:     127.0.0.1:48932 - "POST /v1/completions HTTP/1.1" 200 OK
(APIServer pid=554344) INFO:     127.0.0.1:48934 - "POST /v1/completions HTTP/1.1" 200 OK
(APIServer pid=554344) INFO:     127.0.0.1:48944 - "POST /v1/completions HTTP/1.1" 200 OK
(APIServer pid=554344) INFO:     127.0.0.1:48960 - "POST /v1/completions HTTP/1.1" 200 OK
(APIServer pid=554344) INFO 07-08 09:17:22 [loggers.py:271] Engine 000: Avg prompt throughput: 3254.3 tokens/s, Avg generation throughput: 7022.3 tokens/s, Running: 256 reqs, Waiting: 0 reqs, GPU KV cache usage: 2.5%, Prefix cache hit rate: 18.0%
(APIServer pid=554344) INFO 07-08 09:17:32 [loggers.py:271] Engine 000: Avg prompt throughput: 0.0 tokens/s, Avg generation throughput: 16301.2 tokens/s, Running: 256 reqs, Waiting: 0 reqs, GPU KV cache usage: 10.9%, Prefix cache hit rate: 18.0%
(APIServer pid=554344) INFO:     127.0.0.1:44614 - "POST /v1/completions HTTP/1.1" 200 OK
(APIServer pid=554344) INFO:     127.0.0.1:44838 - "POST /v1/completions HTTP/1.1" 200 OK
(APIServer pid=554344) INFO:     127.0.0.1:44658 - "POST /v1/completions HTTP/1.1" 200 OK
(APIServer pid=554344) INFO:     127.0.0.1:44696 - "POST /v1/completions HTTP/1.1" 200 OK
(APIServer pid=554344) INFO:     127.0.0.1:44652 - "POST /v1/completions HTTP/1.1" 200 OK
(APIServer pid=554344) INFO:     127.0.0.1:44810 - "POST /v1/completions HTTP/1.1" 200 OK
(APIServer pid=554344) INFO:     127.0.0.1:44778 - "POST /v1/completions HTTP/1.1" 200 OK
(APIServer pid=554344) INFO:     127.0.0.1:44822 - "POST /v1/completions HTTP/1.1" 200 OK
(APIServer pid=554344) INFO:     127.0.0.1:44784 - "POST /v1/completions HTTP/1.1" 200 OK
(APIServer pid=554344) INFO:     127.0.0.1:44796 - "POST /v1/completions HTTP/1.1" 200 OK
(APIServer pid=554344) INFO:     127.0.0.1:44686 - "POST /v1/completions HTTP/1.1" 200 OK
(APIServer pid=554344) INFO:     127.0.0.1:44804 - "POST /v1/completions HTTP/1.1" 200 OK
(APIServer pid=554344) INFO:     127.0.0.1:44764 - "POST /v1/completions HTTP/1.1" 200 OK
(APIServer pid=554344) INFO:     127.0.0.1:45032 - "POST /v1/completions HTTP/1.1" 200 OK
(APIServer pid=554344) INFO:     127.0.0.1:44972 - "POST /v1/completions HTTP/1.1" 200 OK
(APIServer pid=554344) INFO:     127.0.0.1:44636 - "POST /v1/completions HTTP/1.1" 200 OK
(APIServer pid=554344) INFO:     127.0.0.1:44890 - "POST /v1/completions HTTP/1.1" 200 OK
(APIServer pid=554344) INFO:     127.0.0.1:44852 - "POST /v1/completions HTTP/1.1" 200 OK
(APIServer pid=554344) INFO:     127.0.0.1:44674 - "POST /v1/completions HTTP/1.1" 200 OK
(APIServer pid=554344) INFO:     127.0.0.1:44754 - "POST /v1/completions HTTP/1.1" 200 OK
(APIServer pid=554344) INFO:     127.0.0.1:44704 - "POST /v1/completions HTTP/1.1" 200 OK
(APIServer pid=554344) INFO:     127.0.0.1:45044 - "POST /v1/completions HTTP/1.1" 200 OK
(APIServer pid=554344) INFO:     127.0.0.1:44976 - "POST /v1/completions HTTP/1.1" 200 OK
(APIServer pid=554344) INFO:     127.0.0.1:44944 - "POST /v1/completions HTTP/1.1" 200 OK
(APIServer pid=554344) INFO:     127.0.0.1:44868 - "POST /v1/completions HTTP/1.1" 200 OK
(APIServer pid=554344) INFO:     127.0.0.1:44824 - "POST /v1/completions HTTP/1.1" 200 OK
(APIServer pid=554344) INFO:     127.0.0.1:44762 - "POST /v1/completions HTTP/1.1" 200 OK
(APIServer pid=554344) INFO:     127.0.0.1:44714 - "POST /v1/completions HTTP/1.1" 200 OK
(APIServer pid=554344) INFO:     127.0.0.1:44620 - "POST /v1/completions HTTP/1.1" 200 OK
(APIServer pid=554344) INFO:     127.0.0.1:45052 - "POST /v1/completions HTTP/1.1" 200 OK
(APIServer pid=554344) INFO:     127.0.0.1:45008 - "POST /v1/completions HTTP/1.1" 200 OK
(APIServer pid=554344) INFO:     127.0.0.1:44956 - "POST /v1/completions HTTP/1.1" 200 OK
(APIServer pid=554344) INFO:     127.0.0.1:44878 - "POST /v1/completions HTTP/1.1" 200 OK
(APIServer pid=554344) INFO:     127.0.0.1:44676 - "POST /v1/completions HTTP/1.1" 200 OK
(APIServer pid=554344) INFO:     127.0.0.1:44638 - "POST /v1/completions HTTP/1.1" 200 OK
(APIServer pid=554344) INFO:     127.0.0.1:44728 - "POST /v1/completions HTTP/1.1" 200 OK
(APIServer pid=554344) INFO:     127.0.0.1:44660 - "POST /v1/completions HTTP/1.1" 200 OK
(APIServer pid=554344) INFO:     127.0.0.1:45054 - "POST /v1/completions HTTP/1.1" 200 OK
(APIServer pid=554344) INFO:     127.0.0.1:45024 - "POST /v1/completions HTTP/1.1" 200 OK
(APIServer pid=554344) INFO:     127.0.0.1:44968 - "POST /v1/completions HTTP/1.1" 200 OK
(APIServer pid=554344) INFO:     127.0.0.1:44884 - "POST /v1/completions HTTP/1.1" 200 OK
(APIServer pid=554344) INFO:     127.0.0.1:44840 - "POST /v1/completions HTTP/1.1" 200 OK
(APIServer pid=554344) INFO:     127.0.0.1:44664 - "POST /v1/completions HTTP/1.1" 200 OK
(APIServer pid=554344) INFO:     127.0.0.1:44744 - "POST /v1/completions HTTP/1.1" 200 OK
(APIServer pid=554344) INFO:     127.0.0.1:45068 - "POST /v1/completions HTTP/1.1" 200 OK
(APIServer pid=554344) INFO:     127.0.0.1:47224 - "POST /v1/completions HTTP/1.1" 200 OK
(APIServer pid=554344) INFO:     127.0.0.1:45118 - "POST /v1/completions HTTP/1.1" 200 OK
(APIServer pid=554344) INFO:     127.0.0.1:44928 - "POST /v1/completions HTTP/1.1" 200 OK
(APIServer pid=554344) INFO:     127.0.0.1:47290 - "POST /v1/completions HTTP/1.1" 200 OK
(APIServer pid=554344) INFO:     127.0.0.1:47272 - "POST /v1/completions HTTP/1.1" 200 OK
(APIServer pid=554344) INFO:     127.0.0.1:45094 - "POST /v1/completions HTTP/1.1" 200 OK
(APIServer pid=554344) INFO:     127.0.0.1:45004 - "POST /v1/completions HTTP/1.1" 200 OK
(APIServer pid=554344) INFO:     127.0.0.1:34188 - "POST /v1/completions HTTP/1.1" 200 OK
(APIServer pid=554344) INFO:     127.0.0.1:45082 - "POST /v1/completions HTTP/1.1" 200 OK
(APIServer pid=554344) INFO:     127.0.0.1:47296 - "POST /v1/completions HTTP/1.1" 200 OK
(APIServer pid=554344) INFO:     127.0.0.1:45128 - "POST /v1/completions HTTP/1.1" 200 OK
(APIServer pid=554344) INFO:     127.0.0.1:47192 - "POST /v1/completions HTTP/1.1" 200 OK
(APIServer pid=554344) INFO:     127.0.0.1:44892 - "POST /v1/completions HTTP/1.1" 200 OK
(APIServer pid=554344) INFO:     127.0.0.1:45096 - "POST /v1/completions HTTP/1.1" 200 OK
(APIServer pid=554344) INFO:     127.0.0.1:44990 - "POST /v1/completions HTTP/1.1" 200 OK
(APIServer pid=554344) INFO:     127.0.0.1:47208 - "POST /v1/completions HTTP/1.1" 200 OK
(APIServer pid=554344) INFO:     127.0.0.1:45084 - "POST /v1/completions HTTP/1.1" 200 OK
(APIServer pid=554344) INFO:     127.0.0.1:45130 - "POST /v1/completions HTTP/1.1" 200 OK
(APIServer pid=554344) INFO:     127.0.0.1:45100 - "POST /v1/completions HTTP/1.1" 200 OK
(APIServer pid=554344) INFO:     127.0.0.1:47246 - "POST /v1/completions HTTP/1.1" 200 OK
(APIServer pid=554344) INFO:     127.0.0.1:44906 - "POST /v1/completions HTTP/1.1" 200 OK
(APIServer pid=554344) INFO:     127.0.0.1:44992 - "POST /v1/completions HTTP/1.1" 200 OK
(APIServer pid=554344) INFO:     127.0.0.1:47244 - "POST /v1/completions HTTP/1.1" 200 OK
(APIServer pid=554344) INFO:     127.0.0.1:47212 - "POST /v1/completions HTTP/1.1" 200 OK
(APIServer pid=554344) INFO:     127.0.0.1:47230 - "POST /v1/completions HTTP/1.1" 200 OK
(APIServer pid=554344) INFO:     127.0.0.1:47284 - "POST /v1/completions HTTP/1.1" 200 OK
(APIServer pid=554344) INFO:     127.0.0.1:45116 - "POST /v1/completions HTTP/1.1" 200 OK
(APIServer pid=554344) INFO:     127.0.0.1:44918 - "POST /v1/completions HTTP/1.1" 200 OK
(APIServer pid=554344) INFO:     127.0.0.1:47258 - "POST /v1/completions HTTP/1.1" 200 OK
(APIServer pid=554344) INFO:     127.0.0.1:45092 - "POST /v1/completions HTTP/1.1" 200 OK
(APIServer pid=554344) INFO:     127.0.0.1:44996 - "POST /v1/completions HTTP/1.1" 200 OK
(APIServer pid=554344) INFO:     127.0.0.1:47396 - "POST /v1/completions HTTP/1.1" 200 OK
(APIServer pid=554344) INFO:     127.0.0.1:47300 - "POST /v1/completions HTTP/1.1" 200 OK
(APIServer pid=554344) INFO:     127.0.0.1:47366 - "POST /v1/completions HTTP/1.1" 200 OK
(APIServer pid=554344) INFO:     127.0.0.1:47348 - "POST /v1/completions HTTP/1.1" 200 OK
(APIServer pid=554344) INFO:     127.0.0.1:47304 - "POST /v1/completions HTTP/1.1" 200 OK
(APIServer pid=554344) INFO:     127.0.0.1:47492 - "POST /v1/completions HTTP/1.1" 200 OK
(APIServer pid=554344) INFO:     127.0.0.1:47568 - "POST /v1/completions HTTP/1.1" 200 OK
(APIServer pid=554344) INFO:     127.0.0.1:47534 - "POST /v1/completions HTTP/1.1" 200 OK
(APIServer pid=554344) INFO:     127.0.0.1:47444 - "POST /v1/completions HTTP/1.1" 200 OK
(APIServer pid=554344) INFO:     127.0.0.1:47402 - "POST /v1/completions HTTP/1.1" 200 OK
(APIServer pid=554344) INFO:     127.0.0.1:47350 - "POST /v1/completions HTTP/1.1" 200 OK
(APIServer pid=554344) INFO:     127.0.0.1:47312 - "POST /v1/completions HTTP/1.1" 200 OK
(APIServer pid=554344) INFO:     127.0.0.1:47502 - "POST /v1/completions HTTP/1.1" 200 OK
(APIServer pid=554344) INFO:     127.0.0.1:47470 - "POST /v1/completions HTTP/1.1" 200 OK
(APIServer pid=554344) INFO:     127.0.0.1:47368 - "POST /v1/completions HTTP/1.1" 200 OK
(APIServer pid=554344) INFO:     127.0.0.1:47536 - "POST /v1/completions HTTP/1.1" 200 OK
(APIServer pid=554344) INFO:     127.0.0.1:47460 - "POST /v1/completions HTTP/1.1" 200 OK
(APIServer pid=554344) INFO:     127.0.0.1:47416 - "POST /v1/completions HTTP/1.1" 200 OK
(APIServer pid=554344) INFO:     127.0.0.1:47308 - "POST /v1/completions HTTP/1.1" 200 OK
(APIServer pid=554344) INFO:     127.0.0.1:47326 - "POST /v1/completions HTTP/1.1" 200 OK
(APIServer pid=554344) INFO:     127.0.0.1:47516 - "POST /v1/completions HTTP/1.1" 200 OK
(APIServer pid=554344) INFO:     127.0.0.1:47484 - "POST /v1/completions HTTP/1.1" 200 OK
(APIServer pid=554344) INFO:     127.0.0.1:47544 - "POST /v1/completions HTTP/1.1" 200 OK
(APIServer pid=554344) INFO:     127.0.0.1:47424 - "POST /v1/completions HTTP/1.1" 200 OK
(APIServer pid=554344) INFO:     127.0.0.1:47384 - "POST /v1/completions HTTP/1.1" 200 OK
(APIServer pid=554344) INFO:     127.0.0.1:47332 - "POST /v1/completions HTTP/1.1" 200 OK
(APIServer pid=554344) INFO:     127.0.0.1:47490 - "POST /v1/completions HTTP/1.1" 200 OK
(APIServer pid=554344) INFO:     127.0.0.1:47364 - "POST /v1/completions HTTP/1.1" 200 OK
(APIServer pid=554344) INFO:     127.0.0.1:47556 - "POST /v1/completions HTTP/1.1" 200 OK
(APIServer pid=554344) INFO:     127.0.0.1:47520 - "POST /v1/completions HTTP/1.1" 200 OK
(APIServer pid=554344) INFO:     127.0.0.1:47440 - "POST /v1/completions HTTP/1.1" 200 OK
(APIServer pid=554344) INFO:     127.0.0.1:47644 - "POST /v1/completions HTTP/1.1" 200 OK
(APIServer pid=554344) INFO:     127.0.0.1:47862 - "POST /v1/completions HTTP/1.1" 200 OK
(APIServer pid=554344) INFO:     127.0.0.1:47600 - "POST /v1/completions HTTP/1.1" 200 OK
(APIServer pid=554344) INFO:     127.0.0.1:47788 - "POST /v1/completions HTTP/1.1" 200 OK
(APIServer pid=554344) INFO:     127.0.0.1:47764 - "POST /v1/completions HTTP/1.1" 200 OK
(APIServer pid=554344) INFO:     127.0.0.1:47718 - "POST /v1/completions HTTP/1.1" 200 OK
(APIServer pid=554344) INFO:     127.0.0.1:47840 - "POST /v1/completions HTTP/1.1" 200 OK
(APIServer pid=554344) INFO:     127.0.0.1:47652 - "POST /v1/completions HTTP/1.1" 200 OK
(APIServer pid=554344) INFO:     127.0.0.1:47870 - "POST /v1/completions HTTP/1.1" 200 OK
(APIServer pid=554344) INFO:     127.0.0.1:47610 - "POST /v1/completions HTTP/1.1" 200 OK
(APIServer pid=554344) INFO:     127.0.0.1:47766 - "POST /v1/completions HTTP/1.1" 200 OK
(APIServer pid=554344) INFO:     127.0.0.1:47732 - "POST /v1/completions HTTP/1.1" 200 OK
(APIServer pid=554344) INFO:     127.0.0.1:47684 - "POST /v1/completions HTTP/1.1" 200 OK
(APIServer pid=554344) INFO:     127.0.0.1:47844 - "POST /v1/completions HTTP/1.1" 200 OK
(APIServer pid=554344) INFO:     127.0.0.1:47800 - "POST /v1/completions HTTP/1.1" 200 OK
(APIServer pid=554344) INFO:     127.0.0.1:47572 - "POST /v1/completions HTTP/1.1" 200 OK
(APIServer pid=554344) INFO:     127.0.0.1:47666 - "POST /v1/completions HTTP/1.1" 200 OK
(APIServer pid=554344) INFO:     127.0.0.1:47626 - "POST /v1/completions HTTP/1.1" 200 OK
(APIServer pid=554344) INFO:     127.0.0.1:47586 - "POST /v1/completions HTTP/1.1" 200 OK
(APIServer pid=554344) INFO:     127.0.0.1:47774 - "POST /v1/completions HTTP/1.1" 200 OK
(APIServer pid=554344) INFO:     127.0.0.1:47744 - "POST /v1/completions HTTP/1.1" 200 OK
(APIServer pid=554344) INFO:     127.0.0.1:47846 - "POST /v1/completions HTTP/1.1" 200 OK
(APIServer pid=554344) INFO:     127.0.0.1:47700 - "POST /v1/completions HTTP/1.1" 200 OK
(APIServer pid=554344) INFO:     127.0.0.1:47816 - "POST /v1/completions HTTP/1.1" 200 OK
(APIServer pid=554344) INFO:     127.0.0.1:47678 - "POST /v1/completions HTTP/1.1" 200 OK
(APIServer pid=554344) INFO:     127.0.0.1:47640 - "POST /v1/completions HTTP/1.1" 200 OK
(APIServer pid=554344) INFO:     127.0.0.1:47856 - "POST /v1/completions HTTP/1.1" 200 OK
(APIServer pid=554344) INFO:     127.0.0.1:47596 - "POST /v1/completions HTTP/1.1" 200 OK
(APIServer pid=554344) INFO:     127.0.0.1:47780 - "POST /v1/completions HTTP/1.1" 200 OK
(APIServer pid=554344) INFO:     127.0.0.1:47756 - "POST /v1/completions HTTP/1.1" 200 OK
(APIServer pid=554344) INFO:     127.0.0.1:47710 - "POST /v1/completions HTTP/1.1" 200 OK
(APIServer pid=554344) INFO:     127.0.0.1:47830 - "POST /v1/completions HTTP/1.1" 200 OK
(APIServer pid=554344) INFO:     127.0.0.1:48172 - "POST /v1/completions HTTP/1.1" 200 OK
(APIServer pid=554344) INFO:     127.0.0.1:47902 - "POST /v1/completions HTTP/1.1" 200 OK
(APIServer pid=554344) INFO:     127.0.0.1:48010 - "POST /v1/completions HTTP/1.1" 200 OK
(APIServer pid=554344) INFO:     127.0.0.1:47956 - "POST /v1/completions HTTP/1.1" 200 OK
(APIServer pid=554344) INFO:     127.0.0.1:48154 - "POST /v1/completions HTTP/1.1" 200 OK
(APIServer pid=554344) INFO:     127.0.0.1:47914 - "POST /v1/completions HTTP/1.1" 200 OK
(APIServer pid=554344) INFO:     127.0.0.1:48144 - "POST /v1/completions HTTP/1.1" 200 OK
(APIServer pid=554344) INFO:     127.0.0.1:48026 - "POST /v1/completions HTTP/1.1" 200 OK
(APIServer pid=554344) INFO:     127.0.0.1:47972 - "POST /v1/completions HTTP/1.1" 200 OK
(APIServer pid=554344) INFO:     127.0.0.1:47934 - "POST /v1/completions HTTP/1.1" 200 OK
(APIServer pid=554344) INFO:     127.0.0.1:48138 - "POST /v1/completions HTTP/1.1" 200 OK
(APIServer pid=554344) INFO:     127.0.0.1:48128 - "POST /v1/completions HTTP/1.1" 200 OK
(APIServer pid=554344) INFO:     127.0.0.1:48086 - "POST /v1/completions HTTP/1.1" 200 OK
(APIServer pid=554344) INFO:     127.0.0.1:48050 - "POST /v1/completions HTTP/1.1" 200 OK
(APIServer pid=554344) INFO:     127.0.0.1:47928 - "POST /v1/completions HTTP/1.1" 200 OK
(APIServer pid=554344) INFO:     127.0.0.1:47882 - "POST /v1/completions HTTP/1.1" 200 OK
(APIServer pid=554344) INFO:     127.0.0.1:48106 - "POST /v1/completions HTTP/1.1" 200 OK
(APIServer pid=554344) INFO:     127.0.0.1:48042 - "POST /v1/completions HTTP/1.1" 200 OK
(APIServer pid=554344) INFO:     127.0.0.1:48028 - "POST /v1/completions HTTP/1.1" 200 OK
(APIServer pid=554344) INFO:     127.0.0.1:47984 - "POST /v1/completions HTTP/1.1" 200 OK
(APIServer pid=554344) INFO:     127.0.0.1:47938 - "POST /v1/completions HTTP/1.1" 200 OK
(APIServer pid=554344) INFO:     127.0.0.1:48156 - "POST /v1/completions HTTP/1.1" 200 OK
(APIServer pid=554344) INFO:     127.0.0.1:48114 - "POST /v1/completions HTTP/1.1" 200 OK
(APIServer pid=554344) INFO:     127.0.0.1:48072 - "POST /v1/completions HTTP/1.1" 200 OK
(APIServer pid=554344) INFO:     127.0.0.1:48096 - "POST /v1/completions HTTP/1.1" 200 OK
(APIServer pid=554344) INFO:     127.0.0.1:48058 - "POST /v1/completions HTTP/1.1" 200 OK
(APIServer pid=554344) INFO:     127.0.0.1:47888 - "POST /v1/completions HTTP/1.1" 200 OK
(APIServer pid=554344) INFO:     127.0.0.1:48032 - "POST /v1/completions HTTP/1.1" 200 OK
(APIServer pid=554344) INFO:     127.0.0.1:47998 - "POST /v1/completions HTTP/1.1" 200 OK
(APIServer pid=554344) INFO:     127.0.0.1:47940 - "POST /v1/completions HTTP/1.1" 200 OK
(APIServer pid=554344) INFO:     127.0.0.1:48164 - "POST /v1/completions HTTP/1.1" 200 OK
(APIServer pid=554344) INFO:     127.0.0.1:48272 - "POST /v1/completions HTTP/1.1" 200 OK
(APIServer pid=554344) INFO:     127.0.0.1:48374 - "POST /v1/completions HTTP/1.1" 200 OK
(APIServer pid=554344) INFO:     127.0.0.1:48280 - "POST /v1/completions HTTP/1.1" 200 OK
(APIServer pid=554344) INFO:     127.0.0.1:48232 - "POST /v1/completions HTTP/1.1" 200 OK
(APIServer pid=554344) INFO:     127.0.0.1:48182 - "POST /v1/completions HTTP/1.1" 200 OK
(APIServer pid=554344) INFO:     127.0.0.1:48428 - "POST /v1/completions HTTP/1.1" 200 OK
(APIServer pid=554344) INFO:     127.0.0.1:48304 - "POST /v1/completions HTTP/1.1" 200 OK
(APIServer pid=554344) INFO:     127.0.0.1:48426 - "POST /v1/completions HTTP/1.1" 200 OK
(APIServer pid=554344) INFO:     127.0.0.1:48220 - "POST /v1/completions HTTP/1.1" 200 OK
(APIServer pid=554344) INFO:     127.0.0.1:48296 - "POST /v1/completions HTTP/1.1" 200 OK
(APIServer pid=554344) INFO:     127.0.0.1:48176 - "POST /v1/completions HTTP/1.1" 200 OK
(APIServer pid=554344) INFO:     127.0.0.1:48340 - "POST /v1/completions HTTP/1.1" 200 OK
(APIServer pid=554344) INFO:     127.0.0.1:48406 - "POST /v1/completions HTTP/1.1" 200 OK
(APIServer pid=554344) INFO:     127.0.0.1:48174 - "POST /v1/completions HTTP/1.1" 200 OK
(APIServer pid=554344) INFO:     127.0.0.1:48210 - "POST /v1/completions HTTP/1.1" 200 OK
(APIServer pid=554344) INFO:     127.0.0.1:48418 - "POST /v1/completions HTTP/1.1" 200 OK
(APIServer pid=554344) INFO:     127.0.0.1:48256 - "POST /v1/completions HTTP/1.1" 200 OK
(APIServer pid=554344) INFO:     127.0.0.1:48242 - "POST /v1/completions HTTP/1.1" 200 OK
(APIServer pid=554344) INFO:     127.0.0.1:48324 - "POST /v1/completions HTTP/1.1" 200 OK
(APIServer pid=554344) INFO:     127.0.0.1:48196 - "POST /v1/completions HTTP/1.1" 200 OK
(APIServer pid=554344) INFO:     127.0.0.1:48388 - "POST /v1/completions HTTP/1.1" 200 OK
(APIServer pid=554344) INFO:     127.0.0.1:48208 - "POST /v1/completions HTTP/1.1" 200 OK
(APIServer pid=554344) INFO:     127.0.0.1:48184 - "POST /v1/completions HTTP/1.1" 200 OK
(APIServer pid=554344) INFO:     127.0.0.1:48294 - "POST /v1/completions HTTP/1.1" 200 OK
(APIServer pid=554344) INFO:     127.0.0.1:48404 - "POST /v1/completions HTTP/1.1" 200 OK
(APIServer pid=554344) INFO:     127.0.0.1:48312 - "POST /v1/completions HTTP/1.1" 200 OK
(APIServer pid=554344) INFO:     127.0.0.1:48382 - "POST /v1/completions HTTP/1.1" 200 OK
(APIServer pid=554344) INFO:     127.0.0.1:48262 - "POST /v1/completions HTTP/1.1" 200 OK
(APIServer pid=554344) INFO:     127.0.0.1:48358 - "POST /v1/completions HTTP/1.1" 200 OK
(APIServer pid=554344) INFO:     127.0.0.1:48416 - "POST /v1/completions HTTP/1.1" 200 OK
(APIServer pid=554344) INFO:     127.0.0.1:48356 - "POST /v1/completions HTTP/1.1" 200 OK
(APIServer pid=554344) INFO:     127.0.0.1:48516 - "POST /v1/completions HTTP/1.1" 200 OK
(APIServer pid=554344) INFO:     127.0.0.1:48616 - "POST /v1/completions HTTP/1.1" 200 OK
(APIServer pid=554344) INFO:     127.0.0.1:48668 - "POST /v1/completions HTTP/1.1" 200 OK
(APIServer pid=554344) INFO:     127.0.0.1:48542 - "POST /v1/completions HTTP/1.1" 200 OK
(APIServer pid=554344) INFO:     127.0.0.1:48650 - "POST /v1/completions HTTP/1.1" 200 OK
(APIServer pid=554344) INFO:     127.0.0.1:48708 - "POST /v1/completions HTTP/1.1" 200 OK
(APIServer pid=554344) INFO:     127.0.0.1:48504 - "POST /v1/completions HTTP/1.1" 200 OK
(APIServer pid=554344) INFO:     127.0.0.1:48482 - "POST /v1/completions HTTP/1.1" 200 OK
(APIServer pid=554344) INFO:     127.0.0.1:48522 - "POST /v1/completions HTTP/1.1" 200 OK
(APIServer pid=554344) INFO:     127.0.0.1:48568 - "POST /v1/completions HTTP/1.1" 200 OK
(APIServer pid=554344) INFO:     127.0.0.1:48582 - "POST /v1/completions HTTP/1.1" 200 OK
(APIServer pid=554344) INFO:     127.0.0.1:48692 - "POST /v1/completions HTTP/1.1" 200 OK
(APIServer pid=554344) INFO:     127.0.0.1:48468 - "POST /v1/completions HTTP/1.1" 200 OK
(APIServer pid=554344) INFO:     127.0.0.1:48638 - "POST /v1/completions HTTP/1.1" 200 OK
(APIServer pid=554344) INFO:     127.0.0.1:48680 - "POST /v1/completions HTTP/1.1" 200 OK
(APIServer pid=554344) INFO:     127.0.0.1:48474 - "POST /v1/completions HTTP/1.1" 200 OK
(APIServer pid=554344) INFO:     127.0.0.1:48628 - "POST /v1/completions HTTP/1.1" 200 OK
(APIServer pid=554344) INFO:     127.0.0.1:48598 - "POST /v1/completions HTTP/1.1" 200 OK
(APIServer pid=554344) INFO:     127.0.0.1:48478 - "POST /v1/completions HTTP/1.1" 200 OK
(APIServer pid=554344) INFO:     127.0.0.1:48610 - "POST /v1/completions HTTP/1.1" 200 OK
(APIServer pid=554344) INFO:     127.0.0.1:48534 - "POST /v1/completions HTTP/1.1" 200 OK
(APIServer pid=554344) INFO:     127.0.0.1:48458 - "POST /v1/completions HTTP/1.1" 200 OK
(APIServer pid=554344) INFO:     127.0.0.1:48664 - "POST /v1/completions HTTP/1.1" 200 OK
(APIServer pid=554344) INFO:     127.0.0.1:48488 - "POST /v1/completions HTTP/1.1" 200 OK
(APIServer pid=554344) INFO:     127.0.0.1:48444 - "POST /v1/completions HTTP/1.1" 200 OK
(APIServer pid=554344) INFO:     127.0.0.1:48694 - "POST /v1/completions HTTP/1.1" 200 OK
(APIServer pid=554344) INFO:     127.0.0.1:48552 - "POST /v1/completions HTTP/1.1" 200 OK
(APIServer pid=554344) INFO:     127.0.0.1:48620 - "POST /v1/completions HTTP/1.1" 200 OK
(APIServer pid=554344) INFO:     127.0.0.1:48548 - "POST /v1/completions HTTP/1.1" 200 OK
(APIServer pid=554344) INFO:     127.0.0.1:48500 - "POST /v1/completions HTTP/1.1" 200 OK
(APIServer pid=554344) INFO:     127.0.0.1:48464 - "POST /v1/completions HTTP/1.1" 200 OK
(APIServer pid=554344) INFO:     127.0.0.1:48848 - "POST /v1/completions HTTP/1.1" 200 OK
(APIServer pid=554344) INFO:     127.0.0.1:48894 - "POST /v1/completions HTTP/1.1" 200 OK
(APIServer pid=554344) INFO:     127.0.0.1:48832 - "POST /v1/completions HTTP/1.1" 200 OK
(APIServer pid=554344) INFO:     127.0.0.1:48944 - "POST /v1/completions HTTP/1.1" 200 OK
(APIServer pid=554344) INFO:     127.0.0.1:48878 - "POST /v1/completions HTTP/1.1" 200 OK
(APIServer pid=554344) INFO:     127.0.0.1:48768 - "POST /v1/completions HTTP/1.1" 200 OK
(APIServer pid=554344) INFO:     127.0.0.1:48796 - "POST /v1/completions HTTP/1.1" 200 OK
(APIServer pid=554344) INFO:     127.0.0.1:48790 - "POST /v1/completions HTTP/1.1" 200 OK
(APIServer pid=554344) INFO:     127.0.0.1:48738 - "POST /v1/completions HTTP/1.1" 200 OK
(APIServer pid=554344) INFO:     127.0.0.1:48868 - "POST /v1/completions HTTP/1.1" 200 OK
(APIServer pid=554344) INFO:     127.0.0.1:48858 - "POST /v1/completions HTTP/1.1" 200 OK
(APIServer pid=554344) INFO:     127.0.0.1:48932 - "POST /v1/completions HTTP/1.1" 200 OK
(APIServer pid=554344) INFO:     127.0.0.1:48786 - "POST /v1/completions HTTP/1.1" 200 OK
(APIServer pid=554344) INFO:     127.0.0.1:48748 - "POST /v1/completions HTTP/1.1" 200 OK
(APIServer pid=554344) INFO:     127.0.0.1:48756 - "POST /v1/completions HTTP/1.1" 200 OK
(APIServer pid=554344) INFO:     127.0.0.1:48934 - "POST /v1/completions HTTP/1.1" 200 OK
(APIServer pid=554344) INFO:     127.0.0.1:48866 - "POST /v1/completions HTTP/1.1" 200 OK
(APIServer pid=554344) INFO:     127.0.0.1:48722 - "POST /v1/completions HTTP/1.1" 200 OK
(APIServer pid=554344) INFO:     127.0.0.1:48822 - "POST /v1/completions HTTP/1.1" 200 OK
(APIServer pid=554344) INFO:     127.0.0.1:48780 - "POST /v1/completions HTTP/1.1" 200 OK
(APIServer pid=554344) INFO:     127.0.0.1:48960 - "POST /v1/completions HTTP/1.1" 200 OK
(APIServer pid=554344) INFO:     127.0.0.1:48910 - "POST /v1/completions HTTP/1.1" 200 OK
(APIServer pid=554344) INFO:     127.0.0.1:48918 - "POST /v1/completions HTTP/1.1" 200 OK
(APIServer pid=554344) INFO:     127.0.0.1:48806 - "POST /v1/completions HTTP/1.1" 200 OK
(APIServer pid=554344) INFO 07-08 09:17:42 [loggers.py:271] Engine 000: Avg prompt throughput: 3253.4 tokens/s, Avg generation throughput: 14664.6 tokens/s, Running: 256 reqs, Waiting: 0 reqs, GPU KV cache usage: 5.1%, Prefix cache hit rate: 10.3%
(APIServer pid=554344) INFO 07-08 09:17:52 [loggers.py:271] Engine 000: Avg prompt throughput: 0.0 tokens/s, Avg generation throughput: 15790.6 tokens/s, Running: 256 reqs, Waiting: 0 reqs, GPU KV cache usage: 13.1%, Prefix cache hit rate: 10.3%
(APIServer pid=554344) INFO:     127.0.0.1:44614 - "GET /metrics HTTP/1.1" 200 OK
(APIServer pid=554344) INFO 07-08 09:18:02 [loggers.py:271] Engine 000: Avg prompt throughput: 0.0 tokens/s, Avg generation throughput: 4116.3 tokens/s, Running: 0 reqs, Waiting: 0 reqs, GPU KV cache usage: 0.0%, Prefix cache hit rate: 10.3%
(APIServer pid=554344) INFO:     127.0.0.1:48134 - "POST /v1/completions HTTP/1.1" 200 OK
(APIServer pid=554344) INFO:     127.0.0.1:48134 - "POST /v1/completions HTTP/1.1" 200 OK
(APIServer pid=554344) INFO:     127.0.0.1:60322 - "POST /v1/completions HTTP/1.1" 200 OK
(APIServer pid=554344) INFO:     127.0.0.1:60328 - "POST /v1/completions HTTP/1.1" 200 OK
(APIServer pid=554344) INFO:     127.0.0.1:60338 - "POST /v1/completions HTTP/1.1" 200 OK
(APIServer pid=554344) INFO:     127.0.0.1:60348 - "POST /v1/completions HTTP/1.1" 200 OK
(APIServer pid=554344) INFO:     127.0.0.1:60358 - "POST /v1/completions HTTP/1.1" 200 OK
(APIServer pid=554344) INFO:     127.0.0.1:60372 - "POST /v1/completions HTTP/1.1" 200 OK
(APIServer pid=554344) INFO:     127.0.0.1:60388 - "POST /v1/completions HTTP/1.1" 200 OK
(APIServer pid=554344) INFO:     127.0.0.1:60400 - "POST /v1/completions HTTP/1.1" 200 OK
(APIServer pid=554344) INFO:     127.0.0.1:60410 - "POST /v1/completions HTTP/1.1" 200 OK
(APIServer pid=554344) INFO:     127.0.0.1:60426 - "POST /v1/completions HTTP/1.1" 200 OK
(APIServer pid=554344) INFO:     127.0.0.1:60428 - "POST /v1/completions HTTP/1.1" 200 OK
(APIServer pid=554344) INFO:     127.0.0.1:60442 - "POST /v1/completions HTTP/1.1" 200 OK
(APIServer pid=554344) INFO:     127.0.0.1:60456 - "POST /v1/completions HTTP/1.1" 200 OK
(APIServer pid=554344) INFO:     127.0.0.1:60460 - "POST /v1/completions HTTP/1.1" 200 OK
(APIServer pid=554344) INFO:     127.0.0.1:60462 - "POST /v1/completions HTTP/1.1" 200 OK
(APIServer pid=554344) INFO:     127.0.0.1:60468 - "POST /v1/completions HTTP/1.1" 200 OK
(APIServer pid=554344) INFO:     127.0.0.1:60472 - "POST /v1/completions HTTP/1.1" 200 OK
(APIServer pid=554344) INFO:     127.0.0.1:60488 - "POST /v1/completions HTTP/1.1" 200 OK
(APIServer pid=554344) INFO:     127.0.0.1:60492 - "POST /v1/completions HTTP/1.1" 200 OK
(APIServer pid=554344) INFO:     127.0.0.1:60498 - "POST /v1/completions HTTP/1.1" 200 OK
(APIServer pid=554344) INFO:     127.0.0.1:60512 - "POST /v1/completions HTTP/1.1" 200 OK
(APIServer pid=554344) INFO:     127.0.0.1:60514 - "POST /v1/completions HTTP/1.1" 200 OK
(APIServer pid=554344) INFO:     127.0.0.1:60524 - "POST /v1/completions HTTP/1.1" 200 OK
(APIServer pid=554344) INFO:     127.0.0.1:60540 - "POST /v1/completions HTTP/1.1" 200 OK
(APIServer pid=554344) INFO:     127.0.0.1:60556 - "POST /v1/completions HTTP/1.1" 200 OK
(APIServer pid=554344) INFO:     127.0.0.1:60570 - "POST /v1/completions HTTP/1.1" 200 OK
(APIServer pid=554344) INFO:     127.0.0.1:60580 - "POST /v1/completions HTTP/1.1" 200 OK
(APIServer pid=554344) INFO:     127.0.0.1:60594 - "POST /v1/completions HTTP/1.1" 200 OK
(APIServer pid=554344) INFO:     127.0.0.1:60598 - "POST /v1/completions HTTP/1.1" 200 OK
(APIServer pid=554344) INFO:     127.0.0.1:60606 - "POST /v1/completions HTTP/1.1" 200 OK
(APIServer pid=554344) INFO:     127.0.0.1:60612 - "POST /v1/completions HTTP/1.1" 200 OK
(APIServer pid=554344) INFO:     127.0.0.1:60624 - "POST /v1/completions HTTP/1.1" 200 OK
(APIServer pid=554344) INFO:     127.0.0.1:60634 - "POST /v1/completions HTTP/1.1" 200 OK
(APIServer pid=554344) INFO:     127.0.0.1:60650 - "POST /v1/completions HTTP/1.1" 200 OK
(APIServer pid=554344) INFO:     127.0.0.1:60658 - "POST /v1/completions HTTP/1.1" 200 OK
(APIServer pid=554344) INFO:     127.0.0.1:60662 - "POST /v1/completions HTTP/1.1" 200 OK
(APIServer pid=554344) INFO:     127.0.0.1:60672 - "POST /v1/completions HTTP/1.1" 200 OK
(APIServer pid=554344) INFO:     127.0.0.1:60674 - "POST /v1/completions HTTP/1.1" 200 OK
(APIServer pid=554344) INFO:     127.0.0.1:60686 - "POST /v1/completions HTTP/1.1" 200 OK
(APIServer pid=554344) INFO:     127.0.0.1:60696 - "POST /v1/completions HTTP/1.1" 200 OK
(APIServer pid=554344) INFO:     127.0.0.1:60700 - "POST /v1/completions HTTP/1.1" 200 OK
(APIServer pid=554344) INFO:     127.0.0.1:60710 - "POST /v1/completions HTTP/1.1" 200 OK
(APIServer pid=554344) INFO:     127.0.0.1:60714 - "POST /v1/completions HTTP/1.1" 200 OK
(APIServer pid=554344) INFO:     127.0.0.1:60726 - "POST /v1/completions HTTP/1.1" 200 OK
(APIServer pid=554344) INFO:     127.0.0.1:60736 - "POST /v1/completions HTTP/1.1" 200 OK
(APIServer pid=554344) INFO:     127.0.0.1:60750 - "POST /v1/completions HTTP/1.1" 200 OK
(APIServer pid=554344) INFO:     127.0.0.1:60758 - "POST /v1/completions HTTP/1.1" 200 OK
(APIServer pid=554344) INFO:     127.0.0.1:60774 - "POST /v1/completions HTTP/1.1" 200 OK
(APIServer pid=554344) INFO:     127.0.0.1:60790 - "POST /v1/completions HTTP/1.1" 200 OK
(APIServer pid=554344) INFO:     127.0.0.1:60804 - "POST /v1/completions HTTP/1.1" 200 OK
(APIServer pid=554344) INFO:     127.0.0.1:60814 - "POST /v1/completions HTTP/1.1" 200 OK
(APIServer pid=554344) INFO:     127.0.0.1:60830 - "POST /v1/completions HTTP/1.1" 200 OK
(APIServer pid=554344) INFO:     127.0.0.1:60846 - "POST /v1/completions HTTP/1.1" 200 OK
(APIServer pid=554344) INFO:     127.0.0.1:60858 - "POST /v1/completions HTTP/1.1" 200 OK
(APIServer pid=554344) INFO:     127.0.0.1:60868 - "POST /v1/completions HTTP/1.1" 200 OK
(APIServer pid=554344) INFO:     127.0.0.1:60878 - "POST /v1/completions HTTP/1.1" 200 OK
(APIServer pid=554344) INFO:     127.0.0.1:60894 - "POST /v1/completions HTTP/1.1" 200 OK
(APIServer pid=554344) INFO:     127.0.0.1:60908 - "POST /v1/completions HTTP/1.1" 200 OK
(APIServer pid=554344) INFO:     127.0.0.1:60914 - "POST /v1/completions HTTP/1.1" 200 OK
(APIServer pid=554344) INFO:     127.0.0.1:60916 - "POST /v1/completions HTTP/1.1" 200 OK
(APIServer pid=554344) INFO:     127.0.0.1:60924 - "POST /v1/completions HTTP/1.1" 200 OK
(APIServer pid=554344) INFO:     127.0.0.1:60932 - "POST /v1/completions HTTP/1.1" 200 OK
(APIServer pid=554344) INFO:     127.0.0.1:60944 - "POST /v1/completions HTTP/1.1" 200 OK
(APIServer pid=554344) INFO 07-08 09:18:12 [loggers.py:271] Engine 000: Avg prompt throughput: 294.3 tokens/s, Avg generation throughput: 781.8 tokens/s, Running: 50 reqs, Waiting: 0 reqs, GPU KV cache usage: 0.5%, Prefix cache hit rate: 66.6%
(APIServer pid=554344) INFO:     127.0.0.1:48134 - "GET /metrics HTTP/1.1" 200 OK
(APIServer pid=554344) INFO:     127.0.0.1:60456 - "POST /v1/completions HTTP/1.1" 200 OK
(APIServer pid=554344) INFO:     127.0.0.1:60442 - "POST /v1/completions HTTP/1.1" 200 OK
(APIServer pid=554344) INFO:     127.0.0.1:60322 - "POST /v1/completions HTTP/1.1" 200 OK
(APIServer pid=554344) INFO:     127.0.0.1:60400 - "POST /v1/completions HTTP/1.1" 200 OK
(APIServer pid=554344) INFO:     127.0.0.1:60428 - "POST /v1/completions HTTP/1.1" 200 OK
(APIServer pid=554344) INFO:     127.0.0.1:60358 - "POST /v1/completions HTTP/1.1" 200 OK
(APIServer pid=554344) INFO:     127.0.0.1:60372 - "POST /v1/completions HTTP/1.1" 200 OK
(APIServer pid=554344) INFO:     127.0.0.1:60388 - "POST /v1/completions HTTP/1.1" 200 OK
(APIServer pid=554344) INFO:     127.0.0.1:60410 - "POST /v1/completions HTTP/1.1" 200 OK
(APIServer pid=554344) INFO:     127.0.0.1:60328 - "POST /v1/completions HTTP/1.1" 200 OK
(APIServer pid=554344) INFO:     127.0.0.1:60348 - "POST /v1/completions HTTP/1.1" 200 OK
(APIServer pid=554344) INFO:     127.0.0.1:60426 - "POST /v1/completions HTTP/1.1" 200 OK
(APIServer pid=554344) INFO:     127.0.0.1:60338 - "POST /v1/completions HTTP/1.1" 200 OK
(APIServer pid=554344) INFO:     127.0.0.1:60462 - "POST /v1/completions HTTP/1.1" 200 OK
(APIServer pid=554344) INFO:     127.0.0.1:60492 - "POST /v1/completions HTTP/1.1" 200 OK
(APIServer pid=554344) INFO:     127.0.0.1:60488 - "POST /v1/completions HTTP/1.1" 200 OK
(APIServer pid=554344) INFO:     127.0.0.1:60570 - "POST /v1/completions HTTP/1.1" 200 OK
(APIServer pid=554344) INFO:     127.0.0.1:60460 - "POST /v1/completions HTTP/1.1" 200 OK
(APIServer pid=554344) INFO:     127.0.0.1:60514 - "POST /v1/completions HTTP/1.1" 200 OK
(APIServer pid=554344) INFO:     127.0.0.1:60540 - "POST /v1/completions HTTP/1.1" 200 OK
(APIServer pid=554344) INFO:     127.0.0.1:60556 - "POST /v1/completions HTTP/1.1" 200 OK
(APIServer pid=554344) INFO:     127.0.0.1:60524 - "POST /v1/completions HTTP/1.1" 200 OK
(APIServer pid=554344) INFO:     127.0.0.1:60498 - "POST /v1/completions HTTP/1.1" 200 OK
(APIServer pid=554344) INFO:     127.0.0.1:60598 - "POST /v1/completions HTTP/1.1" 200 OK
(APIServer pid=554344) INFO:     127.0.0.1:60594 - "POST /v1/completions HTTP/1.1" 200 OK
(APIServer pid=554344) INFO:     127.0.0.1:60468 - "POST /v1/completions HTTP/1.1" 200 OK
(APIServer pid=554344) INFO:     127.0.0.1:60512 - "POST /v1/completions HTTP/1.1" 200 OK
(APIServer pid=554344) INFO:     127.0.0.1:60580 - "POST /v1/completions HTTP/1.1" 200 OK
(APIServer pid=554344) INFO:     127.0.0.1:60472 - "POST /v1/completions HTTP/1.1" 200 OK
(APIServer pid=554344) INFO:     127.0.0.1:60634 - "POST /v1/completions HTTP/1.1" 200 OK
(APIServer pid=554344) INFO:     127.0.0.1:60650 - "POST /v1/completions HTTP/1.1" 200 OK
(APIServer pid=554344) INFO:     127.0.0.1:60662 - "POST /v1/completions HTTP/1.1" 200 OK
(APIServer pid=554344) INFO:     127.0.0.1:60696 - "POST /v1/completions HTTP/1.1" 200 OK
(APIServer pid=554344) INFO:     127.0.0.1:60700 - "POST /v1/completions HTTP/1.1" 200 OK
(APIServer pid=554344) INFO:     127.0.0.1:60686 - "POST /v1/completions HTTP/1.1" 200 OK
(APIServer pid=554344) INFO:     127.0.0.1:60672 - "POST /v1/completions HTTP/1.1" 200 OK
(APIServer pid=554344) INFO:     127.0.0.1:60674 - "POST /v1/completions HTTP/1.1" 200 OK
(APIServer pid=554344) INFO:     127.0.0.1:60624 - "POST /v1/completions HTTP/1.1" 200 OK
(APIServer pid=554344) INFO:     127.0.0.1:60658 - "POST /v1/completions HTTP/1.1" 200 OK
(APIServer pid=554344) INFO:     127.0.0.1:60612 - "POST /v1/completions HTTP/1.1" 200 OK
(APIServer pid=554344) INFO:     127.0.0.1:60606 - "POST /v1/completions HTTP/1.1" 200 OK
(APIServer pid=554344) INFO:     127.0.0.1:60736 - "POST /v1/completions HTTP/1.1" 200 OK
(APIServer pid=554344) INFO:     127.0.0.1:60726 - "POST /v1/completions HTTP/1.1" 200 OK
(APIServer pid=554344) INFO:     127.0.0.1:60710 - "POST /v1/completions HTTP/1.1" 200 OK
(APIServer pid=554344) INFO:     127.0.0.1:60714 - "POST /v1/completions HTTP/1.1" 200 OK
(APIServer pid=554344) INFO:     127.0.0.1:60878 - "POST /v1/completions HTTP/1.1" 200 OK
(APIServer pid=554344) INFO:     127.0.0.1:60908 - "POST /v1/completions HTTP/1.1" 200 OK
(APIServer pid=554344) INFO:     127.0.0.1:60914 - "POST /v1/completions HTTP/1.1" 200 OK
(APIServer pid=554344) INFO:     127.0.0.1:60932 - "POST /v1/completions HTTP/1.1" 200 OK
(APIServer pid=554344) INFO:     127.0.0.1:60750 - "POST /v1/completions HTTP/1.1" 200 OK
(APIServer pid=554344) INFO:     127.0.0.1:60814 - "POST /v1/completions HTTP/1.1" 200 OK
(APIServer pid=554344) INFO:     127.0.0.1:60790 - "POST /v1/completions HTTP/1.1" 200 OK
(APIServer pid=554344) INFO:     127.0.0.1:60858 - "POST /v1/completions HTTP/1.1" 200 OK
(APIServer pid=554344) INFO:     127.0.0.1:60924 - "POST /v1/completions HTTP/1.1" 200 OK
(APIServer pid=554344) INFO:     127.0.0.1:60944 - "POST /v1/completions HTTP/1.1" 200 OK
(APIServer pid=554344) INFO:     127.0.0.1:60804 - "POST /v1/completions HTTP/1.1" 200 OK
(APIServer pid=554344) INFO:     127.0.0.1:60846 - "POST /v1/completions HTTP/1.1" 200 OK
(APIServer pid=554344) INFO:     127.0.0.1:60830 - "POST /v1/completions HTTP/1.1" 200 OK
(APIServer pid=554344) INFO:     127.0.0.1:60894 - "POST /v1/completions HTTP/1.1" 200 OK
(APIServer pid=554344) INFO:     127.0.0.1:60774 - "POST /v1/completions HTTP/1.1" 200 OK
(APIServer pid=554344) INFO:     127.0.0.1:60916 - "POST /v1/completions HTTP/1.1" 200 OK
(APIServer pid=554344) INFO:     127.0.0.1:60868 - "POST /v1/completions HTTP/1.1" 200 OK
(APIServer pid=554344) INFO:     127.0.0.1:60758 - "POST /v1/completions HTTP/1.1" 200 OK
(APIServer pid=554344) INFO:     127.0.0.1:48134 - "POST /v1/completions HTTP/1.1" 200 OK
(APIServer pid=554344) INFO:     127.0.0.1:60954 - "POST /v1/completions HTTP/1.1" 200 OK
(APIServer pid=554344) INFO:     127.0.0.1:60966 - "POST /v1/completions HTTP/1.1" 200 OK
(APIServer pid=554344) INFO:     127.0.0.1:60976 - "POST /v1/completions HTTP/1.1" 200 OK
(APIServer pid=554344) INFO:     127.0.0.1:60992 - "POST /v1/completions HTTP/1.1" 200 OK
(APIServer pid=554344) INFO:     127.0.0.1:60996 - "POST /v1/completions HTTP/1.1" 200 OK
(APIServer pid=554344) INFO:     127.0.0.1:32780 - "POST /v1/completions HTTP/1.1" 200 OK
(APIServer pid=554344) INFO:     127.0.0.1:32792 - "POST /v1/completions HTTP/1.1" 200 OK
(APIServer pid=554344) INFO:     127.0.0.1:32808 - "POST /v1/completions HTTP/1.1" 200 OK
(APIServer pid=554344) INFO:     127.0.0.1:32818 - "POST /v1/completions HTTP/1.1" 200 OK
(APIServer pid=554344) INFO:     127.0.0.1:32830 - "POST /v1/completions HTTP/1.1" 200 OK
(APIServer pid=554344) INFO:     127.0.0.1:32840 - "POST /v1/completions HTTP/1.1" 200 OK
(APIServer pid=554344) INFO:     127.0.0.1:32856 - "POST /v1/completions HTTP/1.1" 200 OK
(APIServer pid=554344) INFO:     127.0.0.1:32866 - "POST /v1/completions HTTP/1.1" 200 OK
(APIServer pid=554344) INFO:     127.0.0.1:32868 - "POST /v1/completions HTTP/1.1" 200 OK
(APIServer pid=554344) INFO:     127.0.0.1:32882 - "POST /v1/completions HTTP/1.1" 200 OK
(APIServer pid=554344) INFO:     127.0.0.1:32898 - "POST /v1/completions HTTP/1.1" 200 OK
(APIServer pid=554344) INFO:     127.0.0.1:32906 - "POST /v1/completions HTTP/1.1" 200 OK
(APIServer pid=554344) INFO:     127.0.0.1:32920 - "POST /v1/completions HTTP/1.1" 200 OK
(APIServer pid=554344) INFO:     127.0.0.1:32936 - "POST /v1/completions HTTP/1.1" 200 OK
(APIServer pid=554344) INFO:     127.0.0.1:32942 - "POST /v1/completions HTTP/1.1" 200 OK
(APIServer pid=554344) INFO:     127.0.0.1:32950 - "POST /v1/completions HTTP/1.1" 200 OK
(APIServer pid=554344) INFO:     127.0.0.1:32952 - "POST /v1/completions HTTP/1.1" 200 OK
(APIServer pid=554344) INFO:     127.0.0.1:32960 - "POST /v1/completions HTTP/1.1" 200 OK
(APIServer pid=554344) INFO:     127.0.0.1:32968 - "POST /v1/completions HTTP/1.1" 200 OK
(APIServer pid=554344) INFO:     127.0.0.1:32984 - "POST /v1/completions HTTP/1.1" 200 OK
(APIServer pid=554344) INFO:     127.0.0.1:32998 - "POST /v1/completions HTTP/1.1" 200 OK
(APIServer pid=554344) INFO:     127.0.0.1:33014 - "POST /v1/completions HTTP/1.1" 200 OK
(APIServer pid=554344) INFO:     127.0.0.1:33026 - "POST /v1/completions HTTP/1.1" 200 OK
(APIServer pid=554344) INFO:     127.0.0.1:33028 - "POST /v1/completions HTTP/1.1" 200 OK
(APIServer pid=554344) INFO:     127.0.0.1:33036 - "POST /v1/completions HTTP/1.1" 200 OK
(APIServer pid=554344) INFO:     127.0.0.1:33046 - "POST /v1/completions HTTP/1.1" 200 OK
(APIServer pid=554344) INFO:     127.0.0.1:33054 - "POST /v1/completions HTTP/1.1" 200 OK
(APIServer pid=554344) INFO:     127.0.0.1:33064 - "POST /v1/completions HTTP/1.1" 200 OK
(APIServer pid=554344) INFO:     127.0.0.1:33080 - "POST /v1/completions HTTP/1.1" 200 OK
(APIServer pid=554344) INFO:     127.0.0.1:33094 - "POST /v1/completions HTTP/1.1" 200 OK
(APIServer pid=554344) INFO:     127.0.0.1:33110 - "POST /v1/completions HTTP/1.1" 200 OK
(APIServer pid=554344) INFO:     127.0.0.1:33112 - "POST /v1/completions HTTP/1.1" 200 OK
(APIServer pid=554344) INFO:     127.0.0.1:33128 - "POST /v1/completions HTTP/1.1" 200 OK
(APIServer pid=554344) INFO:     127.0.0.1:33138 - "POST /v1/completions HTTP/1.1" 200 OK
(APIServer pid=554344) INFO:     127.0.0.1:33148 - "POST /v1/completions HTTP/1.1" 200 OK
(APIServer pid=554344) INFO:     127.0.0.1:33152 - "POST /v1/completions HTTP/1.1" 200 OK
(APIServer pid=554344) INFO:     127.0.0.1:33162 - "POST /v1/completions HTTP/1.1" 200 OK
(APIServer pid=554344) INFO:     127.0.0.1:33168 - "POST /v1/completions HTTP/1.1" 200 OK
(APIServer pid=554344) INFO:     127.0.0.1:33184 - "POST /v1/completions HTTP/1.1" 200 OK
(APIServer pid=554344) INFO:     127.0.0.1:33198 - "POST /v1/completions HTTP/1.1" 200 OK
(APIServer pid=554344) INFO:     127.0.0.1:33204 - "POST /v1/completions HTTP/1.1" 200 OK
(APIServer pid=554344) INFO:     127.0.0.1:33206 - "POST /v1/completions HTTP/1.1" 200 OK
(APIServer pid=554344) INFO:     127.0.0.1:33214 - "POST /v1/completions HTTP/1.1" 200 OK
(APIServer pid=554344) INFO:     127.0.0.1:33224 - "POST /v1/completions HTTP/1.1" 200 OK
(APIServer pid=554344) INFO:     127.0.0.1:33238 - "POST /v1/completions HTTP/1.1" 200 OK
(APIServer pid=554344) INFO:     127.0.0.1:33252 - "POST /v1/completions HTTP/1.1" 200 OK
(APIServer pid=554344) INFO:     127.0.0.1:33260 - "POST /v1/completions HTTP/1.1" 200 OK
(APIServer pid=554344) INFO:     127.0.0.1:33272 - "POST /v1/completions HTTP/1.1" 200 OK
(APIServer pid=554344) INFO:     127.0.0.1:33280 - "POST /v1/completions HTTP/1.1" 200 OK
(APIServer pid=554344) INFO:     127.0.0.1:33284 - "POST /v1/completions HTTP/1.1" 200 OK
(APIServer pid=554344) INFO:     127.0.0.1:33300 - "POST /v1/completions HTTP/1.1" 200 OK
(APIServer pid=554344) INFO:     127.0.0.1:33302 - "POST /v1/completions HTTP/1.1" 200 OK
(APIServer pid=554344) INFO:     127.0.0.1:33318 - "POST /v1/completions HTTP/1.1" 200 OK
(APIServer pid=554344) INFO:     127.0.0.1:33328 - "POST /v1/completions HTTP/1.1" 200 OK
(APIServer pid=554344) INFO:     127.0.0.1:33334 - "POST /v1/completions HTTP/1.1" 200 OK
(APIServer pid=554344) INFO:     127.0.0.1:33338 - "POST /v1/completions HTTP/1.1" 200 OK
(APIServer pid=554344) INFO:     127.0.0.1:33354 - "POST /v1/completions HTTP/1.1" 200 OK
(APIServer pid=554344) INFO:     127.0.0.1:33362 - "POST /v1/completions HTTP/1.1" 200 OK
(APIServer pid=554344) INFO:     127.0.0.1:33368 - "POST /v1/completions HTTP/1.1" 200 OK
(APIServer pid=554344) INFO:     127.0.0.1:33384 - "POST /v1/completions HTTP/1.1" 200 OK
(APIServer pid=554344) INFO:     127.0.0.1:33398 - "POST /v1/completions HTTP/1.1" 200 OK
(APIServer pid=554344) INFO:     127.0.0.1:33412 - "POST /v1/completions HTTP/1.1" 200 OK
(APIServer pid=554344) INFO:     127.0.0.1:33428 - "POST /v1/completions HTTP/1.1" 200 OK
(APIServer pid=554344) INFO:     127.0.0.1:33438 - "POST /v1/completions HTTP/1.1" 200 OK
(APIServer pid=554344) INFO:     127.0.0.1:33448 - "POST /v1/completions HTTP/1.1" 200 OK
(APIServer pid=554344) INFO:     127.0.0.1:33450 - "POST /v1/completions HTTP/1.1" 200 OK
(APIServer pid=554344) INFO:     127.0.0.1:33456 - "POST /v1/completions HTTP/1.1" 200 OK
(APIServer pid=554344) INFO:     127.0.0.1:33464 - "POST /v1/completions HTTP/1.1" 200 OK
(APIServer pid=554344) INFO:     127.0.0.1:33472 - "POST /v1/completions HTTP/1.1" 200 OK
(APIServer pid=554344) INFO:     127.0.0.1:33480 - "POST /v1/completions HTTP/1.1" 200 OK
(APIServer pid=554344) INFO:     127.0.0.1:33488 - "POST /v1/completions HTTP/1.1" 200 OK
(APIServer pid=554344) INFO:     127.0.0.1:33504 - "POST /v1/completions HTTP/1.1" 200 OK
(APIServer pid=554344) INFO:     127.0.0.1:33512 - "POST /v1/completions HTTP/1.1" 200 OK
(APIServer pid=554344) INFO:     127.0.0.1:33526 - "POST /v1/completions HTTP/1.1" 200 OK
(APIServer pid=554344) INFO:     127.0.0.1:33538 - "POST /v1/completions HTTP/1.1" 200 OK
(APIServer pid=554344) INFO:     127.0.0.1:33544 - "POST /v1/completions HTTP/1.1" 200 OK
(APIServer pid=554344) INFO:     127.0.0.1:33546 - "POST /v1/completions HTTP/1.1" 200 OK
(APIServer pid=554344) INFO:     127.0.0.1:33562 - "POST /v1/completions HTTP/1.1" 200 OK
(APIServer pid=554344) INFO:     127.0.0.1:33570 - "POST /v1/completions HTTP/1.1" 200 OK
(APIServer pid=554344) INFO:     127.0.0.1:33576 - "POST /v1/completions HTTP/1.1" 200 OK
(APIServer pid=554344) INFO:     127.0.0.1:33578 - "POST /v1/completions HTTP/1.1" 200 OK
(APIServer pid=554344) INFO:     127.0.0.1:33580 - "POST /v1/completions HTTP/1.1" 200 OK
(APIServer pid=554344) INFO:     127.0.0.1:33582 - "POST /v1/completions HTTP/1.1" 200 OK
(APIServer pid=554344) INFO:     127.0.0.1:33598 - "POST /v1/completions HTTP/1.1" 200 OK
(APIServer pid=554344) INFO:     127.0.0.1:33602 - "POST /v1/completions HTTP/1.1" 200 OK
(APIServer pid=554344) INFO:     127.0.0.1:33610 - "POST /v1/completions HTTP/1.1" 200 OK
(APIServer pid=554344) INFO:     127.0.0.1:33612 - "POST /v1/completions HTTP/1.1" 200 OK
(APIServer pid=554344) INFO:     127.0.0.1:33618 - "POST /v1/completions HTTP/1.1" 200 OK
(APIServer pid=554344) INFO:     127.0.0.1:33624 - "POST /v1/completions HTTP/1.1" 200 OK
(APIServer pid=554344) INFO:     127.0.0.1:33636 - "POST /v1/completions HTTP/1.1" 200 OK
(APIServer pid=554344) INFO:     127.0.0.1:33638 - "POST /v1/completions HTTP/1.1" 200 OK
(APIServer pid=554344) INFO:     127.0.0.1:33640 - "POST /v1/completions HTTP/1.1" 200 OK
(APIServer pid=554344) INFO:     127.0.0.1:33656 - "POST /v1/completions HTTP/1.1" 200 OK
(APIServer pid=554344) INFO:     127.0.0.1:33658 - "POST /v1/completions HTTP/1.1" 200 OK
(APIServer pid=554344) INFO:     127.0.0.1:33668 - "POST /v1/completions HTTP/1.1" 200 OK
(APIServer pid=554344) INFO:     127.0.0.1:33676 - "POST /v1/completions HTTP/1.1" 200 OK
(APIServer pid=554344) INFO:     127.0.0.1:33678 - "POST /v1/completions HTTP/1.1" 200 OK
(APIServer pid=554344) INFO:     127.0.0.1:33690 - "POST /v1/completions HTTP/1.1" 200 OK
(APIServer pid=554344) INFO:     127.0.0.1:33704 - "POST /v1/completions HTTP/1.1" 200 OK
(APIServer pid=554344) INFO:     127.0.0.1:33708 - "POST /v1/completions HTTP/1.1" 200 OK
(APIServer pid=554344) INFO:     127.0.0.1:33724 - "POST /v1/completions HTTP/1.1" 200 OK
(APIServer pid=554344) INFO:     127.0.0.1:33726 - "POST /v1/completions HTTP/1.1" 200 OK
(APIServer pid=554344) INFO:     127.0.0.1:33740 - "POST /v1/completions HTTP/1.1" 200 OK
(APIServer pid=554344) INFO:     127.0.0.1:33746 - "POST /v1/completions HTTP/1.1" 200 OK
(APIServer pid=554344) INFO:     127.0.0.1:33760 - "POST /v1/completions HTTP/1.1" 200 OK
(APIServer pid=554344) INFO:     127.0.0.1:33762 - "POST /v1/completions HTTP/1.1" 200 OK
(APIServer pid=554344) INFO:     127.0.0.1:33778 - "POST /v1/completions HTTP/1.1" 200 OK
(APIServer pid=554344) INFO:     127.0.0.1:33792 - "POST /v1/completions HTTP/1.1" 200 OK
(APIServer pid=554344) INFO:     127.0.0.1:33806 - "POST /v1/completions HTTP/1.1" 200 OK
(APIServer pid=554344) INFO:     127.0.0.1:33808 - "POST /v1/completions HTTP/1.1" 200 OK
(APIServer pid=554344) INFO:     127.0.0.1:33814 - "POST /v1/completions HTTP/1.1" 200 OK
(APIServer pid=554344) INFO:     127.0.0.1:33828 - "POST /v1/completions HTTP/1.1" 200 OK
(APIServer pid=554344) INFO:     127.0.0.1:33832 - "POST /v1/completions HTTP/1.1" 200 OK
(APIServer pid=554344) INFO:     127.0.0.1:33834 - "POST /v1/completions HTTP/1.1" 200 OK
(APIServer pid=554344) INFO:     127.0.0.1:33838 - "POST /v1/completions HTTP/1.1" 200 OK
(APIServer pid=554344) INFO:     127.0.0.1:33842 - "POST /v1/completions HTTP/1.1" 200 OK
(APIServer pid=554344) INFO:     127.0.0.1:33856 - "POST /v1/completions HTTP/1.1" 200 OK
(APIServer pid=554344) INFO:     127.0.0.1:33862 - "POST /v1/completions HTTP/1.1" 200 OK
(APIServer pid=554344) INFO:     127.0.0.1:33874 - "POST /v1/completions HTTP/1.1" 200 OK
(APIServer pid=554344) INFO:     127.0.0.1:33878 - "POST /v1/completions HTTP/1.1" 200 OK
(APIServer pid=554344) INFO:     127.0.0.1:33888 - "POST /v1/completions HTTP/1.1" 200 OK
(APIServer pid=554344) INFO:     127.0.0.1:33898 - "POST /v1/completions HTTP/1.1" 200 OK
(APIServer pid=554344) INFO:     127.0.0.1:33912 - "POST /v1/completions HTTP/1.1" 200 OK
(APIServer pid=554344) INFO:     127.0.0.1:33918 - "POST /v1/completions HTTP/1.1" 200 OK
(APIServer pid=554344) INFO:     127.0.0.1:33934 - "POST /v1/completions HTTP/1.1" 200 OK
(APIServer pid=554344) INFO:     127.0.0.1:33948 - "POST /v1/completions HTTP/1.1" 200 OK
(APIServer pid=554344) INFO:     127.0.0.1:33962 - "POST /v1/completions HTTP/1.1" 200 OK
(APIServer pid=554344) INFO:     127.0.0.1:33968 - "POST /v1/completions HTTP/1.1" 200 OK
(APIServer pid=554344) INFO:     127.0.0.1:33976 - "POST /v1/completions HTTP/1.1" 200 OK
(APIServer pid=554344) INFO:     127.0.0.1:33978 - "POST /v1/completions HTTP/1.1" 200 OK
(APIServer pid=554344) INFO:     127.0.0.1:33994 - "POST /v1/completions HTTP/1.1" 200 OK
(APIServer pid=554344) INFO:     127.0.0.1:34006 - "POST /v1/completions HTTP/1.1" 200 OK
(APIServer pid=554344) INFO:     127.0.0.1:34010 - "POST /v1/completions HTTP/1.1" 200 OK
(APIServer pid=554344) INFO:     127.0.0.1:34012 - "POST /v1/completions HTTP/1.1" 200 OK
(APIServer pid=554344) INFO:     127.0.0.1:34028 - "POST /v1/completions HTTP/1.1" 200 OK
(APIServer pid=554344) INFO:     127.0.0.1:34040 - "POST /v1/completions HTTP/1.1" 200 OK
(APIServer pid=554344) INFO:     127.0.0.1:34056 - "POST /v1/completions HTTP/1.1" 200 OK
(APIServer pid=554344) INFO:     127.0.0.1:34066 - "POST /v1/completions HTTP/1.1" 200 OK
(APIServer pid=554344) INFO:     127.0.0.1:34070 - "POST /v1/completions HTTP/1.1" 200 OK
(APIServer pid=554344) INFO:     127.0.0.1:34086 - "POST /v1/completions HTTP/1.1" 200 OK
(APIServer pid=554344) INFO:     127.0.0.1:34098 - "POST /v1/completions HTTP/1.1" 200 OK
(APIServer pid=554344) INFO:     127.0.0.1:34114 - "POST /v1/completions HTTP/1.1" 200 OK
(APIServer pid=554344) INFO:     127.0.0.1:34116 - "POST /v1/completions HTTP/1.1" 200 OK
(APIServer pid=554344) INFO:     127.0.0.1:34126 - "POST /v1/completions HTTP/1.1" 200 OK
(APIServer pid=554344) INFO:     127.0.0.1:34128 - "POST /v1/completions HTTP/1.1" 200 OK
(APIServer pid=554344) INFO:     127.0.0.1:34132 - "POST /v1/completions HTTP/1.1" 200 OK
(APIServer pid=554344) INFO:     127.0.0.1:34144 - "POST /v1/completions HTTP/1.1" 200 OK
(APIServer pid=554344) INFO:     127.0.0.1:34160 - "POST /v1/completions HTTP/1.1" 200 OK
(APIServer pid=554344) INFO:     127.0.0.1:34170 - "POST /v1/completions HTTP/1.1" 200 OK
(APIServer pid=554344) INFO:     127.0.0.1:34172 - "POST /v1/completions HTTP/1.1" 200 OK
(APIServer pid=554344) INFO:     127.0.0.1:34184 - "POST /v1/completions HTTP/1.1" 200 OK
(APIServer pid=554344) INFO:     127.0.0.1:34188 - "POST /v1/completions HTTP/1.1" 200 OK
(APIServer pid=554344) INFO:     127.0.0.1:34192 - "POST /v1/completions HTTP/1.1" 200 OK
(APIServer pid=554344) INFO:     127.0.0.1:34206 - "POST /v1/completions HTTP/1.1" 200 OK
(APIServer pid=554344) INFO:     127.0.0.1:34212 - "POST /v1/completions HTTP/1.1" 200 OK
(APIServer pid=554344) INFO:     127.0.0.1:34216 - "POST /v1/completions HTTP/1.1" 200 OK
(APIServer pid=554344) INFO:     127.0.0.1:34220 - "POST /v1/completions HTTP/1.1" 200 OK
(APIServer pid=554344) INFO:     127.0.0.1:34234 - "POST /v1/completions HTTP/1.1" 200 OK
(APIServer pid=554344) INFO:     127.0.0.1:34236 - "POST /v1/completions HTTP/1.1" 200 OK
(APIServer pid=554344) INFO:     127.0.0.1:34248 - "POST /v1/completions HTTP/1.1" 200 OK
(APIServer pid=554344) INFO:     127.0.0.1:34250 - "POST /v1/completions HTTP/1.1" 200 OK
(APIServer pid=554344) INFO:     127.0.0.1:34252 - "POST /v1/completions HTTP/1.1" 200 OK
(APIServer pid=554344) INFO:     127.0.0.1:34266 - "POST /v1/completions HTTP/1.1" 200 OK
(APIServer pid=554344) INFO:     127.0.0.1:34282 - "POST /v1/completions HTTP/1.1" 200 OK
(APIServer pid=554344) INFO:     127.0.0.1:34288 - "POST /v1/completions HTTP/1.1" 200 OK
(APIServer pid=554344) INFO:     127.0.0.1:34296 - "POST /v1/completions HTTP/1.1" 200 OK
(APIServer pid=554344) INFO:     127.0.0.1:34298 - "POST /v1/completions HTTP/1.1" 200 OK
(APIServer pid=554344) INFO:     127.0.0.1:34312 - "POST /v1/completions HTTP/1.1" 200 OK
(APIServer pid=554344) INFO:     127.0.0.1:34322 - "POST /v1/completions HTTP/1.1" 200 OK
(APIServer pid=554344) INFO:     127.0.0.1:34328 - "POST /v1/completions HTTP/1.1" 200 OK
(APIServer pid=554344) INFO:     127.0.0.1:34338 - "POST /v1/completions HTTP/1.1" 200 OK
(APIServer pid=554344) INFO:     127.0.0.1:34352 - "POST /v1/completions HTTP/1.1" 200 OK
(APIServer pid=554344) INFO:     127.0.0.1:34356 - "POST /v1/completions HTTP/1.1" 200 OK
(APIServer pid=554344) INFO:     127.0.0.1:34366 - "POST /v1/completions HTTP/1.1" 200 OK
(APIServer pid=554344) INFO:     127.0.0.1:34378 - "POST /v1/completions HTTP/1.1" 200 OK
(APIServer pid=554344) INFO:     127.0.0.1:34392 - "POST /v1/completions HTTP/1.1" 200 OK
(APIServer pid=554344) INFO:     127.0.0.1:34394 - "POST /v1/completions HTTP/1.1" 200 OK
(APIServer pid=554344) INFO:     127.0.0.1:34408 - "POST /v1/completions HTTP/1.1" 200 OK
(APIServer pid=554344) INFO:     127.0.0.1:34418 - "POST /v1/completions HTTP/1.1" 200 OK
(APIServer pid=554344) INFO:     127.0.0.1:34420 - "POST /v1/completions HTTP/1.1" 200 OK
(APIServer pid=554344) INFO:     127.0.0.1:34428 - "POST /v1/completions HTTP/1.1" 200 OK
(APIServer pid=554344) INFO:     127.0.0.1:34430 - "POST /v1/completions HTTP/1.1" 200 OK
(APIServer pid=554344) INFO:     127.0.0.1:34442 - "POST /v1/completions HTTP/1.1" 200 OK
(APIServer pid=554344) INFO:     127.0.0.1:34450 - "POST /v1/completions HTTP/1.1" 200 OK
(APIServer pid=554344) INFO:     127.0.0.1:34454 - "POST /v1/completions HTTP/1.1" 200 OK
(APIServer pid=554344) INFO:     127.0.0.1:34460 - "POST /v1/completions HTTP/1.1" 200 OK
(APIServer pid=554344) INFO:     127.0.0.1:34474 - "POST /v1/completions HTTP/1.1" 200 OK
(APIServer pid=554344) INFO 07-08 09:18:22 [loggers.py:271] Engine 000: Avg prompt throughput: 42441.0 tokens/s, Avg generation throughput: 1270.9 tokens/s, Running: 226 reqs, Waiting: 30 reqs, GPU KV cache usage: 24.4%, Prefix cache hit rate: 25.4%
(APIServer pid=554344) INFO:     127.0.0.1:60456 - "POST /v1/completions HTTP/1.1" 200 OK
(APIServer pid=554344) INFO:     127.0.0.1:60442 - "POST /v1/completions HTTP/1.1" 200 OK
(APIServer pid=554344) INFO:     127.0.0.1:60322 - "POST /v1/completions HTTP/1.1" 200 OK
(APIServer pid=554344) INFO:     127.0.0.1:60400 - "POST /v1/completions HTTP/1.1" 200 OK
(APIServer pid=554344) INFO:     127.0.0.1:60428 - "POST /v1/completions HTTP/1.1" 200 OK
(APIServer pid=554344) INFO:     127.0.0.1:60358 - "POST /v1/completions HTTP/1.1" 200 OK
(APIServer pid=554344) INFO:     127.0.0.1:60372 - "POST /v1/completions HTTP/1.1" 200 OK
(APIServer pid=554344) INFO:     127.0.0.1:60388 - "POST /v1/completions HTTP/1.1" 200 OK
(APIServer pid=554344) INFO:     127.0.0.1:60410 - "POST /v1/completions HTTP/1.1" 200 OK
(APIServer pid=554344) INFO:     127.0.0.1:60328 - "POST /v1/completions HTTP/1.1" 200 OK
(APIServer pid=554344) INFO:     127.0.0.1:60348 - "POST /v1/completions HTTP/1.1" 200 OK
(APIServer pid=554344) INFO:     127.0.0.1:60426 - "POST /v1/completions HTTP/1.1" 200 OK
(APIServer pid=554344) INFO:     127.0.0.1:60338 - "POST /v1/completions HTTP/1.1" 200 OK
(APIServer pid=554344) INFO:     127.0.0.1:60492 - "POST /v1/completions HTTP/1.1" 200 OK
(APIServer pid=554344) INFO:     127.0.0.1:60462 - "POST /v1/completions HTTP/1.1" 200 OK
(APIServer pid=554344) INFO:     127.0.0.1:60488 - "POST /v1/completions HTTP/1.1" 200 OK
(APIServer pid=554344) INFO:     127.0.0.1:60570 - "POST /v1/completions HTTP/1.1" 200 OK
(APIServer pid=554344) INFO:     127.0.0.1:60460 - "POST /v1/completions HTTP/1.1" 200 OK
(APIServer pid=554344) INFO:     127.0.0.1:60514 - "POST /v1/completions HTTP/1.1" 200 OK
(APIServer pid=554344) INFO:     127.0.0.1:60540 - "POST /v1/completions HTTP/1.1" 200 OK
(APIServer pid=554344) INFO:     127.0.0.1:60524 - "POST /v1/completions HTTP/1.1" 200 OK
(APIServer pid=554344) INFO:     127.0.0.1:60556 - "POST /v1/completions HTTP/1.1" 200 OK
(APIServer pid=554344) INFO:     127.0.0.1:60498 - "POST /v1/completions HTTP/1.1" 200 OK
(APIServer pid=554344) INFO:     127.0.0.1:60598 - "POST /v1/completions HTTP/1.1" 200 OK
(APIServer pid=554344) INFO:     127.0.0.1:60468 - "POST /v1/completions HTTP/1.1" 200 OK
(APIServer pid=554344) INFO:     127.0.0.1:60594 - "POST /v1/completions HTTP/1.1" 200 OK
(APIServer pid=554344) INFO:     127.0.0.1:60512 - "POST /v1/completions HTTP/1.1" 200 OK
(APIServer pid=554344) INFO:     127.0.0.1:60580 - "POST /v1/completions HTTP/1.1" 200 OK
(APIServer pid=554344) INFO:     127.0.0.1:60472 - "POST /v1/completions HTTP/1.1" 200 OK
(APIServer pid=554344) INFO:     127.0.0.1:60634 - "POST /v1/completions HTTP/1.1" 200 OK
(APIServer pid=554344) INFO:     127.0.0.1:60662 - "POST /v1/completions HTTP/1.1" 200 OK
(APIServer pid=554344) INFO:     127.0.0.1:60650 - "POST /v1/completions HTTP/1.1" 200 OK
(APIServer pid=554344) INFO:     127.0.0.1:60696 - "POST /v1/completions HTTP/1.1" 200 OK
(APIServer pid=554344) INFO:     127.0.0.1:60700 - "POST /v1/completions HTTP/1.1" 200 OK
(APIServer pid=554344) INFO:     127.0.0.1:60686 - "POST /v1/completions HTTP/1.1" 200 OK
(APIServer pid=554344) INFO:     127.0.0.1:60672 - "POST /v1/completions HTTP/1.1" 200 OK
(APIServer pid=554344) INFO:     127.0.0.1:60674 - "POST /v1/completions HTTP/1.1" 200 OK
(APIServer pid=554344) INFO:     127.0.0.1:60624 - "POST /v1/completions HTTP/1.1" 200 OK
(APIServer pid=554344) INFO:     127.0.0.1:60658 - "POST /v1/completions HTTP/1.1" 200 OK
(APIServer pid=554344) INFO:     127.0.0.1:60612 - "POST /v1/completions HTTP/1.1" 200 OK
(APIServer pid=554344) INFO:     127.0.0.1:60606 - "POST /v1/completions HTTP/1.1" 200 OK
(APIServer pid=554344) INFO:     127.0.0.1:60736 - "POST /v1/completions HTTP/1.1" 200 OK
(APIServer pid=554344) INFO:     127.0.0.1:60726 - "POST /v1/completions HTTP/1.1" 200 OK
(APIServer pid=554344) INFO:     127.0.0.1:60710 - "POST /v1/completions HTTP/1.1" 200 OK
(APIServer pid=554344) INFO:     127.0.0.1:60714 - "POST /v1/completions HTTP/1.1" 200 OK
(APIServer pid=554344) INFO:     127.0.0.1:60908 - "POST /v1/completions HTTP/1.1" 200 OK
(APIServer pid=554344) INFO:     127.0.0.1:60878 - "POST /v1/completions HTTP/1.1" 200 OK
(APIServer pid=554344) INFO:     127.0.0.1:60932 - "POST /v1/completions HTTP/1.1" 200 OK
(APIServer pid=554344) INFO:     127.0.0.1:60914 - "POST /v1/completions HTTP/1.1" 200 OK
(APIServer pid=554344) INFO:     127.0.0.1:60814 - "POST /v1/completions HTTP/1.1" 200 OK
(APIServer pid=554344) INFO:     127.0.0.1:60750 - "POST /v1/completions HTTP/1.1" 200 OK
(APIServer pid=554344) INFO:     127.0.0.1:60858 - "POST /v1/completions HTTP/1.1" 200 OK
(APIServer pid=554344) INFO:     127.0.0.1:60790 - "POST /v1/completions HTTP/1.1" 200 OK
(APIServer pid=554344) INFO:     127.0.0.1:60924 - "POST /v1/completions HTTP/1.1" 200 OK
(APIServer pid=554344) INFO:     127.0.0.1:60944 - "POST /v1/completions HTTP/1.1" 200 OK
(APIServer pid=554344) INFO:     127.0.0.1:60846 - "POST /v1/completions HTTP/1.1" 200 OK
(APIServer pid=554344) INFO:     127.0.0.1:60830 - "POST /v1/completions HTTP/1.1" 200 OK
(APIServer pid=554344) INFO:     127.0.0.1:60804 - "POST /v1/completions HTTP/1.1" 200 OK
(APIServer pid=554344) INFO:     127.0.0.1:60774 - "POST /v1/completions HTTP/1.1" 200 OK
(APIServer pid=554344) INFO:     127.0.0.1:60894 - "POST /v1/completions HTTP/1.1" 200 OK
(APIServer pid=554344) INFO:     127.0.0.1:60916 - "POST /v1/completions HTTP/1.1" 200 OK
(APIServer pid=554344) INFO:     127.0.0.1:60868 - "POST /v1/completions HTTP/1.1" 200 OK
(APIServer pid=554344) INFO:     127.0.0.1:48134 - "POST /v1/completions HTTP/1.1" 200 OK
(APIServer pid=554344) INFO:     127.0.0.1:60758 - "POST /v1/completions HTTP/1.1" 200 OK
(APIServer pid=554344) INFO:     127.0.0.1:60954 - "POST /v1/completions HTTP/1.1" 200 OK
(APIServer pid=554344) INFO:     127.0.0.1:60966 - "POST /v1/completions HTTP/1.1" 200 OK
(APIServer pid=554344) INFO:     127.0.0.1:60992 - "POST /v1/completions HTTP/1.1" 200 OK
(APIServer pid=554344) INFO:     127.0.0.1:60976 - "POST /v1/completions HTTP/1.1" 200 OK
(APIServer pid=554344) INFO:     127.0.0.1:60996 - "POST /v1/completions HTTP/1.1" 200 OK
(APIServer pid=554344) INFO:     127.0.0.1:32780 - "POST /v1/completions HTTP/1.1" 200 OK
(APIServer pid=554344) INFO:     127.0.0.1:32808 - "POST /v1/completions HTTP/1.1" 200 OK
(APIServer pid=554344) INFO:     127.0.0.1:32792 - "POST /v1/completions HTTP/1.1" 200 OK
(APIServer pid=554344) INFO:     127.0.0.1:32830 - "POST /v1/completions HTTP/1.1" 200 OK
(APIServer pid=554344) INFO:     127.0.0.1:32818 - "POST /v1/completions HTTP/1.1" 200 OK
(APIServer pid=554344) INFO:     127.0.0.1:32856 - "POST /v1/completions HTTP/1.1" 200 OK
(APIServer pid=554344) INFO:     127.0.0.1:32840 - "POST /v1/completions HTTP/1.1" 200 OK
(APIServer pid=554344) INFO:     127.0.0.1:32866 - "POST /v1/completions HTTP/1.1" 200 OK
(APIServer pid=554344) INFO:     127.0.0.1:32882 - "POST /v1/completions HTTP/1.1" 200 OK
(APIServer pid=554344) INFO:     127.0.0.1:32868 - "POST /v1/completions HTTP/1.1" 200 OK
(APIServer pid=554344) INFO:     127.0.0.1:32898 - "POST /v1/completions HTTP/1.1" 200 OK
(APIServer pid=554344) INFO:     127.0.0.1:32906 - "POST /v1/completions HTTP/1.1" 200 OK
(APIServer pid=554344) INFO:     127.0.0.1:32936 - "POST /v1/completions HTTP/1.1" 200 OK
(APIServer pid=554344) INFO:     127.0.0.1:32920 - "POST /v1/completions HTTP/1.1" 200 OK
(APIServer pid=554344) INFO:     127.0.0.1:32942 - "POST /v1/completions HTTP/1.1" 200 OK
(APIServer pid=554344) INFO:     127.0.0.1:32950 - "POST /v1/completions HTTP/1.1" 200 OK
(APIServer pid=554344) INFO:     127.0.0.1:32960 - "POST /v1/completions HTTP/1.1" 200 OK
(APIServer pid=554344) INFO:     127.0.0.1:32952 - "POST /v1/completions HTTP/1.1" 200 OK
(APIServer pid=554344) INFO:     127.0.0.1:32968 - "POST /v1/completions HTTP/1.1" 200 OK
(APIServer pid=554344) INFO:     127.0.0.1:32984 - "POST /v1/completions HTTP/1.1" 200 OK
(APIServer pid=554344) INFO:     127.0.0.1:33014 - "POST /v1/completions HTTP/1.1" 200 OK
(APIServer pid=554344) INFO:     127.0.0.1:32998 - "POST /v1/completions HTTP/1.1" 200 OK
(APIServer pid=554344) INFO:     127.0.0.1:33028 - "POST /v1/completions HTTP/1.1" 200 OK
(APIServer pid=554344) INFO:     127.0.0.1:33026 - "POST /v1/completions HTTP/1.1" 200 OK
(APIServer pid=554344) INFO:     127.0.0.1:33046 - "POST /v1/completions HTTP/1.1" 200 OK
(APIServer pid=554344) INFO:     127.0.0.1:33036 - "POST /v1/completions HTTP/1.1" 200 OK
(APIServer pid=554344) INFO:     127.0.0.1:33054 - "POST /v1/completions HTTP/1.1" 200 OK
(APIServer pid=554344) INFO:     127.0.0.1:33064 - "POST /v1/completions HTTP/1.1" 200 OK
(APIServer pid=554344) INFO:     127.0.0.1:33094 - "POST /v1/completions HTTP/1.1" 200 OK
(APIServer pid=554344) INFO:     127.0.0.1:33080 - "POST /v1/completions HTTP/1.1" 200 OK
(APIServer pid=554344) INFO:     127.0.0.1:33112 - "POST /v1/completions HTTP/1.1" 200 OK
(APIServer pid=554344) INFO:     127.0.0.1:33110 - "POST /v1/completions HTTP/1.1" 200 OK
(APIServer pid=554344) INFO:     127.0.0.1:33148 - "POST /v1/completions HTTP/1.1" 200 OK
(APIServer pid=554344) INFO:     127.0.0.1:33128 - "POST /v1/completions HTTP/1.1" 200 OK
(APIServer pid=554344) INFO:     127.0.0.1:33138 - "POST /v1/completions HTTP/1.1" 200 OK
(APIServer pid=554344) INFO:     127.0.0.1:33152 - "POST /v1/completions HTTP/1.1" 200 OK
(APIServer pid=554344) INFO:     127.0.0.1:33162 - "POST /v1/completions HTTP/1.1" 200 OK
(APIServer pid=554344) INFO:     127.0.0.1:33184 - "POST /v1/completions HTTP/1.1" 200 OK
(APIServer pid=554344) INFO:     127.0.0.1:33168 - "POST /v1/completions HTTP/1.1" 200 OK
(APIServer pid=554344) INFO:     127.0.0.1:33204 - "POST /v1/completions HTTP/1.1" 200 OK
(APIServer pid=554344) INFO:     127.0.0.1:33198 - "POST /v1/completions HTTP/1.1" 200 OK
(APIServer pid=554344) INFO:     127.0.0.1:33206 - "POST /v1/completions HTTP/1.1" 200 OK
(APIServer pid=554344) INFO:     127.0.0.1:33214 - "POST /v1/completions HTTP/1.1" 200 OK
(APIServer pid=554344) INFO:     127.0.0.1:33224 - "POST /v1/completions HTTP/1.1" 200 OK
(APIServer pid=554344) INFO:     127.0.0.1:33238 - "POST /v1/completions HTTP/1.1" 200 OK
(APIServer pid=554344) INFO:     127.0.0.1:33260 - "POST /v1/completions HTTP/1.1" 200 OK
(APIServer pid=554344) INFO:     127.0.0.1:33252 - "POST /v1/completions HTTP/1.1" 200 OK
(APIServer pid=554344) INFO:     127.0.0.1:33272 - "POST /v1/completions HTTP/1.1" 200 OK
(APIServer pid=554344) INFO:     127.0.0.1:33280 - "POST /v1/completions HTTP/1.1" 200 OK
(APIServer pid=554344) INFO:     127.0.0.1:33284 - "POST /v1/completions HTTP/1.1" 200 OK
(APIServer pid=554344) INFO:     127.0.0.1:33300 - "POST /v1/completions HTTP/1.1" 200 OK
(APIServer pid=554344) INFO:     127.0.0.1:33302 - "POST /v1/completions HTTP/1.1" 200 OK
(APIServer pid=554344) INFO:     127.0.0.1:33318 - "POST /v1/completions HTTP/1.1" 200 OK
(APIServer pid=554344) INFO:     127.0.0.1:33334 - "POST /v1/completions HTTP/1.1" 200 OK
(APIServer pid=554344) INFO:     127.0.0.1:33328 - "POST /v1/completions HTTP/1.1" 200 OK
(APIServer pid=554344) INFO:     127.0.0.1:33338 - "POST /v1/completions HTTP/1.1" 200 OK
(APIServer pid=554344) INFO:     127.0.0.1:33354 - "POST /v1/completions HTTP/1.1" 200 OK
(APIServer pid=554344) INFO:     127.0.0.1:33368 - "POST /v1/completions HTTP/1.1" 200 OK
(APIServer pid=554344) INFO:     127.0.0.1:33362 - "POST /v1/completions HTTP/1.1" 200 OK
(APIServer pid=554344) INFO:     127.0.0.1:33412 - "POST /v1/completions HTTP/1.1" 200 OK
(APIServer pid=554344) INFO:     127.0.0.1:33384 - "POST /v1/completions HTTP/1.1" 200 OK
(APIServer pid=554344) INFO:     127.0.0.1:33398 - "POST /v1/completions HTTP/1.1" 200 OK
(APIServer pid=554344) INFO:     127.0.0.1:33428 - "POST /v1/completions HTTP/1.1" 200 OK
(APIServer pid=554344) INFO:     127.0.0.1:33438 - "POST /v1/completions HTTP/1.1" 200 OK
(APIServer pid=554344) INFO:     127.0.0.1:33448 - "POST /v1/completions HTTP/1.1" 200 OK
(APIServer pid=554344) INFO:     127.0.0.1:33450 - "POST /v1/completions HTTP/1.1" 200 OK
(APIServer pid=554344) INFO:     127.0.0.1:33464 - "POST /v1/completions HTTP/1.1" 200 OK
(APIServer pid=554344) INFO:     127.0.0.1:33456 - "POST /v1/completions HTTP/1.1" 200 OK
(APIServer pid=554344) INFO:     127.0.0.1:33472 - "POST /v1/completions HTTP/1.1" 200 OK
(APIServer pid=554344) INFO:     127.0.0.1:33480 - "POST /v1/completions HTTP/1.1" 200 OK
(APIServer pid=554344) INFO:     127.0.0.1:33504 - "POST /v1/completions HTTP/1.1" 200 OK
(APIServer pid=554344) INFO:     127.0.0.1:33488 - "POST /v1/completions HTTP/1.1" 200 OK
(APIServer pid=554344) INFO:     127.0.0.1:33526 - "POST /v1/completions HTTP/1.1" 200 OK
(APIServer pid=554344) INFO:     127.0.0.1:33512 - "POST /v1/completions HTTP/1.1" 200 OK
(APIServer pid=554344) INFO:     127.0.0.1:33538 - "POST /v1/completions HTTP/1.1" 200 OK
(APIServer pid=554344) INFO:     127.0.0.1:33544 - "POST /v1/completions HTTP/1.1" 200 OK
(APIServer pid=554344) INFO:     127.0.0.1:33546 - "POST /v1/completions HTTP/1.1" 200 OK
(APIServer pid=554344) INFO:     127.0.0.1:33562 - "POST /v1/completions HTTP/1.1" 200 OK
(APIServer pid=554344) INFO:     127.0.0.1:33570 - "POST /v1/completions HTTP/1.1" 200 OK
(APIServer pid=554344) INFO:     127.0.0.1:33576 - "POST /v1/completions HTTP/1.1" 200 OK
(APIServer pid=554344) INFO:     127.0.0.1:33578 - "POST /v1/completions HTTP/1.1" 200 OK
(APIServer pid=554344) INFO:     127.0.0.1:33580 - "POST /v1/completions HTTP/1.1" 200 OK
(APIServer pid=554344) INFO:     127.0.0.1:33582 - "POST /v1/completions HTTP/1.1" 200 OK
(APIServer pid=554344) INFO:     127.0.0.1:33598 - "POST /v1/completions HTTP/1.1" 200 OK
(APIServer pid=554344) INFO:     127.0.0.1:33602 - "POST /v1/completions HTTP/1.1" 200 OK
(APIServer pid=554344) INFO:     127.0.0.1:33610 - "POST /v1/completions HTTP/1.1" 200 OK
(APIServer pid=554344) INFO:     127.0.0.1:33612 - "POST /v1/completions HTTP/1.1" 200 OK
(APIServer pid=554344) INFO:     127.0.0.1:33618 - "POST /v1/completions HTTP/1.1" 200 OK
(APIServer pid=554344) INFO:     127.0.0.1:33624 - "POST /v1/completions HTTP/1.1" 200 OK
(APIServer pid=554344) INFO:     127.0.0.1:33636 - "POST /v1/completions HTTP/1.1" 200 OK
(APIServer pid=554344) INFO:     127.0.0.1:33640 - "POST /v1/completions HTTP/1.1" 200 OK
(APIServer pid=554344) INFO:     127.0.0.1:33638 - "POST /v1/completions HTTP/1.1" 200 OK
(APIServer pid=554344) INFO:     127.0.0.1:33656 - "POST /v1/completions HTTP/1.1" 200 OK
(APIServer pid=554344) INFO:     127.0.0.1:33658 - "POST /v1/completions HTTP/1.1" 200 OK
(APIServer pid=554344) INFO:     127.0.0.1:33676 - "POST /v1/completions HTTP/1.1" 200 OK
(APIServer pid=554344) INFO:     127.0.0.1:33668 - "POST /v1/completions HTTP/1.1" 200 OK
(APIServer pid=554344) INFO:     127.0.0.1:33704 - "POST /v1/completions HTTP/1.1" 200 OK
(APIServer pid=554344) INFO:     127.0.0.1:33678 - "POST /v1/completions HTTP/1.1" 200 OK
(APIServer pid=554344) INFO:     127.0.0.1:33690 - "POST /v1/completions HTTP/1.1" 200 OK
(APIServer pid=554344) INFO:     127.0.0.1:33708 - "POST /v1/completions HTTP/1.1" 200 OK
(APIServer pid=554344) INFO:     127.0.0.1:33724 - "POST /v1/completions HTTP/1.1" 200 OK
(APIServer pid=554344) INFO:     127.0.0.1:33726 - "POST /v1/completions HTTP/1.1" 200 OK
(APIServer pid=554344) INFO:     127.0.0.1:33740 - "POST /v1/completions HTTP/1.1" 200 OK
(APIServer pid=554344) INFO:     127.0.0.1:33760 - "POST /v1/completions HTTP/1.1" 200 OK
(APIServer pid=554344) INFO:     127.0.0.1:33746 - "POST /v1/completions HTTP/1.1" 200 OK
(APIServer pid=554344) INFO:     127.0.0.1:33778 - "POST /v1/completions HTTP/1.1" 200 OK
(APIServer pid=554344) INFO:     127.0.0.1:33762 - "POST /v1/completions HTTP/1.1" 200 OK
(APIServer pid=554344) INFO:     127.0.0.1:33792 - "POST /v1/completions HTTP/1.1" 200 OK
(APIServer pid=554344) INFO:     127.0.0.1:33806 - "POST /v1/completions HTTP/1.1" 200 OK
(APIServer pid=554344) INFO:     127.0.0.1:33814 - "POST /v1/completions HTTP/1.1" 200 OK
(APIServer pid=554344) INFO:     127.0.0.1:33808 - "POST /v1/completions HTTP/1.1" 200 OK
(APIServer pid=554344) INFO:     127.0.0.1:33828 - "POST /v1/completions HTTP/1.1" 200 OK
(APIServer pid=554344) INFO:     127.0.0.1:33832 - "POST /v1/completions HTTP/1.1" 200 OK
(APIServer pid=554344) INFO:     127.0.0.1:33838 - "POST /v1/completions HTTP/1.1" 200 OK
(APIServer pid=554344) INFO:     127.0.0.1:33834 - "POST /v1/completions HTTP/1.1" 200 OK
(APIServer pid=554344) INFO:     127.0.0.1:33842 - "POST /v1/completions HTTP/1.1" 200 OK
(APIServer pid=554344) INFO:     127.0.0.1:33856 - "POST /v1/completions HTTP/1.1" 200 OK
(APIServer pid=554344) INFO:     127.0.0.1:33862 - "POST /v1/completions HTTP/1.1" 200 OK
(APIServer pid=554344) INFO:     127.0.0.1:33878 - "POST /v1/completions HTTP/1.1" 200 OK
(APIServer pid=554344) INFO:     127.0.0.1:33874 - "POST /v1/completions HTTP/1.1" 200 OK
(APIServer pid=554344) INFO:     127.0.0.1:33888 - "POST /v1/completions HTTP/1.1" 200 OK
(APIServer pid=554344) INFO:     127.0.0.1:33898 - "POST /v1/completions HTTP/1.1" 200 OK
(APIServer pid=554344) INFO:     127.0.0.1:33912 - "POST /v1/completions HTTP/1.1" 200 OK
(APIServer pid=554344) INFO:     127.0.0.1:33918 - "POST /v1/completions HTTP/1.1" 200 OK
(APIServer pid=554344) INFO 07-08 09:18:32 [loggers.py:271] Engine 000: Avg prompt throughput: 40322.3 tokens/s, Avg generation throughput: 2760.8 tokens/s, Running: 243 reqs, Waiting: 9 reqs, GPU KV cache usage: 26.4%, Prefix cache hit rate: 17.8%
(APIServer pid=554344) INFO:     127.0.0.1:33948 - "POST /v1/completions HTTP/1.1" 200 OK
(APIServer pid=554344) INFO:     127.0.0.1:33934 - "POST /v1/completions HTTP/1.1" 200 OK
(APIServer pid=554344) INFO:     127.0.0.1:33962 - "POST /v1/completions HTTP/1.1" 200 OK
(APIServer pid=554344) INFO:     127.0.0.1:33968 - "POST /v1/completions HTTP/1.1" 200 OK
(APIServer pid=554344) INFO:     127.0.0.1:33976 - "POST /v1/completions HTTP/1.1" 200 OK
(APIServer pid=554344) INFO:     127.0.0.1:33978 - "POST /v1/completions HTTP/1.1" 200 OK
(APIServer pid=554344) INFO:     127.0.0.1:33994 - "POST /v1/completions HTTP/1.1" 200 OK
(APIServer pid=554344) INFO:     127.0.0.1:34006 - "POST /v1/completions HTTP/1.1" 200 OK
(APIServer pid=554344) INFO:     127.0.0.1:34010 - "POST /v1/completions HTTP/1.1" 200 OK
(APIServer pid=554344) INFO:     127.0.0.1:34012 - "POST /v1/completions HTTP/1.1" 200 OK
(APIServer pid=554344) INFO:     127.0.0.1:34040 - "POST /v1/completions HTTP/1.1" 200 OK
(APIServer pid=554344) INFO:     127.0.0.1:34028 - "POST /v1/completions HTTP/1.1" 200 OK
(APIServer pid=554344) INFO:     127.0.0.1:34056 - "POST /v1/completions HTTP/1.1" 200 OK
(APIServer pid=554344) INFO:     127.0.0.1:34066 - "POST /v1/completions HTTP/1.1" 200 OK
(APIServer pid=554344) INFO:     127.0.0.1:34070 - "POST /v1/completions HTTP/1.1" 200 OK
(APIServer pid=554344) INFO:     127.0.0.1:34086 - "POST /v1/completions HTTP/1.1" 200 OK
(APIServer pid=554344) INFO:     127.0.0.1:34114 - "POST /v1/completions HTTP/1.1" 200 OK
(APIServer pid=554344) INFO:     127.0.0.1:34098 - "POST /v1/completions HTTP/1.1" 200 OK
(APIServer pid=554344) INFO:     127.0.0.1:34116 - "POST /v1/completions HTTP/1.1" 200 OK
(APIServer pid=554344) INFO:     127.0.0.1:34126 - "POST /v1/completions HTTP/1.1" 200 OK
(APIServer pid=554344) INFO:     127.0.0.1:34132 - "POST /v1/completions HTTP/1.1" 200 OK
(APIServer pid=554344) INFO:     127.0.0.1:34128 - "POST /v1/completions HTTP/1.1" 200 OK
(APIServer pid=554344) INFO:     127.0.0.1:34160 - "POST /v1/completions HTTP/1.1" 200 OK
(APIServer pid=554344) INFO:     127.0.0.1:34144 - "POST /v1/completions HTTP/1.1" 200 OK
(APIServer pid=554344) INFO:     127.0.0.1:34172 - "POST /v1/completions HTTP/1.1" 200 OK
(APIServer pid=554344) INFO:     127.0.0.1:34170 - "POST /v1/completions HTTP/1.1" 200 OK
(APIServer pid=554344) INFO:     127.0.0.1:34184 - "POST /v1/completions HTTP/1.1" 200 OK
(APIServer pid=554344) INFO:     127.0.0.1:34188 - "POST /v1/completions HTTP/1.1" 200 OK
(APIServer pid=554344) INFO:     127.0.0.1:34192 - "POST /v1/completions HTTP/1.1" 200 OK
(APIServer pid=554344) INFO:     127.0.0.1:34206 - "POST /v1/completions HTTP/1.1" 200 OK
(APIServer pid=554344) INFO:     127.0.0.1:34212 - "POST /v1/completions HTTP/1.1" 200 OK
(APIServer pid=554344) INFO:     127.0.0.1:34216 - "POST /v1/completions HTTP/1.1" 200 OK
(APIServer pid=554344) INFO:     127.0.0.1:34220 - "POST /v1/completions HTTP/1.1" 200 OK
(APIServer pid=554344) INFO:     127.0.0.1:34234 - "POST /v1/completions HTTP/1.1" 200 OK
(APIServer pid=554344) INFO:     127.0.0.1:34236 - "POST /v1/completions HTTP/1.1" 200 OK
(APIServer pid=554344) INFO:     127.0.0.1:34248 - "POST /v1/completions HTTP/1.1" 200 OK
(APIServer pid=554344) INFO:     127.0.0.1:34252 - "POST /v1/completions HTTP/1.1" 200 OK
(APIServer pid=554344) INFO:     127.0.0.1:34250 - "POST /v1/completions HTTP/1.1" 200 OK
(APIServer pid=554344) INFO:     127.0.0.1:34266 - "POST /v1/completions HTTP/1.1" 200 OK
(APIServer pid=554344) INFO:     127.0.0.1:34282 - "POST /v1/completions HTTP/1.1" 200 OK
(APIServer pid=554344) INFO:     127.0.0.1:34296 - "POST /v1/completions HTTP/1.1" 200 OK
(APIServer pid=554344) INFO:     127.0.0.1:34288 - "POST /v1/completions HTTP/1.1" 200 OK
(APIServer pid=554344) INFO:     127.0.0.1:34312 - "POST /v1/completions HTTP/1.1" 200 OK
(APIServer pid=554344) INFO:     127.0.0.1:34298 - "POST /v1/completions HTTP/1.1" 200 OK
(APIServer pid=554344) INFO:     127.0.0.1:34322 - "POST /v1/completions HTTP/1.1" 200 OK
(APIServer pid=554344) INFO:     127.0.0.1:34328 - "POST /v1/completions HTTP/1.1" 200 OK
(APIServer pid=554344) INFO:     127.0.0.1:34338 - "POST /v1/completions HTTP/1.1" 200 OK
(APIServer pid=554344) INFO:     127.0.0.1:34352 - "POST /v1/completions HTTP/1.1" 200 OK
(APIServer pid=554344) INFO:     127.0.0.1:34356 - "POST /v1/completions HTTP/1.1" 200 OK
(APIServer pid=554344) INFO:     127.0.0.1:34366 - "POST /v1/completions HTTP/1.1" 200 OK
(APIServer pid=554344) INFO:     127.0.0.1:34378 - "POST /v1/completions HTTP/1.1" 200 OK
(APIServer pid=554344) INFO:     127.0.0.1:34394 - "POST /v1/completions HTTP/1.1" 200 OK
(APIServer pid=554344) INFO:     127.0.0.1:34392 - "POST /v1/completions HTTP/1.1" 200 OK
(APIServer pid=554344) INFO:     127.0.0.1:34418 - "POST /v1/completions HTTP/1.1" 200 OK
(APIServer pid=554344) INFO:     127.0.0.1:34408 - "POST /v1/completions HTTP/1.1" 200 OK
(APIServer pid=554344) INFO:     127.0.0.1:34420 - "POST /v1/completions HTTP/1.1" 200 OK
(APIServer pid=554344) INFO:     127.0.0.1:34428 - "POST /v1/completions HTTP/1.1" 200 OK
(APIServer pid=554344) INFO:     127.0.0.1:34430 - "POST /v1/completions HTTP/1.1" 200 OK
(APIServer pid=554344) INFO:     127.0.0.1:34442 - "POST /v1/completions HTTP/1.1" 200 OK
(APIServer pid=554344) INFO:     127.0.0.1:34450 - "POST /v1/completions HTTP/1.1" 200 OK
(APIServer pid=554344) INFO:     127.0.0.1:34454 - "POST /v1/completions HTTP/1.1" 200 OK
(APIServer pid=554344) INFO:     127.0.0.1:34474 - "POST /v1/completions HTTP/1.1" 200 OK
(APIServer pid=554344) INFO:     127.0.0.1:34460 - "POST /v1/completions HTTP/1.1" 200 OK
(APIServer pid=554344) INFO:     127.0.0.1:60456 - "GET /metrics HTTP/1.1" 200 OK
(EngineCore pid=556050) INFO 07-08 09:18:37 [core.py:1266] Shutdown initiated (timeout=0)
(EngineCore pid=556050) INFO 07-08 09:18:37 [core.py:1289] Shutdown complete
(Worker_TP1 pid=556325) INFO 07-08 09:18:37 [multiproc_executor.py:872] WorkerProc shutting down.
(Worker_TP0 pid=556324) INFO 07-08 09:18:37 [multiproc_executor.py:775] Parent process exited, terminating worker queues
(Worker_TP6 pid=556330) INFO 07-08 09:18:37 [multiproc_executor.py:872] WorkerProc shutting down.
(Worker_TP5 pid=556329) INFO 07-08 09:18:37 [multiproc_executor.py:872] WorkerProc shutting down.
(Worker_TP3 pid=556327) INFO 07-08 09:18:37 [multiproc_executor.py:872] WorkerProc shutting down.
(Worker_TP7 pid=556331) INFO 07-08 09:18:37 [multiproc_executor.py:872] WorkerProc shutting down.
(Worker_TP0 pid=556324) INFO 07-08 09:18:37 [multiproc_executor.py:872] WorkerProc shutting down.
(Worker_TP4 pid=556328) INFO 07-08 09:18:37 [multiproc_executor.py:872] WorkerProc shutting down.
(Worker_TP2 pid=556326) INFO 07-08 09:18:37 [multiproc_executor.py:872] WorkerProc shutting down.
(APIServer pid=554344) INFO:     Shutting down
(APIServer pid=554344) INFO 07-08 09:18:38 [launcher.py:137] Shutting down FastAPI HTTP server.
(APIServer pid=554344) INFO:     Shutting down
(APIServer pid=554344) INFO:     Waiting for application shutdown.
(APIServer pid=554344) INFO:     Application shutdown complete.
/usr/lib/python3.12/multiprocessing/resource_tracker.py:254: UserWarning: resource_tracker: There appear to be 8 leaked semaphore objects to clean up at shutdown
  warnings.warn('resource_tracker: There appear to be %d '
/usr/lib/python3.12/multiprocessing/resource_tracker.py:254: UserWarning: resource_tracker: There appear to be 10 leaked shared_memory objects to clean up at shutdown
  warnings.warn('resource_tracker: There appear to be %d '
