Warning: FT_COLLECTIVE_PYTHON does not exist: /Users/tstamler/nccl/contrib/fault_tolerant_collectives/ft_handle/python
Starting FT NCCL communicator server: model=Qwen/Qwen2.5-32B-Instruct tp=8 port=8000
FT_COLLECTIVE_PYTHON=/Users/tstamler/nccl/contrib/fault_tolerant_collectives/ft_handle/python
FT_NCCL_MAX_COUNT=33554432
[E709 13:35:55.735007963 shim_common.cpp:1458] Exception in aoti_torch: Tried to register an operator (_C::persistent_masked_m_silu_mul_quant(Tensor input, Tensor counts, Tensor($0! -> ) y_q, Tensor($1! -> ) y_s, bool use_ue8m0) -> ()) with the same name and overload name multiple times. Each overload's schema should only be registered with a single call to def(). Duplicate registration: registered at /workspace/csrc/libtorch_stable/torch_bindings.cpp:10. Original registration: registered at /workspace/csrc/torch_bindings.cpp:21
Exception raised from registerDef at /pytorch/aten/src/ATen/core/dispatch/Dispatcher.cpp:248 (most recent call first):
frame #0: c10::Error::Error(c10::SourceLocation, std::__cxx11::basic_string<char, std::char_traits<char>, std::allocator<char> >) + 0x9d (0x7ffff6d7205d in /workspace/vllm/.venv/lib/python3.12/site-packages/torch/lib/libc10.so)
frame #1: c10::detail::torchCheckFail(char const*, char const*, unsigned int, std::__cxx11::basic_string<char, std::char_traits<char>, std::allocator<char> > const&) + 0xc3 (0x7ffff6d066fd in /workspace/vllm/.venv/lib/python3.12/site-packages/torch/lib/libc10.so)
frame #2: c10::Dispatcher::registerDef(c10::FunctionSchema, std::__cxx11::basic_string<char, std::char_traits<char>, std::allocator<char> >, std::vector<at::Tag, std::allocator<at::Tag> >) + 0x35e (0x7fff0e8811fe in /workspace/vllm/.venv/lib/python3.12/site-packages/torch/lib/libtorch_cpu.so)
frame #3: torch::Library::_def(c10::FunctionSchema&&, c10::OperatorName*, std::vector<at::Tag, std::allocator<at::Tag> > const&, torch::_RegisterOrVerify) & + 0x514 (0x7fff0e8c2254 in /workspace/vllm/.venv/lib/python3.12/site-packages/torch/lib/libtorch_cpu.so)
frame #4: aoti_torch_library_def + 0x99 (0x7fff12ad45b9 in /workspace/vllm/.venv/lib/python3.12/site-packages/torch/lib/libtorch_cpu.so)
frame #5: <unknown function> + 0x2bdaf1 (0x7ffded2beaf1 in /workspace/vllm/vllm/_C_stable_libtorch.abi3.so)
frame #6: <unknown function> + 0x2bf0ce (0x7ffded2c00ce in /workspace/vllm/vllm/_C_stable_libtorch.abi3.so)
frame #7: <unknown function> + 0x279d92 (0x7ffded27ad92 in /workspace/vllm/vllm/_C_stable_libtorch.abi3.so)
frame #8: <unknown function> + 0x571f (0x7ffff7fca71f in /lib64/ld-linux-x86-64.so.2)
frame #9: <unknown function> + 0x5824 (0x7ffff7fca824 in /lib64/ld-linux-x86-64.so.2)
frame #10: _dl_catch_exception + 0x132 (0x7ffff7fc65b2 in /lib64/ld-linux-x86-64.so.2)
frame #11: <unknown function> + 0xcd7c (0x7ffff7fd1d7c in /lib64/ld-linux-x86-64.so.2)
frame #12: _dl_catch_exception + 0x9c (0x7ffff7fc651c in /lib64/ld-linux-x86-64.so.2)
frame #13: <unknown function> + 0xd164 (0x7ffff7fd2164 in /lib64/ld-linux-x86-64.so.2)
frame #14: <unknown function> + 0x981a4 (0x7ffff7d0c1a4 in /usr/lib/x86_64-linux-gnu/libc.so.6)
frame #15: _dl_catch_exception + 0x9c (0x7ffff7fc651c in /lib64/ld-linux-x86-64.so.2)
frame #16: <unknown function> + 0x1669 (0x7ffff7fc6669 in /lib64/ld-linux-x86-64.so.2)
frame #17: <unknown function> + 0x97c83 (0x7ffff7d0bc83 in /usr/lib/x86_64-linux-gnu/libc.so.6)
frame #18: dlopen + 0x6f (0x7ffff7d0c25f in /usr/lib/x86_64-linux-gnu/libc.so.6)
frame #19: /workspace/vllm/.venv/bin/python() [0x6bc36c]
frame #20: /workspace/vllm/.venv/bin/python() [0x6a946a]
frame #21: /workspace/vllm/.venv/bin/python() [0x6a8bf2]
frame #22: /workspace/vllm/.venv/bin/python() [0x581f37]
frame #23: _PyEval_EvalFrameDefault + 0x4c3a (0x5db0ba in /workspace/vllm/.venv/bin/python)
frame #24: /workspace/vllm/.venv/bin/python() [0x549d47]
frame #25: PyObject_CallMethodObjArgs + 0xe3 (0x54b5c3 in /workspace/vllm/.venv/bin/python)
frame #26: PyImport_ImportModuleLevelObject + 0x395 (0x5fd805 in /workspace/vllm/.venv/bin/python)
frame #27: _PyEval_EvalFrameDefault + 0x5eee (0x5dc36e in /workspace/vllm/.venv/bin/python)
frame #28: PyEval_EvalCode + 0x15b (0x5d543b in /workspace/vllm/.venv/bin/python)
frame #29: /workspace/vllm/.venv/bin/python() [0x5d322c]
frame #30: /workspace/vllm/.venv/bin/python() [0x581d1d]
frame #31: _PyEval_EvalFrameDefault + 0x4c3a (0x5db0ba in /workspace/vllm/.venv/bin/python)
frame #32: PyObject_CallOneArg + 0x4d (0x54a65d in /workspace/vllm/.venv/bin/python)
frame #33: /workspace/vllm/.venv/bin/python() [0x582e84]
frame #34: _PyObject_LookupAttr + 0x7a (0x584bea in /workspace/vllm/.venv/bin/python)
frame #35: /workspace/vllm/.venv/bin/python() [0x5d2b8a]
frame #36: _PyEval_EvalFrameDefault + 0x207d (0x5d84fd in /workspace/vllm/.venv/bin/python)
frame #37: /workspace/vllm/.venv/bin/python() [0x549d47]
frame #38: PyObject_CallMethodObjArgs + 0xe3 (0x54b5c3 in /workspace/vllm/.venv/bin/python)
frame #39: PyImport_ImportModuleLevelObject + 0x5eb (0x5fda5b in /workspace/vllm/.venv/bin/python)
frame #40: _PyEval_EvalFrameDefault + 0x5eee (0x5dc36e in /workspace/vllm/.venv/bin/python)
frame #41: PyEval_EvalCode + 0x15b (0x5d543b in /workspace/vllm/.venv/bin/python)
frame #42: /workspace/vllm/.venv/bin/python() [0x5d322c]
frame #43: /workspace/vllm/.venv/bin/python() [0x581d1d]
frame #44: _PyEval_EvalFrameDefault + 0x4c3a (0x5db0ba in /workspace/vllm/.venv/bin/python)
frame #45: /workspace/vllm/.venv/bin/python() [0x549d47]
frame #46: PyObject_CallMethodObjArgs + 0xe3 (0x54b5c3 in /workspace/vllm/.venv/bin/python)
frame #47: PyImport_ImportModuleLevelObject + 0x395 (0x5fd805 in /workspace/vllm/.venv/bin/python)
frame #48: _PyEval_EvalFrameDefault + 0x5eee (0x5dc36e in /workspace/vllm/.venv/bin/python)
frame #49: PyEval_EvalCode + 0x15b (0x5d543b in /workspace/vllm/.venv/bin/python)
frame #50: /workspace/vllm/.venv/bin/python() [0x5d322c]
frame #51: /workspace/vllm/.venv/bin/python() [0x581d1d]
frame #52: _PyEval_EvalFrameDefault + 0x4c3a (0x5db0ba in /workspace/vllm/.venv/bin/python)
frame #53: /workspace/vllm/.venv/bin/python() [0x549d47]
frame #54: PyObject_CallMethodObjArgs + 0xe3 (0x54b5c3 in /workspace/vllm/.venv/bin/python)
frame #55: PyImport_ImportModuleLevelObject + 0x395 (0x5fd805 in /workspace/vllm/.venv/bin/python)
frame #56: _PyEval_EvalFrameDefault + 0x5eee (0x5dc36e in /workspace/vllm/.venv/bin/python)
frame #57: PyEval_EvalCode + 0x15b (0x5d543b in /workspace/vllm/.venv/bin/python)
frame #58: /workspace/vllm/.venv/bin/python() [0x5d322c]
frame #59: /workspace/vllm/.venv/bin/python() [0x581d1d]
frame #60: _PyEval_EvalFrameDefault + 0x4c3a (0x5db0ba in /workspace/vllm/.venv/bin/python)
frame #61: /workspace/vllm/.venv/bin/python() [0x549d47]
frame #62: PyObject_CallMethodObjArgs + 0xe3 (0x54b5c3 in /workspace/vllm/.venv/bin/python)

[E709 13:35:55.737002715 shim_common.cpp:1458] Exception in aoti_torch: Tried to register an operator (_C::weak_ref_tensor(Tensor input) -> Tensor) with the same name and overload name multiple times. Each overload's schema should only be registered with a single call to def(). Duplicate registration: registered at /workspace/csrc/libtorch_stable/torch_bindings.cpp:10. Original registration: registered at /workspace/csrc/torch_bindings.cpp:21
Exception raised from registerDef at /pytorch/aten/src/ATen/core/dispatch/Dispatcher.cpp:248 (most recent call first):
frame #0: c10::Error::Error(c10::SourceLocation, std::__cxx11::basic_string<char, std::char_traits<char>, std::allocator<char> >) + 0x9d (0x7ffff6d7205d in /workspace/vllm/.venv/lib/python3.12/site-packages/torch/lib/libc10.so)
frame #1: c10::detail::torchCheckFail(char const*, char const*, unsigned int, std::__cxx11::basic_string<char, std::char_traits<char>, std::allocator<char> > const&) + 0xc3 (0x7ffff6d066fd in /workspace/vllm/.venv/lib/python3.12/site-packages/torch/lib/libc10.so)
frame #2: c10::Dispatcher::registerDef(c10::FunctionSchema, std::__cxx11::basic_string<char, std::char_traits<char>, std::allocator<char> >, std::vector<at::Tag, std::allocator<at::Tag> >) + 0x35e (0x7fff0e8811fe in /workspace/vllm/.venv/lib/python3.12/site-packages/torch/lib/libtorch_cpu.so)
frame #3: torch::Library::_def(c10::FunctionSchema&&, c10::OperatorName*, std::vector<at::Tag, std::allocator<at::Tag> > const&, torch::_RegisterOrVerify) & + 0x514 (0x7fff0e8c2254 in /workspace/vllm/.venv/lib/python3.12/site-packages/torch/lib/libtorch_cpu.so)
frame #4: aoti_torch_library_def + 0x99 (0x7fff12ad45b9 in /workspace/vllm/.venv/lib/python3.12/site-packages/torch/lib/libtorch_cpu.so)
frame #5: <unknown function> + 0x2bdb00 (0x7ffded2beb00 in /workspace/vllm/vllm/_C_stable_libtorch.abi3.so)
frame #6: <unknown function> + 0x2bf0ce (0x7ffded2c00ce in /workspace/vllm/vllm/_C_stable_libtorch.abi3.so)
frame #7: <unknown function> + 0x279d92 (0x7ffded27ad92 in /workspace/vllm/vllm/_C_stable_libtorch.abi3.so)
frame #8: <unknown function> + 0x571f (0x7ffff7fca71f in /lib64/ld-linux-x86-64.so.2)
frame #9: <unknown function> + 0x5824 (0x7ffff7fca824 in /lib64/ld-linux-x86-64.so.2)
frame #10: _dl_catch_exception + 0x132 (0x7ffff7fc65b2 in /lib64/ld-linux-x86-64.so.2)
frame #11: <unknown function> + 0xcd7c (0x7ffff7fd1d7c in /lib64/ld-linux-x86-64.so.2)
frame #12: _dl_catch_exception + 0x9c (0x7ffff7fc651c in /lib64/ld-linux-x86-64.so.2)
frame #13: <unknown function> + 0xd164 (0x7ffff7fd2164 in /lib64/ld-linux-x86-64.so.2)
frame #14: <unknown function> + 0x981a4 (0x7ffff7d0c1a4 in /usr/lib/x86_64-linux-gnu/libc.so.6)
frame #15: _dl_catch_exception + 0x9c (0x7ffff7fc651c in /lib64/ld-linux-x86-64.so.2)
frame #16: <unknown function> + 0x1669 (0x7ffff7fc6669 in /lib64/ld-linux-x86-64.so.2)
frame #17: <unknown function> + 0x97c83 (0x7ffff7d0bc83 in /usr/lib/x86_64-linux-gnu/libc.so.6)
frame #18: dlopen + 0x6f (0x7ffff7d0c25f in /usr/lib/x86_64-linux-gnu/libc.so.6)
frame #19: /workspace/vllm/.venv/bin/python() [0x6bc36c]
frame #20: /workspace/vllm/.venv/bin/python() [0x6a946a]
frame #21: /workspace/vllm/.venv/bin/python() [0x6a8bf2]
frame #22: /workspace/vllm/.venv/bin/python() [0x581f37]
frame #23: _PyEval_EvalFrameDefault + 0x4c3a (0x5db0ba in /workspace/vllm/.venv/bin/python)
frame #24: /workspace/vllm/.venv/bin/python() [0x549d47]
frame #25: PyObject_CallMethodObjArgs + 0xe3 (0x54b5c3 in /workspace/vllm/.venv/bin/python)
frame #26: PyImport_ImportModuleLevelObject + 0x395 (0x5fd805 in /workspace/vllm/.venv/bin/python)
frame #27: _PyEval_EvalFrameDefault + 0x5eee (0x5dc36e in /workspace/vllm/.venv/bin/python)
frame #28: PyEval_EvalCode + 0x15b (0x5d543b in /workspace/vllm/.venv/bin/python)
frame #29: /workspace/vllm/.venv/bin/python() [0x5d322c]
frame #30: /workspace/vllm/.venv/bin/python() [0x581d1d]
frame #31: _PyEval_EvalFrameDefault + 0x4c3a (0x5db0ba in /workspace/vllm/.venv/bin/python)
frame #32: PyObject_CallOneArg + 0x4d (0x54a65d in /workspace/vllm/.venv/bin/python)
frame #33: /workspace/vllm/.venv/bin/python() [0x582e84]
frame #34: _PyObject_LookupAttr + 0x7a (0x584bea in /workspace/vllm/.venv/bin/python)
frame #35: /workspace/vllm/.venv/bin/python() [0x5d2b8a]
frame #36: _PyEval_EvalFrameDefault + 0x207d (0x5d84fd in /workspace/vllm/.venv/bin/python)
frame #37: /workspace/vllm/.venv/bin/python() [0x549d47]
frame #38: PyObject_CallMethodObjArgs + 0xe3 (0x54b5c3 in /workspace/vllm/.venv/bin/python)
frame #39: PyImport_ImportModuleLevelObject + 0x5eb (0x5fda5b in /workspace/vllm/.venv/bin/python)
frame #40: _PyEval_EvalFrameDefault + 0x5eee (0x5dc36e in /workspace/vllm/.venv/bin/python)
frame #41: PyEval_EvalCode + 0x15b (0x5d543b in /workspace/vllm/.venv/bin/python)
frame #42: /workspace/vllm/.venv/bin/python() [0x5d322c]
frame #43: /workspace/vllm/.venv/bin/python() [0x581d1d]
frame #44: _PyEval_EvalFrameDefault + 0x4c3a (0x5db0ba in /workspace/vllm/.venv/bin/python)
frame #45: /workspace/vllm/.venv/bin/python() [0x549d47]
frame #46: PyObject_CallMethodObjArgs + 0xe3 (0x54b5c3 in /workspace/vllm/.venv/bin/python)
frame #47: PyImport_ImportModuleLevelObject + 0x395 (0x5fd805 in /workspace/vllm/.venv/bin/python)
frame #48: _PyEval_EvalFrameDefault + 0x5eee (0x5dc36e in /workspace/vllm/.venv/bin/python)
frame #49: PyEval_EvalCode + 0x15b (0x5d543b in /workspace/vllm/.venv/bin/python)
frame #50: /workspace/vllm/.venv/bin/python() [0x5d322c]
frame #51: /workspace/vllm/.venv/bin/python() [0x581d1d]
frame #52: _PyEval_EvalFrameDefault + 0x4c3a (0x5db0ba in /workspace/vllm/.venv/bin/python)
frame #53: /workspace/vllm/.venv/bin/python() [0x549d47]
frame #54: PyObject_CallMethodObjArgs + 0xe3 (0x54b5c3 in /workspace/vllm/.venv/bin/python)
frame #55: PyImport_ImportModuleLevelObject + 0x395 (0x5fd805 in /workspace/vllm/.venv/bin/python)
frame #56: _PyEval_EvalFrameDefault + 0x5eee (0x5dc36e in /workspace/vllm/.venv/bin/python)
frame #57: PyEval_EvalCode + 0x15b (0x5d543b in /workspace/vllm/.venv/bin/python)
frame #58: /workspace/vllm/.venv/bin/python() [0x5d322c]
frame #59: /workspace/vllm/.venv/bin/python() [0x581d1d]
frame #60: _PyEval_EvalFrameDefault + 0x4c3a (0x5db0ba in /workspace/vllm/.venv/bin/python)
frame #61: /workspace/vllm/.venv/bin/python() [0x549d47]
frame #62: PyObject_CallMethodObjArgs + 0xe3 (0x54b5c3 in /workspace/vllm/.venv/bin/python)

[E709 13:35:55.738983637 shim_common.cpp:1458] Exception in aoti_torch: Tried to register an operator (_C::silu_and_mul_quant(Tensor($0! -> ) result, Tensor input, Tensor scale) -> ()) with the same name and overload name multiple times. Each overload's schema should only be registered with a single call to def(). Duplicate registration: registered at /workspace/csrc/libtorch_stable/torch_bindings.cpp:10. Original registration: registered at /workspace/csrc/torch_bindings.cpp:21
Exception raised from registerDef at /pytorch/aten/src/ATen/core/dispatch/Dispatcher.cpp:248 (most recent call first):
frame #0: c10::Error::Error(c10::SourceLocation, std::__cxx11::basic_string<char, std::char_traits<char>, std::allocator<char> >) + 0x9d (0x7ffff6d7205d in /workspace/vllm/.venv/lib/python3.12/site-packages/torch/lib/libc10.so)
frame #1: c10::detail::torchCheckFail(char const*, char const*, unsigned int, std::__cxx11::basic_string<char, std::char_traits<char>, std::allocator<char> > const&) + 0xc3 (0x7ffff6d066fd in /workspace/vllm/.venv/lib/python3.12/site-packages/torch/lib/libc10.so)
frame #2: c10::Dispatcher::registerDef(c10::FunctionSchema, std::__cxx11::basic_string<char, std::char_traits<char>, std::allocator<char> >, std::vector<at::Tag, std::allocator<at::Tag> >) + 0x35e (0x7fff0e8811fe in /workspace/vllm/.venv/lib/python3.12/site-packages/torch/lib/libtorch_cpu.so)
frame #3: torch::Library::_def(c10::FunctionSchema&&, c10::OperatorName*, std::vector<at::Tag, std::allocator<at::Tag> > const&, torch::_RegisterOrVerify) & + 0x514 (0x7fff0e8c2254 in /workspace/vllm/.venv/lib/python3.12/site-packages/torch/lib/libtorch_cpu.so)
frame #4: aoti_torch_library_def + 0x99 (0x7fff12ad45b9 in /workspace/vllm/.venv/lib/python3.12/site-packages/torch/lib/libtorch_cpu.so)
frame #5: <unknown function> + 0x2bdb3c (0x7ffded2beb3c in /workspace/vllm/vllm/_C_stable_libtorch.abi3.so)
frame #6: <unknown function> + 0x2bf0ce (0x7ffded2c00ce in /workspace/vllm/vllm/_C_stable_libtorch.abi3.so)
frame #7: <unknown function> + 0x279d92 (0x7ffded27ad92 in /workspace/vllm/vllm/_C_stable_libtorch.abi3.so)
frame #8: <unknown function> + 0x571f (0x7ffff7fca71f in /lib64/ld-linux-x86-64.so.2)
frame #9: <unknown function> + 0x5824 (0x7ffff7fca824 in /lib64/ld-linux-x86-64.so.2)
frame #10: _dl_catch_exception + 0x132 (0x7ffff7fc65b2 in /lib64/ld-linux-x86-64.so.2)
frame #11: <unknown function> + 0xcd7c (0x7ffff7fd1d7c in /lib64/ld-linux-x86-64.so.2)
frame #12: _dl_catch_exception + 0x9c (0x7ffff7fc651c in /lib64/ld-linux-x86-64.so.2)
frame #13: <unknown function> + 0xd164 (0x7ffff7fd2164 in /lib64/ld-linux-x86-64.so.2)
frame #14: <unknown function> + 0x981a4 (0x7ffff7d0c1a4 in /usr/lib/x86_64-linux-gnu/libc.so.6)
frame #15: _dl_catch_exception + 0x9c (0x7ffff7fc651c in /lib64/ld-linux-x86-64.so.2)
frame #16: <unknown function> + 0x1669 (0x7ffff7fc6669 in /lib64/ld-linux-x86-64.so.2)
frame #17: <unknown function> + 0x97c83 (0x7ffff7d0bc83 in /usr/lib/x86_64-linux-gnu/libc.so.6)
frame #18: dlopen + 0x6f (0x7ffff7d0c25f in /usr/lib/x86_64-linux-gnu/libc.so.6)
frame #19: /workspace/vllm/.venv/bin/python() [0x6bc36c]
frame #20: /workspace/vllm/.venv/bin/python() [0x6a946a]
frame #21: /workspace/vllm/.venv/bin/python() [0x6a8bf2]
frame #22: /workspace/vllm/.venv/bin/python() [0x581f37]
frame #23: _PyEval_EvalFrameDefault + 0x4c3a (0x5db0ba in /workspace/vllm/.venv/bin/python)
frame #24: /workspace/vllm/.venv/bin/python() [0x549d47]
frame #25: PyObject_CallMethodObjArgs + 0xe3 (0x54b5c3 in /workspace/vllm/.venv/bin/python)
frame #26: PyImport_ImportModuleLevelObject + 0x395 (0x5fd805 in /workspace/vllm/.venv/bin/python)
frame #27: _PyEval_EvalFrameDefault + 0x5eee (0x5dc36e in /workspace/vllm/.venv/bin/python)
frame #28: PyEval_EvalCode + 0x15b (0x5d543b in /workspace/vllm/.venv/bin/python)
frame #29: /workspace/vllm/.venv/bin/python() [0x5d322c]
frame #30: /workspace/vllm/.venv/bin/python() [0x581d1d]
frame #31: _PyEval_EvalFrameDefault + 0x4c3a (0x5db0ba in /workspace/vllm/.venv/bin/python)
frame #32: PyObject_CallOneArg + 0x4d (0x54a65d in /workspace/vllm/.venv/bin/python)
frame #33: /workspace/vllm/.venv/bin/python() [0x582e84]
frame #34: _PyObject_LookupAttr + 0x7a (0x584bea in /workspace/vllm/.venv/bin/python)
frame #35: /workspace/vllm/.venv/bin/python() [0x5d2b8a]
frame #36: _PyEval_EvalFrameDefault + 0x207d (0x5d84fd in /workspace/vllm/.venv/bin/python)
frame #37: /workspace/vllm/.venv/bin/python() [0x549d47]
frame #38: PyObject_CallMethodObjArgs + 0xe3 (0x54b5c3 in /workspace/vllm/.venv/bin/python)
frame #39: PyImport_ImportModuleLevelObject + 0x5eb (0x5fda5b in /workspace/vllm/.venv/bin/python)
frame #40: _PyEval_EvalFrameDefault + 0x5eee (0x5dc36e in /workspace/vllm/.venv/bin/python)
frame #41: PyEval_EvalCode + 0x15b (0x5d543b in /workspace/vllm/.venv/bin/python)
frame #42: /workspace/vllm/.venv/bin/python() [0x5d322c]
frame #43: /workspace/vllm/.venv/bin/python() [0x581d1d]
frame #44: _PyEval_EvalFrameDefault + 0x4c3a (0x5db0ba in /workspace/vllm/.venv/bin/python)
frame #45: /workspace/vllm/.venv/bin/python() [0x549d47]
frame #46: PyObject_CallMethodObjArgs + 0xe3 (0x54b5c3 in /workspace/vllm/.venv/bin/python)
frame #47: PyImport_ImportModuleLevelObject + 0x395 (0x5fd805 in /workspace/vllm/.venv/bin/python)
frame #48: _PyEval_EvalFrameDefault + 0x5eee (0x5dc36e in /workspace/vllm/.venv/bin/python)
frame #49: PyEval_EvalCode + 0x15b (0x5d543b in /workspace/vllm/.venv/bin/python)
frame #50: /workspace/vllm/.venv/bin/python() [0x5d322c]
frame #51: /workspace/vllm/.venv/bin/python() [0x581d1d]
frame #52: _PyEval_EvalFrameDefault + 0x4c3a (0x5db0ba in /workspace/vllm/.venv/bin/python)
frame #53: /workspace/vllm/.venv/bin/python() [0x549d47]
frame #54: PyObject_CallMethodObjArgs + 0xe3 (0x54b5c3 in /workspace/vllm/.venv/bin/python)
frame #55: PyImport_ImportModuleLevelObject + 0x395 (0x5fd805 in /workspace/vllm/.venv/bin/python)
frame #56: _PyEval_EvalFrameDefault + 0x5eee (0x5dc36e in /workspace/vllm/.venv/bin/python)
frame #57: PyEval_EvalCode + 0x15b (0x5d543b in /workspace/vllm/.venv/bin/python)
frame #58: /workspace/vllm/.venv/bin/python() [0x5d322c]
frame #59: /workspace/vllm/.venv/bin/python() [0x581d1d]
frame #60: _PyEval_EvalFrameDefault + 0x4c3a (0x5db0ba in /workspace/vllm/.venv/bin/python)
frame #61: /workspace/vllm/.venv/bin/python() [0x549d47]
frame #62: PyObject_CallMethodObjArgs + 0xe3 (0x54b5c3 in /workspace/vllm/.venv/bin/python)

[W709 13:35:55.741150459 OperatorEntry.cpp:208] Warning: Warning only once for all operators,  other operators may also be overridden.
  Overriding a previously registered kernel for the same operator and the same dispatch key
  operator: _C::persistent_masked_m_silu_mul_quant(Tensor input, Tensor counts, Tensor($0! -> ) y_q, Tensor($1! -> ) y_s, bool use_ue8m0) -> ()
    registered at /workspace/csrc/torch_bindings.cpp:21
  dispatch key: CUDA
  previous kernel: registered at /workspace/csrc/torch_bindings.cpp:21
       new kernel: registered at /workspace/csrc/libtorch_stable/torch_bindings.cpp:603 (function operator())
(APIServer pid=276364) INFO 07-09 13:36:00 [utils.py:344] 
(APIServer pid=276364) INFO 07-09 13:36:00 [utils.py:344]        █     █     █▄   ▄█
(APIServer pid=276364) INFO 07-09 13:36:00 [utils.py:344]  ▄▄ ▄█ █     █     █ ▀▄▀ █  version 0.22.1.dev9+g1098d337f
(APIServer pid=276364) INFO 07-09 13:36:00 [utils.py:344]   █▄█▀ █     █     █     █  model   Qwen/Qwen2.5-32B-Instruct
(APIServer pid=276364) INFO 07-09 13:36:00 [utils.py:344]    ▀▀  ▀▀▀▀▀ ▀▀▀▀▀ ▀     ▀
(APIServer pid=276364) INFO 07-09 13:36:00 [utils.py:344] 
(APIServer pid=276364) INFO 07-09 13:36:00 [utils.py:278] non-default args: {'model_tag': 'Qwen/Qwen2.5-32B-Instruct', 'host': '127.0.0.1', 'model': 'Qwen/Qwen2.5-32B-Instruct', 'dtype': 'bfloat16', 'max_model_len': 4096, 'tensor_parallel_size': 8, 'disable_custom_all_reduce': True, 'gpu_memory_utilization': 0.9, 'max_num_batched_tokens': 4096}
(APIServer pid=276364) WARNING 07-09 13:36:00 [system_utils.py:299] Found ulimit of 51200 and failed to automatically increase with error current limit exceeds maximum limit. This can cause fd limit errors like `OSError: [Errno 24] Too many open files`. Consider increasing with ulimit -n
(APIServer pid=276364) WARNING 07-09 13:36:00 [envs.py:2057] Unknown vLLM environment variable detected: VLLM_USE_FT_NCCL_COMMUNICATOR
(APIServer pid=276364) WARNING 07-09 13:36:00 [envs.py:2057] Unknown vLLM environment variable detected: VLLM_USE_FT_NCCL_TP
(APIServer pid=276364) Warning: You are sending unauthenticated requests to the HF Hub. Please set a HF_TOKEN to enable higher rate limits and faster downloads.
(APIServer pid=276364) INFO 07-09 13:36:00 [model.py:617] Resolved architecture: Qwen2ForCausalLM
(APIServer pid=276364) INFO 07-09 13:36:00 [model.py:1752] Using max model len 4096
(APIServer pid=276364) INFO 07-09 13:36:00 [scheduler.py:239] Chunked prefill is enabled with max_num_batched_tokens=4096.
(APIServer pid=276364) INFO 07-09 13:36:00 [vllm.py:977] Asynchronous scheduling is enabled.
(APIServer pid=276364) INFO 07-09 13:36:00 [kernel.py:270] Final IR op priority after setting platform defaults: IrOpPriorityConfig(rms_norm=['native'], fused_add_rms_norm=['native'])
(APIServer pid=276364) <frozen importlib._bootstrap_external>:1297: FutureWarning: The cuda.cudart module is deprecated and will be removed in a future release, please switch to use the cuda.bindings.runtime module instead.
(APIServer pid=276364) <frozen importlib._bootstrap_external>:1297: FutureWarning: The cuda.nvrtc module is deprecated and will be removed in a future release, please switch to use the cuda.bindings.nvrtc module instead.
(APIServer pid=276364) INFO 07-09 13:36:04 [compilation.py:312] Enabled custom fusions: allreduce_rms
[E709 13:36:11.990438862 shim_common.cpp:1458] Exception in aoti_torch: Tried to register an operator (_C::persistent_masked_m_silu_mul_quant(Tensor input, Tensor counts, Tensor($0! -> ) y_q, Tensor($1! -> ) y_s, bool use_ue8m0) -> ()) with the same name and overload name multiple times. Each overload's schema should only be registered with a single call to def(). Duplicate registration: registered at /workspace/csrc/libtorch_stable/torch_bindings.cpp:10. Original registration: registered at /workspace/csrc/torch_bindings.cpp:21
Exception raised from registerDef at /pytorch/aten/src/ATen/core/dispatch/Dispatcher.cpp:248 (most recent call first):
frame #0: c10::Error::Error(c10::SourceLocation, std::__cxx11::basic_string<char, std::char_traits<char>, std::allocator<char> >) + 0x9d (0x7ffff6b7205d in /workspace/vllm/.venv/lib/python3.12/site-packages/torch/lib/libc10.so)
frame #1: c10::detail::torchCheckFail(char const*, char const*, unsigned int, std::__cxx11::basic_string<char, std::char_traits<char>, std::allocator<char> > const&) + 0xc3 (0x7ffff6b066fd in /workspace/vllm/.venv/lib/python3.12/site-packages/torch/lib/libc10.so)
frame #2: c10::Dispatcher::registerDef(c10::FunctionSchema, std::__cxx11::basic_string<char, std::char_traits<char>, std::allocator<char> >, std::vector<at::Tag, std::allocator<at::Tag> >) + 0x35e (0x7fff0e6811fe in /workspace/vllm/.venv/lib/python3.12/site-packages/torch/lib/libtorch_cpu.so)
frame #3: torch::Library::_def(c10::FunctionSchema&&, c10::OperatorName*, std::vector<at::Tag, std::allocator<at::Tag> > const&, torch::_RegisterOrVerify) & + 0x514 (0x7fff0e6c2254 in /workspace/vllm/.venv/lib/python3.12/site-packages/torch/lib/libtorch_cpu.so)
frame #4: aoti_torch_library_def + 0x99 (0x7fff128d45b9 in /workspace/vllm/.venv/lib/python3.12/site-packages/torch/lib/libtorch_cpu.so)
frame #5: <unknown function> + 0x2bdaf1 (0x7ff8ec4beaf1 in /workspace/vllm/vllm/_C_stable_libtorch.abi3.so)
frame #6: <unknown function> + 0x2bf0ce (0x7ff8ec4c00ce in /workspace/vllm/vllm/_C_stable_libtorch.abi3.so)
frame #7: <unknown function> + 0x279d92 (0x7ff8ec47ad92 in /workspace/vllm/vllm/_C_stable_libtorch.abi3.so)
frame #8: <unknown function> + 0x571f (0x7ffff7fca71f in /lib64/ld-linux-x86-64.so.2)
frame #9: <unknown function> + 0x5824 (0x7ffff7fca824 in /lib64/ld-linux-x86-64.so.2)
frame #10: _dl_catch_exception + 0x132 (0x7ffff7fc65b2 in /lib64/ld-linux-x86-64.so.2)
frame #11: <unknown function> + 0xcd7c (0x7ffff7fd1d7c in /lib64/ld-linux-x86-64.so.2)
frame #12: _dl_catch_exception + 0x9c (0x7ffff7fc651c in /lib64/ld-linux-x86-64.so.2)
frame #13: <unknown function> + 0xd164 (0x7ffff7fd2164 in /lib64/ld-linux-x86-64.so.2)
frame #14: <unknown function> + 0x981a4 (0x7ffff7d0c1a4 in /usr/lib/x86_64-linux-gnu/libc.so.6)
frame #15: _dl_catch_exception + 0x9c (0x7ffff7fc651c in /lib64/ld-linux-x86-64.so.2)
frame #16: <unknown function> + 0x1669 (0x7ffff7fc6669 in /lib64/ld-linux-x86-64.so.2)
frame #17: <unknown function> + 0x97c83 (0x7ffff7d0bc83 in /usr/lib/x86_64-linux-gnu/libc.so.6)
frame #18: dlopen + 0x6f (0x7ffff7d0c25f in /usr/lib/x86_64-linux-gnu/libc.so.6)
frame #19: /workspace/vllm/.venv/bin/python() [0x6bc36c]
frame #20: /workspace/vllm/.venv/bin/python() [0x6a946a]
frame #21: /workspace/vllm/.venv/bin/python() [0x6a8bf2]
frame #22: /workspace/vllm/.venv/bin/python() [0x581f37]
frame #23: _PyEval_EvalFrameDefault + 0x4c3a (0x5db0ba in /workspace/vllm/.venv/bin/python)
frame #24: /workspace/vllm/.venv/bin/python() [0x549d47]
frame #25: PyObject_CallMethodObjArgs + 0xe3 (0x54b5c3 in /workspace/vllm/.venv/bin/python)
frame #26: PyImport_ImportModuleLevelObject + 0x395 (0x5fd805 in /workspace/vllm/.venv/bin/python)
frame #27: _PyEval_EvalFrameDefault + 0x5eee (0x5dc36e in /workspace/vllm/.venv/bin/python)
frame #28: PyEval_EvalCode + 0x15b (0x5d543b in /workspace/vllm/.venv/bin/python)
frame #29: /workspace/vllm/.venv/bin/python() [0x5d322c]
frame #30: /workspace/vllm/.venv/bin/python() [0x581d1d]
frame #31: _PyEval_EvalFrameDefault + 0x4c3a (0x5db0ba in /workspace/vllm/.venv/bin/python)
frame #32: PyObject_CallOneArg + 0x4d (0x54a65d in /workspace/vllm/.venv/bin/python)
frame #33: /workspace/vllm/.venv/bin/python() [0x582e84]
frame #34: _PyObject_LookupAttr + 0x7a (0x584bea in /workspace/vllm/.venv/bin/python)
frame #35: /workspace/vllm/.venv/bin/python() [0x5d2b8a]
frame #36: _PyEval_EvalFrameDefault + 0x207d (0x5d84fd in /workspace/vllm/.venv/bin/python)
frame #37: /workspace/vllm/.venv/bin/python() [0x549d47]
frame #38: PyObject_CallMethodObjArgs + 0xe3 (0x54b5c3 in /workspace/vllm/.venv/bin/python)
frame #39: PyImport_ImportModuleLevelObject + 0x5eb (0x5fda5b in /workspace/vllm/.venv/bin/python)
frame #40: _PyEval_EvalFrameDefault + 0x5eee (0x5dc36e in /workspace/vllm/.venv/bin/python)
frame #41: PyEval_EvalCode + 0x15b (0x5d543b in /workspace/vllm/.venv/bin/python)
frame #42: /workspace/vllm/.venv/bin/python() [0x5d322c]
frame #43: /workspace/vllm/.venv/bin/python() [0x581d1d]
frame #44: _PyEval_EvalFrameDefault + 0x4c3a (0x5db0ba in /workspace/vllm/.venv/bin/python)
frame #45: /workspace/vllm/.venv/bin/python() [0x549d47]
frame #46: PyObject_CallMethodObjArgs + 0xe3 (0x54b5c3 in /workspace/vllm/.venv/bin/python)
frame #47: PyImport_ImportModuleLevelObject + 0x395 (0x5fd805 in /workspace/vllm/.venv/bin/python)
frame #48: _PyEval_EvalFrameDefault + 0x5eee (0x5dc36e in /workspace/vllm/.venv/bin/python)
frame #49: PyEval_EvalCode + 0x15b (0x5d543b in /workspace/vllm/.venv/bin/python)
frame #50: /workspace/vllm/.venv/bin/python() [0x5d322c]
frame #51: /workspace/vllm/.venv/bin/python() [0x581d1d]
frame #52: _PyEval_EvalFrameDefault + 0x4c3a (0x5db0ba in /workspace/vllm/.venv/bin/python)
frame #53: /workspace/vllm/.venv/bin/python() [0x549d47]
frame #54: PyObject_CallMethodObjArgs + 0xe3 (0x54b5c3 in /workspace/vllm/.venv/bin/python)
frame #55: PyImport_ImportModuleLevelObject + 0x395 (0x5fd805 in /workspace/vllm/.venv/bin/python)
frame #56: _PyEval_EvalFrameDefault + 0x5eee (0x5dc36e in /workspace/vllm/.venv/bin/python)
frame #57: PyEval_EvalCode + 0x15b (0x5d543b in /workspace/vllm/.venv/bin/python)
frame #58: /workspace/vllm/.venv/bin/python() [0x5d322c]
frame #59: /workspace/vllm/.venv/bin/python() [0x581d1d]
frame #60: _PyEval_EvalFrameDefault + 0x4c3a (0x5db0ba in /workspace/vllm/.venv/bin/python)
frame #61: /workspace/vllm/.venv/bin/python() [0x549d47]
frame #62: PyObject_CallMethodObjArgs + 0xe3 (0x54b5c3 in /workspace/vllm/.venv/bin/python)

[E709 13:36:11.992506708 shim_common.cpp:1458] Exception in aoti_torch: Tried to register an operator (_C::weak_ref_tensor(Tensor input) -> Tensor) with the same name and overload name multiple times. Each overload's schema should only be registered with a single call to def(). Duplicate registration: registered at /workspace/csrc/libtorch_stable/torch_bindings.cpp:10. Original registration: registered at /workspace/csrc/torch_bindings.cpp:21
Exception raised from registerDef at /pytorch/aten/src/ATen/core/dispatch/Dispatcher.cpp:248 (most recent call first):
frame #0: c10::Error::Error(c10::SourceLocation, std::__cxx11::basic_string<char, std::char_traits<char>, std::allocator<char> >) + 0x9d (0x7ffff6b7205d in /workspace/vllm/.venv/lib/python3.12/site-packages/torch/lib/libc10.so)
frame #1: c10::detail::torchCheckFail(char const*, char const*, unsigned int, std::__cxx11::basic_string<char, std::char_traits<char>, std::allocator<char> > const&) + 0xc3 (0x7ffff6b066fd in /workspace/vllm/.venv/lib/python3.12/site-packages/torch/lib/libc10.so)
frame #2: c10::Dispatcher::registerDef(c10::FunctionSchema, std::__cxx11::basic_string<char, std::char_traits<char>, std::allocator<char> >, std::vector<at::Tag, std::allocator<at::Tag> >) + 0x35e (0x7fff0e6811fe in /workspace/vllm/.venv/lib/python3.12/site-packages/torch/lib/libtorch_cpu.so)
frame #3: torch::Library::_def(c10::FunctionSchema&&, c10::OperatorName*, std::vector<at::Tag, std::allocator<at::Tag> > const&, torch::_RegisterOrVerify) & + 0x514 (0x7fff0e6c2254 in /workspace/vllm/.venv/lib/python3.12/site-packages/torch/lib/libtorch_cpu.so)
frame #4: aoti_torch_library_def + 0x99 (0x7fff128d45b9 in /workspace/vllm/.venv/lib/python3.12/site-packages/torch/lib/libtorch_cpu.so)
frame #5: <unknown function> + 0x2bdb00 (0x7ff8ec4beb00 in /workspace/vllm/vllm/_C_stable_libtorch.abi3.so)
frame #6: <unknown function> + 0x2bf0ce (0x7ff8ec4c00ce in /workspace/vllm/vllm/_C_stable_libtorch.abi3.so)
frame #7: <unknown function> + 0x279d92 (0x7ff8ec47ad92 in /workspace/vllm/vllm/_C_stable_libtorch.abi3.so)
frame #8: <unknown function> + 0x571f (0x7ffff7fca71f in /lib64/ld-linux-x86-64.so.2)
frame #9: <unknown function> + 0x5824 (0x7ffff7fca824 in /lib64/ld-linux-x86-64.so.2)
frame #10: _dl_catch_exception + 0x132 (0x7ffff7fc65b2 in /lib64/ld-linux-x86-64.so.2)
frame #11: <unknown function> + 0xcd7c (0x7ffff7fd1d7c in /lib64/ld-linux-x86-64.so.2)
frame #12: _dl_catch_exception + 0x9c (0x7ffff7fc651c in /lib64/ld-linux-x86-64.so.2)
frame #13: <unknown function> + 0xd164 (0x7ffff7fd2164 in /lib64/ld-linux-x86-64.so.2)
frame #14: <unknown function> + 0x981a4 (0x7ffff7d0c1a4 in /usr/lib/x86_64-linux-gnu/libc.so.6)
frame #15: _dl_catch_exception + 0x9c (0x7ffff7fc651c in /lib64/ld-linux-x86-64.so.2)
frame #16: <unknown function> + 0x1669 (0x7ffff7fc6669 in /lib64/ld-linux-x86-64.so.2)
frame #17: <unknown function> + 0x97c83 (0x7ffff7d0bc83 in /usr/lib/x86_64-linux-gnu/libc.so.6)
frame #18: dlopen + 0x6f (0x7ffff7d0c25f in /usr/lib/x86_64-linux-gnu/libc.so.6)
frame #19: /workspace/vllm/.venv/bin/python() [0x6bc36c]
frame #20: /workspace/vllm/.venv/bin/python() [0x6a946a]
frame #21: /workspace/vllm/.venv/bin/python() [0x6a8bf2]
frame #22: /workspace/vllm/.venv/bin/python() [0x581f37]
frame #23: _PyEval_EvalFrameDefault + 0x4c3a (0x5db0ba in /workspace/vllm/.venv/bin/python)
frame #24: /workspace/vllm/.venv/bin/python() [0x549d47]
frame #25: PyObject_CallMethodObjArgs + 0xe3 (0x54b5c3 in /workspace/vllm/.venv/bin/python)
frame #26: PyImport_ImportModuleLevelObject + 0x395 (0x5fd805 in /workspace/vllm/.venv/bin/python)
frame #27: _PyEval_EvalFrameDefault + 0x5eee (0x5dc36e in /workspace/vllm/.venv/bin/python)
frame #28: PyEval_EvalCode + 0x15b (0x5d543b in /workspace/vllm/.venv/bin/python)
frame #29: /workspace/vllm/.venv/bin/python() [0x5d322c]
frame #30: /workspace/vllm/.venv/bin/python() [0x581d1d]
frame #31: _PyEval_EvalFrameDefault + 0x4c3a (0x5db0ba in /workspace/vllm/.venv/bin/python)
frame #32: PyObject_CallOneArg + 0x4d (0x54a65d in /workspace/vllm/.venv/bin/python)
frame #33: /workspace/vllm/.venv/bin/python() [0x582e84]
frame #34: _PyObject_LookupAttr + 0x7a (0x584bea in /workspace/vllm/.venv/bin/python)
frame #35: /workspace/vllm/.venv/bin/python() [0x5d2b8a]
frame #36: _PyEval_EvalFrameDefault + 0x207d (0x5d84fd in /workspace/vllm/.venv/bin/python)
frame #37: /workspace/vllm/.venv/bin/python() [0x549d47]
frame #38: PyObject_CallMethodObjArgs + 0xe3 (0x54b5c3 in /workspace/vllm/.venv/bin/python)
frame #39: PyImport_ImportModuleLevelObject + 0x5eb (0x5fda5b in /workspace/vllm/.venv/bin/python)
frame #40: _PyEval_EvalFrameDefault + 0x5eee (0x5dc36e in /workspace/vllm/.venv/bin/python)
frame #41: PyEval_EvalCode + 0x15b (0x5d543b in /workspace/vllm/.venv/bin/python)
frame #42: /workspace/vllm/.venv/bin/python() [0x5d322c]
frame #43: /workspace/vllm/.venv/bin/python() [0x581d1d]
frame #44: _PyEval_EvalFrameDefault + 0x4c3a (0x5db0ba in /workspace/vllm/.venv/bin/python)
frame #45: /workspace/vllm/.venv/bin/python() [0x549d47]
frame #46: PyObject_CallMethodObjArgs + 0xe3 (0x54b5c3 in /workspace/vllm/.venv/bin/python)
frame #47: PyImport_ImportModuleLevelObject + 0x395 (0x5fd805 in /workspace/vllm/.venv/bin/python)
frame #48: _PyEval_EvalFrameDefault + 0x5eee (0x5dc36e in /workspace/vllm/.venv/bin/python)
frame #49: PyEval_EvalCode + 0x15b (0x5d543b in /workspace/vllm/.venv/bin/python)
frame #50: /workspace/vllm/.venv/bin/python() [0x5d322c]
frame #51: /workspace/vllm/.venv/bin/python() [0x581d1d]
frame #52: _PyEval_EvalFrameDefault + 0x4c3a (0x5db0ba in /workspace/vllm/.venv/bin/python)
frame #53: /workspace/vllm/.venv/bin/python() [0x549d47]
frame #54: PyObject_CallMethodObjArgs + 0xe3 (0x54b5c3 in /workspace/vllm/.venv/bin/python)
frame #55: PyImport_ImportModuleLevelObject + 0x395 (0x5fd805 in /workspace/vllm/.venv/bin/python)
frame #56: _PyEval_EvalFrameDefault + 0x5eee (0x5dc36e in /workspace/vllm/.venv/bin/python)
frame #57: PyEval_EvalCode + 0x15b (0x5d543b in /workspace/vllm/.venv/bin/python)
frame #58: /workspace/vllm/.venv/bin/python() [0x5d322c]
frame #59: /workspace/vllm/.venv/bin/python() [0x581d1d]
frame #60: _PyEval_EvalFrameDefault + 0x4c3a (0x5db0ba in /workspace/vllm/.venv/bin/python)
frame #61: /workspace/vllm/.venv/bin/python() [0x549d47]
frame #62: PyObject_CallMethodObjArgs + 0xe3 (0x54b5c3 in /workspace/vllm/.venv/bin/python)

[E709 13:36:11.994489103 shim_common.cpp:1458] Exception in aoti_torch: Tried to register an operator (_C::silu_and_mul_quant(Tensor($0! -> ) result, Tensor input, Tensor scale) -> ()) with the same name and overload name multiple times. Each overload's schema should only be registered with a single call to def(). Duplicate registration: registered at /workspace/csrc/libtorch_stable/torch_bindings.cpp:10. Original registration: registered at /workspace/csrc/torch_bindings.cpp:21
Exception raised from registerDef at /pytorch/aten/src/ATen/core/dispatch/Dispatcher.cpp:248 (most recent call first):
frame #0: c10::Error::Error(c10::SourceLocation, std::__cxx11::basic_string<char, std::char_traits<char>, std::allocator<char> >) + 0x9d (0x7ffff6b7205d in /workspace/vllm/.venv/lib/python3.12/site-packages/torch/lib/libc10.so)
frame #1: c10::detail::torchCheckFail(char const*, char const*, unsigned int, std::__cxx11::basic_string<char, std::char_traits<char>, std::allocator<char> > const&) + 0xc3 (0x7ffff6b066fd in /workspace/vllm/.venv/lib/python3.12/site-packages/torch/lib/libc10.so)
frame #2: c10::Dispatcher::registerDef(c10::FunctionSchema, std::__cxx11::basic_string<char, std::char_traits<char>, std::allocator<char> >, std::vector<at::Tag, std::allocator<at::Tag> >) + 0x35e (0x7fff0e6811fe in /workspace/vllm/.venv/lib/python3.12/site-packages/torch/lib/libtorch_cpu.so)
frame #3: torch::Library::_def(c10::FunctionSchema&&, c10::OperatorName*, std::vector<at::Tag, std::allocator<at::Tag> > const&, torch::_RegisterOrVerify) & + 0x514 (0x7fff0e6c2254 in /workspace/vllm/.venv/lib/python3.12/site-packages/torch/lib/libtorch_cpu.so)
frame #4: aoti_torch_library_def + 0x99 (0x7fff128d45b9 in /workspace/vllm/.venv/lib/python3.12/site-packages/torch/lib/libtorch_cpu.so)
frame #5: <unknown function> + 0x2bdb3c (0x7ff8ec4beb3c in /workspace/vllm/vllm/_C_stable_libtorch.abi3.so)
frame #6: <unknown function> + 0x2bf0ce (0x7ff8ec4c00ce in /workspace/vllm/vllm/_C_stable_libtorch.abi3.so)
frame #7: <unknown function> + 0x279d92 (0x7ff8ec47ad92 in /workspace/vllm/vllm/_C_stable_libtorch.abi3.so)
frame #8: <unknown function> + 0x571f (0x7ffff7fca71f in /lib64/ld-linux-x86-64.so.2)
frame #9: <unknown function> + 0x5824 (0x7ffff7fca824 in /lib64/ld-linux-x86-64.so.2)
frame #10: _dl_catch_exception + 0x132 (0x7ffff7fc65b2 in /lib64/ld-linux-x86-64.so.2)
frame #11: <unknown function> + 0xcd7c (0x7ffff7fd1d7c in /lib64/ld-linux-x86-64.so.2)
frame #12: _dl_catch_exception + 0x9c (0x7ffff7fc651c in /lib64/ld-linux-x86-64.so.2)
frame #13: <unknown function> + 0xd164 (0x7ffff7fd2164 in /lib64/ld-linux-x86-64.so.2)
frame #14: <unknown function> + 0x981a4 (0x7ffff7d0c1a4 in /usr/lib/x86_64-linux-gnu/libc.so.6)
frame #15: _dl_catch_exception + 0x9c (0x7ffff7fc651c in /lib64/ld-linux-x86-64.so.2)
frame #16: <unknown function> + 0x1669 (0x7ffff7fc6669 in /lib64/ld-linux-x86-64.so.2)
frame #17: <unknown function> + 0x97c83 (0x7ffff7d0bc83 in /usr/lib/x86_64-linux-gnu/libc.so.6)
frame #18: dlopen + 0x6f (0x7ffff7d0c25f in /usr/lib/x86_64-linux-gnu/libc.so.6)
frame #19: /workspace/vllm/.venv/bin/python() [0x6bc36c]
frame #20: /workspace/vllm/.venv/bin/python() [0x6a946a]
frame #21: /workspace/vllm/.venv/bin/python() [0x6a8bf2]
frame #22: /workspace/vllm/.venv/bin/python() [0x581f37]
frame #23: _PyEval_EvalFrameDefault + 0x4c3a (0x5db0ba in /workspace/vllm/.venv/bin/python)
frame #24: /workspace/vllm/.venv/bin/python() [0x549d47]
frame #25: PyObject_CallMethodObjArgs + 0xe3 (0x54b5c3 in /workspace/vllm/.venv/bin/python)
frame #26: PyImport_ImportModuleLevelObject + 0x395 (0x5fd805 in /workspace/vllm/.venv/bin/python)
frame #27: _PyEval_EvalFrameDefault + 0x5eee (0x5dc36e in /workspace/vllm/.venv/bin/python)
frame #28: PyEval_EvalCode + 0x15b (0x5d543b in /workspace/vllm/.venv/bin/python)
frame #29: /workspace/vllm/.venv/bin/python() [0x5d322c]
frame #30: /workspace/vllm/.venv/bin/python() [0x581d1d]
frame #31: _PyEval_EvalFrameDefault + 0x4c3a (0x5db0ba in /workspace/vllm/.venv/bin/python)
frame #32: PyObject_CallOneArg + 0x4d (0x54a65d in /workspace/vllm/.venv/bin/python)
frame #33: /workspace/vllm/.venv/bin/python() [0x582e84]
frame #34: _PyObject_LookupAttr + 0x7a (0x584bea in /workspace/vllm/.venv/bin/python)
frame #35: /workspace/vllm/.venv/bin/python() [0x5d2b8a]
frame #36: _PyEval_EvalFrameDefault + 0x207d (0x5d84fd in /workspace/vllm/.venv/bin/python)
frame #37: /workspace/vllm/.venv/bin/python() [0x549d47]
frame #38: PyObject_CallMethodObjArgs + 0xe3 (0x54b5c3 in /workspace/vllm/.venv/bin/python)
frame #39: PyImport_ImportModuleLevelObject + 0x5eb (0x5fda5b in /workspace/vllm/.venv/bin/python)
frame #40: _PyEval_EvalFrameDefault + 0x5eee (0x5dc36e in /workspace/vllm/.venv/bin/python)
frame #41: PyEval_EvalCode + 0x15b (0x5d543b in /workspace/vllm/.venv/bin/python)
frame #42: /workspace/vllm/.venv/bin/python() [0x5d322c]
frame #43: /workspace/vllm/.venv/bin/python() [0x581d1d]
frame #44: _PyEval_EvalFrameDefault + 0x4c3a (0x5db0ba in /workspace/vllm/.venv/bin/python)
frame #45: /workspace/vllm/.venv/bin/python() [0x549d47]
frame #46: PyObject_CallMethodObjArgs + 0xe3 (0x54b5c3 in /workspace/vllm/.venv/bin/python)
frame #47: PyImport_ImportModuleLevelObject + 0x395 (0x5fd805 in /workspace/vllm/.venv/bin/python)
frame #48: _PyEval_EvalFrameDefault + 0x5eee (0x5dc36e in /workspace/vllm/.venv/bin/python)
frame #49: PyEval_EvalCode + 0x15b (0x5d543b in /workspace/vllm/.venv/bin/python)
frame #50: /workspace/vllm/.venv/bin/python() [0x5d322c]
frame #51: /workspace/vllm/.venv/bin/python() [0x581d1d]
frame #52: _PyEval_EvalFrameDefault + 0x4c3a (0x5db0ba in /workspace/vllm/.venv/bin/python)
frame #53: /workspace/vllm/.venv/bin/python() [0x549d47]
frame #54: PyObject_CallMethodObjArgs + 0xe3 (0x54b5c3 in /workspace/vllm/.venv/bin/python)
frame #55: PyImport_ImportModuleLevelObject + 0x395 (0x5fd805 in /workspace/vllm/.venv/bin/python)
frame #56: _PyEval_EvalFrameDefault + 0x5eee (0x5dc36e in /workspace/vllm/.venv/bin/python)
frame #57: PyEval_EvalCode + 0x15b (0x5d543b in /workspace/vllm/.venv/bin/python)
frame #58: /workspace/vllm/.venv/bin/python() [0x5d322c]
frame #59: /workspace/vllm/.venv/bin/python() [0x581d1d]
frame #60: _PyEval_EvalFrameDefault + 0x4c3a (0x5db0ba in /workspace/vllm/.venv/bin/python)
frame #61: /workspace/vllm/.venv/bin/python() [0x549d47]
frame #62: PyObject_CallMethodObjArgs + 0xe3 (0x54b5c3 in /workspace/vllm/.venv/bin/python)

[W709 13:36:11.996641610 OperatorEntry.cpp:208] Warning: Warning only once for all operators,  other operators may also be overridden.
  Overriding a previously registered kernel for the same operator and the same dispatch key
  operator: _C::persistent_masked_m_silu_mul_quant(Tensor input, Tensor counts, Tensor($0! -> ) y_q, Tensor($1! -> ) y_s, bool use_ue8m0) -> ()
    registered at /workspace/csrc/torch_bindings.cpp:21
  dispatch key: CUDA
  previous kernel: registered at /workspace/csrc/torch_bindings.cpp:21
       new kernel: registered at /workspace/csrc/libtorch_stable/torch_bindings.cpp:603 (function operator())
(EngineCore pid=277315) INFO 07-09 13:36:12 [core.py:112] Initializing a V1 LLM engine (v0.22.1.dev9+g1098d337f) with config: model='Qwen/Qwen2.5-32B-Instruct', speculative_config=None, tokenizer='Qwen/Qwen2.5-32B-Instruct', skip_tokenizer_init=False, tokenizer_mode=auto, revision=None, tokenizer_revision=None, trust_remote_code=False, dtype=torch.bfloat16, max_seq_len=4096, download_dir=None, load_format=auto, tensor_parallel_size=8, pipeline_parallel_size=1, data_parallel_size=1, decode_context_parallel_size=1, dcp_comm_backend=ag_rs, disable_custom_all_reduce=True, quantization=None, quantization_config=None, enforce_eager=False, enable_return_routed_experts=False, kv_cache_dtype=auto, device_config=cuda, structured_outputs_config=StructuredOutputsConfig(backend='auto', disable_any_whitespace=False, disable_additional_properties=False, reasoning_parser='', reasoning_parser_plugin='', enable_in_reasoning=False), observability_config=ObservabilityConfig(show_hidden_metrics_for_version=None, otlp_traces_endpoint=None, collect_detailed_traces=None, kv_cache_metrics=False, kv_cache_metrics_sample=0.01, cudagraph_metrics=False, enable_layerwise_nvtx_tracing=False, enable_mfu_metrics=False, enable_mm_processor_stats=False, enable_logging_iteration_details=False), seed=0, served_model_name=Qwen/Qwen2.5-32B-Instruct, enable_prefix_caching=True, enable_chunked_prefill=True, pooler_config=None, compilation_config={'mode': <CompilationMode.VLLM_COMPILE: 3>, 'debug_dump_path': None, 'cache_dir': '', 'compile_cache_save_format': 'binary', 'backend': 'inductor', 'custom_ops': ['none'], 'ir_enable_torch_wrap': True, 'splitting_ops': ['vllm::unified_attention_with_output', 'vllm::unified_mla_attention_with_output', 'vllm::mamba_mixer2', 'vllm::mamba_mixer', 'vllm::short_conv', 'vllm::linear_attention', 'vllm::plamo2_mamba_mixer', 'vllm::qwen_gdn_attention_core', 'vllm::gdn_attention_core_xpu', 'vllm::olmo_hybrid_gdn_full_forward', 'vllm::kda_attention', 'vllm::sparse_attn_indexer', 'vllm::rocm_aiter_sparse_attn_indexer', 'vllm::deepseek_v4_attention', 'vllm::unified_kv_cache_update', 'vllm::unified_mla_kv_cache_update'], 'compile_mm_encoder': False, 'cudagraph_mm_encoder': False, 'encoder_cudagraph_token_budgets': [], 'encoder_cudagraph_max_vision_items_per_batch': 0, 'encoder_cudagraph_max_frames_per_batch': None, 'compile_sizes': [], 'compile_ranges_endpoints': [51, 4096], 'inductor_compile_config': {'enable_auto_functionalized_v2': False, 'size_asserts': False, 'alignment_asserts': False, 'scalar_asserts': False, 'combo_kernels': True, 'benchmark_combo_kernel': True}, 'inductor_passes': {}, 'cudagraph_mode': <CUDAGraphMode.FULL_AND_PIECEWISE: (2, 1)>, 'cudagraph_num_of_warmups': 1, 'cudagraph_capture_sizes': [1, 2, 4, 8, 16, 24, 32, 40, 48, 56, 64, 72, 80, 88, 96, 104, 112, 120, 128, 136, 144, 152, 160, 168, 176, 184, 192, 200, 208, 216, 224, 232, 240, 248, 256, 272, 288, 304, 320, 336, 352, 368, 384, 400, 416, 432, 448, 464, 480, 496, 512], 'cudagraph_copy_inputs': False, 'cudagraph_specialize_lora': True, 'use_inductor_graph_partition': False, 'pass_config': {'fuse_norm_quant': False, 'fuse_act_quant': False, 'fuse_attn_quant': False, 'enable_sp': False, 'fuse_gemm_comms': False, 'fuse_allreduce_rms': True, 'fuse_rope_kvcache_cat_mla': False, 'fuse_act_padding': False}, 'max_cudagraph_capture_size': 512, 'dynamic_shapes_config': {'type': <DynamicShapesType.BACKED: 'backed'>, 'evaluate_guards': False, 'assume_32_bit_indexing': False}, 'local_cache_dir': None, 'fast_moe_cold_start': False, 'static_all_moe_layers': []}, kernel_config=KernelConfig(ir_op_priority=IrOpPriorityConfig(rms_norm=['native'], fused_add_rms_norm=['native']), enable_flashinfer_autotune=True, moe_backend='auto', linear_backend='auto')
(EngineCore pid=277315) WARNING 07-09 13:36:12 [multiproc_executor.py:1029] Reducing Torch parallelism from 112 threads to 1 to avoid unnecessary CPU contention. Set OMP_NUM_THREADS in the external environment to tune this value as needed.
(EngineCore pid=277315) INFO 07-09 13:36:12 [multiproc_executor.py:139] DP group leader: node_rank=0, node_rank_within_dp=0, master_addr=127.0.0.1, mq_connect_ip=10.52.49.69 (local), world_size=8, local_world_size=8
[E709 13:36:15.632736632 shim_common.cpp:1458] Exception in aoti_torch: Tried to register an operator (_C::persistent_masked_m_silu_mul_quant(Tensor input, Tensor counts, Tensor($0! -> ) y_q, Tensor($1! -> ) y_s, bool use_ue8m0) -> ()) with the same name and overload name multiple times. Each overload's schema should only be registered with a single call to def(). Duplicate registration: registered at /workspace/csrc/libtorch_stable/torch_bindings.cpp:10. Original registration: registered at /workspace/csrc/torch_bindings.cpp:21
Exception raised from registerDef at /pytorch/aten/src/ATen/core/dispatch/Dispatcher.cpp:248 (most recent call first):
frame #0: c10::Error::Error(c10::SourceLocation, std::__cxx11::basic_string<char, std::char_traits<char>, std::allocator<char> >) + 0x9d (0x7ffff6b7205d in /workspace/vllm/.venv/lib/python3.12/site-packages/torch/lib/libc10.so)
frame #1: c10::detail::torchCheckFail(char const*, char const*, unsigned int, std::__cxx11::basic_string<char, std::char_traits<char>, std::allocator<char> > const&) + 0xc3 (0x7ffff6b066fd in /workspace/vllm/.venv/lib/python3.12/site-packages/torch/lib/libc10.so)
frame #2: c10::Dispatcher::registerDef(c10::FunctionSchema, std::__cxx11::basic_string<char, std::char_traits<char>, std::allocator<char> >, std::vector<at::Tag, std::allocator<at::Tag> >) + 0x35e (0x7fff0e6811fe in /workspace/vllm/.venv/lib/python3.12/site-packages/torch/lib/libtorch_cpu.so)
frame #3: torch::Library::_def(c10::FunctionSchema&&, c10::OperatorName*, std::vector<at::Tag, std::allocator<at::Tag> > const&, torch::_RegisterOrVerify) & + 0x514 (0x7fff0e6c2254 in /workspace/vllm/.venv/lib/python3.12/site-packages/torch/lib/libtorch_cpu.so)
frame #4: aoti_torch_library_def + 0x99 (0x7fff128d45b9 in /workspace/vllm/.venv/lib/python3.12/site-packages/torch/lib/libtorch_cpu.so)
frame #5: <unknown function> + 0x2bdaf1 (0x7ffe8aebeaf1 in /workspace/vllm/vllm/_C_stable_libtorch.abi3.so)
frame #6: <unknown function> + 0x2bf0ce (0x7ffe8aec00ce in /workspace/vllm/vllm/_C_stable_libtorch.abi3.so)
frame #7: <unknown function> + 0x279d92 (0x7ffe8ae7ad92 in /workspace/vllm/vllm/_C_stable_libtorch.abi3.so)
frame #8: <unknown function> + 0x571f (0x7ffff7fca71f in /lib64/ld-linux-x86-64.so.2)
frame #9: <unknown function> + 0x5824 (0x7ffff7fca824 in /lib64/ld-linux-x86-64.so.2)
frame #10: _dl_catch_exception + 0x132 (0x7ffff7fc65b2 in /lib64/ld-linux-x86-64.so.2)
frame #11: <unknown function> + 0xcd7c (0x7ffff7fd1d7c in /lib64/ld-linux-x86-64.so.2)
frame #12: _dl_catch_exception + 0x9c (0x7ffff7fc651c in /lib64/ld-linux-x86-64.so.2)
frame #13: <unknown function> + 0xd164 (0x7ffff7fd2164 in /lib64/ld-linux-x86-64.so.2)
frame #14: <unknown function> + 0x981a4 (0x7ffff7d0c1a4 in /usr/lib/x86_64-linux-gnu/libc.so.6)
frame #15: _dl_catch_exception + 0x9c (0x7ffff7fc651c in /lib64/ld-linux-x86-64.so.2)
frame #16: <unknown function> + 0x1669 (0x7ffff7fc6669 in /lib64/ld-linux-x86-64.so.2)
frame #17: <unknown function> + 0x97c83 (0x7ffff7d0bc83 in /usr/lib/x86_64-linux-gnu/libc.so.6)
frame #18: dlopen + 0x6f (0x7ffff7d0c25f in /usr/lib/x86_64-linux-gnu/libc.so.6)
frame #19: /workspace/vllm/.venv/bin/python() [0x6bc36c]
frame #20: /workspace/vllm/.venv/bin/python() [0x6a946a]
frame #21: /workspace/vllm/.venv/bin/python() [0x6a8bf2]
frame #22: /workspace/vllm/.venv/bin/python() [0x581f37]
frame #23: _PyEval_EvalFrameDefault + 0x4c3a (0x5db0ba in /workspace/vllm/.venv/bin/python)
frame #24: /workspace/vllm/.venv/bin/python() [0x549d47]
frame #25: PyObject_CallMethodObjArgs + 0xe3 (0x54b5c3 in /workspace/vllm/.venv/bin/python)
frame #26: PyImport_ImportModuleLevelObject + 0x395 (0x5fd805 in /workspace/vllm/.venv/bin/python)
frame #27: _PyEval_EvalFrameDefault + 0x5eee (0x5dc36e in /workspace/vllm/.venv/bin/python)
frame #28: PyEval_EvalCode + 0x15b (0x5d543b in /workspace/vllm/.venv/bin/python)
frame #29: /workspace/vllm/.venv/bin/python() [0x5d322c]
frame #30: /workspace/vllm/.venv/bin/python() [0x581d1d]
frame #31: _PyEval_EvalFrameDefault + 0x4c3a (0x5db0ba in /workspace/vllm/.venv/bin/python)
frame #32: PyObject_CallOneArg + 0x4d (0x54a65d in /workspace/vllm/.venv/bin/python)
frame #33: /workspace/vllm/.venv/bin/python() [0x582e84]
frame #34: _PyObject_LookupAttr + 0x7a (0x584bea in /workspace/vllm/.venv/bin/python)
frame #35: /workspace/vllm/.venv/bin/python() [0x5d2b8a]
frame #36: _PyEval_EvalFrameDefault + 0x207d (0x5d84fd in /workspace/vllm/.venv/bin/python)
frame #37: /workspace/vllm/.venv/bin/python() [0x549d47]
frame #38: PyObject_CallMethodObjArgs + 0xe3 (0x54b5c3 in /workspace/vllm/.venv/bin/python)
frame #39: PyImport_ImportModuleLevelObject + 0x5eb (0x5fda5b in /workspace/vllm/.venv/bin/python)
frame #40: _PyEval_EvalFrameDefault + 0x5eee (0x5dc36e in /workspace/vllm/.venv/bin/python)
frame #41: PyEval_EvalCode + 0x15b (0x5d543b in /workspace/vllm/.venv/bin/python)
frame #42: /workspace/vllm/.venv/bin/python() [0x5d322c]
frame #43: /workspace/vllm/.venv/bin/python() [0x581d1d]
frame #44: _PyEval_EvalFrameDefault + 0x4c3a (0x5db0ba in /workspace/vllm/.venv/bin/python)
frame #45: /workspace/vllm/.venv/bin/python() [0x549d47]
frame #46: PyObject_CallMethodObjArgs + 0xe3 (0x54b5c3 in /workspace/vllm/.venv/bin/python)
frame #47: PyImport_ImportModuleLevelObject + 0x395 (0x5fd805 in /workspace/vllm/.venv/bin/python)
frame #48: _PyEval_EvalFrameDefault + 0x5eee (0x5dc36e in /workspace/vllm/.venv/bin/python)
frame #49: PyEval_EvalCode + 0x15b (0x5d543b in /workspace/vllm/.venv/bin/python)
frame #50: /workspace/vllm/.venv/bin/python() [0x5d322c]
frame #51: /workspace/vllm/.venv/bin/python() [0x581d1d]
frame #52: _PyEval_EvalFrameDefault + 0x4c3a (0x5db0ba in /workspace/vllm/.venv/bin/python)
frame #53: /workspace/vllm/.venv/bin/python() [0x549d47]
frame #54: PyObject_CallMethodObjArgs + 0xe3 (0x54b5c3 in /workspace/vllm/.venv/bin/python)
frame #55: PyImport_ImportModuleLevelObject + 0x395 (0x5fd805 in /workspace/vllm/.venv/bin/python)
frame #56: _PyEval_EvalFrameDefault + 0x5eee (0x5dc36e in /workspace/vllm/.venv/bin/python)
frame #57: PyEval_EvalCode + 0x15b (0x5d543b in /workspace/vllm/.venv/bin/python)
frame #58: /workspace/vllm/.venv/bin/python() [0x5d322c]
frame #59: /workspace/vllm/.venv/bin/python() [0x581d1d]
frame #60: _PyEval_EvalFrameDefault + 0x4c3a (0x5db0ba in /workspace/vllm/.venv/bin/python)
frame #61: /workspace/vllm/.venv/bin/python() [0x549d47]
frame #62: PyObject_CallMethodObjArgs + 0xe3 (0x54b5c3 in /workspace/vllm/.venv/bin/python)

[E709 13:36:15.634680969 shim_common.cpp:1458] Exception in aoti_torch: Tried to register an operator (_C::weak_ref_tensor(Tensor input) -> Tensor) with the same name and overload name multiple times. Each overload's schema should only be registered with a single call to def(). Duplicate registration: registered at /workspace/csrc/libtorch_stable/torch_bindings.cpp:10. Original registration: registered at /workspace/csrc/torch_bindings.cpp:21
Exception raised from registerDef at /pytorch/aten/src/ATen/core/dispatch/Dispatcher.cpp:248 (most recent call first):
frame #0: c10::Error::Error(c10::SourceLocation, std::__cxx11::basic_string<char, std::char_traits<char>, std::allocator<char> >) + 0x9d (0x7ffff6b7205d in /workspace/vllm/.venv/lib/python3.12/site-packages/torch/lib/libc10.so)
frame #1: c10::detail::torchCheckFail(char const*, char const*, unsigned int, std::__cxx11::basic_string<char, std::char_traits<char>, std::allocator<char> > const&) + 0xc3 (0x7ffff6b066fd in /workspace/vllm/.venv/lib/python3.12/site-packages/torch/lib/libc10.so)
frame #2: c10::Dispatcher::registerDef(c10::FunctionSchema, std::__cxx11::basic_string<char, std::char_traits<char>, std::allocator<char> >, std::vector<at::Tag, std::allocator<at::Tag> >) + 0x35e (0x7fff0e6811fe in /workspace/vllm/.venv/lib/python3.12/site-packages/torch/lib/libtorch_cpu.so)
frame #3: torch::Library::_def(c10::FunctionSchema&&, c10::OperatorName*, std::vector<at::Tag, std::allocator<at::Tag> > const&, torch::_RegisterOrVerify) & + 0x514 (0x7fff0e6c2254 in /workspace/vllm/.venv/lib/python3.12/site-packages/torch/lib/libtorch_cpu.so)
frame #4: aoti_torch_library_def + 0x99 (0x7fff128d45b9 in /workspace/vllm/.venv/lib/python3.12/site-packages/torch/lib/libtorch_cpu.so)
frame #5: <unknown function> + 0x2bdb00 (0x7ffe8aebeb00 in /workspace/vllm/vllm/_C_stable_libtorch.abi3.so)
frame #6: <unknown function> + 0x2bf0ce (0x7ffe8aec00ce in /workspace/vllm/vllm/_C_stable_libtorch.abi3.so)
frame #7: <unknown function> + 0x279d92 (0x7ffe8ae7ad92 in /workspace/vllm/vllm/_C_stable_libtorch.abi3.so)
frame #8: <unknown function> + 0x571f (0x7ffff7fca71f in /lib64/ld-linux-x86-64.so.2)
frame #9: <unknown function> + 0x5824 (0x7ffff7fca824 in /lib64/ld-linux-x86-64.so.2)
frame #10: _dl_catch_exception + 0x132 (0x7ffff7fc65b2 in /lib64/ld-linux-x86-64.so.2)
frame #11: <unknown function> + 0xcd7c (0x7ffff7fd1d7c in /lib64/ld-linux-x86-64.so.2)
frame #12: _dl_catch_exception + 0x9c (0x7ffff7fc651c in /lib64/ld-linux-x86-64.so.2)
frame #13: <unknown function> + 0xd164 (0x7ffff7fd2164 in /lib64/ld-linux-x86-64.so.2)
frame #14: <unknown function> + 0x981a4 (0x7ffff7d0c1a4 in /usr/lib/x86_64-linux-gnu/libc.so.6)
frame #15: _dl_catch_exception + 0x9c (0x7ffff7fc651c in /lib64/ld-linux-x86-64.so.2)
frame #16: <unknown function> + 0x1669 (0x7ffff7fc6669 in /lib64/ld-linux-x86-64.so.2)
frame #17: <unknown function> + 0x97c83 (0x7ffff7d0bc83 in /usr/lib/x86_64-linux-gnu/libc.so.6)
frame #18: dlopen + 0x6f (0x7ffff7d0c25f in /usr/lib/x86_64-linux-gnu/libc.so.6)
frame #19: /workspace/vllm/.venv/bin/python() [0x6bc36c]
frame #20: /workspace/vllm/.venv/bin/python() [0x6a946a]
frame #21: /workspace/vllm/.venv/bin/python() [0x6a8bf2]
frame #22: /workspace/vllm/.venv/bin/python() [0x581f37]
frame #23: _PyEval_EvalFrameDefault + 0x4c3a (0x5db0ba in /workspace/vllm/.venv/bin/python)
frame #24: /workspace/vllm/.venv/bin/python() [0x549d47]
frame #25: PyObject_CallMethodObjArgs + 0xe3 (0x54b5c3 in /workspace/vllm/.venv/bin/python)
frame #26: PyImport_ImportModuleLevelObject + 0x395 (0x5fd805 in /workspace/vllm/.venv/bin/python)
frame #27: _PyEval_EvalFrameDefault + 0x5eee (0x5dc36e in /workspace/vllm/.venv/bin/python)
frame #28: PyEval_EvalCode + 0x15b (0x5d543b in /workspace/vllm/.venv/bin/python)
frame #29: /workspace/vllm/.venv/bin/python() [0x5d322c]
frame #30: /workspace/vllm/.venv/bin/python() [0x581d1d]
frame #31: _PyEval_EvalFrameDefault + 0x4c3a (0x5db0ba in /workspace/vllm/.venv/bin/python)
frame #32: PyObject_CallOneArg + 0x4d (0x54a65d in /workspace/vllm/.venv/bin/python)
frame #33: /workspace/vllm/.venv/bin/python() [0x582e84]
frame #34: _PyObject_LookupAttr + 0x7a (0x584bea in /workspace/vllm/.venv/bin/python)
frame #35: /workspace/vllm/.venv/bin/python() [0x5d2b8a]
frame #36: _PyEval_EvalFrameDefault + 0x207d (0x5d84fd in /workspace/vllm/.venv/bin/python)
frame #37: /workspace/vllm/.venv/bin/python() [0x549d47]
frame #38: PyObject_CallMethodObjArgs + 0xe3 (0x54b5c3 in /workspace/vllm/.venv/bin/python)
frame #39: PyImport_ImportModuleLevelObject + 0x5eb (0x5fda5b in /workspace/vllm/.venv/bin/python)
frame #40: _PyEval_EvalFrameDefault + 0x5eee (0x5dc36e in /workspace/vllm/.venv/bin/python)
frame #41: PyEval_EvalCode + 0x15b (0x5d543b in /workspace/vllm/.venv/bin/python)
frame #42: /workspace/vllm/.venv/bin/python() [0x5d322c]
frame #43: /workspace/vllm/.venv/bin/python() [0x581d1d]
frame #44: _PyEval_EvalFrameDefault + 0x4c3a (0x5db0ba in /workspace/vllm/.venv/bin/python)
frame #45: /workspace/vllm/.venv/bin/python() [0x549d47]
frame #46: PyObject_CallMethodObjArgs + 0xe3 (0x54b5c3 in /workspace/vllm/.venv/bin/python)
frame #47: PyImport_ImportModuleLevelObject + 0x395 (0x5fd805 in /workspace/vllm/.venv/bin/python)
frame #48: _PyEval_EvalFrameDefault + 0x5eee (0x5dc36e in /workspace/vllm/.venv/bin/python)
frame #49: PyEval_EvalCode + 0x15b (0x5d543b in /workspace/vllm/.venv/bin/python)
frame #50: /workspace/vllm/.venv/bin/python() [0x5d322c]
frame #51: /workspace/vllm/.venv/bin/python() [0x581d1d]
frame #52: _PyEval_EvalFrameDefault + 0x4c3a (0x5db0ba in /workspace/vllm/.venv/bin/python)
frame #53: /workspace/vllm/.venv/bin/python() [0x549d47]
frame #54: PyObject_CallMethodObjArgs + 0xe3 (0x54b5c3 in /workspace/vllm/.venv/bin/python)
frame #55: PyImport_ImportModuleLevelObject + 0x395 (0x5fd805 in /workspace/vllm/.venv/bin/python)
frame #56: _PyEval_EvalFrameDefault + 0x5eee (0x5dc36e in /workspace/vllm/.venv/bin/python)
frame #57: PyEval_EvalCode + 0x15b (0x5d543b in /workspace/vllm/.venv/bin/python)
frame #58: /workspace/vllm/.venv/bin/python() [0x5d322c]
frame #59: /workspace/vllm/.venv/bin/python() [0x581d1d]
frame #60: _PyEval_EvalFrameDefault + 0x4c3a (0x5db0ba in /workspace/vllm/.venv/bin/python)
frame #61: /workspace/vllm/.venv/bin/python() [0x549d47]
frame #62: PyObject_CallMethodObjArgs + 0xe3 (0x54b5c3 in /workspace/vllm/.venv/bin/python)

[E709 13:36:15.636585166 shim_common.cpp:1458] Exception in aoti_torch: Tried to register an operator (_C::silu_and_mul_quant(Tensor($0! -> ) result, Tensor input, Tensor scale) -> ()) with the same name and overload name multiple times. Each overload's schema should only be registered with a single call to def(). Duplicate registration: registered at /workspace/csrc/libtorch_stable/torch_bindings.cpp:10. Original registration: registered at /workspace/csrc/torch_bindings.cpp:21
Exception raised from registerDef at /pytorch/aten/src/ATen/core/dispatch/Dispatcher.cpp:248 (most recent call first):
frame #0: c10::Error::Error(c10::SourceLocation, std::__cxx11::basic_string<char, std::char_traits<char>, std::allocator<char> >) + 0x9d (0x7ffff6b7205d in /workspace/vllm/.venv/lib/python3.12/site-packages/torch/lib/libc10.so)
frame #1: c10::detail::torchCheckFail(char const*, char const*, unsigned int, std::__cxx11::basic_string<char, std::char_traits<char>, std::allocator<char> > const&) + 0xc3 (0x7ffff6b066fd in /workspace/vllm/.venv/lib/python3.12/site-packages/torch/lib/libc10.so)
frame #2: c10::Dispatcher::registerDef(c10::FunctionSchema, std::__cxx11::basic_string<char, std::char_traits<char>, std::allocator<char> >, std::vector<at::Tag, std::allocator<at::Tag> >) + 0x35e (0x7fff0e6811fe in /workspace/vllm/.venv/lib/python3.12/site-packages/torch/lib/libtorch_cpu.so)
frame #3: torch::Library::_def(c10::FunctionSchema&&, c10::OperatorName*, std::vector<at::Tag, std::allocator<at::Tag> > const&, torch::_RegisterOrVerify) & + 0x514 (0x7fff0e6c2254 in /workspace/vllm/.venv/lib/python3.12/site-packages/torch/lib/libtorch_cpu.so)
frame #4: aoti_torch_library_def + 0x99 (0x7fff128d45b9 in /workspace/vllm/.venv/lib/python3.12/site-packages/torch/lib/libtorch_cpu.so)
frame #5: <unknown function> + 0x2bdb3c (0x7ffe8aebeb3c in /workspace/vllm/vllm/_C_stable_libtorch.abi3.so)
frame #6: <unknown function> + 0x2bf0ce (0x7ffe8aec00ce in /workspace/vllm/vllm/_C_stable_libtorch.abi3.so)
frame #7: <unknown function> + 0x279d92 (0x7ffe8ae7ad92 in /workspace/vllm/vllm/_C_stable_libtorch.abi3.so)
frame #8: <unknown function> + 0x571f (0x7ffff7fca71f in /lib64/ld-linux-x86-64.so.2)
frame #9: <unknown function> + 0x5824 (0x7ffff7fca824 in /lib64/ld-linux-x86-64.so.2)
frame #10: _dl_catch_exception + 0x132 (0x7ffff7fc65b2 in /lib64/ld-linux-x86-64.so.2)
frame #11: <unknown function> + 0xcd7c (0x7ffff7fd1d7c in /lib64/ld-linux-x86-64.so.2)
frame #12: _dl_catch_exception + 0x9c (0x7ffff7fc651c in /lib64/ld-linux-x86-64.so.2)
frame #13: <unknown function> + 0xd164 (0x7ffff7fd2164 in /lib64/ld-linux-x86-64.so.2)
frame #14: <unknown function> + 0x981a4 (0x7ffff7d0c1a4 in /usr/lib/x86_64-linux-gnu/libc.so.6)
frame #15: _dl_catch_exception + 0x9c (0x7ffff7fc651c in /lib64/ld-linux-x86-64.so.2)
frame #16: <unknown function> + 0x1669 (0x7ffff7fc6669 in /lib64/ld-linux-x86-64.so.2)
frame #17: <unknown function> + 0x97c83 (0x7ffff7d0bc83 in /usr/lib/x86_64-linux-gnu/libc.so.6)
frame #18: dlopen + 0x6f (0x7ffff7d0c25f in /usr/lib/x86_64-linux-gnu/libc.so.6)
frame #19: /workspace/vllm/.venv/bin/python() [0x6bc36c]
frame #20: /workspace/vllm/.venv/bin/python() [0x6a946a]
frame #21: /workspace/vllm/.venv/bin/python() [0x6a8bf2]
frame #22: /workspace/vllm/.venv/bin/python() [0x581f37]
frame #23: _PyEval_EvalFrameDefault + 0x4c3a (0x5db0ba in /workspace/vllm/.venv/bin/python)
frame #24: /workspace/vllm/.venv/bin/python() [0x549d47]
frame #25: PyObject_CallMethodObjArgs + 0xe3 (0x54b5c3 in /workspace/vllm/.venv/bin/python)
frame #26: PyImport_ImportModuleLevelObject + 0x395 (0x5fd805 in /workspace/vllm/.venv/bin/python)
frame #27: _PyEval_EvalFrameDefault + 0x5eee (0x5dc36e in /workspace/vllm/.venv/bin/python)
frame #28: PyEval_EvalCode + 0x15b (0x5d543b in /workspace/vllm/.venv/bin/python)
frame #29: /workspace/vllm/.venv/bin/python() [0x5d322c]
frame #30: /workspace/vllm/.venv/bin/python() [0x581d1d]
frame #31: _PyEval_EvalFrameDefault + 0x4c3a (0x5db0ba in /workspace/vllm/.venv/bin/python)
frame #32: PyObject_CallOneArg + 0x4d (0x54a65d in /workspace/vllm/.venv/bin/python)
frame #33: /workspace/vllm/.venv/bin/python() [0x582e84]
frame #34: _PyObject_LookupAttr + 0x7a (0x584bea in /workspace/vllm/.venv/bin/python)
frame #35: /workspace/vllm/.venv/bin/python() [0x5d2b8a]
frame #36: _PyEval_EvalFrameDefault + 0x207d (0x5d84fd in /workspace/vllm/.venv/bin/python)
frame #37: /workspace/vllm/.venv/bin/python() [0x549d47]
frame #38: PyObject_CallMethodObjArgs + 0xe3 (0x54b5c3 in /workspace/vllm/.venv/bin/python)
frame #39: PyImport_ImportModuleLevelObject + 0x5eb (0x5fda5b in /workspace/vllm/.venv/bin/python)
frame #40: _PyEval_EvalFrameDefault + 0x5eee (0x5dc36e in /workspace/vllm/.venv/bin/python)
frame #41: PyEval_EvalCode + 0x15b (0x5d543b in /workspace/vllm/.venv/bin/python)
frame #42: /workspace/vllm/.venv/bin/python() [0x5d322c]
frame #43: /workspace/vllm/.venv/bin/python() [0x581d1d]
frame #44: _PyEval_EvalFrameDefault + 0x4c3a (0x5db0ba in /workspace/vllm/.venv/bin/python)
frame #45: /workspace/vllm/.venv/bin/python() [0x549d47]
frame #46: PyObject_CallMethodObjArgs + 0xe3 (0x54b5c3 in /workspace/vllm/.venv/bin/python)
frame #47: PyImport_ImportModuleLevelObject + 0x395 (0x5fd805 in /workspace/vllm/.venv/bin/python)
frame #48: _PyEval_EvalFrameDefault + 0x5eee (0x5dc36e in /workspace/vllm/.venv/bin/python)
frame #49: PyEval_EvalCode + 0x15b (0x5d543b in /workspace/vllm/.venv/bin/python)
frame #50: /workspace/vllm/.venv/bin/python() [0x5d322c]
frame #51: /workspace/vllm/.venv/bin/python() [0x581d1d]
frame #52: _PyEval_EvalFrameDefault + 0x4c3a (0x5db0ba in /workspace/vllm/.venv/bin/python)
frame #53: /workspace/vllm/.venv/bin/python() [0x549d47]
frame #54: PyObject_CallMethodObjArgs + 0xe3 (0x54b5c3 in /workspace/vllm/.venv/bin/python)
frame #55: PyImport_ImportModuleLevelObject + 0x395 (0x5fd805 in /workspace/vllm/.venv/bin/python)
frame #56: _PyEval_EvalFrameDefault + 0x5eee (0x5dc36e in /workspace/vllm/.venv/bin/python)
frame #57: PyEval_EvalCode + 0x15b (0x5d543b in /workspace/vllm/.venv/bin/python)
frame #58: /workspace/vllm/.venv/bin/python() [0x5d322c]
frame #59: /workspace/vllm/.venv/bin/python() [0x581d1d]
frame #60: _PyEval_EvalFrameDefault + 0x4c3a (0x5db0ba in /workspace/vllm/.venv/bin/python)
frame #61: /workspace/vllm/.venv/bin/python() [0x549d47]
frame #62: PyObject_CallMethodObjArgs + 0xe3 (0x54b5c3 in /workspace/vllm/.venv/bin/python)

[W709 13:36:15.638647373 OperatorEntry.cpp:208] Warning: Warning only once for all operators,  other operators may also be overridden.
  Overriding a previously registered kernel for the same operator and the same dispatch key
  operator: _C::persistent_masked_m_silu_mul_quant(Tensor input, Tensor counts, Tensor($0! -> ) y_q, Tensor($1! -> ) y_s, bool use_ue8m0) -> ()
    registered at /workspace/csrc/torch_bindings.cpp:21
  dispatch key: CUDA
  previous kernel: registered at /workspace/csrc/torch_bindings.cpp:21
       new kernel: registered at /workspace/csrc/libtorch_stable/torch_bindings.cpp:603 (function operator())
[E709 13:36:15.816009558 shim_common.cpp:1458] Exception in aoti_torch: Tried to register an operator (_C::persistent_masked_m_silu_mul_quant(Tensor input, Tensor counts, Tensor($0! -> ) y_q, Tensor($1! -> ) y_s, bool use_ue8m0) -> ()) with the same name and overload name multiple times. Each overload's schema should only be registered with a single call to def(). Duplicate registration: registered at /workspace/csrc/libtorch_stable/torch_bindings.cpp:10. Original registration: registered at /workspace/csrc/torch_bindings.cpp:21
Exception raised from registerDef at /pytorch/aten/src/ATen/core/dispatch/Dispatcher.cpp:248 (most recent call first):
frame #0: c10::Error::Error(c10::SourceLocation, std::__cxx11::basic_string<char, std::char_traits<char>, std::allocator<char> >) + 0x9d (0x7ffff6b7205d in /workspace/vllm/.venv/lib/python3.12/site-packages/torch/lib/libc10.so)
frame #1: c10::detail::torchCheckFail(char const*, char const*, unsigned int, std::__cxx11::basic_string<char, std::char_traits<char>, std::allocator<char> > const&) + 0xc3 (0x7ffff6b066fd in /workspace/vllm/.venv/lib/python3.12/site-packages/torch/lib/libc10.so)
frame #2: c10::Dispatcher::registerDef(c10::FunctionSchema, std::__cxx11::basic_string<char, std::char_traits<char>, std::allocator<char> >, std::vector<at::Tag, std::allocator<at::Tag> >) + 0x35e (0x7fff0e6811fe in /workspace/vllm/.venv/lib/python3.12/site-packages/torch/lib/libtorch_cpu.so)
frame #3: torch::Library::_def(c10::FunctionSchema&&, c10::OperatorName*, std::vector<at::Tag, std::allocator<at::Tag> > const&, torch::_RegisterOrVerify) & + 0x514 (0x7fff0e6c2254 in /workspace/vllm/.venv/lib/python3.12/site-packages/torch/lib/libtorch_cpu.so)
frame #4: aoti_torch_library_def + 0x99 (0x7fff128d45b9 in /workspace/vllm/.venv/lib/python3.12/site-packages/torch/lib/libtorch_cpu.so)
frame #5: <unknown function> + 0x2bdaf1 (0x7ffe8aebeaf1 in /workspace/vllm/vllm/_C_stable_libtorch.abi3.so)
frame #6: <unknown function> + 0x2bf0ce (0x7ffe8aec00ce in /workspace/vllm/vllm/_C_stable_libtorch.abi3.so)
frame #7: <unknown function> + 0x279d92 (0x7ffe8ae7ad92 in /workspace/vllm/vllm/_C_stable_libtorch.abi3.so)
frame #8: <unknown function> + 0x571f (0x7ffff7fca71f in /lib64/ld-linux-x86-64.so.2)
frame #9: <unknown function> + 0x5824 (0x7ffff7fca824 in /lib64/ld-linux-x86-64.so.2)
frame #10: _dl_catch_exception + 0x132 (0x7ffff7fc65b2 in /lib64/ld-linux-x86-64.so.2)
frame #11: <unknown function> + 0xcd7c (0x7ffff7fd1d7c in /lib64/ld-linux-x86-64.so.2)
frame #12: _dl_catch_exception + 0x9c (0x7ffff7fc651c in /lib64/ld-linux-x86-64.so.2)
frame #13: <unknown function> + 0xd164 (0x7ffff7fd2164 in /lib64/ld-linux-x86-64.so.2)
frame #14: <unknown function> + 0x981a4 (0x7ffff7d0c1a4 in /usr/lib/x86_64-linux-gnu/libc.so.6)
frame #15: _dl_catch_exception + 0x9c (0x7ffff7fc651c in /lib64/ld-linux-x86-64.so.2)
frame #16: <unknown function> + 0x1669 (0x7ffff7fc6669 in /lib64/ld-linux-x86-64.so.2)
frame #17: <unknown function> + 0x97c83 (0x7ffff7d0bc83 in /usr/lib/x86_64-linux-gnu/libc.so.6)
frame #18: dlopen + 0x6f (0x7ffff7d0c25f in /usr/lib/x86_64-linux-gnu/libc.so.6)
frame #19: /workspace/vllm/.venv/bin/python() [0x6bc36c]
frame #20: /workspace/vllm/.venv/bin/python() [0x6a946a]
frame #21: /workspace/vllm/.venv/bin/python() [0x6a8bf2]
frame #22: /workspace/vllm/.venv/bin/python() [0x581f37]
frame #23: _PyEval_EvalFrameDefault + 0x4c3a (0x5db0ba in /workspace/vllm/.venv/bin/python)
frame #24: /workspace/vllm/.venv/bin/python() [0x549d47]
frame #25: PyObject_CallMethodObjArgs + 0xe3 (0x54b5c3 in /workspace/vllm/.venv/bin/python)
frame #26: PyImport_ImportModuleLevelObject + 0x395 (0x5fd805 in /workspace/vllm/.venv/bin/python)
frame #27: _PyEval_EvalFrameDefault + 0x5eee (0x5dc36e in /workspace/vllm/.venv/bin/python)
frame #28: PyEval_EvalCode + 0x15b (0x5d543b in /workspace/vllm/.venv/bin/python)
frame #29: /workspace/vllm/.venv/bin/python() [0x5d322c]
frame #30: /workspace/vllm/.venv/bin/python() [0x581d1d]
frame #31: _PyEval_EvalFrameDefault + 0x4c3a (0x5db0ba in /workspace/vllm/.venv/bin/python)
frame #32: PyObject_CallOneArg + 0x4d (0x54a65d in /workspace/vllm/.venv/bin/python)
frame #33: /workspace/vllm/.venv/bin/python() [0x582e84]
frame #34: _PyObject_LookupAttr + 0x7a (0x584bea in /workspace/vllm/.venv/bin/python)
frame #35: /workspace/vllm/.venv/bin/python() [0x5d2b8a]
frame #36: _PyEval_EvalFrameDefault + 0x207d (0x5d84fd in /workspace/vllm/.venv/bin/python)
frame #37: /workspace/vllm/.venv/bin/python() [0x549d47]
frame #38: PyObject_CallMethodObjArgs + 0xe3 (0x54b5c3 in /workspace/vllm/.venv/bin/python)
frame #39: PyImport_ImportModuleLevelObject + 0x5eb (0x5fda5b in /workspace/vllm/.venv/bin/python)
frame #40: _PyEval_EvalFrameDefault + 0x5eee (0x5dc36e in /workspace/vllm/.venv/bin/python)
frame #41: PyEval_EvalCode + 0x15b (0x5d543b in /workspace/vllm/.venv/bin/python)
frame #42: /workspace/vllm/.venv/bin/python() [0x5d322c]
frame #43: /workspace/vllm/.venv/bin/python() [0x581d1d]
frame #44: _PyEval_EvalFrameDefault + 0x4c3a (0x5db0ba in /workspace/vllm/.venv/bin/python)
frame #45: /workspace/vllm/.venv/bin/python() [0x549d47]
frame #46: PyObject_CallMethodObjArgs + 0xe3 (0x54b5c3 in /workspace/vllm/.venv/bin/python)
frame #47: PyImport_ImportModuleLevelObject + 0x395 (0x5fd805 in /workspace/vllm/.venv/bin/python)
frame #48: _PyEval_EvalFrameDefault + 0x5eee (0x5dc36e in /workspace/vllm/.venv/bin/python)
frame #49: PyEval_EvalCode + 0x15b (0x5d543b in /workspace/vllm/.venv/bin/python)
frame #50: /workspace/vllm/.venv/bin/python() [0x5d322c]
frame #51: /workspace/vllm/.venv/bin/python() [0x581d1d]
frame #52: _PyEval_EvalFrameDefault + 0x4c3a (0x5db0ba in /workspace/vllm/.venv/bin/python)
frame #53: /workspace/vllm/.venv/bin/python() [0x549d47]
frame #54: PyObject_CallMethodObjArgs + 0xe3 (0x54b5c3 in /workspace/vllm/.venv/bin/python)
frame #55: PyImport_ImportModuleLevelObject + 0x395 (0x5fd805 in /workspace/vllm/.venv/bin/python)
frame #56: _PyEval_EvalFrameDefault + 0x5eee (0x5dc36e in /workspace/vllm/.venv/bin/python)
frame #57: PyEval_EvalCode + 0x15b (0x5d543b in /workspace/vllm/.venv/bin/python)
frame #58: /workspace/vllm/.venv/bin/python() [0x5d322c]
frame #59: /workspace/vllm/.venv/bin/python() [0x581d1d]
frame #60: _PyEval_EvalFrameDefault + 0x4c3a (0x5db0ba in /workspace/vllm/.venv/bin/python)
frame #61: /workspace/vllm/.venv/bin/python() [0x549d47]
frame #62: PyObject_CallMethodObjArgs + 0xe3 (0x54b5c3 in /workspace/vllm/.venv/bin/python)

[E709 13:36:15.817960545 shim_common.cpp:1458] Exception in aoti_torch: Tried to register an operator (_C::weak_ref_tensor(Tensor input) -> Tensor) with the same name and overload name multiple times. Each overload's schema should only be registered with a single call to def(). Duplicate registration: registered at /workspace/csrc/libtorch_stable/torch_bindings.cpp:10. Original registration: registered at /workspace/csrc/torch_bindings.cpp:21
Exception raised from registerDef at /pytorch/aten/src/ATen/core/dispatch/Dispatcher.cpp:248 (most recent call first):
frame #0: c10::Error::Error(c10::SourceLocation, std::__cxx11::basic_string<char, std::char_traits<char>, std::allocator<char> >) + 0x9d (0x7ffff6b7205d in /workspace/vllm/.venv/lib/python3.12/site-packages/torch/lib/libc10.so)
frame #1: c10::detail::torchCheckFail(char const*, char const*, unsigned int, std::__cxx11::basic_string<char, std::char_traits<char>, std::allocator<char> > const&) + 0xc3 (0x7ffff6b066fd in /workspace/vllm/.venv/lib/python3.12/site-packages/torch/lib/libc10.so)
frame #2: c10::Dispatcher::registerDef(c10::FunctionSchema, std::__cxx11::basic_string<char, std::char_traits<char>, std::allocator<char> >, std::vector<at::Tag, std::allocator<at::Tag> >) + 0x35e (0x7fff0e6811fe in /workspace/vllm/.venv/lib/python3.12/site-packages/torch/lib/libtorch_cpu.so)
frame #3: torch::Library::_def(c10::FunctionSchema&&, c10::OperatorName*, std::vector<at::Tag, std::allocator<at::Tag> > const&, torch::_RegisterOrVerify) & + 0x514 (0x7fff0e6c2254 in /workspace/vllm/.venv/lib/python3.12/site-packages/torch/lib/libtorch_cpu.so)
frame #4: aoti_torch_library_def + 0x99 (0x7fff128d45b9 in /workspace/vllm/.venv/lib/python3.12/site-packages/torch/lib/libtorch_cpu.so)
frame #5: <unknown function> + 0x2bdb00 (0x7ffe8aebeb00 in /workspace/vllm/vllm/_C_stable_libtorch.abi3.so)
frame #6: <unknown function> + 0x2bf0ce (0x7ffe8aec00ce in /workspace/vllm/vllm/_C_stable_libtorch.abi3.so)
frame #7: <unknown function> + 0x279d92 (0x7ffe8ae7ad92 in /workspace/vllm/vllm/_C_stable_libtorch.abi3.so)
frame #8: <unknown function> + 0x571f (0x7ffff7fca71f in /lib64/ld-linux-x86-64.so.2)
frame #9: <unknown function> + 0x5824 (0x7ffff7fca824 in /lib64/ld-linux-x86-64.so.2)
frame #10: _dl_catch_exception + 0x132 (0x7ffff7fc65b2 in /lib64/ld-linux-x86-64.so.2)
frame #11: <unknown function> + 0xcd7c (0x7ffff7fd1d7c in /lib64/ld-linux-x86-64.so.2)
frame #12: _dl_catch_exception + 0x9c (0x7ffff7fc651c in /lib64/ld-linux-x86-64.so.2)
frame #13: <unknown function> + 0xd164 (0x7ffff7fd2164 in /lib64/ld-linux-x86-64.so.2)
frame #14: <unknown function> + 0x981a4 (0x7ffff7d0c1a4 in /usr/lib/x86_64-linux-gnu/libc.so.6)
frame #15: _dl_catch_exception + 0x9c (0x7ffff7fc651c in /lib64/ld-linux-x86-64.so.2)
frame #16: <unknown function> + 0x1669 (0x7ffff7fc6669 in /lib64/ld-linux-x86-64.so.2)
frame #17: <unknown function> + 0x97c83 (0x7ffff7d0bc83 in /usr/lib/x86_64-linux-gnu/libc.so.6)
frame #18: dlopen + 0x6f (0x7ffff7d0c25f in /usr/lib/x86_64-linux-gnu/libc.so.6)
frame #19: /workspace/vllm/.venv/bin/python() [0x6bc36c]
frame #20: /workspace/vllm/.venv/bin/python() [0x6a946a]
frame #21: /workspace/vllm/.venv/bin/python() [0x6a8bf2]
frame #22: /workspace/vllm/.venv/bin/python() [0x581f37]
frame #23: _PyEval_EvalFrameDefault + 0x4c3a (0x5db0ba in /workspace/vllm/.venv/bin/python)
frame #24: /workspace/vllm/.venv/bin/python() [0x549d47]
frame #25: PyObject_CallMethodObjArgs + 0xe3 (0x54b5c3 in /workspace/vllm/.venv/bin/python)
frame #26: PyImport_ImportModuleLevelObject + 0x395 (0x5fd805 in /workspace/vllm/.venv/bin/python)
frame #27: _PyEval_EvalFrameDefault + 0x5eee (0x5dc36e in /workspace/vllm/.venv/bin/python)
frame #28: PyEval_EvalCode + 0x15b (0x5d543b in /workspace/vllm/.venv/bin/python)
frame #29: /workspace/vllm/.venv/bin/python() [0x5d322c]
frame #30: /workspace/vllm/.venv/bin/python() [0x581d1d]
frame #31: _PyEval_EvalFrameDefault + 0x4c3a (0x5db0ba in /workspace/vllm/.venv/bin/python)
frame #32: PyObject_CallOneArg + 0x4d (0x54a65d in /workspace/vllm/.venv/bin/python)
frame #33: /workspace/vllm/.venv/bin/python() [0x582e84]
frame #34: _PyObject_LookupAttr + 0x7a (0x584bea in /workspace/vllm/.venv/bin/python)
frame #35: /workspace/vllm/.venv/bin/python() [0x5d2b8a]
frame #36: _PyEval_EvalFrameDefault + 0x207d (0x5d84fd in /workspace/vllm/.venv/bin/python)
frame #37: /workspace/vllm/.venv/bin/python() [0x549d47]
frame #38: PyObject_CallMethodObjArgs + 0xe3 (0x54b5c3 in /workspace/vllm/.venv/bin/python)
frame #39: PyImport_ImportModuleLevelObject + 0x5eb (0x5fda5b in /workspace/vllm/.venv/bin/python)
frame #40: _PyEval_EvalFrameDefault + 0x5eee (0x5dc36e in /workspace/vllm/.venv/bin/python)
frame #41: PyEval_EvalCode + 0x15b (0x5d543b in /workspace/vllm/.venv/bin/python)
frame #42: /workspace/vllm/.venv/bin/python() [0x5d322c]
frame #43: /workspace/vllm/.venv/bin/python() [0x581d1d]
frame #44: _PyEval_EvalFrameDefault + 0x4c3a (0x5db0ba in /workspace/vllm/.venv/bin/python)
frame #45: /workspace/vllm/.venv/bin/python() [0x549d47]
frame #46: PyObject_CallMethodObjArgs + 0xe3 (0x54b5c3 in /workspace/vllm/.venv/bin/python)
frame #47: PyImport_ImportModuleLevelObject + 0x395 (0x5fd805 in /workspace/vllm/.venv/bin/python)
frame #48: _PyEval_EvalFrameDefault + 0x5eee (0x5dc36e in /workspace/vllm/.venv/bin/python)
frame #49: PyEval_EvalCode + 0x15b (0x5d543b in /workspace/vllm/.venv/bin/python)
frame #50: /workspace/vllm/.venv/bin/python() [0x5d322c]
frame #51: /workspace/vllm/.venv/bin/python() [0x581d1d]
frame #52: _PyEval_EvalFrameDefault + 0x4c3a (0x5db0ba in /workspace/vllm/.venv/bin/python)
frame #53: /workspace/vllm/.venv/bin/python() [0x549d47]
frame #54: PyObject_CallMethodObjArgs + 0xe3 (0x54b5c3 in /workspace/vllm/.venv/bin/python)
frame #55: PyImport_ImportModuleLevelObject + 0x395 (0x5fd805 in /workspace/vllm/.venv/bin/python)
frame #56: _PyEval_EvalFrameDefault + 0x5eee (0x5dc36e in /workspace/vllm/.venv/bin/python)
frame #57: PyEval_EvalCode + 0x15b (0x5d543b in /workspace/vllm/.venv/bin/python)
frame #58: /workspace/vllm/.venv/bin/python() [0x5d322c]
frame #59: /workspace/vllm/.venv/bin/python() [0x581d1d]
frame #60: _PyEval_EvalFrameDefault + 0x4c3a (0x5db0ba in /workspace/vllm/.venv/bin/python)
frame #61: /workspace/vllm/.venv/bin/python() [0x549d47]
frame #62: PyObject_CallMethodObjArgs + 0xe3 (0x54b5c3 in /workspace/vllm/.venv/bin/python)

[E709 13:36:15.819816024 shim_common.cpp:1458] Exception in aoti_torch: Tried to register an operator (_C::silu_and_mul_quant(Tensor($0! -> ) result, Tensor input, Tensor scale) -> ()) with the same name and overload name multiple times. Each overload's schema should only be registered with a single call to def(). Duplicate registration: registered at /workspace/csrc/libtorch_stable/torch_bindings.cpp:10. Original registration: registered at /workspace/csrc/torch_bindings.cpp:21
Exception raised from registerDef at /pytorch/aten/src/ATen/core/dispatch/Dispatcher.cpp:248 (most recent call first):
frame #0: c10::Error::Error(c10::SourceLocation, std::__cxx11::basic_string<char, std::char_traits<char>, std::allocator<char> >) + 0x9d (0x7ffff6b7205d in /workspace/vllm/.venv/lib/python3.12/site-packages/torch/lib/libc10.so)
frame #1: c10::detail::torchCheckFail(char const*, char const*, unsigned int, std::__cxx11::basic_string<char, std::char_traits<char>, std::allocator<char> > const&) + 0xc3 (0x7ffff6b066fd in /workspace/vllm/.venv/lib/python3.12/site-packages/torch/lib/libc10.so)
frame #2: c10::Dispatcher::registerDef(c10::FunctionSchema, std::__cxx11::basic_string<char, std::char_traits<char>, std::allocator<char> >, std::vector<at::Tag, std::allocator<at::Tag> >) + 0x35e (0x7fff0e6811fe in /workspace/vllm/.venv/lib/python3.12/site-packages/torch/lib/libtorch_cpu.so)
frame #3: torch::Library::_def(c10::FunctionSchema&&, c10::OperatorName*, std::vector<at::Tag, std::allocator<at::Tag> > const&, torch::_RegisterOrVerify) & + 0x514 (0x7fff0e6c2254 in /workspace/vllm/.venv/lib/python3.12/site-packages/torch/lib/libtorch_cpu.so)
frame #4: aoti_torch_library_def + 0x99 (0x7fff128d45b9 in /workspace/vllm/.venv/lib/python3.12/site-packages/torch/lib/libtorch_cpu.so)
frame #5: <unknown function> + 0x2bdb3c (0x7ffe8aebeb3c in /workspace/vllm/vllm/_C_stable_libtorch.abi3.so)
frame #6: <unknown function> + 0x2bf0ce (0x7ffe8aec00ce in /workspace/vllm/vllm/_C_stable_libtorch.abi3.so)
frame #7: <unknown function> + 0x279d92 (0x7ffe8ae7ad92 in /workspace/vllm/vllm/_C_stable_libtorch.abi3.so)
frame #8: <unknown function> + 0x571f (0x7ffff7fca71f in /lib64/ld-linux-x86-64.so.2)
frame #9: <unknown function> + 0x5824 (0x7ffff7fca824 in /lib64/ld-linux-x86-64.so.2)
frame #10: _dl_catch_exception + 0x132 (0x7ffff7fc65b2 in /lib64/ld-linux-x86-64.so.2)
frame #11: <unknown function> + 0xcd7c (0x7ffff7fd1d7c in /lib64/ld-linux-x86-64.so.2)
frame #12: _dl_catch_exception + 0x9c (0x7ffff7fc651c in /lib64/ld-linux-x86-64.so.2)
frame #13: <unknown function> + 0xd164 (0x7ffff7fd2164 in /lib64/ld-linux-x86-64.so.2)
frame #14: <unknown function> + 0x981a4 (0x7ffff7d0c1a4 in /usr/lib/x86_64-linux-gnu/libc.so.6)
frame #15: _dl_catch_exception + 0x9c (0x7ffff7fc651c in /lib64/ld-linux-x86-64.so.2)
frame #16: <unknown function> + 0x1669 (0x7ffff7fc6669 in /lib64/ld-linux-x86-64.so.2)
frame #17: <unknown function> + 0x97c83 (0x7ffff7d0bc83 in /usr/lib/x86_64-linux-gnu/libc.so.6)
frame #18: dlopen + 0x6f (0x7ffff7d0c25f in /usr/lib/x86_64-linux-gnu/libc.so.6)
frame #19: /workspace/vllm/.venv/bin/python() [0x6bc36c]
frame #20: /workspace/vllm/.venv/bin/python() [0x6a946a]
frame #21: /workspace/vllm/.venv/bin/python() [0x6a8bf2]
frame #22: /workspace/vllm/.venv/bin/python() [0x581f37]
frame #23: _PyEval_EvalFrameDefault + 0x4c3a (0x5db0ba in /workspace/vllm/.venv/bin/python)
frame #24: /workspace/vllm/.venv/bin/python() [0x549d47]
frame #25: PyObject_CallMethodObjArgs + 0xe3 (0x54b5c3 in /workspace/vllm/.venv/bin/python)
frame #26: PyImport_ImportModuleLevelObject + 0x395 (0x5fd805 in /workspace/vllm/.venv/bin/python)
frame #27: _PyEval_EvalFrameDefault + 0x5eee (0x5dc36e in /workspace/vllm/.venv/bin/python)
frame #28: PyEval_EvalCode + 0x15b (0x5d543b in /workspace/vllm/.venv/bin/python)
frame #29: /workspace/vllm/.venv/bin/python() [0x5d322c]
frame #30: /workspace/vllm/.venv/bin/python() [0x581d1d]
frame #31: _PyEval_EvalFrameDefault + 0x4c3a (0x5db0ba in /workspace/vllm/.venv/bin/python)
frame #32: PyObject_CallOneArg + 0x4d (0x54a65d in /workspace/vllm/.venv/bin/python)
frame #33: /workspace/vllm/.venv/bin/python() [0x582e84]
frame #34: _PyObject_LookupAttr + 0x7a (0x584bea in /workspace/vllm/.venv/bin/python)
frame #35: /workspace/vllm/.venv/bin/python() [0x5d2b8a]
frame #36: _PyEval_EvalFrameDefault + 0x207d (0x5d84fd in /workspace/vllm/.venv/bin/python)
frame #37: /workspace/vllm/.venv/bin/python() [0x549d47]
frame #38: PyObject_CallMethodObjArgs + 0xe3 (0x54b5c3 in /workspace/vllm/.venv/bin/python)
frame #39: PyImport_ImportModuleLevelObject + 0x5eb (0x5fda5b in /workspace/vllm/.venv/bin/python)
frame #40: _PyEval_EvalFrameDefault + 0x5eee (0x5dc36e in /workspace/vllm/.venv/bin/python)
frame #41: PyEval_EvalCode + 0x15b (0x5d543b in /workspace/vllm/.venv/bin/python)
frame #42: /workspace/vllm/.venv/bin/python() [0x5d322c]
frame #43: /workspace/vllm/.venv/bin/python() [0x581d1d]
frame #44: _PyEval_EvalFrameDefault + 0x4c3a (0x5db0ba in /workspace/vllm/.venv/bin/python)
frame #45: /workspace/vllm/.venv/bin/python() [0x549d47]
frame #46: PyObject_CallMethodObjArgs + 0xe3 (0x54b5c3 in /workspace/vllm/.venv/bin/python)
frame #47: PyImport_ImportModuleLevelObject + 0x395 (0x5fd805 in /workspace/vllm/.venv/bin/python)
frame #48: _PyEval_EvalFrameDefault + 0x5eee (0x5dc36e in /workspace/vllm/.venv/bin/python)
frame #49: PyEval_EvalCode + 0x15b (0x5d543b in /workspace/vllm/.venv/bin/python)
frame #50: /workspace/vllm/.venv/bin/python() [0x5d322c]
frame #51: /workspace/vllm/.venv/bin/python() [0x581d1d]
frame #52: _PyEval_EvalFrameDefault + 0x4c3a (0x5db0ba in /workspace/vllm/.venv/bin/python)
frame #53: /workspace/vllm/.venv/bin/python() [0x549d47]
frame #54: PyObject_CallMethodObjArgs + 0xe3 (0x54b5c3 in /workspace/vllm/.venv/bin/python)
frame #55: PyImport_ImportModuleLevelObject + 0x395 (0x5fd805 in /workspace/vllm/.venv/bin/python)
frame #56: _PyEval_EvalFrameDefault + 0x5eee (0x5dc36e in /workspace/vllm/.venv/bin/python)
frame #57: PyEval_EvalCode + 0x15b (0x5d543b in /workspace/vllm/.venv/bin/python)
frame #58: /workspace/vllm/.venv/bin/python() [0x5d322c]
frame #59: /workspace/vllm/.venv/bin/python() [0x581d1d]
frame #60: _PyEval_EvalFrameDefault + 0x4c3a (0x5db0ba in /workspace/vllm/.venv/bin/python)
frame #61: /workspace/vllm/.venv/bin/python() [0x549d47]
frame #62: PyObject_CallMethodObjArgs + 0xe3 (0x54b5c3 in /workspace/vllm/.venv/bin/python)

[W709 13:36:15.821922072 OperatorEntry.cpp:208] Warning: Warning only once for all operators,  other operators may also be overridden.
  Overriding a previously registered kernel for the same operator and the same dispatch key
  operator: _C::persistent_masked_m_silu_mul_quant(Tensor input, Tensor counts, Tensor($0! -> ) y_q, Tensor($1! -> ) y_s, bool use_ue8m0) -> ()
    registered at /workspace/csrc/torch_bindings.cpp:21
  dispatch key: CUDA
  previous kernel: registered at /workspace/csrc/torch_bindings.cpp:21
       new kernel: registered at /workspace/csrc/libtorch_stable/torch_bindings.cpp:603 (function operator())
[E709 13:36:15.862289227 shim_common.cpp:1458] Exception in aoti_torch: Tried to register an operator (_C::persistent_masked_m_silu_mul_quant(Tensor input, Tensor counts, Tensor($0! -> ) y_q, Tensor($1! -> ) y_s, bool use_ue8m0) -> ()) with the same name and overload name multiple times. Each overload's schema should only be registered with a single call to def(). Duplicate registration: registered at /workspace/csrc/libtorch_stable/torch_bindings.cpp:10. Original registration: registered at /workspace/csrc/torch_bindings.cpp:21
Exception raised from registerDef at /pytorch/aten/src/ATen/core/dispatch/Dispatcher.cpp:248 (most recent call first):
frame #0: c10::Error::Error(c10::SourceLocation, std::__cxx11::basic_string<char, std::char_traits<char>, std::allocator<char> >) + 0x9d (0x7ffff6b7205d in /workspace/vllm/.venv/lib/python3.12/site-packages/torch/lib/libc10.so)
frame #1: c10::detail::torchCheckFail(char const*, char const*, unsigned int, std::__cxx11::basic_string<char, std::char_traits<char>, std::allocator<char> > const&) + 0xc3 (0x7ffff6b066fd in /workspace/vllm/.venv/lib/python3.12/site-packages/torch/lib/libc10.so)
frame #2: c10::Dispatcher::registerDef(c10::FunctionSchema, std::__cxx11::basic_string<char, std::char_traits<char>, std::allocator<char> >, std::vector<at::Tag, std::allocator<at::Tag> >) + 0x35e (0x7fff0e6811fe in /workspace/vllm/.venv/lib/python3.12/site-packages/torch/lib/libtorch_cpu.so)
frame #3: torch::Library::_def(c10::FunctionSchema&&, c10::OperatorName*, std::vector<at::Tag, std::allocator<at::Tag> > const&, torch::_RegisterOrVerify) & + 0x514 (0x7fff0e6c2254 in /workspace/vllm/.venv/lib/python3.12/site-packages/torch/lib/libtorch_cpu.so)
frame #4: aoti_torch_library_def + 0x99 (0x7fff128d45b9 in /workspace/vllm/.venv/lib/python3.12/site-packages/torch/lib/libtorch_cpu.so)
frame #5: <unknown function> + 0x2bdaf1 (0x7ffe8aebeaf1 in /workspace/vllm/vllm/_C_stable_libtorch.abi3.so)
frame #6: <unknown function> + 0x2bf0ce (0x7ffe8aec00ce in /workspace/vllm/vllm/_C_stable_libtorch.abi3.so)
frame #7: <unknown function> + 0x279d92 (0x7ffe8ae7ad92 in /workspace/vllm/vllm/_C_stable_libtorch.abi3.so)
frame #8: <unknown function> + 0x571f (0x7ffff7fca71f in /lib64/ld-linux-x86-64.so.2)
frame #9: <unknown function> + 0x5824 (0x7ffff7fca824 in /lib64/ld-linux-x86-64.so.2)
frame #10: _dl_catch_exception + 0x132 (0x7ffff7fc65b2 in /lib64/ld-linux-x86-64.so.2)
frame #11: <unknown function> + 0xcd7c (0x7ffff7fd1d7c in /lib64/ld-linux-x86-64.so.2)
frame #12: _dl_catch_exception + 0x9c (0x7ffff7fc651c in /lib64/ld-linux-x86-64.so.2)
frame #13: <unknown function> + 0xd164 (0x7ffff7fd2164 in /lib64/ld-linux-x86-64.so.2)
frame #14: <unknown function> + 0x981a4 (0x7ffff7d0c1a4 in /usr/lib/x86_64-linux-gnu/libc.so.6)
frame #15: _dl_catch_exception + 0x9c (0x7ffff7fc651c in /lib64/ld-linux-x86-64.so.2)
frame #16: <unknown function> + 0x1669 (0x7ffff7fc6669 in /lib64/ld-linux-x86-64.so.2)
frame #17: <unknown function> + 0x97c83 (0x7ffff7d0bc83 in /usr/lib/x86_64-linux-gnu/libc.so.6)
frame #18: dlopen + 0x6f (0x7ffff7d0c25f in /usr/lib/x86_64-linux-gnu/libc.so.6)
frame #19: /workspace/vllm/.venv/bin/python() [0x6bc36c]
frame #20: /workspace/vllm/.venv/bin/python() [0x6a946a]
frame #21: /workspace/vllm/.venv/bin/python() [0x6a8bf2]
frame #22: /workspace/vllm/.venv/bin/python() [0x581f37]
frame #23: _PyEval_EvalFrameDefault + 0x4c3a (0x5db0ba in /workspace/vllm/.venv/bin/python)
frame #24: /workspace/vllm/.venv/bin/python() [0x549d47]
frame #25: PyObject_CallMethodObjArgs + 0xe3 (0x54b5c3 in /workspace/vllm/.venv/bin/python)
frame #26: PyImport_ImportModuleLevelObject + 0x395 (0x5fd805 in /workspace/vllm/.venv/bin/python)
frame #27: _PyEval_EvalFrameDefault + 0x5eee (0x5dc36e in /workspace/vllm/.venv/bin/python)
frame #28: PyEval_EvalCode + 0x15b (0x5d543b in /workspace/vllm/.venv/bin/python)
frame #29: /workspace/vllm/.venv/bin/python() [0x5d322c]
frame #30: /workspace/vllm/.venv/bin/python() [0x581d1d]
frame #31: _PyEval_EvalFrameDefault + 0x4c3a (0x5db0ba in /workspace/vllm/.venv/bin/python)
frame #32: PyObject_CallOneArg + 0x4d (0x54a65d in /workspace/vllm/.venv/bin/python)
frame #33: /workspace/vllm/.venv/bin/python() [0x582e84]
frame #34: _PyObject_LookupAttr + 0x7a (0x584bea in /workspace/vllm/.venv/bin/python)
frame #35: /workspace/vllm/.venv/bin/python() [0x5d2b8a]
frame #36: _PyEval_EvalFrameDefault + 0x207d (0x5d84fd in /workspace/vllm/.venv/bin/python)
frame #37: /workspace/vllm/.venv/bin/python() [0x549d47]
frame #38: PyObject_CallMethodObjArgs + 0xe3 (0x54b5c3 in /workspace/vllm/.venv/bin/python)
frame #39: PyImport_ImportModuleLevelObject + 0x5eb (0x5fda5b in /workspace/vllm/.venv/bin/python)
frame #40: _PyEval_EvalFrameDefault + 0x5eee (0x5dc36e in /workspace/vllm/.venv/bin/python)
frame #41: PyEval_EvalCode + 0x15b (0x5d543b in /workspace/vllm/.venv/bin/python)
frame #42: /workspace/vllm/.venv/bin/python() [0x5d322c]
frame #43: /workspace/vllm/.venv/bin/python() [0x581d1d]
frame #44: _PyEval_EvalFrameDefault + 0x4c3a (0x5db0ba in /workspace/vllm/.venv/bin/python)
frame #45: /workspace/vllm/.venv/bin/python() [0x549d47]
frame #46: PyObject_CallMethodObjArgs + 0xe3 (0x54b5c3 in /workspace/vllm/.venv/bin/python)
frame #47: PyImport_ImportModuleLevelObject + 0x395 (0x5fd805 in /workspace/vllm/.venv/bin/python)
frame #48: _PyEval_EvalFrameDefault + 0x5eee (0x5dc36e in /workspace/vllm/.venv/bin/python)
frame #49: PyEval_EvalCode + 0x15b (0x5d543b in /workspace/vllm/.venv/bin/python)
frame #50: /workspace/vllm/.venv/bin/python() [0x5d322c]
frame #51: /workspace/vllm/.venv/bin/python() [0x581d1d]
frame #52: _PyEval_EvalFrameDefault + 0x4c3a (0x5db0ba in /workspace/vllm/.venv/bin/python)
frame #53: /workspace/vllm/.venv/bin/python() [0x549d47]
frame #54: PyObject_CallMethodObjArgs + 0xe3 (0x54b5c3 in /workspace/vllm/.venv/bin/python)
frame #55: PyImport_ImportModuleLevelObject + 0x395 (0x5fd805 in /workspace/vllm/.venv/bin/python)
frame #56: _PyEval_EvalFrameDefault + 0x5eee (0x5dc36e in /workspace/vllm/.venv/bin/python)
frame #57: PyEval_EvalCode + 0x15b (0x5d543b in /workspace/vllm/.venv/bin/python)
frame #58: /workspace/vllm/.venv/bin/python() [0x5d322c]
frame #59: /workspace/vllm/.venv/bin/python() [0x581d1d]
frame #60: _PyEval_EvalFrameDefault + 0x4c3a (0x5db0ba in /workspace/vllm/.venv/bin/python)
frame #61: /workspace/vllm/.venv/bin/python() [0x549d47]
frame #62: PyObject_CallMethodObjArgs + 0xe3 (0x54b5c3 in /workspace/vllm/.venv/bin/python)

[E709 13:36:15.864266749 shim_common.cpp:1458] Exception in aoti_torch: Tried to register an operator (_C::weak_ref_tensor(Tensor input) -> Tensor) with the same name and overload name multiple times. Each overload's schema should only be registered with a single call to def(). Duplicate registration: registered at /workspace/csrc/libtorch_stable/torch_bindings.cpp:10. Original registration: registered at /workspace/csrc/torch_bindings.cpp:21
Exception raised from registerDef at /pytorch/aten/src/ATen/core/dispatch/Dispatcher.cpp:248 (most recent call first):
frame #0: c10::Error::Error(c10::SourceLocation, std::__cxx11::basic_string<char, std::char_traits<char>, std::allocator<char> >) + 0x9d (0x7ffff6b7205d in /workspace/vllm/.venv/lib/python3.12/site-packages/torch/lib/libc10.so)
frame #1: c10::detail::torchCheckFail(char const*, char const*, unsigned int, std::__cxx11::basic_string<char, std::char_traits<char>, std::allocator<char> > const&) + 0xc3 (0x7ffff6b066fd in /workspace/vllm/.venv/lib/python3.12/site-packages/torch/lib/libc10.so)
frame #2: c10::Dispatcher::registerDef(c10::FunctionSchema, std::__cxx11::basic_string<char, std::char_traits<char>, std::allocator<char> >, std::vector<at::Tag, std::allocator<at::Tag> >) + 0x35e (0x7fff0e6811fe in /workspace/vllm/.venv/lib/python3.12/site-packages/torch/lib/libtorch_cpu.so)
frame #3: torch::Library::_def(c10::FunctionSchema&&, c10::OperatorName*, std::vector<at::Tag, std::allocator<at::Tag> > const&, torch::_RegisterOrVerify) & + 0x514 (0x7fff0e6c2254 in /workspace/vllm/.venv/lib/python3.12/site-packages/torch/lib/libtorch_cpu.so)
frame #4: aoti_torch_library_def + 0x99 (0x7fff128d45b9 in /workspace/vllm/.venv/lib/python3.12/site-packages/torch/lib/libtorch_cpu.so)
frame #5: <unknown function> + 0x2bdb00 (0x7ffe8aebeb00 in /workspace/vllm/vllm/_C_stable_libtorch.abi3.so)
frame #6: <unknown function> + 0x2bf0ce (0x7ffe8aec00ce in /workspace/vllm/vllm/_C_stable_libtorch.abi3.so)
frame #7: <unknown function> + 0x279d92 (0x7ffe8ae7ad92 in /workspace/vllm/vllm/_C_stable_libtorch.abi3.so)
frame #8: <unknown function> + 0x571f (0x7ffff7fca71f in /lib64/ld-linux-x86-64.so.2)
frame #9: <unknown function> + 0x5824 (0x7ffff7fca824 in /lib64/ld-linux-x86-64.so.2)
frame #10: _dl_catch_exception + 0x132 (0x7ffff7fc65b2 in /lib64/ld-linux-x86-64.so.2)
frame #11: <unknown function> + 0xcd7c (0x7ffff7fd1d7c in /lib64/ld-linux-x86-64.so.2)
frame #12: _dl_catch_exception + 0x9c (0x7ffff7fc651c in /lib64/ld-linux-x86-64.so.2)
frame #13: <unknown function> + 0xd164 (0x7ffff7fd2164 in /lib64/ld-linux-x86-64.so.2)
frame #14: <unknown function> + 0x981a4 (0x7ffff7d0c1a4 in /usr/lib/x86_64-linux-gnu/libc.so.6)
frame #15: _dl_catch_exception + 0x9c (0x7ffff7fc651c in /lib64/ld-linux-x86-64.so.2)
frame #16: <unknown function> + 0x1669 (0x7ffff7fc6669 in /lib64/ld-linux-x86-64.so.2)
frame #17: <unknown function> + 0x97c83 (0x7ffff7d0bc83 in /usr/lib/x86_64-linux-gnu/libc.so.6)
frame #18: dlopen + 0x6f (0x7ffff7d0c25f in /usr/lib/x86_64-linux-gnu/libc.so.6)
frame #19: /workspace/vllm/.venv/bin/python() [0x6bc36c]
frame #20: /workspace/vllm/.venv/bin/python() [0x6a946a]
frame #21: /workspace/vllm/.venv/bin/python() [0x6a8bf2]
frame #22: /workspace/vllm/.venv/bin/python() [0x581f37]
frame #23: _PyEval_EvalFrameDefault + 0x4c3a (0x5db0ba in /workspace/vllm/.venv/bin/python)
frame #24: /workspace/vllm/.venv/bin/python() [0x549d47]
frame #25: PyObject_CallMethodObjArgs + 0xe3 (0x54b5c3 in /workspace/vllm/.venv/bin/python)
frame #26: PyImport_ImportModuleLevelObject + 0x395 (0x5fd805 in /workspace/vllm/.venv/bin/python)
frame #27: _PyEval_EvalFrameDefault + 0x5eee (0x5dc36e in /workspace/vllm/.venv/bin/python)
frame #28: PyEval_EvalCode + 0x15b (0x5d543b in /workspace/vllm/.venv/bin/python)
frame #29: /workspace/vllm/.venv/bin/python() [0x5d322c]
frame #30: /workspace/vllm/.venv/bin/python() [0x581d1d]
frame #31: _PyEval_EvalFrameDefault + 0x4c3a (0x5db0ba in /workspace/vllm/.venv/bin/python)
frame #32: PyObject_CallOneArg + 0x4d (0x54a65d in /workspace/vllm/.venv/bin/python)
frame #33: /workspace/vllm/.venv/bin/python() [0x582e84]
frame #34: _PyObject_LookupAttr + 0x7a (0x584bea in /workspace/vllm/.venv/bin/python)
frame #35: /workspace/vllm/.venv/bin/python() [0x5d2b8a]
frame #36: _PyEval_EvalFrameDefault + 0x207d (0x5d84fd in /workspace/vllm/.venv/bin/python)
frame #37: /workspace/vllm/.venv/bin/python() [0x549d47]
frame #38: PyObject_CallMethodObjArgs + 0xe3 (0x54b5c3 in /workspace/vllm/.venv/bin/python)
frame #39: PyImport_ImportModuleLevelObject + 0x5eb (0x5fda5b in /workspace/vllm/.venv/bin/python)
frame #40: _PyEval_EvalFrameDefault + 0x5eee (0x5dc36e in /workspace/vllm/.venv/bin/python)
frame #41: PyEval_EvalCode + 0x15b (0x5d543b in /workspace/vllm/.venv/bin/python)
frame #42: /workspace/vllm/.venv/bin/python() [0x5d322c]
frame #43: /workspace/vllm/.venv/bin/python() [0x581d1d]
frame #44: _PyEval_EvalFrameDefault + 0x4c3a (0x5db0ba in /workspace/vllm/.venv/bin/python)
frame #45: /workspace/vllm/.venv/bin/python() [0x549d47]
frame #46: PyObject_CallMethodObjArgs + 0xe3 (0x54b5c3 in /workspace/vllm/.venv/bin/python)
frame #47: PyImport_ImportModuleLevelObject + 0x395 (0x5fd805 in /workspace/vllm/.venv/bin/python)
frame #48: _PyEval_EvalFrameDefault + 0x5eee (0x5dc36e in /workspace/vllm/.venv/bin/python)
frame #49: PyEval_EvalCode + 0x15b (0x5d543b in /workspace/vllm/.venv/bin/python)
frame #50: /workspace/vllm/.venv/bin/python() [0x5d322c]
frame #51: /workspace/vllm/.venv/bin/python() [0x581d1d]
frame #52: _PyEval_EvalFrameDefault + 0x4c3a (0x5db0ba in /workspace/vllm/.venv/bin/python)
frame #53: /workspace/vllm/.venv/bin/python() [0x549d47]
frame #54: PyObject_CallMethodObjArgs + 0xe3 (0x54b5c3 in /workspace/vllm/.venv/bin/python)
frame #55: PyImport_ImportModuleLevelObject + 0x395 (0x5fd805 in /workspace/vllm/.venv/bin/python)
frame #56: _PyEval_EvalFrameDefault + 0x5eee (0x5dc36e in /workspace/vllm/.venv/bin/python)
frame #57: PyEval_EvalCode + 0x15b (0x5d543b in /workspace/vllm/.venv/bin/python)
frame #58: /workspace/vllm/.venv/bin/python() [0x5d322c]
frame #59: /workspace/vllm/.venv/bin/python() [0x581d1d]
frame #60: _PyEval_EvalFrameDefault + 0x4c3a (0x5db0ba in /workspace/vllm/.venv/bin/python)
frame #61: /workspace/vllm/.venv/bin/python() [0x549d47]
frame #62: PyObject_CallMethodObjArgs + 0xe3 (0x54b5c3 in /workspace/vllm/.venv/bin/python)

[E709 13:36:15.866232429 shim_common.cpp:1458] Exception in aoti_torch: Tried to register an operator (_C::silu_and_mul_quant(Tensor($0! -> ) result, Tensor input, Tensor scale) -> ()) with the same name and overload name multiple times. Each overload's schema should only be registered with a single call to def(). Duplicate registration: registered at /workspace/csrc/libtorch_stable/torch_bindings.cpp:10. Original registration: registered at /workspace/csrc/torch_bindings.cpp:21
Exception raised from registerDef at /pytorch/aten/src/ATen/core/dispatch/Dispatcher.cpp:248 (most recent call first):
frame #0: c10::Error::Error(c10::SourceLocation, std::__cxx11::basic_string<char, std::char_traits<char>, std::allocator<char> >) + 0x9d (0x7ffff6b7205d in /workspace/vllm/.venv/lib/python3.12/site-packages/torch/lib/libc10.so)
frame #1: c10::detail::torchCheckFail(char const*, char const*, unsigned int, std::__cxx11::basic_string<char, std::char_traits<char>, std::allocator<char> > const&) + 0xc3 (0x7ffff6b066fd in /workspace/vllm/.venv/lib/python3.12/site-packages/torch/lib/libc10.so)
frame #2: c10::Dispatcher::registerDef(c10::FunctionSchema, std::__cxx11::basic_string<char, std::char_traits<char>, std::allocator<char> >, std::vector<at::Tag, std::allocator<at::Tag> >) + 0x35e (0x7fff0e6811fe in /workspace/vllm/.venv/lib/python3.12/site-packages/torch/lib/libtorch_cpu.so)
frame #3: torch::Library::_def(c10::FunctionSchema&&, c10::OperatorName*, std::vector<at::Tag, std::allocator<at::Tag> > const&, torch::_RegisterOrVerify) & + 0x514 (0x7fff0e6c2254 in /workspace/vllm/.venv/lib/python3.12/site-packages/torch/lib/libtorch_cpu.so)
frame #4: aoti_torch_library_def + 0x99 (0x7fff128d45b9 in /workspace/vllm/.venv/lib/python3.12/site-packages/torch/lib/libtorch_cpu.so)
frame #5: <unknown function> + 0x2bdb3c (0x7ffe8aebeb3c in /workspace/vllm/vllm/_C_stable_libtorch.abi3.so)
frame #6: <unknown function> + 0x2bf0ce (0x7ffe8aec00ce in /workspace/vllm/vllm/_C_stable_libtorch.abi3.so)
frame #7: <unknown function> + 0x279d92 (0x7ffe8ae7ad92 in /workspace/vllm/vllm/_C_stable_libtorch.abi3.so)
frame #8: <unknown function> + 0x571f (0x7ffff7fca71f in /lib64/ld-linux-x86-64.so.2)
frame #9: <unknown function> + 0x5824 (0x7ffff7fca824 in /lib64/ld-linux-x86-64.so.2)
frame #10: _dl_catch_exception + 0x132 (0x7ffff7fc65b2 in /lib64/ld-linux-x86-64.so.2)
frame #11: <unknown function> + 0xcd7c (0x7ffff7fd1d7c in /lib64/ld-linux-x86-64.so.2)
frame #12: _dl_catch_exception + 0x9c (0x7ffff7fc651c in /lib64/ld-linux-x86-64.so.2)
frame #13: <unknown function> + 0xd164 (0x7ffff7fd2164 in /lib64/ld-linux-x86-64.so.2)
frame #14: <unknown function> + 0x981a4 (0x7ffff7d0c1a4 in /usr/lib/x86_64-linux-gnu/libc.so.6)
frame #15: _dl_catch_exception + 0x9c (0x7ffff7fc651c in /lib64/ld-linux-x86-64.so.2)
frame #16: <unknown function> + 0x1669 (0x7ffff7fc6669 in /lib64/ld-linux-x86-64.so.2)
frame #17: <unknown function> + 0x97c83 (0x7ffff7d0bc83 in /usr/lib/x86_64-linux-gnu/libc.so.6)
frame #18: dlopen + 0x6f (0x7ffff7d0c25f in /usr/lib/x86_64-linux-gnu/libc.so.6)
frame #19: /workspace/vllm/.venv/bin/python() [0x6bc36c]
frame #20: /workspace/vllm/.venv/bin/python() [0x6a946a]
frame #21: /workspace/vllm/.venv/bin/python() [0x6a8bf2]
frame #22: /workspace/vllm/.venv/bin/python() [0x581f37]
frame #23: _PyEval_EvalFrameDefault + 0x4c3a (0x5db0ba in /workspace/vllm/.venv/bin/python)
frame #24: /workspace/vllm/.venv/bin/python() [0x549d47]
frame #25: PyObject_CallMethodObjArgs + 0xe3 (0x54b5c3 in /workspace/vllm/.venv/bin/python)
frame #26: PyImport_ImportModuleLevelObject + 0x395 (0x5fd805 in /workspace/vllm/.venv/bin/python)
frame #27: _PyEval_EvalFrameDefault + 0x5eee (0x5dc36e in /workspace/vllm/.venv/bin/python)
frame #28: PyEval_EvalCode + 0x15b (0x5d543b in /workspace/vllm/.venv/bin/python)
frame #29: /workspace/vllm/.venv/bin/python() [0x5d322c]
frame #30: /workspace/vllm/.venv/bin/python() [0x581d1d]
frame #31: _PyEval_EvalFrameDefault + 0x4c3a (0x5db0ba in /workspace/vllm/.venv/bin/python)
frame #32: PyObject_CallOneArg + 0x4d (0x54a65d in /workspace/vllm/.venv/bin/python)
frame #33: /workspace/vllm/.venv/bin/python() [0x582e84]
frame #34: _PyObject_LookupAttr + 0x7a (0x584bea in /workspace/vllm/.venv/bin/python)
frame #35: /workspace/vllm/.venv/bin/python() [0x5d2b8a]
frame #36: _PyEval_EvalFrameDefault + 0x207d (0x5d84fd in /workspace/vllm/.venv/bin/python)
frame #37: /workspace/vllm/.venv/bin/python() [0x549d47]
frame #38: PyObject_CallMethodObjArgs + 0xe3 (0x54b5c3 in /workspace/vllm/.venv/bin/python)
frame #39: PyImport_ImportModuleLevelObject + 0x5eb (0x5fda5b in /workspace/vllm/.venv/bin/python)
frame #40: _PyEval_EvalFrameDefault + 0x5eee (0x5dc36e in /workspace/vllm/.venv/bin/python)
frame #41: PyEval_EvalCode + 0x15b (0x5d543b in /workspace/vllm/.venv/bin/python)
frame #42: /workspace/vllm/.venv/bin/python() [0x5d322c]
frame #43: /workspace/vllm/.venv/bin/python() [0x581d1d]
frame #44: _PyEval_EvalFrameDefault + 0x4c3a (0x5db0ba in /workspace/vllm/.venv/bin/python)
frame #45: /workspace/vllm/.venv/bin/python() [0x549d47]
frame #46: PyObject_CallMethodObjArgs + 0xe3 (0x54b5c3 in /workspace/vllm/.venv/bin/python)
frame #47: PyImport_ImportModuleLevelObject + 0x395 (0x5fd805 in /workspace/vllm/.venv/bin/python)
frame #48: _PyEval_EvalFrameDefault + 0x5eee (0x5dc36e in /workspace/vllm/.venv/bin/python)
frame #49: PyEval_EvalCode + 0x15b (0x5d543b in /workspace/vllm/.venv/bin/python)
frame #50: /workspace/vllm/.venv/bin/python() [0x5d322c]
frame #51: /workspace/vllm/.venv/bin/python() [0x581d1d]
frame #52: _PyEval_EvalFrameDefault + 0x4c3a (0x5db0ba in /workspace/vllm/.venv/bin/python)
frame #53: /workspace/vllm/.venv/bin/python() [0x549d47]
frame #54: PyObject_CallMethodObjArgs + 0xe3 (0x54b5c3 in /workspace/vllm/.venv/bin/python)
frame #55: PyImport_ImportModuleLevelObject + 0x395 (0x5fd805 in /workspace/vllm/.venv/bin/python)
frame #56: _PyEval_EvalFrameDefault + 0x5eee (0x5dc36e in /workspace/vllm/.venv/bin/python)
frame #57: PyEval_EvalCode + 0x15b (0x5d543b in /workspace/vllm/.venv/bin/python)
frame #58: /workspace/vllm/.venv/bin/python() [0x5d322c]
frame #59: /workspace/vllm/.venv/bin/python() [0x581d1d]
frame #60: _PyEval_EvalFrameDefault + 0x4c3a (0x5db0ba in /workspace/vllm/.venv/bin/python)
frame #61: /workspace/vllm/.venv/bin/python() [0x549d47]
frame #62: PyObject_CallMethodObjArgs + 0xe3 (0x54b5c3 in /workspace/vllm/.venv/bin/python)

[W709 13:36:15.868389682 OperatorEntry.cpp:208] Warning: Warning only once for all operators,  other operators may also be overridden.
  Overriding a previously registered kernel for the same operator and the same dispatch key
  operator: _C::persistent_masked_m_silu_mul_quant(Tensor input, Tensor counts, Tensor($0! -> ) y_q, Tensor($1! -> ) y_s, bool use_ue8m0) -> ()
    registered at /workspace/csrc/torch_bindings.cpp:21
  dispatch key: CUDA
  previous kernel: registered at /workspace/csrc/torch_bindings.cpp:21
       new kernel: registered at /workspace/csrc/libtorch_stable/torch_bindings.cpp:603 (function operator())
[E709 13:36:15.025350146 shim_common.cpp:1458] Exception in aoti_torch: Tried to register an operator (_C::persistent_masked_m_silu_mul_quant(Tensor input, Tensor counts, Tensor($0! -> ) y_q, Tensor($1! -> ) y_s, bool use_ue8m0) -> ()) with the same name and overload name multiple times. Each overload's schema should only be registered with a single call to def(). Duplicate registration: registered at /workspace/csrc/libtorch_stable/torch_bindings.cpp:10. Original registration: registered at /workspace/csrc/torch_bindings.cpp:21
Exception raised from registerDef at /pytorch/aten/src/ATen/core/dispatch/Dispatcher.cpp:248 (most recent call first):
frame #0: c10::Error::Error(c10::SourceLocation, std::__cxx11::basic_string<char, std::char_traits<char>, std::allocator<char> >) + 0x9d (0x7ffff6b7205d in /workspace/vllm/.venv/lib/python3.12/site-packages/torch/lib/libc10.so)
frame #1: c10::detail::torchCheckFail(char const*, char const*, unsigned int, std::__cxx11::basic_string<char, std::char_traits<char>, std::allocator<char> > const&) + 0xc3 (0x7ffff6b066fd in /workspace/vllm/.venv/lib/python3.12/site-packages/torch/lib/libc10.so)
frame #2: c10::Dispatcher::registerDef(c10::FunctionSchema, std::__cxx11::basic_string<char, std::char_traits<char>, std::allocator<char> >, std::vector<at::Tag, std::allocator<at::Tag> >) + 0x35e (0x7fff0e6811fe in /workspace/vllm/.venv/lib/python3.12/site-packages/torch/lib/libtorch_cpu.so)
frame #3: torch::Library::_def(c10::FunctionSchema&&, c10::OperatorName*, std::vector<at::Tag, std::allocator<at::Tag> > const&, torch::_RegisterOrVerify) & + 0x514 (0x7fff0e6c2254 in /workspace/vllm/.venv/lib/python3.12/site-packages/torch/lib/libtorch_cpu.so)
frame #4: aoti_torch_library_def + 0x99 (0x7fff128d45b9 in /workspace/vllm/.venv/lib/python3.12/site-packages/torch/lib/libtorch_cpu.so)
frame #5: <unknown function> + 0x2bdaf1 (0x7ffe8aebeaf1 in /workspace/vllm/vllm/_C_stable_libtorch.abi3.so)
frame #6: <unknown function> + 0x2bf0ce (0x7ffe8aec00ce in /workspace/vllm/vllm/_C_stable_libtorch.abi3.so)
frame #7: <unknown function> + 0x279d92 (0x7ffe8ae7ad92 in /workspace/vllm/vllm/_C_stable_libtorch.abi3.so)
frame #8: <unknown function> + 0x571f (0x7ffff7fca71f in /lib64/ld-linux-x86-64.so.2)
frame #9: <unknown function> + 0x5824 (0x7ffff7fca824 in /lib64/ld-linux-x86-64.so.2)
frame #10: _dl_catch_exception + 0x132 (0x7ffff7fc65b2 in /lib64/ld-linux-x86-64.so.2)
frame #11: <unknown function> + 0xcd7c (0x7ffff7fd1d7c in /lib64/ld-linux-x86-64.so.2)
frame #12: _dl_catch_exception + 0x9c (0x7ffff7fc651c in /lib64/ld-linux-x86-64.so.2)
frame #13: <unknown function> + 0xd164 (0x7ffff7fd2164 in /lib64/ld-linux-x86-64.so.2)
frame #14: <unknown function> + 0x981a4 (0x7ffff7d0c1a4 in /usr/lib/x86_64-linux-gnu/libc.so.6)
frame #15: _dl_catch_exception + 0x9c (0x7ffff7fc651c in /lib64/ld-linux-x86-64.so.2)
frame #16: <unknown function> + 0x1669 (0x7ffff7fc6669 in /lib64/ld-linux-x86-64.so.2)
frame #17: <unknown function> + 0x97c83 (0x7ffff7d0bc83 in /usr/lib/x86_64-linux-gnu/libc.so.6)
frame #18: dlopen + 0x6f (0x7ffff7d0c25f in /usr/lib/x86_64-linux-gnu/libc.so.6)
frame #19: /workspace/vllm/.venv/bin/python() [0x6bc36c]
frame #20: /workspace/vllm/.venv/bin/python() [0x6a946a]
frame #21: /workspace/vllm/.venv/bin/python() [0x6a8bf2]
frame #22: /workspace/vllm/.venv/bin/python() [0x581f37]
frame #23: _PyEval_EvalFrameDefault + 0x4c3a (0x5db0ba in /workspace/vllm/.venv/bin/python)
frame #24: /workspace/vllm/.venv/bin/python() [0x549d47]
frame #25: PyObject_CallMethodObjArgs + 0xe3 (0x54b5c3 in /workspace/vllm/.venv/bin/python)
frame #26: PyImport_ImportModuleLevelObject + 0x395 (0x5fd805 in /workspace/vllm/.venv/bin/python)
frame #27: _PyEval_EvalFrameDefault + 0x5eee (0x5dc36e in /workspace/vllm/.venv/bin/python)
frame #28: PyEval_EvalCode + 0x15b (0x5d543b in /workspace/vllm/.venv/bin/python)
frame #29: /workspace/vllm/.venv/bin/python() [0x5d322c]
frame #30: /workspace/vllm/.venv/bin/python() [0x581d1d]
frame #31: _PyEval_EvalFrameDefault + 0x4c3a (0x5db0ba in /workspace/vllm/.venv/bin/python)
frame #32: PyObject_CallOneArg + 0x4d (0x54a65d in /workspace/vllm/.venv/bin/python)
frame #33: /workspace/vllm/.venv/bin/python() [0x582e84]
frame #34: _PyObject_LookupAttr + 0x7a (0x584bea in /workspace/vllm/.venv/bin/python)
frame #35: /workspace/vllm/.venv/bin/python() [0x5d2b8a]
frame #36: _PyEval_EvalFrameDefault + 0x207d (0x5d84fd in /workspace/vllm/.venv/bin/python)
frame #37: /workspace/vllm/.venv/bin/python() [0x549d47]
frame #38: PyObject_CallMethodObjArgs + 0xe3 (0x54b5c3 in /workspace/vllm/.venv/bin/python)
frame #39: PyImport_ImportModuleLevelObject + 0x5eb (0x5fda5b in /workspace/vllm/.venv/bin/python)
frame #40: _PyEval_EvalFrameDefault + 0x5eee (0x5dc36e in /workspace/vllm/.venv/bin/python)
frame #41: PyEval_EvalCode + 0x15b (0x5d543b in /workspace/vllm/.venv/bin/python)
frame #42: /workspace/vllm/.venv/bin/python() [0x5d322c]
frame #43: /workspace/vllm/.venv/bin/python() [0x581d1d]
frame #44: _PyEval_EvalFrameDefault + 0x4c3a (0x5db0ba in /workspace/vllm/.venv/bin/python)
frame #45: /workspace/vllm/.venv/bin/python() [0x549d47]
frame #46: PyObject_CallMethodObjArgs + 0xe3 (0x54b5c3 in /workspace/vllm/.venv/bin/python)
frame #47: PyImport_ImportModuleLevelObject + 0x395 (0x5fd805 in /workspace/vllm/.venv/bin/python)
frame #48: _PyEval_EvalFrameDefault + 0x5eee (0x5dc36e in /workspace/vllm/.venv/bin/python)
frame #49: PyEval_EvalCode + 0x15b (0x5d543b in /workspace/vllm/.venv/bin/python)
frame #50: /workspace/vllm/.venv/bin/python() [0x5d322c]
frame #51: /workspace/vllm/.venv/bin/python() [0x581d1d]
frame #52: _PyEval_EvalFrameDefault + 0x4c3a (0x5db0ba in /workspace/vllm/.venv/bin/python)
frame #53: /workspace/vllm/.venv/bin/python() [0x549d47]
frame #54: PyObject_CallMethodObjArgs + 0xe3 (0x54b5c3 in /workspace/vllm/.venv/bin/python)
frame #55: PyImport_ImportModuleLevelObject + 0x395 (0x5fd805 in /workspace/vllm/.venv/bin/python)
frame #56: _PyEval_EvalFrameDefault + 0x5eee (0x5dc36e in /workspace/vllm/.venv/bin/python)
frame #57: PyEval_EvalCode + 0x15b (0x5d543b in /workspace/vllm/.venv/bin/python)
frame #58: /workspace/vllm/.venv/bin/python() [0x5d322c]
frame #59: /workspace/vllm/.venv/bin/python() [0x581d1d]
frame #60: _PyEval_EvalFrameDefault + 0x4c3a (0x5db0ba in /workspace/vllm/.venv/bin/python)
frame #61: /workspace/vllm/.venv/bin/python() [0x549d47]
frame #62: PyObject_CallMethodObjArgs + 0xe3 (0x54b5c3 in /workspace/vllm/.venv/bin/python)

[E709 13:36:15.027339755 shim_common.cpp:1458] Exception in aoti_torch: Tried to register an operator (_C::weak_ref_tensor(Tensor input) -> Tensor) with the same name and overload name multiple times. Each overload's schema should only be registered with a single call to def(). Duplicate registration: registered at /workspace/csrc/libtorch_stable/torch_bindings.cpp:10. Original registration: registered at /workspace/csrc/torch_bindings.cpp:21
Exception raised from registerDef at /pytorch/aten/src/ATen/core/dispatch/Dispatcher.cpp:248 (most recent call first):
frame #0: c10::Error::Error(c10::SourceLocation, std::__cxx11::basic_string<char, std::char_traits<char>, std::allocator<char> >) + 0x9d (0x7ffff6b7205d in /workspace/vllm/.venv/lib/python3.12/site-packages/torch/lib/libc10.so)
frame #1: c10::detail::torchCheckFail(char const*, char const*, unsigned int, std::__cxx11::basic_string<char, std::char_traits<char>, std::allocator<char> > const&) + 0xc3 (0x7ffff6b066fd in /workspace/vllm/.venv/lib/python3.12/site-packages/torch/lib/libc10.so)
frame #2: c10::Dispatcher::registerDef(c10::FunctionSchema, std::__cxx11::basic_string<char, std::char_traits<char>, std::allocator<char> >, std::vector<at::Tag, std::allocator<at::Tag> >) + 0x35e (0x7fff0e6811fe in /workspace/vllm/.venv/lib/python3.12/site-packages/torch/lib/libtorch_cpu.so)
frame #3: torch::Library::_def(c10::FunctionSchema&&, c10::OperatorName*, std::vector<at::Tag, std::allocator<at::Tag> > const&, torch::_RegisterOrVerify) & + 0x514 (0x7fff0e6c2254 in /workspace/vllm/.venv/lib/python3.12/site-packages/torch/lib/libtorch_cpu.so)
frame #4: aoti_torch_library_def + 0x99 (0x7fff128d45b9 in /workspace/vllm/.venv/lib/python3.12/site-packages/torch/lib/libtorch_cpu.so)
frame #5: <unknown function> + 0x2bdb00 (0x7ffe8aebeb00 in /workspace/vllm/vllm/_C_stable_libtorch.abi3.so)
frame #6: <unknown function> + 0x2bf0ce (0x7ffe8aec00ce in /workspace/vllm/vllm/_C_stable_libtorch.abi3.so)
frame #7: <unknown function> + 0x279d92 (0x7ffe8ae7ad92 in /workspace/vllm/vllm/_C_stable_libtorch.abi3.so)
frame #8: <unknown function> + 0x571f (0x7ffff7fca71f in /lib64/ld-linux-x86-64.so.2)
frame #9: <unknown function> + 0x5824 (0x7ffff7fca824 in /lib64/ld-linux-x86-64.so.2)
frame #10: _dl_catch_exception + 0x132 (0x7ffff7fc65b2 in /lib64/ld-linux-x86-64.so.2)
frame #11: <unknown function> + 0xcd7c (0x7ffff7fd1d7c in /lib64/ld-linux-x86-64.so.2)
frame #12: _dl_catch_exception + 0x9c (0x7ffff7fc651c in /lib64/ld-linux-x86-64.so.2)
frame #13: <unknown function> + 0xd164 (0x7ffff7fd2164 in /lib64/ld-linux-x86-64.so.2)
frame #14: <unknown function> + 0x981a4 (0x7ffff7d0c1a4 in /usr/lib/x86_64-linux-gnu/libc.so.6)
frame #15: _dl_catch_exception + 0x9c (0x7ffff7fc651c in /lib64/ld-linux-x86-64.so.2)
frame #16: <unknown function> + 0x1669 (0x7ffff7fc6669 in /lib64/ld-linux-x86-64.so.2)
frame #17: <unknown function> + 0x97c83 (0x7ffff7d0bc83 in /usr/lib/x86_64-linux-gnu/libc.so.6)
frame #18: dlopen + 0x6f (0x7ffff7d0c25f in /usr/lib/x86_64-linux-gnu/libc.so.6)
frame #19: /workspace/vllm/.venv/bin/python() [0x6bc36c]
frame #20: /workspace/vllm/.venv/bin/python() [0x6a946a]
frame #21: /workspace/vllm/.venv/bin/python() [0x6a8bf2]
frame #22: /workspace/vllm/.venv/bin/python() [0x581f37]
frame #23: _PyEval_EvalFrameDefault + 0x4c3a (0x5db0ba in /workspace/vllm/.venv/bin/python)
frame #24: /workspace/vllm/.venv/bin/python() [0x549d47]
frame #25: PyObject_CallMethodObjArgs + 0xe3 (0x54b5c3 in /workspace/vllm/.venv/bin/python)
frame #26: PyImport_ImportModuleLevelObject + 0x395 (0x5fd805 in /workspace/vllm/.venv/bin/python)
frame #27: _PyEval_EvalFrameDefault + 0x5eee (0x5dc36e in /workspace/vllm/.venv/bin/python)
frame #28: PyEval_EvalCode + 0x15b (0x5d543b in /workspace/vllm/.venv/bin/python)
frame #29: /workspace/vllm/.venv/bin/python() [0x5d322c]
frame #30: /workspace/vllm/.venv/bin/python() [0x581d1d]
frame #31: _PyEval_EvalFrameDefault + 0x4c3a (0x5db0ba in /workspace/vllm/.venv/bin/python)
frame #32: PyObject_CallOneArg + 0x4d (0x54a65d in /workspace/vllm/.venv/bin/python)
frame #33: /workspace/vllm/.venv/bin/python() [0x582e84]
frame #34: _PyObject_LookupAttr + 0x7a (0x584bea in /workspace/vllm/.venv/bin/python)
frame #35: /workspace/vllm/.venv/bin/python() [0x5d2b8a]
frame #36: _PyEval_EvalFrameDefault + 0x207d (0x5d84fd in /workspace/vllm/.venv/bin/python)
frame #37: /workspace/vllm/.venv/bin/python() [0x549d47]
frame #38: PyObject_CallMethodObjArgs + 0xe3 (0x54b5c3 in /workspace/vllm/.venv/bin/python)
frame #39: PyImport_ImportModuleLevelObject + 0x5eb (0x5fda5b in /workspace/vllm/.venv/bin/python)
frame #40: _PyEval_EvalFrameDefault + 0x5eee (0x5dc36e in /workspace/vllm/.venv/bin/python)
frame #41: PyEval_EvalCode + 0x15b (0x5d543b in /workspace/vllm/.venv/bin/python)
frame #42: /workspace/vllm/.venv/bin/python() [0x5d322c]
frame #43: /workspace/vllm/.venv/bin/python() [0x581d1d]
frame #44: _PyEval_EvalFrameDefault + 0x4c3a (0x5db0ba in /workspace/vllm/.venv/bin/python)
frame #45: /workspace/vllm/.venv/bin/python() [0x549d47]
frame #46: PyObject_CallMethodObjArgs + 0xe3 (0x54b5c3 in /workspace/vllm/.venv/bin/python)
frame #47: PyImport_ImportModuleLevelObject + 0x395 (0x5fd805 in /workspace/vllm/.venv/bin/python)
frame #48: _PyEval_EvalFrameDefault + 0x5eee (0x5dc36e in /workspace/vllm/.venv/bin/python)
frame #49: PyEval_EvalCode + 0x15b (0x5d543b in /workspace/vllm/.venv/bin/python)
frame #50: /workspace/vllm/.venv/bin/python() [0x5d322c]
frame #51: /workspace/vllm/.venv/bin/python() [0x581d1d]
frame #52: _PyEval_EvalFrameDefault + 0x4c3a (0x5db0ba in /workspace/vllm/.venv/bin/python)
frame #53: /workspace/vllm/.venv/bin/python() [0x549d47]
frame #54: PyObject_CallMethodObjArgs + 0xe3 (0x54b5c3 in /workspace/vllm/.venv/bin/python)
frame #55: PyImport_ImportModuleLevelObject + 0x395 (0x5fd805 in /workspace/vllm/.venv/bin/python)
frame #56: _PyEval_EvalFrameDefault + 0x5eee (0x5dc36e in /workspace/vllm/.venv/bin/python)
frame #57: PyEval_EvalCode + 0x15b (0x5d543b in /workspace/vllm/.venv/bin/python)
frame #58: /workspace/vllm/.venv/bin/python() [0x5d322c]
frame #59: /workspace/vllm/.venv/bin/python() [0x581d1d]
frame #60: _PyEval_EvalFrameDefault + 0x4c3a (0x5db0ba in /workspace/vllm/.venv/bin/python)
frame #61: /workspace/vllm/.venv/bin/python() [0x549d47]
frame #62: PyObject_CallMethodObjArgs + 0xe3 (0x54b5c3 in /workspace/vllm/.venv/bin/python)

[E709 13:36:15.029316668 shim_common.cpp:1458] Exception in aoti_torch: Tried to register an operator (_C::silu_and_mul_quant(Tensor($0! -> ) result, Tensor input, Tensor scale) -> ()) with the same name and overload name multiple times. Each overload's schema should only be registered with a single call to def(). Duplicate registration: registered at /workspace/csrc/libtorch_stable/torch_bindings.cpp:10. Original registration: registered at /workspace/csrc/torch_bindings.cpp:21
Exception raised from registerDef at /pytorch/aten/src/ATen/core/dispatch/Dispatcher.cpp:248 (most recent call first):
frame #0: c10::Error::Error(c10::SourceLocation, std::__cxx11::basic_string<char, std::char_traits<char>, std::allocator<char> >) + 0x9d (0x7ffff6b7205d in /workspace/vllm/.venv/lib/python3.12/site-packages/torch/lib/libc10.so)
frame #1: c10::detail::torchCheckFail(char const*, char const*, unsigned int, std::__cxx11::basic_string<char, std::char_traits<char>, std::allocator<char> > const&) + 0xc3 (0x7ffff6b066fd in /workspace/vllm/.venv/lib/python3.12/site-packages/torch/lib/libc10.so)
frame #2: c10::Dispatcher::registerDef(c10::FunctionSchema, std::__cxx11::basic_string<char, std::char_traits<char>, std::allocator<char> >, std::vector<at::Tag, std::allocator<at::Tag> >) + 0x35e (0x7fff0e6811fe in /workspace/vllm/.venv/lib/python3.12/site-packages/torch/lib/libtorch_cpu.so)
frame #3: torch::Library::_def(c10::FunctionSchema&&, c10::OperatorName*, std::vector<at::Tag, std::allocator<at::Tag> > const&, torch::_RegisterOrVerify) & + 0x514 (0x7fff0e6c2254 in /workspace/vllm/.venv/lib/python3.12/site-packages/torch/lib/libtorch_cpu.so)
frame #4: aoti_torch_library_def + 0x99 (0x7fff128d45b9 in /workspace/vllm/.venv/lib/python3.12/site-packages/torch/lib/libtorch_cpu.so)
frame #5: <unknown function> + 0x2bdb3c (0x7ffe8aebeb3c in /workspace/vllm/vllm/_C_stable_libtorch.abi3.so)
frame #6: <unknown function> + 0x2bf0ce (0x7ffe8aec00ce in /workspace/vllm/vllm/_C_stable_libtorch.abi3.so)
frame #7: <unknown function> + 0x279d92 (0x7ffe8ae7ad92 in /workspace/vllm/vllm/_C_stable_libtorch.abi3.so)
frame #8: <unknown function> + 0x571f (0x7ffff7fca71f in /lib64/ld-linux-x86-64.so.2)
frame #9: <unknown function> + 0x5824 (0x7ffff7fca824 in /lib64/ld-linux-x86-64.so.2)
frame #10: _dl_catch_exception + 0x132 (0x7ffff7fc65b2 in /lib64/ld-linux-x86-64.so.2)
frame #11: <unknown function> + 0xcd7c (0x7ffff7fd1d7c in /lib64/ld-linux-x86-64.so.2)
frame #12: _dl_catch_exception + 0x9c (0x7ffff7fc651c in /lib64/ld-linux-x86-64.so.2)
frame #13: <unknown function> + 0xd164 (0x7ffff7fd2164 in /lib64/ld-linux-x86-64.so.2)
frame #14: <unknown function> + 0x981a4 (0x7ffff7d0c1a4 in /usr/lib/x86_64-linux-gnu/libc.so.6)
frame #15: _dl_catch_exception + 0x9c (0x7ffff7fc651c in /lib64/ld-linux-x86-64.so.2)
frame #16: <unknown function> + 0x1669 (0x7ffff7fc6669 in /lib64/ld-linux-x86-64.so.2)
frame #17: <unknown function> + 0x97c83 (0x7ffff7d0bc83 in /usr/lib/x86_64-linux-gnu/libc.so.6)
frame #18: dlopen + 0x6f (0x7ffff7d0c25f in /usr/lib/x86_64-linux-gnu/libc.so.6)
frame #19: /workspace/vllm/.venv/bin/python() [0x6bc36c]
frame #20: /workspace/vllm/.venv/bin/python() [0x6a946a]
frame #21: /workspace/vllm/.venv/bin/python() [0x6a8bf2]
frame #22: /workspace/vllm/.venv/bin/python() [0x581f37]
frame #23: _PyEval_EvalFrameDefault + 0x4c3a (0x5db0ba in /workspace/vllm/.venv/bin/python)
frame #24: /workspace/vllm/.venv/bin/python() [0x549d47]
frame #25: PyObject_CallMethodObjArgs + 0xe3 (0x54b5c3 in /workspace/vllm/.venv/bin/python)
frame #26: PyImport_ImportModuleLevelObject + 0x395 (0x5fd805 in /workspace/vllm/.venv/bin/python)
frame #27: _PyEval_EvalFrameDefault + 0x5eee (0x5dc36e in /workspace/vllm/.venv/bin/python)
frame #28: PyEval_EvalCode + 0x15b (0x5d543b in /workspace/vllm/.venv/bin/python)
frame #29: /workspace/vllm/.venv/bin/python() [0x5d322c]
frame #30: /workspace/vllm/.venv/bin/python() [0x581d1d]
frame #31: _PyEval_EvalFrameDefault + 0x4c3a (0x5db0ba in /workspace/vllm/.venv/bin/python)
frame #32: PyObject_CallOneArg + 0x4d (0x54a65d in /workspace/vllm/.venv/bin/python)
frame #33: /workspace/vllm/.venv/bin/python() [0x582e84]
frame #34: _PyObject_LookupAttr + 0x7a (0x584bea in /workspace/vllm/.venv/bin/python)
frame #35: /workspace/vllm/.venv/bin/python() [0x5d2b8a]
frame #36: _PyEval_EvalFrameDefault + 0x207d (0x5d84fd in /workspace/vllm/.venv/bin/python)
frame #37: /workspace/vllm/.venv/bin/python() [0x549d47]
frame #38: PyObject_CallMethodObjArgs + 0xe3 (0x54b5c3 in /workspace/vllm/.venv/bin/python)
frame #39: PyImport_ImportModuleLevelObject + 0x5eb (0x5fda5b in /workspace/vllm/.venv/bin/python)
frame #40: _PyEval_EvalFrameDefault + 0x5eee (0x5dc36e in /workspace/vllm/.venv/bin/python)
frame #41: PyEval_EvalCode + 0x15b (0x5d543b in /workspace/vllm/.venv/bin/python)
frame #42: /workspace/vllm/.venv/bin/python() [0x5d322c]
frame #43: /workspace/vllm/.venv/bin/python() [0x581d1d]
frame #44: _PyEval_EvalFrameDefault + 0x4c3a (0x5db0ba in /workspace/vllm/.venv/bin/python)
frame #45: /workspace/vllm/.venv/bin/python() [0x549d47]
frame #46: PyObject_CallMethodObjArgs + 0xe3 (0x54b5c3 in /workspace/vllm/.venv/bin/python)
frame #47: PyImport_ImportModuleLevelObject + 0x395 (0x5fd805 in /workspace/vllm/.venv/bin/python)
frame #48: _PyEval_EvalFrameDefault + 0x5eee (0x5dc36e in /workspace/vllm/.venv/bin/python)
frame #49: PyEval_EvalCode + 0x15b (0x5d543b in /workspace/vllm/.venv/bin/python)
frame #50: /workspace/vllm/.venv/bin/python() [0x5d322c]
frame #51: /workspace/vllm/.venv/bin/python() [0x581d1d]
frame #52: _PyEval_EvalFrameDefault + 0x4c3a (0x5db0ba in /workspace/vllm/.venv/bin/python)
frame #53: /workspace/vllm/.venv/bin/python() [0x549d47]
frame #54: PyObject_CallMethodObjArgs + 0xe3 (0x54b5c3 in /workspace/vllm/.venv/bin/python)
frame #55: PyImport_ImportModuleLevelObject + 0x395 (0x5fd805 in /workspace/vllm/.venv/bin/python)
frame #56: _PyEval_EvalFrameDefault + 0x5eee (0x5dc36e in /workspace/vllm/.venv/bin/python)
frame #57: PyEval_EvalCode + 0x15b (0x5d543b in /workspace/vllm/.venv/bin/python)
frame #58: /workspace/vllm/.venv/bin/python() [0x5d322c]
frame #59: /workspace/vllm/.venv/bin/python() [0x581d1d]
frame #60: _PyEval_EvalFrameDefault + 0x4c3a (0x5db0ba in /workspace/vllm/.venv/bin/python)
frame #61: /workspace/vllm/.venv/bin/python() [0x549d47]
frame #62: PyObject_CallMethodObjArgs + 0xe3 (0x54b5c3 in /workspace/vllm/.venv/bin/python)

[W709 13:36:15.031457796 OperatorEntry.cpp:208] Warning: Warning only once for all operators,  other operators may also be overridden.
  Overriding a previously registered kernel for the same operator and the same dispatch key
  operator: _C::persistent_masked_m_silu_mul_quant(Tensor input, Tensor counts, Tensor($0! -> ) y_q, Tensor($1! -> ) y_s, bool use_ue8m0) -> ()
    registered at /workspace/csrc/torch_bindings.cpp:21
  dispatch key: CUDA
  previous kernel: registered at /workspace/csrc/torch_bindings.cpp:21
       new kernel: registered at /workspace/csrc/libtorch_stable/torch_bindings.cpp:603 (function operator())
[E709 13:36:15.069413546 shim_common.cpp:1458] Exception in aoti_torch: Tried to register an operator (_C::persistent_masked_m_silu_mul_quant(Tensor input, Tensor counts, Tensor($0! -> ) y_q, Tensor($1! -> ) y_s, bool use_ue8m0) -> ()) with the same name and overload name multiple times. Each overload's schema should only be registered with a single call to def(). Duplicate registration: registered at /workspace/csrc/libtorch_stable/torch_bindings.cpp:10. Original registration: registered at /workspace/csrc/torch_bindings.cpp:21
Exception raised from registerDef at /pytorch/aten/src/ATen/core/dispatch/Dispatcher.cpp:248 (most recent call first):
frame #0: c10::Error::Error(c10::SourceLocation, std::__cxx11::basic_string<char, std::char_traits<char>, std::allocator<char> >) + 0x9d (0x7ffff6b7205d in /workspace/vllm/.venv/lib/python3.12/site-packages/torch/lib/libc10.so)
frame #1: c10::detail::torchCheckFail(char const*, char const*, unsigned int, std::__cxx11::basic_string<char, std::char_traits<char>, std::allocator<char> > const&) + 0xc3 (0x7ffff6b066fd in /workspace/vllm/.venv/lib/python3.12/site-packages/torch/lib/libc10.so)
frame #2: c10::Dispatcher::registerDef(c10::FunctionSchema, std::__cxx11::basic_string<char, std::char_traits<char>, std::allocator<char> >, std::vector<at::Tag, std::allocator<at::Tag> >) + 0x35e (0x7fff0e6811fe in /workspace/vllm/.venv/lib/python3.12/site-packages/torch/lib/libtorch_cpu.so)
frame #3: torch::Library::_def(c10::FunctionSchema&&, c10::OperatorName*, std::vector<at::Tag, std::allocator<at::Tag> > const&, torch::_RegisterOrVerify) & + 0x514 (0x7fff0e6c2254 in /workspace/vllm/.venv/lib/python3.12/site-packages/torch/lib/libtorch_cpu.so)
frame #4: aoti_torch_library_def + 0x99 (0x7fff128d45b9 in /workspace/vllm/.venv/lib/python3.12/site-packages/torch/lib/libtorch_cpu.so)
frame #5: <unknown function> + 0x2bdaf1 (0x7ffe8aebeaf1 in /workspace/vllm/vllm/_C_stable_libtorch.abi3.so)
frame #6: <unknown function> + 0x2bf0ce (0x7ffe8aec00ce in /workspace/vllm/vllm/_C_stable_libtorch.abi3.so)
frame #7: <unknown function> + 0x279d92 (0x7ffe8ae7ad92 in /workspace/vllm/vllm/_C_stable_libtorch.abi3.so)
frame #8: <unknown function> + 0x571f (0x7ffff7fca71f in /lib64/ld-linux-x86-64.so.2)
frame #9: <unknown function> + 0x5824 (0x7ffff7fca824 in /lib64/ld-linux-x86-64.so.2)
frame #10: _dl_catch_exception + 0x132 (0x7ffff7fc65b2 in /lib64/ld-linux-x86-64.so.2)
frame #11: <unknown function> + 0xcd7c (0x7ffff7fd1d7c in /lib64/ld-linux-x86-64.so.2)
frame #12: _dl_catch_exception + 0x9c (0x7ffff7fc651c in /lib64/ld-linux-x86-64.so.2)
frame #13: <unknown function> + 0xd164 (0x7ffff7fd2164 in /lib64/ld-linux-x86-64.so.2)
frame #14: <unknown function> + 0x981a4 (0x7ffff7d0c1a4 in /usr/lib/x86_64-linux-gnu/libc.so.6)
frame #15: _dl_catch_exception + 0x9c (0x7ffff7fc651c in /lib64/ld-linux-x86-64.so.2)
frame #16: <unknown function> + 0x1669 (0x7ffff7fc6669 in /lib64/ld-linux-x86-64.so.2)
frame #17: <unknown function> + 0x97c83 (0x7ffff7d0bc83 in /usr/lib/x86_64-linux-gnu/libc.so.6)
frame #18: dlopen + 0x6f (0x7ffff7d0c25f in /usr/lib/x86_64-linux-gnu/libc.so.6)
frame #19: /workspace/vllm/.venv/bin/python() [0x6bc36c]
frame #20: /workspace/vllm/.venv/bin/python() [0x6a946a]
frame #21: /workspace/vllm/.venv/bin/python() [0x6a8bf2]
frame #22: /workspace/vllm/.venv/bin/python() [0x581f37]
frame #23: _PyEval_EvalFrameDefault + 0x4c3a (0x5db0ba in /workspace/vllm/.venv/bin/python)
frame #24: /workspace/vllm/.venv/bin/python() [0x549d47]
frame #25: PyObject_CallMethodObjArgs + 0xe3 (0x54b5c3 in /workspace/vllm/.venv/bin/python)
frame #26: PyImport_ImportModuleLevelObject + 0x395 (0x5fd805 in /workspace/vllm/.venv/bin/python)
frame #27: _PyEval_EvalFrameDefault + 0x5eee (0x5dc36e in /workspace/vllm/.venv/bin/python)
frame #28: PyEval_EvalCode + 0x15b (0x5d543b in /workspace/vllm/.venv/bin/python)
frame #29: /workspace/vllm/.venv/bin/python() [0x5d322c]
frame #30: /workspace/vllm/.venv/bin/python() [0x581d1d]
frame #31: _PyEval_EvalFrameDefault + 0x4c3a (0x5db0ba in /workspace/vllm/.venv/bin/python)
frame #32: PyObject_CallOneArg + 0x4d (0x54a65d in /workspace/vllm/.venv/bin/python)
frame #33: /workspace/vllm/.venv/bin/python() [0x582e84]
frame #34: _PyObject_LookupAttr + 0x7a (0x584bea in /workspace/vllm/.venv/bin/python)
frame #35: /workspace/vllm/.venv/bin/python() [0x5d2b8a]
frame #36: _PyEval_EvalFrameDefault + 0x207d (0x5d84fd in /workspace/vllm/.venv/bin/python)
frame #37: /workspace/vllm/.venv/bin/python() [0x549d47]
frame #38: PyObject_CallMethodObjArgs + 0xe3 (0x54b5c3 in /workspace/vllm/.venv/bin/python)
frame #39: PyImport_ImportModuleLevelObject + 0x5eb (0x5fda5b in /workspace/vllm/.venv/bin/python)
frame #40: _PyEval_EvalFrameDefault + 0x5eee (0x5dc36e in /workspace/vllm/.venv/bin/python)
frame #41: PyEval_EvalCode + 0x15b (0x5d543b in /workspace/vllm/.venv/bin/python)
frame #42: /workspace/vllm/.venv/bin/python() [0x5d322c]
frame #43: /workspace/vllm/.venv/bin/python() [0x581d1d]
frame #44: _PyEval_EvalFrameDefault + 0x4c3a (0x5db0ba in /workspace/vllm/.venv/bin/python)
frame #45: /workspace/vllm/.venv/bin/python() [0x549d47]
frame #46: PyObject_CallMethodObjArgs + 0xe3 (0x54b5c3 in /workspace/vllm/.venv/bin/python)
frame #47: PyImport_ImportModuleLevelObject + 0x395 (0x5fd805 in /workspace/vllm/.venv/bin/python)
frame #48: _PyEval_EvalFrameDefault + 0x5eee (0x5dc36e in /workspace/vllm/.venv/bin/python)
frame #49: PyEval_EvalCode + 0x15b (0x5d543b in /workspace/vllm/.venv/bin/python)
frame #50: /workspace/vllm/.venv/bin/python() [0x5d322c]
frame #51: /workspace/vllm/.venv/bin/python() [0x581d1d]
frame #52: _PyEval_EvalFrameDefault + 0x4c3a (0x5db0ba in /workspace/vllm/.venv/bin/python)
frame #53: /workspace/vllm/.venv/bin/python() [0x549d47]
frame #54: PyObject_CallMethodObjArgs + 0xe3 (0x54b5c3 in /workspace/vllm/.venv/bin/python)
frame #55: PyImport_ImportModuleLevelObject + 0x395 (0x5fd805 in /workspace/vllm/.venv/bin/python)
frame #56: _PyEval_EvalFrameDefault + 0x5eee (0x5dc36e in /workspace/vllm/.venv/bin/python)
frame #57: PyEval_EvalCode + 0x15b (0x5d543b in /workspace/vllm/.venv/bin/python)
frame #58: /workspace/vllm/.venv/bin/python() [0x5d322c]
frame #59: /workspace/vllm/.venv/bin/python() [0x581d1d]
frame #60: _PyEval_EvalFrameDefault + 0x4c3a (0x5db0ba in /workspace/vllm/.venv/bin/python)
frame #61: /workspace/vllm/.venv/bin/python() [0x549d47]
frame #62: PyObject_CallMethodObjArgs + 0xe3 (0x54b5c3 in /workspace/vllm/.venv/bin/python)

[E709 13:36:15.071407121 shim_common.cpp:1458] Exception in aoti_torch: Tried to register an operator (_C::weak_ref_tensor(Tensor input) -> Tensor) with the same name and overload name multiple times. Each overload's schema should only be registered with a single call to def(). Duplicate registration: registered at /workspace/csrc/libtorch_stable/torch_bindings.cpp:10. Original registration: registered at /workspace/csrc/torch_bindings.cpp:21
Exception raised from registerDef at /pytorch/aten/src/ATen/core/dispatch/Dispatcher.cpp:248 (most recent call first):
frame #0: c10::Error::Error(c10::SourceLocation, std::__cxx11::basic_string<char, std::char_traits<char>, std::allocator<char> >) + 0x9d (0x7ffff6b7205d in /workspace/vllm/.venv/lib/python3.12/site-packages/torch/lib/libc10.so)
frame #1: c10::detail::torchCheckFail(char const*, char const*, unsigned int, std::__cxx11::basic_string<char, std::char_traits<char>, std::allocator<char> > const&) + 0xc3 (0x7ffff6b066fd in /workspace/vllm/.venv/lib/python3.12/site-packages/torch/lib/libc10.so)
frame #2: c10::Dispatcher::registerDef(c10::FunctionSchema, std::__cxx11::basic_string<char, std::char_traits<char>, std::allocator<char> >, std::vector<at::Tag, std::allocator<at::Tag> >) + 0x35e (0x7fff0e6811fe in /workspace/vllm/.venv/lib/python3.12/site-packages/torch/lib/libtorch_cpu.so)
frame #3: torch::Library::_def(c10::FunctionSchema&&, c10::OperatorName*, std::vector<at::Tag, std::allocator<at::Tag> > const&, torch::_RegisterOrVerify) & + 0x514 (0x7fff0e6c2254 in /workspace/vllm/.venv/lib/python3.12/site-packages/torch/lib/libtorch_cpu.so)
frame #4: aoti_torch_library_def + 0x99 (0x7fff128d45b9 in /workspace/vllm/.venv/lib/python3.12/site-packages/torch/lib/libtorch_cpu.so)
frame #5: <unknown function> + 0x2bdb00 (0x7ffe8aebeb00 in /workspace/vllm/vllm/_C_stable_libtorch.abi3.so)
frame #6: <unknown function> + 0x2bf0ce (0x7ffe8aec00ce in /workspace/vllm/vllm/_C_stable_libtorch.abi3.so)
frame #7: <unknown function> + 0x279d92 (0x7ffe8ae7ad92 in /workspace/vllm/vllm/_C_stable_libtorch.abi3.so)
frame #8: <unknown function> + 0x571f (0x7ffff7fca71f in /lib64/ld-linux-x86-64.so.2)
frame #9: <unknown function> + 0x5824 (0x7ffff7fca824 in /lib64/ld-linux-x86-64.so.2)
frame #10: _dl_catch_exception + 0x132 (0x7ffff7fc65b2 in /lib64/ld-linux-x86-64.so.2)
frame #11: <unknown function> + 0xcd7c (0x7ffff7fd1d7c in /lib64/ld-linux-x86-64.so.2)
frame #12: _dl_catch_exception + 0x9c (0x7ffff7fc651c in /lib64/ld-linux-x86-64.so.2)
frame #13: <unknown function> + 0xd164 (0x7ffff7fd2164 in /lib64/ld-linux-x86-64.so.2)
frame #14: <unknown function> + 0x981a4 (0x7ffff7d0c1a4 in /usr/lib/x86_64-linux-gnu/libc.so.6)
frame #15: _dl_catch_exception + 0x9c (0x7ffff7fc651c in /lib64/ld-linux-x86-64.so.2)
frame #16: <unknown function> + 0x1669 (0x7ffff7fc6669 in /lib64/ld-linux-x86-64.so.2)
frame #17: <unknown function> + 0x97c83 (0x7ffff7d0bc83 in /usr/lib/x86_64-linux-gnu/libc.so.6)
frame #18: dlopen + 0x6f (0x7ffff7d0c25f in /usr/lib/x86_64-linux-gnu/libc.so.6)
frame #19: /workspace/vllm/.venv/bin/python() [0x6bc36c]
frame #20: /workspace/vllm/.venv/bin/python() [0x6a946a]
frame #21: /workspace/vllm/.venv/bin/python() [0x6a8bf2]
frame #22: /workspace/vllm/.venv/bin/python() [0x581f37]
frame #23: _PyEval_EvalFrameDefault + 0x4c3a (0x5db0ba in /workspace/vllm/.venv/bin/python)
frame #24: /workspace/vllm/.venv/bin/python() [0x549d47]
frame #25: PyObject_CallMethodObjArgs + 0xe3 (0x54b5c3 in /workspace/vllm/.venv/bin/python)
frame #26: PyImport_ImportModuleLevelObject + 0x395 (0x5fd805 in /workspace/vllm/.venv/bin/python)
frame #27: _PyEval_EvalFrameDefault + 0x5eee (0x5dc36e in /workspace/vllm/.venv/bin/python)
frame #28: PyEval_EvalCode + 0x15b (0x5d543b in /workspace/vllm/.venv/bin/python)
frame #29: /workspace/vllm/.venv/bin/python() [0x5d322c]
frame #30: /workspace/vllm/.venv/bin/python() [0x581d1d]
frame #31: _PyEval_EvalFrameDefault + 0x4c3a (0x5db0ba in /workspace/vllm/.venv/bin/python)
frame #32: PyObject_CallOneArg + 0x4d (0x54a65d in /workspace/vllm/.venv/bin/python)
frame #33: /workspace/vllm/.venv/bin/python() [0x582e84]
frame #34: _PyObject_LookupAttr + 0x7a (0x584bea in /workspace/vllm/.venv/bin/python)
frame #35: /workspace/vllm/.venv/bin/python() [0x5d2b8a]
frame #36: _PyEval_EvalFrameDefault + 0x207d (0x5d84fd in /workspace/vllm/.venv/bin/python)
frame #37: /workspace/vllm/.venv/bin/python() [0x549d47]
frame #38: PyObject_CallMethodObjArgs + 0xe3 (0x54b5c3 in /workspace/vllm/.venv/bin/python)
frame #39: PyImport_ImportModuleLevelObject + 0x5eb (0x5fda5b in /workspace/vllm/.venv/bin/python)
frame #40: _PyEval_EvalFrameDefault + 0x5eee (0x5dc36e in /workspace/vllm/.venv/bin/python)
frame #41: PyEval_EvalCode + 0x15b (0x5d543b in /workspace/vllm/.venv/bin/python)
frame #42: /workspace/vllm/.venv/bin/python() [0x5d322c]
frame #43: /workspace/vllm/.venv/bin/python() [0x581d1d]
frame #44: _PyEval_EvalFrameDefault + 0x4c3a (0x5db0ba in /workspace/vllm/.venv/bin/python)
frame #45: /workspace/vllm/.venv/bin/python() [0x549d47]
frame #46: PyObject_CallMethodObjArgs + 0xe3 (0x54b5c3 in /workspace/vllm/.venv/bin/python)
frame #47: PyImport_ImportModuleLevelObject + 0x395 (0x5fd805 in /workspace/vllm/.venv/bin/python)
frame #48: _PyEval_EvalFrameDefault + 0x5eee (0x5dc36e in /workspace/vllm/.venv/bin/python)
frame #49: PyEval_EvalCode + 0x15b (0x5d543b in /workspace/vllm/.venv/bin/python)
frame #50: /workspace/vllm/.venv/bin/python() [0x5d322c]
frame #51: /workspace/vllm/.venv/bin/python() [0x581d1d]
frame #52: _PyEval_EvalFrameDefault + 0x4c3a (0x5db0ba in /workspace/vllm/.venv/bin/python)
frame #53: /workspace/vllm/.venv/bin/python() [0x549d47]
frame #54: PyObject_CallMethodObjArgs + 0xe3 (0x54b5c3 in /workspace/vllm/.venv/bin/python)
frame #55: PyImport_ImportModuleLevelObject + 0x395 (0x5fd805 in /workspace/vllm/.venv/bin/python)
frame #56: _PyEval_EvalFrameDefault + 0x5eee (0x5dc36e in /workspace/vllm/.venv/bin/python)
frame #57: PyEval_EvalCode + 0x15b (0x5d543b in /workspace/vllm/.venv/bin/python)
frame #58: /workspace/vllm/.venv/bin/python() [0x5d322c]
frame #59: /workspace/vllm/.venv/bin/python() [0x581d1d]
frame #60: _PyEval_EvalFrameDefault + 0x4c3a (0x5db0ba in /workspace/vllm/.venv/bin/python)
frame #61: /workspace/vllm/.venv/bin/python() [0x549d47]
frame #62: PyObject_CallMethodObjArgs + 0xe3 (0x54b5c3 in /workspace/vllm/.venv/bin/python)

[E709 13:36:15.073391139 shim_common.cpp:1458] Exception in aoti_torch: Tried to register an operator (_C::silu_and_mul_quant(Tensor($0! -> ) result, Tensor input, Tensor scale) -> ()) with the same name and overload name multiple times. Each overload's schema should only be registered with a single call to def(). Duplicate registration: registered at /workspace/csrc/libtorch_stable/torch_bindings.cpp:10. Original registration: registered at /workspace/csrc/torch_bindings.cpp:21
Exception raised from registerDef at /pytorch/aten/src/ATen/core/dispatch/Dispatcher.cpp:248 (most recent call first):
frame #0: c10::Error::Error(c10::SourceLocation, std::__cxx11::basic_string<char, std::char_traits<char>, std::allocator<char> >) + 0x9d (0x7ffff6b7205d in /workspace/vllm/.venv/lib/python3.12/site-packages/torch/lib/libc10.so)
frame #1: c10::detail::torchCheckFail(char const*, char const*, unsigned int, std::__cxx11::basic_string<char, std::char_traits<char>, std::allocator<char> > const&) + 0xc3 (0x7ffff6b066fd in /workspace/vllm/.venv/lib/python3.12/site-packages/torch/lib/libc10.so)
frame #2: c10::Dispatcher::registerDef(c10::FunctionSchema, std::__cxx11::basic_string<char, std::char_traits<char>, std::allocator<char> >, std::vector<at::Tag, std::allocator<at::Tag> >) + 0x35e (0x7fff0e6811fe in /workspace/vllm/.venv/lib/python3.12/site-packages/torch/lib/libtorch_cpu.so)
frame #3: torch::Library::_def(c10::FunctionSchema&&, c10::OperatorName*, std::vector<at::Tag, std::allocator<at::Tag> > const&, torch::_RegisterOrVerify) & + 0x514 (0x7fff0e6c2254 in /workspace/vllm/.venv/lib/python3.12/site-packages/torch/lib/libtorch_cpu.so)
frame #4: aoti_torch_library_def + 0x99 (0x7fff128d45b9 in /workspace/vllm/.venv/lib/python3.12/site-packages/torch/lib/libtorch_cpu.so)
frame #5: <unknown function> + 0x2bdb3c (0x7ffe8aebeb3c in /workspace/vllm/vllm/_C_stable_libtorch.abi3.so)
frame #6: <unknown function> + 0x2bf0ce (0x7ffe8aec00ce in /workspace/vllm/vllm/_C_stable_libtorch.abi3.so)
frame #7: <unknown function> + 0x279d92 (0x7ffe8ae7ad92 in /workspace/vllm/vllm/_C_stable_libtorch.abi3.so)
frame #8: <unknown function> + 0x571f (0x7ffff7fca71f in /lib64/ld-linux-x86-64.so.2)
frame #9: <unknown function> + 0x5824 (0x7ffff7fca824 in /lib64/ld-linux-x86-64.so.2)
frame #10: _dl_catch_exception + 0x132 (0x7ffff7fc65b2 in /lib64/ld-linux-x86-64.so.2)
frame #11: <unknown function> + 0xcd7c (0x7ffff7fd1d7c in /lib64/ld-linux-x86-64.so.2)
frame #12: _dl_catch_exception + 0x9c (0x7ffff7fc651c in /lib64/ld-linux-x86-64.so.2)
frame #13: <unknown function> + 0xd164 (0x7ffff7fd2164 in /lib64/ld-linux-x86-64.so.2)
frame #14: <unknown function> + 0x981a4 (0x7ffff7d0c1a4 in /usr/lib/x86_64-linux-gnu/libc.so.6)
frame #15: _dl_catch_exception + 0x9c (0x7ffff7fc651c in /lib64/ld-linux-x86-64.so.2)
frame #16: <unknown function> + 0x1669 (0x7ffff7fc6669 in /lib64/ld-linux-x86-64.so.2)
frame #17: <unknown function> + 0x97c83 (0x7ffff7d0bc83 in /usr/lib/x86_64-linux-gnu/libc.so.6)
frame #18: dlopen + 0x6f (0x7ffff7d0c25f in /usr/lib/x86_64-linux-gnu/libc.so.6)
frame #19: /workspace/vllm/.venv/bin/python() [0x6bc36c]
frame #20: /workspace/vllm/.venv/bin/python() [0x6a946a]
frame #21: /workspace/vllm/.venv/bin/python() [0x6a8bf2]
frame #22: /workspace/vllm/.venv/bin/python() [0x581f37]
frame #23: _PyEval_EvalFrameDefault + 0x4c3a (0x5db0ba in /workspace/vllm/.venv/bin/python)
frame #24: /workspace/vllm/.venv/bin/python() [0x549d47]
frame #25: PyObject_CallMethodObjArgs + 0xe3 (0x54b5c3 in /workspace/vllm/.venv/bin/python)
frame #26: PyImport_ImportModuleLevelObject + 0x395 (0x5fd805 in /workspace/vllm/.venv/bin/python)
frame #27: _PyEval_EvalFrameDefault + 0x5eee (0x5dc36e in /workspace/vllm/.venv/bin/python)
frame #28: PyEval_EvalCode + 0x15b (0x5d543b in /workspace/vllm/.venv/bin/python)
frame #29: /workspace/vllm/.venv/bin/python() [0x5d322c]
frame #30: /workspace/vllm/.venv/bin/python() [0x581d1d]
frame #31: _PyEval_EvalFrameDefault + 0x4c3a (0x5db0ba in /workspace/vllm/.venv/bin/python)
frame #32: PyObject_CallOneArg + 0x4d (0x54a65d in /workspace/vllm/.venv/bin/python)
frame #33: /workspace/vllm/.venv/bin/python() [0x582e84]
frame #34: _PyObject_LookupAttr + 0x7a (0x584bea in /workspace/vllm/.venv/bin/python)
frame #35: /workspace/vllm/.venv/bin/python() [0x5d2b8a]
frame #36: _PyEval_EvalFrameDefault + 0x207d (0x5d84fd in /workspace/vllm/.venv/bin/python)
frame #37: /workspace/vllm/.venv/bin/python() [0x549d47]
frame #38: PyObject_CallMethodObjArgs + 0xe3 (0x54b5c3 in /workspace/vllm/.venv/bin/python)
frame #39: PyImport_ImportModuleLevelObject + 0x5eb (0x5fda5b in /workspace/vllm/.venv/bin/python)
frame #40: _PyEval_EvalFrameDefault + 0x5eee (0x5dc36e in /workspace/vllm/.venv/bin/python)
frame #41: PyEval_EvalCode + 0x15b (0x5d543b in /workspace/vllm/.venv/bin/python)
frame #42: /workspace/vllm/.venv/bin/python() [0x5d322c]
frame #43: /workspace/vllm/.venv/bin/python() [0x581d1d]
frame #44: _PyEval_EvalFrameDefault + 0x4c3a (0x5db0ba in /workspace/vllm/.venv/bin/python)
frame #45: /workspace/vllm/.venv/bin/python() [0x549d47]
frame #46: PyObject_CallMethodObjArgs + 0xe3 (0x54b5c3 in /workspace/vllm/.venv/bin/python)
frame #47: PyImport_ImportModuleLevelObject + 0x395 (0x5fd805 in /workspace/vllm/.venv/bin/python)
frame #48: _PyEval_EvalFrameDefault + 0x5eee (0x5dc36e in /workspace/vllm/.venv/bin/python)
frame #49: PyEval_EvalCode + 0x15b (0x5d543b in /workspace/vllm/.venv/bin/python)
frame #50: /workspace/vllm/.venv/bin/python() [0x5d322c]
frame #51: /workspace/vllm/.venv/bin/python() [0x581d1d]
frame #52: _PyEval_EvalFrameDefault + 0x4c3a (0x5db0ba in /workspace/vllm/.venv/bin/python)
frame #53: /workspace/vllm/.venv/bin/python() [0x549d47]
frame #54: PyObject_CallMethodObjArgs + 0xe3 (0x54b5c3 in /workspace/vllm/.venv/bin/python)
frame #55: PyImport_ImportModuleLevelObject + 0x395 (0x5fd805 in /workspace/vllm/.venv/bin/python)
frame #56: _PyEval_EvalFrameDefault + 0x5eee (0x5dc36e in /workspace/vllm/.venv/bin/python)
frame #57: PyEval_EvalCode + 0x15b (0x5d543b in /workspace/vllm/.venv/bin/python)
frame #58: /workspace/vllm/.venv/bin/python() [0x5d322c]
frame #59: /workspace/vllm/.venv/bin/python() [0x581d1d]
frame #60: _PyEval_EvalFrameDefault + 0x4c3a (0x5db0ba in /workspace/vllm/.venv/bin/python)
frame #61: /workspace/vllm/.venv/bin/python() [0x549d47]
frame #62: PyObject_CallMethodObjArgs + 0xe3 (0x54b5c3 in /workspace/vllm/.venv/bin/python)

[W709 13:36:15.075521386 OperatorEntry.cpp:208] Warning: Warning only once for all operators,  other operators may also be overridden.
  Overriding a previously registered kernel for the same operator and the same dispatch key
  operator: _C::persistent_masked_m_silu_mul_quant(Tensor input, Tensor counts, Tensor($0! -> ) y_q, Tensor($1! -> ) y_s, bool use_ue8m0) -> ()
    registered at /workspace/csrc/torch_bindings.cpp:21
  dispatch key: CUDA
  previous kernel: registered at /workspace/csrc/torch_bindings.cpp:21
       new kernel: registered at /workspace/csrc/libtorch_stable/torch_bindings.cpp:603 (function operator())
[E709 13:36:15.095619537 shim_common.cpp:1458] Exception in aoti_torch: Tried to register an operator (_C::persistent_masked_m_silu_mul_quant(Tensor input, Tensor counts, Tensor($0! -> ) y_q, Tensor($1! -> ) y_s, bool use_ue8m0) -> ()) with the same name and overload name multiple times. Each overload's schema should only be registered with a single call to def(). Duplicate registration: registered at /workspace/csrc/libtorch_stable/torch_bindings.cpp:10. Original registration: registered at /workspace/csrc/torch_bindings.cpp:21
Exception raised from registerDef at /pytorch/aten/src/ATen/core/dispatch/Dispatcher.cpp:248 (most recent call first):
frame #0: c10::Error::Error(c10::SourceLocation, std::__cxx11::basic_string<char, std::char_traits<char>, std::allocator<char> >) + 0x9d (0x7ffff6b7205d in /workspace/vllm/.venv/lib/python3.12/site-packages/torch/lib/libc10.so)
frame #1: c10::detail::torchCheckFail(char const*, char const*, unsigned int, std::__cxx11::basic_string<char, std::char_traits<char>, std::allocator<char> > const&) + 0xc3 (0x7ffff6b066fd in /workspace/vllm/.venv/lib/python3.12/site-packages/torch/lib/libc10.so)
frame #2: c10::Dispatcher::registerDef(c10::FunctionSchema, std::__cxx11::basic_string<char, std::char_traits<char>, std::allocator<char> >, std::vector<at::Tag, std::allocator<at::Tag> >) + 0x35e (0x7fff0e6811fe in /workspace/vllm/.venv/lib/python3.12/site-packages/torch/lib/libtorch_cpu.so)
frame #3: torch::Library::_def(c10::FunctionSchema&&, c10::OperatorName*, std::vector<at::Tag, std::allocator<at::Tag> > const&, torch::_RegisterOrVerify) & + 0x514 (0x7fff0e6c2254 in /workspace/vllm/.venv/lib/python3.12/site-packages/torch/lib/libtorch_cpu.so)
frame #4: aoti_torch_library_def + 0x99 (0x7fff128d45b9 in /workspace/vllm/.venv/lib/python3.12/site-packages/torch/lib/libtorch_cpu.so)
frame #5: <unknown function> + 0x2bdaf1 (0x7ffe8aebeaf1 in /workspace/vllm/vllm/_C_stable_libtorch.abi3.so)
frame #6: <unknown function> + 0x2bf0ce (0x7ffe8aec00ce in /workspace/vllm/vllm/_C_stable_libtorch.abi3.so)
frame #7: <unknown function> + 0x279d92 (0x7ffe8ae7ad92 in /workspace/vllm/vllm/_C_stable_libtorch.abi3.so)
frame #8: <unknown function> + 0x571f (0x7ffff7fca71f in /lib64/ld-linux-x86-64.so.2)
frame #9: <unknown function> + 0x5824 (0x7ffff7fca824 in /lib64/ld-linux-x86-64.so.2)
frame #10: _dl_catch_exception + 0x132 (0x7ffff7fc65b2 in /lib64/ld-linux-x86-64.so.2)
frame #11: <unknown function> + 0xcd7c (0x7ffff7fd1d7c in /lib64/ld-linux-x86-64.so.2)
frame #12: _dl_catch_exception + 0x9c (0x7ffff7fc651c in /lib64/ld-linux-x86-64.so.2)
frame #13: <unknown function> + 0xd164 (0x7ffff7fd2164 in /lib64/ld-linux-x86-64.so.2)
frame #14: <unknown function> + 0x981a4 (0x7ffff7d0c1a4 in /usr/lib/x86_64-linux-gnu/libc.so.6)
frame #15: _dl_catch_exception + 0x9c (0x7ffff7fc651c in /lib64/ld-linux-x86-64.so.2)
frame #16: <unknown function> + 0x1669 (0x7ffff7fc6669 in /lib64/ld-linux-x86-64.so.2)
frame #17: <unknown function> + 0x97c83 (0x7ffff7d0bc83 in /usr/lib/x86_64-linux-gnu/libc.so.6)
frame #18: dlopen + 0x6f (0x7ffff7d0c25f in /usr/lib/x86_64-linux-gnu/libc.so.6)
frame #19: /workspace/vllm/.venv/bin/python() [0x6bc36c]
frame #20: /workspace/vllm/.venv/bin/python() [0x6a946a]
frame #21: /workspace/vllm/.venv/bin/python() [0x6a8bf2]
frame #22: /workspace/vllm/.venv/bin/python() [0x581f37]
frame #23: _PyEval_EvalFrameDefault + 0x4c3a (0x5db0ba in /workspace/vllm/.venv/bin/python)
frame #24: /workspace/vllm/.venv/bin/python() [0x549d47]
frame #25: PyObject_CallMethodObjArgs + 0xe3 (0x54b5c3 in /workspace/vllm/.venv/bin/python)
frame #26: PyImport_ImportModuleLevelObject + 0x395 (0x5fd805 in /workspace/vllm/.venv/bin/python)
frame #27: _PyEval_EvalFrameDefault + 0x5eee (0x5dc36e in /workspace/vllm/.venv/bin/python)
frame #28: PyEval_EvalCode + 0x15b (0x5d543b in /workspace/vllm/.venv/bin/python)
frame #29: /workspace/vllm/.venv/bin/python() [0x5d322c]
frame #30: /workspace/vllm/.venv/bin/python() [0x581d1d]
frame #31: _PyEval_EvalFrameDefault + 0x4c3a (0x5db0ba in /workspace/vllm/.venv/bin/python)
frame #32: PyObject_CallOneArg + 0x4d (0x54a65d in /workspace/vllm/.venv/bin/python)
frame #33: /workspace/vllm/.venv/bin/python() [0x582e84]
frame #34: _PyObject_LookupAttr + 0x7a (0x584bea in /workspace/vllm/.venv/bin/python)
frame #35: /workspace/vllm/.venv/bin/python() [0x5d2b8a]
frame #36: _PyEval_EvalFrameDefault + 0x207d (0x5d84fd in /workspace/vllm/.venv/bin/python)
frame #37: /workspace/vllm/.venv/bin/python() [0x549d47]
frame #38: PyObject_CallMethodObjArgs + 0xe3 (0x54b5c3 in /workspace/vllm/.venv/bin/python)
frame #39: PyImport_ImportModuleLevelObject + 0x5eb (0x5fda5b in /workspace/vllm/.venv/bin/python)
frame #40: _PyEval_EvalFrameDefault + 0x5eee (0x5dc36e in /workspace/vllm/.venv/bin/python)
frame #41: PyEval_EvalCode + 0x15b (0x5d543b in /workspace/vllm/.venv/bin/python)
frame #42: /workspace/vllm/.venv/bin/python() [0x5d322c]
frame #43: /workspace/vllm/.venv/bin/python() [0x581d1d]
frame #44: _PyEval_EvalFrameDefault + 0x4c3a (0x5db0ba in /workspace/vllm/.venv/bin/python)
frame #45: /workspace/vllm/.venv/bin/python() [0x549d47]
frame #46: PyObject_CallMethodObjArgs + 0xe3 (0x54b5c3 in /workspace/vllm/.venv/bin/python)
frame #47: PyImport_ImportModuleLevelObject + 0x395 (0x5fd805 in /workspace/vllm/.venv/bin/python)
frame #48: _PyEval_EvalFrameDefault + 0x5eee (0x5dc36e in /workspace/vllm/.venv/bin/python)
frame #49: PyEval_EvalCode + 0x15b (0x5d543b in /workspace/vllm/.venv/bin/python)
frame #50: /workspace/vllm/.venv/bin/python() [0x5d322c]
frame #51: /workspace/vllm/.venv/bin/python() [0x581d1d]
frame #52: _PyEval_EvalFrameDefault + 0x4c3a (0x5db0ba in /workspace/vllm/.venv/bin/python)
frame #53: /workspace/vllm/.venv/bin/python() [0x549d47]
frame #54: PyObject_CallMethodObjArgs + 0xe3 (0x54b5c3 in /workspace/vllm/.venv/bin/python)
frame #55: PyImport_ImportModuleLevelObject + 0x395 (0x5fd805 in /workspace/vllm/.venv/bin/python)
frame #56: _PyEval_EvalFrameDefault + 0x5eee (0x5dc36e in /workspace/vllm/.venv/bin/python)
frame #57: PyEval_EvalCode + 0x15b (0x5d543b in /workspace/vllm/.venv/bin/python)
frame #58: /workspace/vllm/.venv/bin/python() [0x5d322c]
frame #59: /workspace/vllm/.venv/bin/python() [0x581d1d]
frame #60: _PyEval_EvalFrameDefault + 0x4c3a (0x5db0ba in /workspace/vllm/.venv/bin/python)
frame #61: /workspace/vllm/.venv/bin/python() [0x549d47]
frame #62: PyObject_CallMethodObjArgs + 0xe3 (0x54b5c3 in /workspace/vllm/.venv/bin/python)

[E709 13:36:15.097630906 shim_common.cpp:1458] Exception in aoti_torch: Tried to register an operator (_C::weak_ref_tensor(Tensor input) -> Tensor) with the same name and overload name multiple times. Each overload's schema should only be registered with a single call to def(). Duplicate registration: registered at /workspace/csrc/libtorch_stable/torch_bindings.cpp:10. Original registration: registered at /workspace/csrc/torch_bindings.cpp:21
Exception raised from registerDef at /pytorch/aten/src/ATen/core/dispatch/Dispatcher.cpp:248 (most recent call first):
frame #0: c10::Error::Error(c10::SourceLocation, std::__cxx11::basic_string<char, std::char_traits<char>, std::allocator<char> >) + 0x9d (0x7ffff6b7205d in /workspace/vllm/.venv/lib/python3.12/site-packages/torch/lib/libc10.so)
frame #1: c10::detail::torchCheckFail(char const*, char const*, unsigned int, std::__cxx11::basic_string<char, std::char_traits<char>, std::allocator<char> > const&) + 0xc3 (0x7ffff6b066fd in /workspace/vllm/.venv/lib/python3.12/site-packages/torch/lib/libc10.so)
frame #2: c10::Dispatcher::registerDef(c10::FunctionSchema, std::__cxx11::basic_string<char, std::char_traits<char>, std::allocator<char> >, std::vector<at::Tag, std::allocator<at::Tag> >) + 0x35e (0x7fff0e6811fe in /workspace/vllm/.venv/lib/python3.12/site-packages/torch/lib/libtorch_cpu.so)
frame #3: torch::Library::_def(c10::FunctionSchema&&, c10::OperatorName*, std::vector<at::Tag, std::allocator<at::Tag> > const&, torch::_RegisterOrVerify) & + 0x514 (0x7fff0e6c2254 in /workspace/vllm/.venv/lib/python3.12/site-packages/torch/lib/libtorch_cpu.so)
frame #4: aoti_torch_library_def + 0x99 (0x7fff128d45b9 in /workspace/vllm/.venv/lib/python3.12/site-packages/torch/lib/libtorch_cpu.so)
frame #5: <unknown function> + 0x2bdb00 (0x7ffe8aebeb00 in /workspace/vllm/vllm/_C_stable_libtorch.abi3.so)
frame #6: <unknown function> + 0x2bf0ce (0x7ffe8aec00ce in /workspace/vllm/vllm/_C_stable_libtorch.abi3.so)
frame #7: <unknown function> + 0x279d92 (0x7ffe8ae7ad92 in /workspace/vllm/vllm/_C_stable_libtorch.abi3.so)
frame #8: <unknown function> + 0x571f (0x7ffff7fca71f in /lib64/ld-linux-x86-64.so.2)
frame #9: <unknown function> + 0x5824 (0x7ffff7fca824 in /lib64/ld-linux-x86-64.so.2)
frame #10: _dl_catch_exception + 0x132 (0x7ffff7fc65b2 in /lib64/ld-linux-x86-64.so.2)
frame #11: <unknown function> + 0xcd7c (0x7ffff7fd1d7c in /lib64/ld-linux-x86-64.so.2)
frame #12: _dl_catch_exception + 0x9c (0x7ffff7fc651c in /lib64/ld-linux-x86-64.so.2)
frame #13: <unknown function> + 0xd164 (0x7ffff7fd2164 in /lib64/ld-linux-x86-64.so.2)
frame #14: <unknown function> + 0x981a4 (0x7ffff7d0c1a4 in /usr/lib/x86_64-linux-gnu/libc.so.6)
frame #15: _dl_catch_exception + 0x9c (0x7ffff7fc651c in /lib64/ld-linux-x86-64.so.2)
frame #16: <unknown function> + 0x1669 (0x7ffff7fc6669 in /lib64/ld-linux-x86-64.so.2)
frame #17: <unknown function> + 0x97c83 (0x7ffff7d0bc83 in /usr/lib/x86_64-linux-gnu/libc.so.6)
frame #18: dlopen + 0x6f (0x7ffff7d0c25f in /usr/lib/x86_64-linux-gnu/libc.so.6)
frame #19: /workspace/vllm/.venv/bin/python() [0x6bc36c]
frame #20: /workspace/vllm/.venv/bin/python() [0x6a946a]
frame #21: /workspace/vllm/.venv/bin/python() [0x6a8bf2]
frame #22: /workspace/vllm/.venv/bin/python() [0x581f37]
frame #23: _PyEval_EvalFrameDefault + 0x4c3a (0x5db0ba in /workspace/vllm/.venv/bin/python)
frame #24: /workspace/vllm/.venv/bin/python() [0x549d47]
frame #25: PyObject_CallMethodObjArgs + 0xe3 (0x54b5c3 in /workspace/vllm/.venv/bin/python)
frame #26: PyImport_ImportModuleLevelObject + 0x395 (0x5fd805 in /workspace/vllm/.venv/bin/python)
frame #27: _PyEval_EvalFrameDefault + 0x5eee (0x5dc36e in /workspace/vllm/.venv/bin/python)
frame #28: PyEval_EvalCode + 0x15b (0x5d543b in /workspace/vllm/.venv/bin/python)
frame #29: /workspace/vllm/.venv/bin/python() [0x5d322c]
frame #30: /workspace/vllm/.venv/bin/python() [0x581d1d]
frame #31: _PyEval_EvalFrameDefault + 0x4c3a (0x5db0ba in /workspace/vllm/.venv/bin/python)
frame #32: PyObject_CallOneArg + 0x4d (0x54a65d in /workspace/vllm/.venv/bin/python)
frame #33: /workspace/vllm/.venv/bin/python() [0x582e84]
frame #34: _PyObject_LookupAttr + 0x7a (0x584bea in /workspace/vllm/.venv/bin/python)
frame #35: /workspace/vllm/.venv/bin/python() [0x5d2b8a]
frame #36: _PyEval_EvalFrameDefault + 0x207d (0x5d84fd in /workspace/vllm/.venv/bin/python)
frame #37: /workspace/vllm/.venv/bin/python() [0x549d47]
frame #38: PyObject_CallMethodObjArgs + 0xe3 (0x54b5c3 in /workspace/vllm/.venv/bin/python)
frame #39: PyImport_ImportModuleLevelObject + 0x5eb (0x5fda5b in /workspace/vllm/.venv/bin/python)
frame #40: _PyEval_EvalFrameDefault + 0x5eee (0x5dc36e in /workspace/vllm/.venv/bin/python)
frame #41: PyEval_EvalCode + 0x15b (0x5d543b in /workspace/vllm/.venv/bin/python)
frame #42: /workspace/vllm/.venv/bin/python() [0x5d322c]
frame #43: /workspace/vllm/.venv/bin/python() [0x581d1d]
frame #44: _PyEval_EvalFrameDefault + 0x4c3a (0x5db0ba in /workspace/vllm/.venv/bin/python)
frame #45: /workspace/vllm/.venv/bin/python() [0x549d47]
frame #46: PyObject_CallMethodObjArgs + 0xe3 (0x54b5c3 in /workspace/vllm/.venv/bin/python)
frame #47: PyImport_ImportModuleLevelObject + 0x395 (0x5fd805 in /workspace/vllm/.venv/bin/python)
frame #48: _PyEval_EvalFrameDefault + 0x5eee (0x5dc36e in /workspace/vllm/.venv/bin/python)
frame #49: PyEval_EvalCode + 0x15b (0x5d543b in /workspace/vllm/.venv/bin/python)
frame #50: /workspace/vllm/.venv/bin/python() [0x5d322c]
frame #51: /workspace/vllm/.venv/bin/python() [0x581d1d]
frame #52: _PyEval_EvalFrameDefault + 0x4c3a (0x5db0ba in /workspace/vllm/.venv/bin/python)
frame #53: /workspace/vllm/.venv/bin/python() [0x549d47]
frame #54: PyObject_CallMethodObjArgs + 0xe3 (0x54b5c3 in /workspace/vllm/.venv/bin/python)
frame #55: PyImport_ImportModuleLevelObject + 0x395 (0x5fd805 in /workspace/vllm/.venv/bin/python)
frame #56: _PyEval_EvalFrameDefault + 0x5eee (0x5dc36e in /workspace/vllm/.venv/bin/python)
frame #57: PyEval_EvalCode + 0x15b (0x5d543b in /workspace/vllm/.venv/bin/python)
frame #58: /workspace/vllm/.venv/bin/python() [0x5d322c]
frame #59: /workspace/vllm/.venv/bin/python() [0x581d1d]
frame #60: _PyEval_EvalFrameDefault + 0x4c3a (0x5db0ba in /workspace/vllm/.venv/bin/python)
frame #61: /workspace/vllm/.venv/bin/python() [0x549d47]
frame #62: PyObject_CallMethodObjArgs + 0xe3 (0x54b5c3 in /workspace/vllm/.venv/bin/python)

[E709 13:36:15.099658307 shim_common.cpp:1458] Exception in aoti_torch: Tried to register an operator (_C::silu_and_mul_quant(Tensor($0! -> ) result, Tensor input, Tensor scale) -> ()) with the same name and overload name multiple times. Each overload's schema should only be registered with a single call to def(). Duplicate registration: registered at /workspace/csrc/libtorch_stable/torch_bindings.cpp:10. Original registration: registered at /workspace/csrc/torch_bindings.cpp:21
Exception raised from registerDef at /pytorch/aten/src/ATen/core/dispatch/Dispatcher.cpp:248 (most recent call first):
frame #0: c10::Error::Error(c10::SourceLocation, std::__cxx11::basic_string<char, std::char_traits<char>, std::allocator<char> >) + 0x9d (0x7ffff6b7205d in /workspace/vllm/.venv/lib/python3.12/site-packages/torch/lib/libc10.so)
frame #1: c10::detail::torchCheckFail(char const*, char const*, unsigned int, std::__cxx11::basic_string<char, std::char_traits<char>, std::allocator<char> > const&) + 0xc3 (0x7ffff6b066fd in /workspace/vllm/.venv/lib/python3.12/site-packages/torch/lib/libc10.so)
frame #2: c10::Dispatcher::registerDef(c10::FunctionSchema, std::__cxx11::basic_string<char, std::char_traits<char>, std::allocator<char> >, std::vector<at::Tag, std::allocator<at::Tag> >) + 0x35e (0x7fff0e6811fe in /workspace/vllm/.venv/lib/python3.12/site-packages/torch/lib/libtorch_cpu.so)
frame #3: torch::Library::_def(c10::FunctionSchema&&, c10::OperatorName*, std::vector<at::Tag, std::allocator<at::Tag> > const&, torch::_RegisterOrVerify) & + 0x514 (0x7fff0e6c2254 in /workspace/vllm/.venv/lib/python3.12/site-packages/torch/lib/libtorch_cpu.so)
frame #4: aoti_torch_library_def + 0x99 (0x7fff128d45b9 in /workspace/vllm/.venv/lib/python3.12/site-packages/torch/lib/libtorch_cpu.so)
frame #5: <unknown function> + 0x2bdb3c (0x7ffe8aebeb3c in /workspace/vllm/vllm/_C_stable_libtorch.abi3.so)
frame #6: <unknown function> + 0x2bf0ce (0x7ffe8aec00ce in /workspace/vllm/vllm/_C_stable_libtorch.abi3.so)
frame #7: <unknown function> + 0x279d92 (0x7ffe8ae7ad92 in /workspace/vllm/vllm/_C_stable_libtorch.abi3.so)
frame #8: <unknown function> + 0x571f (0x7ffff7fca71f in /lib64/ld-linux-x86-64.so.2)
frame #9: <unknown function> + 0x5824 (0x7ffff7fca824 in /lib64/ld-linux-x86-64.so.2)
frame #10: _dl_catch_exception + 0x132 (0x7ffff7fc65b2 in /lib64/ld-linux-x86-64.so.2)
frame #11: <unknown function> + 0xcd7c (0x7ffff7fd1d7c in /lib64/ld-linux-x86-64.so.2)
frame #12: _dl_catch_exception + 0x9c (0x7ffff7fc651c in /lib64/ld-linux-x86-64.so.2)
frame #13: <unknown function> + 0xd164 (0x7ffff7fd2164 in /lib64/ld-linux-x86-64.so.2)
frame #14: <unknown function> + 0x981a4 (0x7ffff7d0c1a4 in /usr/lib/x86_64-linux-gnu/libc.so.6)
frame #15: _dl_catch_exception + 0x9c (0x7ffff7fc651c in /lib64/ld-linux-x86-64.so.2)
frame #16: <unknown function> + 0x1669 (0x7ffff7fc6669 in /lib64/ld-linux-x86-64.so.2)
frame #17: <unknown function> + 0x97c83 (0x7ffff7d0bc83 in /usr/lib/x86_64-linux-gnu/libc.so.6)
frame #18: dlopen + 0x6f (0x7ffff7d0c25f in /usr/lib/x86_64-linux-gnu/libc.so.6)
frame #19: /workspace/vllm/.venv/bin/python() [0x6bc36c]
frame #20: /workspace/vllm/.venv/bin/python() [0x6a946a]
frame #21: /workspace/vllm/.venv/bin/python() [0x6a8bf2]
frame #22: /workspace/vllm/.venv/bin/python() [0x581f37]
frame #23: _PyEval_EvalFrameDefault + 0x4c3a (0x5db0ba in /workspace/vllm/.venv/bin/python)
frame #24: /workspace/vllm/.venv/bin/python() [0x549d47]
frame #25: PyObject_CallMethodObjArgs + 0xe3 (0x54b5c3 in /workspace/vllm/.venv/bin/python)
frame #26: PyImport_ImportModuleLevelObject + 0x395 (0x5fd805 in /workspace/vllm/.venv/bin/python)
frame #27: _PyEval_EvalFrameDefault + 0x5eee (0x5dc36e in /workspace/vllm/.venv/bin/python)
frame #28: PyEval_EvalCode + 0x15b (0x5d543b in /workspace/vllm/.venv/bin/python)
frame #29: /workspace/vllm/.venv/bin/python() [0x5d322c]
frame #30: /workspace/vllm/.venv/bin/python() [0x581d1d]
frame #31: _PyEval_EvalFrameDefault + 0x4c3a (0x5db0ba in /workspace/vllm/.venv/bin/python)
frame #32: PyObject_CallOneArg + 0x4d (0x54a65d in /workspace/vllm/.venv/bin/python)
frame #33: /workspace/vllm/.venv/bin/python() [0x582e84]
frame #34: _PyObject_LookupAttr + 0x7a (0x584bea in /workspace/vllm/.venv/bin/python)
frame #35: /workspace/vllm/.venv/bin/python() [0x5d2b8a]
frame #36: _PyEval_EvalFrameDefault + 0x207d (0x5d84fd in /workspace/vllm/.venv/bin/python)
frame #37: /workspace/vllm/.venv/bin/python() [0x549d47]
frame #38: PyObject_CallMethodObjArgs + 0xe3 (0x54b5c3 in /workspace/vllm/.venv/bin/python)
frame #39: PyImport_ImportModuleLevelObject + 0x5eb (0x5fda5b in /workspace/vllm/.venv/bin/python)
frame #40: _PyEval_EvalFrameDefault + 0x5eee (0x5dc36e in /workspace/vllm/.venv/bin/python)
frame #41: PyEval_EvalCode + 0x15b (0x5d543b in /workspace/vllm/.venv/bin/python)
frame #42: /workspace/vllm/.venv/bin/python() [0x5d322c]
frame #43: /workspace/vllm/.venv/bin/python() [0x581d1d]
frame #44: _PyEval_EvalFrameDefault + 0x4c3a (0x5db0ba in /workspace/vllm/.venv/bin/python)
frame #45: /workspace/vllm/.venv/bin/python() [0x549d47]
frame #46: PyObject_CallMethodObjArgs + 0xe3 (0x54b5c3 in /workspace/vllm/.venv/bin/python)
frame #47: PyImport_ImportModuleLevelObject + 0x395 (0x5fd805 in /workspace/vllm/.venv/bin/python)
frame #48: _PyEval_EvalFrameDefault + 0x5eee (0x5dc36e in /workspace/vllm/.venv/bin/python)
frame #49: PyEval_EvalCode + 0x15b (0x5d543b in /workspace/vllm/.venv/bin/python)
frame #50: /workspace/vllm/.venv/bin/python() [0x5d322c]
frame #51: /workspace/vllm/.venv/bin/python() [0x581d1d]
frame #52: _PyEval_EvalFrameDefault + 0x4c3a (0x5db0ba in /workspace/vllm/.venv/bin/python)
frame #53: /workspace/vllm/.venv/bin/python() [0x549d47]
frame #54: PyObject_CallMethodObjArgs + 0xe3 (0x54b5c3 in /workspace/vllm/.venv/bin/python)
frame #55: PyImport_ImportModuleLevelObject + 0x395 (0x5fd805 in /workspace/vllm/.venv/bin/python)
frame #56: _PyEval_EvalFrameDefault + 0x5eee (0x5dc36e in /workspace/vllm/.venv/bin/python)
frame #57: PyEval_EvalCode + 0x15b (0x5d543b in /workspace/vllm/.venv/bin/python)
frame #58: /workspace/vllm/.venv/bin/python() [0x5d322c]
frame #59: /workspace/vllm/.venv/bin/python() [0x581d1d]
frame #60: _PyEval_EvalFrameDefault + 0x4c3a (0x5db0ba in /workspace/vllm/.venv/bin/python)
frame #61: /workspace/vllm/.venv/bin/python() [0x549d47]
frame #62: PyObject_CallMethodObjArgs + 0xe3 (0x54b5c3 in /workspace/vllm/.venv/bin/python)

[W709 13:36:15.101822391 OperatorEntry.cpp:208] Warning: Warning only once for all operators,  other operators may also be overridden.
  Overriding a previously registered kernel for the same operator and the same dispatch key
  operator: _C::persistent_masked_m_silu_mul_quant(Tensor input, Tensor counts, Tensor($0! -> ) y_q, Tensor($1! -> ) y_s, bool use_ue8m0) -> ()
    registered at /workspace/csrc/torch_bindings.cpp:21
  dispatch key: CUDA
  previous kernel: registered at /workspace/csrc/torch_bindings.cpp:21
       new kernel: registered at /workspace/csrc/libtorch_stable/torch_bindings.cpp:603 (function operator())
[E709 13:36:15.317187113 shim_common.cpp:1458] Exception in aoti_torch: Tried to register an operator (_C::persistent_masked_m_silu_mul_quant(Tensor input, Tensor counts, Tensor($0! -> ) y_q, Tensor($1! -> ) y_s, bool use_ue8m0) -> ()) with the same name and overload name multiple times. Each overload's schema should only be registered with a single call to def(). Duplicate registration: registered at /workspace/csrc/libtorch_stable/torch_bindings.cpp:10. Original registration: registered at /workspace/csrc/torch_bindings.cpp:21
Exception raised from registerDef at /pytorch/aten/src/ATen/core/dispatch/Dispatcher.cpp:248 (most recent call first):
frame #0: c10::Error::Error(c10::SourceLocation, std::__cxx11::basic_string<char, std::char_traits<char>, std::allocator<char> >) + 0x9d (0x7ffff6b7205d in /workspace/vllm/.venv/lib/python3.12/site-packages/torch/lib/libc10.so)
frame #1: c10::detail::torchCheckFail(char const*, char const*, unsigned int, std::__cxx11::basic_string<char, std::char_traits<char>, std::allocator<char> > const&) + 0xc3 (0x7ffff6b066fd in /workspace/vllm/.venv/lib/python3.12/site-packages/torch/lib/libc10.so)
frame #2: c10::Dispatcher::registerDef(c10::FunctionSchema, std::__cxx11::basic_string<char, std::char_traits<char>, std::allocator<char> >, std::vector<at::Tag, std::allocator<at::Tag> >) + 0x35e (0x7fff0e6811fe in /workspace/vllm/.venv/lib/python3.12/site-packages/torch/lib/libtorch_cpu.so)
frame #3: torch::Library::_def(c10::FunctionSchema&&, c10::OperatorName*, std::vector<at::Tag, std::allocator<at::Tag> > const&, torch::_RegisterOrVerify) & + 0x514 (0x7fff0e6c2254 in /workspace/vllm/.venv/lib/python3.12/site-packages/torch/lib/libtorch_cpu.so)
frame #4: aoti_torch_library_def + 0x99 (0x7fff128d45b9 in /workspace/vllm/.venv/lib/python3.12/site-packages/torch/lib/libtorch_cpu.so)
frame #5: <unknown function> + 0x2bdaf1 (0x7ffe8aebeaf1 in /workspace/vllm/vllm/_C_stable_libtorch.abi3.so)
frame #6: <unknown function> + 0x2bf0ce (0x7ffe8aec00ce in /workspace/vllm/vllm/_C_stable_libtorch.abi3.so)
frame #7: <unknown function> + 0x279d92 (0x7ffe8ae7ad92 in /workspace/vllm/vllm/_C_stable_libtorch.abi3.so)
frame #8: <unknown function> + 0x571f (0x7ffff7fca71f in /lib64/ld-linux-x86-64.so.2)
frame #9: <unknown function> + 0x5824 (0x7ffff7fca824 in /lib64/ld-linux-x86-64.so.2)
frame #10: _dl_catch_exception + 0x132 (0x7ffff7fc65b2 in /lib64/ld-linux-x86-64.so.2)
frame #11: <unknown function> + 0xcd7c (0x7ffff7fd1d7c in /lib64/ld-linux-x86-64.so.2)
frame #12: _dl_catch_exception + 0x9c (0x7ffff7fc651c in /lib64/ld-linux-x86-64.so.2)
frame #13: <unknown function> + 0xd164 (0x7ffff7fd2164 in /lib64/ld-linux-x86-64.so.2)
frame #14: <unknown function> + 0x981a4 (0x7ffff7d0c1a4 in /usr/lib/x86_64-linux-gnu/libc.so.6)
frame #15: _dl_catch_exception + 0x9c (0x7ffff7fc651c in /lib64/ld-linux-x86-64.so.2)
frame #16: <unknown function> + 0x1669 (0x7ffff7fc6669 in /lib64/ld-linux-x86-64.so.2)
frame #17: <unknown function> + 0x97c83 (0x7ffff7d0bc83 in /usr/lib/x86_64-linux-gnu/libc.so.6)
frame #18: dlopen + 0x6f (0x7ffff7d0c25f in /usr/lib/x86_64-linux-gnu/libc.so.6)
frame #19: /workspace/vllm/.venv/bin/python() [0x6bc36c]
frame #20: /workspace/vllm/.venv/bin/python() [0x6a946a]
frame #21: /workspace/vllm/.venv/bin/python() [0x6a8bf2]
frame #22: /workspace/vllm/.venv/bin/python() [0x581f37]
frame #23: _PyEval_EvalFrameDefault + 0x4c3a (0x5db0ba in /workspace/vllm/.venv/bin/python)
frame #24: /workspace/vllm/.venv/bin/python() [0x549d47]
frame #25: PyObject_CallMethodObjArgs + 0xe3 (0x54b5c3 in /workspace/vllm/.venv/bin/python)
frame #26: PyImport_ImportModuleLevelObject + 0x395 (0x5fd805 in /workspace/vllm/.venv/bin/python)
frame #27: _PyEval_EvalFrameDefault + 0x5eee (0x5dc36e in /workspace/vllm/.venv/bin/python)
frame #28: PyEval_EvalCode + 0x15b (0x5d543b in /workspace/vllm/.venv/bin/python)
frame #29: /workspace/vllm/.venv/bin/python() [0x5d322c]
frame #30: /workspace/vllm/.venv/bin/python() [0x581d1d]
frame #31: _PyEval_EvalFrameDefault + 0x4c3a (0x5db0ba in /workspace/vllm/.venv/bin/python)
frame #32: PyObject_CallOneArg + 0x4d (0x54a65d in /workspace/vllm/.venv/bin/python)
frame #33: /workspace/vllm/.venv/bin/python() [0x582e84]
frame #34: _PyObject_LookupAttr + 0x7a (0x584bea in /workspace/vllm/.venv/bin/python)
frame #35: /workspace/vllm/.venv/bin/python() [0x5d2b8a]
frame #36: _PyEval_EvalFrameDefault + 0x207d (0x5d84fd in /workspace/vllm/.venv/bin/python)
frame #37: /workspace/vllm/.venv/bin/python() [0x549d47]
frame #38: PyObject_CallMethodObjArgs + 0xe3 (0x54b5c3 in /workspace/vllm/.venv/bin/python)
frame #39: PyImport_ImportModuleLevelObject + 0x5eb (0x5fda5b in /workspace/vllm/.venv/bin/python)
frame #40: _PyEval_EvalFrameDefault + 0x5eee (0x5dc36e in /workspace/vllm/.venv/bin/python)
frame #41: PyEval_EvalCode + 0x15b (0x5d543b in /workspace/vllm/.venv/bin/python)
frame #42: /workspace/vllm/.venv/bin/python() [0x5d322c]
frame #43: /workspace/vllm/.venv/bin/python() [0x581d1d]
frame #44: _PyEval_EvalFrameDefault + 0x4c3a (0x5db0ba in /workspace/vllm/.venv/bin/python)
frame #45: /workspace/vllm/.venv/bin/python() [0x549d47]
frame #46: PyObject_CallMethodObjArgs + 0xe3 (0x54b5c3 in /workspace/vllm/.venv/bin/python)
frame #47: PyImport_ImportModuleLevelObject + 0x395 (0x5fd805 in /workspace/vllm/.venv/bin/python)
frame #48: _PyEval_EvalFrameDefault + 0x5eee (0x5dc36e in /workspace/vllm/.venv/bin/python)
frame #49: PyEval_EvalCode + 0x15b (0x5d543b in /workspace/vllm/.venv/bin/python)
frame #50: /workspace/vllm/.venv/bin/python() [0x5d322c]
frame #51: /workspace/vllm/.venv/bin/python() [0x581d1d]
frame #52: _PyEval_EvalFrameDefault + 0x4c3a (0x5db0ba in /workspace/vllm/.venv/bin/python)
frame #53: /workspace/vllm/.venv/bin/python() [0x549d47]
frame #54: PyObject_CallMethodObjArgs + 0xe3 (0x54b5c3 in /workspace/vllm/.venv/bin/python)
frame #55: PyImport_ImportModuleLevelObject + 0x395 (0x5fd805 in /workspace/vllm/.venv/bin/python)
frame #56: _PyEval_EvalFrameDefault + 0x5eee (0x5dc36e in /workspace/vllm/.venv/bin/python)
frame #57: PyEval_EvalCode + 0x15b (0x5d543b in /workspace/vllm/.venv/bin/python)
frame #58: /workspace/vllm/.venv/bin/python() [0x5d322c]
frame #59: /workspace/vllm/.venv/bin/python() [0x581d1d]
frame #60: _PyEval_EvalFrameDefault + 0x4c3a (0x5db0ba in /workspace/vllm/.venv/bin/python)
frame #61: /workspace/vllm/.venv/bin/python() [0x549d47]
frame #62: PyObject_CallMethodObjArgs + 0xe3 (0x54b5c3 in /workspace/vllm/.venv/bin/python)

[E709 13:36:15.319166172 shim_common.cpp:1458] Exception in aoti_torch: Tried to register an operator (_C::weak_ref_tensor(Tensor input) -> Tensor) with the same name and overload name multiple times. Each overload's schema should only be registered with a single call to def(). Duplicate registration: registered at /workspace/csrc/libtorch_stable/torch_bindings.cpp:10. Original registration: registered at /workspace/csrc/torch_bindings.cpp:21
Exception raised from registerDef at /pytorch/aten/src/ATen/core/dispatch/Dispatcher.cpp:248 (most recent call first):
frame #0: c10::Error::Error(c10::SourceLocation, std::__cxx11::basic_string<char, std::char_traits<char>, std::allocator<char> >) + 0x9d (0x7ffff6b7205d in /workspace/vllm/.venv/lib/python3.12/site-packages/torch/lib/libc10.so)
frame #1: c10::detail::torchCheckFail(char const*, char const*, unsigned int, std::__cxx11::basic_string<char, std::char_traits<char>, std::allocator<char> > const&) + 0xc3 (0x7ffff6b066fd in /workspace/vllm/.venv/lib/python3.12/site-packages/torch/lib/libc10.so)
frame #2: c10::Dispatcher::registerDef(c10::FunctionSchema, std::__cxx11::basic_string<char, std::char_traits<char>, std::allocator<char> >, std::vector<at::Tag, std::allocator<at::Tag> >) + 0x35e (0x7fff0e6811fe in /workspace/vllm/.venv/lib/python3.12/site-packages/torch/lib/libtorch_cpu.so)
frame #3: torch::Library::_def(c10::FunctionSchema&&, c10::OperatorName*, std::vector<at::Tag, std::allocator<at::Tag> > const&, torch::_RegisterOrVerify) & + 0x514 (0x7fff0e6c2254 in /workspace/vllm/.venv/lib/python3.12/site-packages/torch/lib/libtorch_cpu.so)
frame #4: aoti_torch_library_def + 0x99 (0x7fff128d45b9 in /workspace/vllm/.venv/lib/python3.12/site-packages/torch/lib/libtorch_cpu.so)
frame #5: <unknown function> + 0x2bdb00 (0x7ffe8aebeb00 in /workspace/vllm/vllm/_C_stable_libtorch.abi3.so)
frame #6: <unknown function> + 0x2bf0ce (0x7ffe8aec00ce in /workspace/vllm/vllm/_C_stable_libtorch.abi3.so)
frame #7: <unknown function> + 0x279d92 (0x7ffe8ae7ad92 in /workspace/vllm/vllm/_C_stable_libtorch.abi3.so)
frame #8: <unknown function> + 0x571f (0x7ffff7fca71f in /lib64/ld-linux-x86-64.so.2)
frame #9: <unknown function> + 0x5824 (0x7ffff7fca824 in /lib64/ld-linux-x86-64.so.2)
frame #10: _dl_catch_exception + 0x132 (0x7ffff7fc65b2 in /lib64/ld-linux-x86-64.so.2)
frame #11: <unknown function> + 0xcd7c (0x7ffff7fd1d7c in /lib64/ld-linux-x86-64.so.2)
frame #12: _dl_catch_exception + 0x9c (0x7ffff7fc651c in /lib64/ld-linux-x86-64.so.2)
frame #13: <unknown function> + 0xd164 (0x7ffff7fd2164 in /lib64/ld-linux-x86-64.so.2)
frame #14: <unknown function> + 0x981a4 (0x7ffff7d0c1a4 in /usr/lib/x86_64-linux-gnu/libc.so.6)
frame #15: _dl_catch_exception + 0x9c (0x7ffff7fc651c in /lib64/ld-linux-x86-64.so.2)
frame #16: <unknown function> + 0x1669 (0x7ffff7fc6669 in /lib64/ld-linux-x86-64.so.2)
frame #17: <unknown function> + 0x97c83 (0x7ffff7d0bc83 in /usr/lib/x86_64-linux-gnu/libc.so.6)
frame #18: dlopen + 0x6f (0x7ffff7d0c25f in /usr/lib/x86_64-linux-gnu/libc.so.6)
frame #19: /workspace/vllm/.venv/bin/python() [0x6bc36c]
frame #20: /workspace/vllm/.venv/bin/python() [0x6a946a]
frame #21: /workspace/vllm/.venv/bin/python() [0x6a8bf2]
frame #22: /workspace/vllm/.venv/bin/python() [0x581f37]
frame #23: _PyEval_EvalFrameDefault + 0x4c3a (0x5db0ba in /workspace/vllm/.venv/bin/python)
frame #24: /workspace/vllm/.venv/bin/python() [0x549d47]
frame #25: PyObject_CallMethodObjArgs + 0xe3 (0x54b5c3 in /workspace/vllm/.venv/bin/python)
frame #26: PyImport_ImportModuleLevelObject + 0x395 (0x5fd805 in /workspace/vllm/.venv/bin/python)
frame #27: _PyEval_EvalFrameDefault + 0x5eee (0x5dc36e in /workspace/vllm/.venv/bin/python)
frame #28: PyEval_EvalCode + 0x15b (0x5d543b in /workspace/vllm/.venv/bin/python)
frame #29: /workspace/vllm/.venv/bin/python() [0x5d322c]
frame #30: /workspace/vllm/.venv/bin/python() [0x581d1d]
frame #31: _PyEval_EvalFrameDefault + 0x4c3a (0x5db0ba in /workspace/vllm/.venv/bin/python)
frame #32: PyObject_CallOneArg + 0x4d (0x54a65d in /workspace/vllm/.venv/bin/python)
frame #33: /workspace/vllm/.venv/bin/python() [0x582e84]
frame #34: _PyObject_LookupAttr + 0x7a (0x584bea in /workspace/vllm/.venv/bin/python)
frame #35: /workspace/vllm/.venv/bin/python() [0x5d2b8a]
frame #36: _PyEval_EvalFrameDefault + 0x207d (0x5d84fd in /workspace/vllm/.venv/bin/python)
frame #37: /workspace/vllm/.venv/bin/python() [0x549d47]
frame #38: PyObject_CallMethodObjArgs + 0xe3 (0x54b5c3 in /workspace/vllm/.venv/bin/python)
frame #39: PyImport_ImportModuleLevelObject + 0x5eb (0x5fda5b in /workspace/vllm/.venv/bin/python)
frame #40: _PyEval_EvalFrameDefault + 0x5eee (0x5dc36e in /workspace/vllm/.venv/bin/python)
frame #41: PyEval_EvalCode + 0x15b (0x5d543b in /workspace/vllm/.venv/bin/python)
frame #42: /workspace/vllm/.venv/bin/python() [0x5d322c]
frame #43: /workspace/vllm/.venv/bin/python() [0x581d1d]
frame #44: _PyEval_EvalFrameDefault + 0x4c3a (0x5db0ba in /workspace/vllm/.venv/bin/python)
frame #45: /workspace/vllm/.venv/bin/python() [0x549d47]
frame #46: PyObject_CallMethodObjArgs + 0xe3 (0x54b5c3 in /workspace/vllm/.venv/bin/python)
frame #47: PyImport_ImportModuleLevelObject + 0x395 (0x5fd805 in /workspace/vllm/.venv/bin/python)
frame #48: _PyEval_EvalFrameDefault + 0x5eee (0x5dc36e in /workspace/vllm/.venv/bin/python)
frame #49: PyEval_EvalCode + 0x15b (0x5d543b in /workspace/vllm/.venv/bin/python)
frame #50: /workspace/vllm/.venv/bin/python() [0x5d322c]
frame #51: /workspace/vllm/.venv/bin/python() [0x581d1d]
frame #52: _PyEval_EvalFrameDefault + 0x4c3a (0x5db0ba in /workspace/vllm/.venv/bin/python)
frame #53: /workspace/vllm/.venv/bin/python() [0x549d47]
frame #54: PyObject_CallMethodObjArgs + 0xe3 (0x54b5c3 in /workspace/vllm/.venv/bin/python)
frame #55: PyImport_ImportModuleLevelObject + 0x395 (0x5fd805 in /workspace/vllm/.venv/bin/python)
frame #56: _PyEval_EvalFrameDefault + 0x5eee (0x5dc36e in /workspace/vllm/.venv/bin/python)
frame #57: PyEval_EvalCode + 0x15b (0x5d543b in /workspace/vllm/.venv/bin/python)
frame #58: /workspace/vllm/.venv/bin/python() [0x5d322c]
frame #59: /workspace/vllm/.venv/bin/python() [0x581d1d]
frame #60: _PyEval_EvalFrameDefault + 0x4c3a (0x5db0ba in /workspace/vllm/.venv/bin/python)
frame #61: /workspace/vllm/.venv/bin/python() [0x549d47]
frame #62: PyObject_CallMethodObjArgs + 0xe3 (0x54b5c3 in /workspace/vllm/.venv/bin/python)

[E709 13:36:15.321152216 shim_common.cpp:1458] Exception in aoti_torch: Tried to register an operator (_C::silu_and_mul_quant(Tensor($0! -> ) result, Tensor input, Tensor scale) -> ()) with the same name and overload name multiple times. Each overload's schema should only be registered with a single call to def(). Duplicate registration: registered at /workspace/csrc/libtorch_stable/torch_bindings.cpp:10. Original registration: registered at /workspace/csrc/torch_bindings.cpp:21
Exception raised from registerDef at /pytorch/aten/src/ATen/core/dispatch/Dispatcher.cpp:248 (most recent call first):
frame #0: c10::Error::Error(c10::SourceLocation, std::__cxx11::basic_string<char, std::char_traits<char>, std::allocator<char> >) + 0x9d (0x7ffff6b7205d in /workspace/vllm/.venv/lib/python3.12/site-packages/torch/lib/libc10.so)
frame #1: c10::detail::torchCheckFail(char const*, char const*, unsigned int, std::__cxx11::basic_string<char, std::char_traits<char>, std::allocator<char> > const&) + 0xc3 (0x7ffff6b066fd in /workspace/vllm/.venv/lib/python3.12/site-packages/torch/lib/libc10.so)
frame #2: c10::Dispatcher::registerDef(c10::FunctionSchema, std::__cxx11::basic_string<char, std::char_traits<char>, std::allocator<char> >, std::vector<at::Tag, std::allocator<at::Tag> >) + 0x35e (0x7fff0e6811fe in /workspace/vllm/.venv/lib/python3.12/site-packages/torch/lib/libtorch_cpu.so)
frame #3: torch::Library::_def(c10::FunctionSchema&&, c10::OperatorName*, std::vector<at::Tag, std::allocator<at::Tag> > const&, torch::_RegisterOrVerify) & + 0x514 (0x7fff0e6c2254 in /workspace/vllm/.venv/lib/python3.12/site-packages/torch/lib/libtorch_cpu.so)
frame #4: aoti_torch_library_def + 0x99 (0x7fff128d45b9 in /workspace/vllm/.venv/lib/python3.12/site-packages/torch/lib/libtorch_cpu.so)
frame #5: <unknown function> + 0x2bdb3c (0x7ffe8aebeb3c in /workspace/vllm/vllm/_C_stable_libtorch.abi3.so)
frame #6: <unknown function> + 0x2bf0ce (0x7ffe8aec00ce in /workspace/vllm/vllm/_C_stable_libtorch.abi3.so)
frame #7: <unknown function> + 0x279d92 (0x7ffe8ae7ad92 in /workspace/vllm/vllm/_C_stable_libtorch.abi3.so)
frame #8: <unknown function> + 0x571f (0x7ffff7fca71f in /lib64/ld-linux-x86-64.so.2)
frame #9: <unknown function> + 0x5824 (0x7ffff7fca824 in /lib64/ld-linux-x86-64.so.2)
frame #10: _dl_catch_exception + 0x132 (0x7ffff7fc65b2 in /lib64/ld-linux-x86-64.so.2)
frame #11: <unknown function> + 0xcd7c (0x7ffff7fd1d7c in /lib64/ld-linux-x86-64.so.2)
frame #12: _dl_catch_exception + 0x9c (0x7ffff7fc651c in /lib64/ld-linux-x86-64.so.2)
frame #13: <unknown function> + 0xd164 (0x7ffff7fd2164 in /lib64/ld-linux-x86-64.so.2)
frame #14: <unknown function> + 0x981a4 (0x7ffff7d0c1a4 in /usr/lib/x86_64-linux-gnu/libc.so.6)
frame #15: _dl_catch_exception + 0x9c (0x7ffff7fc651c in /lib64/ld-linux-x86-64.so.2)
frame #16: <unknown function> + 0x1669 (0x7ffff7fc6669 in /lib64/ld-linux-x86-64.so.2)
frame #17: <unknown function> + 0x97c83 (0x7ffff7d0bc83 in /usr/lib/x86_64-linux-gnu/libc.so.6)
frame #18: dlopen + 0x6f (0x7ffff7d0c25f in /usr/lib/x86_64-linux-gnu/libc.so.6)
frame #19: /workspace/vllm/.venv/bin/python() [0x6bc36c]
frame #20: /workspace/vllm/.venv/bin/python() [0x6a946a]
frame #21: /workspace/vllm/.venv/bin/python() [0x6a8bf2]
frame #22: /workspace/vllm/.venv/bin/python() [0x581f37]
frame #23: _PyEval_EvalFrameDefault + 0x4c3a (0x5db0ba in /workspace/vllm/.venv/bin/python)
frame #24: /workspace/vllm/.venv/bin/python() [0x549d47]
frame #25: PyObject_CallMethodObjArgs + 0xe3 (0x54b5c3 in /workspace/vllm/.venv/bin/python)
frame #26: PyImport_ImportModuleLevelObject + 0x395 (0x5fd805 in /workspace/vllm/.venv/bin/python)
frame #27: _PyEval_EvalFrameDefault + 0x5eee (0x5dc36e in /workspace/vllm/.venv/bin/python)
frame #28: PyEval_EvalCode + 0x15b (0x5d543b in /workspace/vllm/.venv/bin/python)
frame #29: /workspace/vllm/.venv/bin/python() [0x5d322c]
frame #30: /workspace/vllm/.venv/bin/python() [0x581d1d]
frame #31: _PyEval_EvalFrameDefault + 0x4c3a (0x5db0ba in /workspace/vllm/.venv/bin/python)
frame #32: PyObject_CallOneArg + 0x4d (0x54a65d in /workspace/vllm/.venv/bin/python)
frame #33: /workspace/vllm/.venv/bin/python() [0x582e84]
frame #34: _PyObject_LookupAttr + 0x7a (0x584bea in /workspace/vllm/.venv/bin/python)
frame #35: /workspace/vllm/.venv/bin/python() [0x5d2b8a]
frame #36: _PyEval_EvalFrameDefault + 0x207d (0x5d84fd in /workspace/vllm/.venv/bin/python)
frame #37: /workspace/vllm/.venv/bin/python() [0x549d47]
frame #38: PyObject_CallMethodObjArgs + 0xe3 (0x54b5c3 in /workspace/vllm/.venv/bin/python)
frame #39: PyImport_ImportModuleLevelObject + 0x5eb (0x5fda5b in /workspace/vllm/.venv/bin/python)
frame #40: _PyEval_EvalFrameDefault + 0x5eee (0x5dc36e in /workspace/vllm/.venv/bin/python)
frame #41: PyEval_EvalCode + 0x15b (0x5d543b in /workspace/vllm/.venv/bin/python)
frame #42: /workspace/vllm/.venv/bin/python() [0x5d322c]
frame #43: /workspace/vllm/.venv/bin/python() [0x581d1d]
frame #44: _PyEval_EvalFrameDefault + 0x4c3a (0x5db0ba in /workspace/vllm/.venv/bin/python)
frame #45: /workspace/vllm/.venv/bin/python() [0x549d47]
frame #46: PyObject_CallMethodObjArgs + 0xe3 (0x54b5c3 in /workspace/vllm/.venv/bin/python)
frame #47: PyImport_ImportModuleLevelObject + 0x395 (0x5fd805 in /workspace/vllm/.venv/bin/python)
frame #48: _PyEval_EvalFrameDefault + 0x5eee (0x5dc36e in /workspace/vllm/.venv/bin/python)
frame #49: PyEval_EvalCode + 0x15b (0x5d543b in /workspace/vllm/.venv/bin/python)
frame #50: /workspace/vllm/.venv/bin/python() [0x5d322c]
frame #51: /workspace/vllm/.venv/bin/python() [0x581d1d]
frame #52: _PyEval_EvalFrameDefault + 0x4c3a (0x5db0ba in /workspace/vllm/.venv/bin/python)
frame #53: /workspace/vllm/.venv/bin/python() [0x549d47]
frame #54: PyObject_CallMethodObjArgs + 0xe3 (0x54b5c3 in /workspace/vllm/.venv/bin/python)
frame #55: PyImport_ImportModuleLevelObject + 0x395 (0x5fd805 in /workspace/vllm/.venv/bin/python)
frame #56: _PyEval_EvalFrameDefault + 0x5eee (0x5dc36e in /workspace/vllm/.venv/bin/python)
frame #57: PyEval_EvalCode + 0x15b (0x5d543b in /workspace/vllm/.venv/bin/python)
frame #58: /workspace/vllm/.venv/bin/python() [0x5d322c]
frame #59: /workspace/vllm/.venv/bin/python() [0x581d1d]
frame #60: _PyEval_EvalFrameDefault + 0x4c3a (0x5db0ba in /workspace/vllm/.venv/bin/python)
frame #61: /workspace/vllm/.venv/bin/python() [0x549d47]
frame #62: PyObject_CallMethodObjArgs + 0xe3 (0x54b5c3 in /workspace/vllm/.venv/bin/python)

[W709 13:36:15.323304420 OperatorEntry.cpp:208] Warning: Warning only once for all operators,  other operators may also be overridden.
  Overriding a previously registered kernel for the same operator and the same dispatch key
  operator: _C::persistent_masked_m_silu_mul_quant(Tensor input, Tensor counts, Tensor($0! -> ) y_q, Tensor($1! -> ) y_s, bool use_ue8m0) -> ()
    registered at /workspace/csrc/torch_bindings.cpp:21
  dispatch key: CUDA
  previous kernel: registered at /workspace/csrc/torch_bindings.cpp:21
       new kernel: registered at /workspace/csrc/libtorch_stable/torch_bindings.cpp:603 (function operator())
[E709 13:36:15.322238103 shim_common.cpp:1458] Exception in aoti_torch: Tried to register an operator (_C::persistent_masked_m_silu_mul_quant(Tensor input, Tensor counts, Tensor($0! -> ) y_q, Tensor($1! -> ) y_s, bool use_ue8m0) -> ()) with the same name and overload name multiple times. Each overload's schema should only be registered with a single call to def(). Duplicate registration: registered at /workspace/csrc/libtorch_stable/torch_bindings.cpp:10. Original registration: registered at /workspace/csrc/torch_bindings.cpp:21
Exception raised from registerDef at /pytorch/aten/src/ATen/core/dispatch/Dispatcher.cpp:248 (most recent call first):
frame #0: c10::Error::Error(c10::SourceLocation, std::__cxx11::basic_string<char, std::char_traits<char>, std::allocator<char> >) + 0x9d (0x7ffff6b7205d in /workspace/vllm/.venv/lib/python3.12/site-packages/torch/lib/libc10.so)
frame #1: c10::detail::torchCheckFail(char const*, char const*, unsigned int, std::__cxx11::basic_string<char, std::char_traits<char>, std::allocator<char> > const&) + 0xc3 (0x7ffff6b066fd in /workspace/vllm/.venv/lib/python3.12/site-packages/torch/lib/libc10.so)
frame #2: c10::Dispatcher::registerDef(c10::FunctionSchema, std::__cxx11::basic_string<char, std::char_traits<char>, std::allocator<char> >, std::vector<at::Tag, std::allocator<at::Tag> >) + 0x35e (0x7fff0e6811fe in /workspace/vllm/.venv/lib/python3.12/site-packages/torch/lib/libtorch_cpu.so)
frame #3: torch::Library::_def(c10::FunctionSchema&&, c10::OperatorName*, std::vector<at::Tag, std::allocator<at::Tag> > const&, torch::_RegisterOrVerify) & + 0x514 (0x7fff0e6c2254 in /workspace/vllm/.venv/lib/python3.12/site-packages/torch/lib/libtorch_cpu.so)
frame #4: aoti_torch_library_def + 0x99 (0x7fff128d45b9 in /workspace/vllm/.venv/lib/python3.12/site-packages/torch/lib/libtorch_cpu.so)
frame #5: <unknown function> + 0x2bdaf1 (0x7ffe8aebeaf1 in /workspace/vllm/vllm/_C_stable_libtorch.abi3.so)
frame #6: <unknown function> + 0x2bf0ce (0x7ffe8aec00ce in /workspace/vllm/vllm/_C_stable_libtorch.abi3.so)
frame #7: <unknown function> + 0x279d92 (0x7ffe8ae7ad92 in /workspace/vllm/vllm/_C_stable_libtorch.abi3.so)
frame #8: <unknown function> + 0x571f (0x7ffff7fca71f in /lib64/ld-linux-x86-64.so.2)
frame #9: <unknown function> + 0x5824 (0x7ffff7fca824 in /lib64/ld-linux-x86-64.so.2)
frame #10: _dl_catch_exception + 0x132 (0x7ffff7fc65b2 in /lib64/ld-linux-x86-64.so.2)
frame #11: <unknown function> + 0xcd7c (0x7ffff7fd1d7c in /lib64/ld-linux-x86-64.so.2)
frame #12: _dl_catch_exception + 0x9c (0x7ffff7fc651c in /lib64/ld-linux-x86-64.so.2)
frame #13: <unknown function> + 0xd164 (0x7ffff7fd2164 in /lib64/ld-linux-x86-64.so.2)
frame #14: <unknown function> + 0x981a4 (0x7ffff7d0c1a4 in /usr/lib/x86_64-linux-gnu/libc.so.6)
frame #15: _dl_catch_exception + 0x9c (0x7ffff7fc651c in /lib64/ld-linux-x86-64.so.2)
frame #16: <unknown function> + 0x1669 (0x7ffff7fc6669 in /lib64/ld-linux-x86-64.so.2)
frame #17: <unknown function> + 0x97c83 (0x7ffff7d0bc83 in /usr/lib/x86_64-linux-gnu/libc.so.6)
frame #18: dlopen + 0x6f (0x7ffff7d0c25f in /usr/lib/x86_64-linux-gnu/libc.so.6)
frame #19: /workspace/vllm/.venv/bin/python() [0x6bc36c]
frame #20: /workspace/vllm/.venv/bin/python() [0x6a946a]
frame #21: /workspace/vllm/.venv/bin/python() [0x6a8bf2]
frame #22: /workspace/vllm/.venv/bin/python() [0x581f37]
frame #23: _PyEval_EvalFrameDefault + 0x4c3a (0x5db0ba in /workspace/vllm/.venv/bin/python)
frame #24: /workspace/vllm/.venv/bin/python() [0x549d47]
frame #25: PyObject_CallMethodObjArgs + 0xe3 (0x54b5c3 in /workspace/vllm/.venv/bin/python)
frame #26: PyImport_ImportModuleLevelObject + 0x395 (0x5fd805 in /workspace/vllm/.venv/bin/python)
frame #27: _PyEval_EvalFrameDefault + 0x5eee (0x5dc36e in /workspace/vllm/.venv/bin/python)
frame #28: PyEval_EvalCode + 0x15b (0x5d543b in /workspace/vllm/.venv/bin/python)
frame #29: /workspace/vllm/.venv/bin/python() [0x5d322c]
frame #30: /workspace/vllm/.venv/bin/python() [0x581d1d]
frame #31: _PyEval_EvalFrameDefault + 0x4c3a (0x5db0ba in /workspace/vllm/.venv/bin/python)
frame #32: PyObject_CallOneArg + 0x4d (0x54a65d in /workspace/vllm/.venv/bin/python)
frame #33: /workspace/vllm/.venv/bin/python() [0x582e84]
frame #34: _PyObject_LookupAttr + 0x7a (0x584bea in /workspace/vllm/.venv/bin/python)
frame #35: /workspace/vllm/.venv/bin/python() [0x5d2b8a]
frame #36: _PyEval_EvalFrameDefault + 0x207d (0x5d84fd in /workspace/vllm/.venv/bin/python)
frame #37: /workspace/vllm/.venv/bin/python() [0x549d47]
frame #38: PyObject_CallMethodObjArgs + 0xe3 (0x54b5c3 in /workspace/vllm/.venv/bin/python)
frame #39: PyImport_ImportModuleLevelObject + 0x5eb (0x5fda5b in /workspace/vllm/.venv/bin/python)
frame #40: _PyEval_EvalFrameDefault + 0x5eee (0x5dc36e in /workspace/vllm/.venv/bin/python)
frame #41: PyEval_EvalCode + 0x15b (0x5d543b in /workspace/vllm/.venv/bin/python)
frame #42: /workspace/vllm/.venv/bin/python() [0x5d322c]
frame #43: /workspace/vllm/.venv/bin/python() [0x581d1d]
frame #44: _PyEval_EvalFrameDefault + 0x4c3a (0x5db0ba in /workspace/vllm/.venv/bin/python)
frame #45: /workspace/vllm/.venv/bin/python() [0x549d47]
frame #46: PyObject_CallMethodObjArgs + 0xe3 (0x54b5c3 in /workspace/vllm/.venv/bin/python)
frame #47: PyImport_ImportModuleLevelObject + 0x395 (0x5fd805 in /workspace/vllm/.venv/bin/python)
frame #48: _PyEval_EvalFrameDefault + 0x5eee (0x5dc36e in /workspace/vllm/.venv/bin/python)
frame #49: PyEval_EvalCode + 0x15b (0x5d543b in /workspace/vllm/.venv/bin/python)
frame #50: /workspace/vllm/.venv/bin/python() [0x5d322c]
frame #51: /workspace/vllm/.venv/bin/python() [0x581d1d]
frame #52: _PyEval_EvalFrameDefault + 0x4c3a (0x5db0ba in /workspace/vllm/.venv/bin/python)
frame #53: /workspace/vllm/.venv/bin/python() [0x549d47]
frame #54: PyObject_CallMethodObjArgs + 0xe3 (0x54b5c3 in /workspace/vllm/.venv/bin/python)
frame #55: PyImport_ImportModuleLevelObject + 0x395 (0x5fd805 in /workspace/vllm/.venv/bin/python)
frame #56: _PyEval_EvalFrameDefault + 0x5eee (0x5dc36e in /workspace/vllm/.venv/bin/python)
frame #57: PyEval_EvalCode + 0x15b (0x5d543b in /workspace/vllm/.venv/bin/python)
frame #58: /workspace/vllm/.venv/bin/python() [0x5d322c]
frame #59: /workspace/vllm/.venv/bin/python() [0x581d1d]
frame #60: _PyEval_EvalFrameDefault + 0x4c3a (0x5db0ba in /workspace/vllm/.venv/bin/python)
frame #61: /workspace/vllm/.venv/bin/python() [0x549d47]
frame #62: PyObject_CallMethodObjArgs + 0xe3 (0x54b5c3 in /workspace/vllm/.venv/bin/python)

[E709 13:36:15.324216902 shim_common.cpp:1458] Exception in aoti_torch: Tried to register an operator (_C::weak_ref_tensor(Tensor input) -> Tensor) with the same name and overload name multiple times. Each overload's schema should only be registered with a single call to def(). Duplicate registration: registered at /workspace/csrc/libtorch_stable/torch_bindings.cpp:10. Original registration: registered at /workspace/csrc/torch_bindings.cpp:21
Exception raised from registerDef at /pytorch/aten/src/ATen/core/dispatch/Dispatcher.cpp:248 (most recent call first):
frame #0: c10::Error::Error(c10::SourceLocation, std::__cxx11::basic_string<char, std::char_traits<char>, std::allocator<char> >) + 0x9d (0x7ffff6b7205d in /workspace/vllm/.venv/lib/python3.12/site-packages/torch/lib/libc10.so)
frame #1: c10::detail::torchCheckFail(char const*, char const*, unsigned int, std::__cxx11::basic_string<char, std::char_traits<char>, std::allocator<char> > const&) + 0xc3 (0x7ffff6b066fd in /workspace/vllm/.venv/lib/python3.12/site-packages/torch/lib/libc10.so)
frame #2: c10::Dispatcher::registerDef(c10::FunctionSchema, std::__cxx11::basic_string<char, std::char_traits<char>, std::allocator<char> >, std::vector<at::Tag, std::allocator<at::Tag> >) + 0x35e (0x7fff0e6811fe in /workspace/vllm/.venv/lib/python3.12/site-packages/torch/lib/libtorch_cpu.so)
frame #3: torch::Library::_def(c10::FunctionSchema&&, c10::OperatorName*, std::vector<at::Tag, std::allocator<at::Tag> > const&, torch::_RegisterOrVerify) & + 0x514 (0x7fff0e6c2254 in /workspace/vllm/.venv/lib/python3.12/site-packages/torch/lib/libtorch_cpu.so)
frame #4: aoti_torch_library_def + 0x99 (0x7fff128d45b9 in /workspace/vllm/.venv/lib/python3.12/site-packages/torch/lib/libtorch_cpu.so)
frame #5: <unknown function> + 0x2bdb00 (0x7ffe8aebeb00 in /workspace/vllm/vllm/_C_stable_libtorch.abi3.so)
frame #6: <unknown function> + 0x2bf0ce (0x7ffe8aec00ce in /workspace/vllm/vllm/_C_stable_libtorch.abi3.so)
frame #7: <unknown function> + 0x279d92 (0x7ffe8ae7ad92 in /workspace/vllm/vllm/_C_stable_libtorch.abi3.so)
frame #8: <unknown function> + 0x571f (0x7ffff7fca71f in /lib64/ld-linux-x86-64.so.2)
frame #9: <unknown function> + 0x5824 (0x7ffff7fca824 in /lib64/ld-linux-x86-64.so.2)
frame #10: _dl_catch_exception + 0x132 (0x7ffff7fc65b2 in /lib64/ld-linux-x86-64.so.2)
frame #11: <unknown function> + 0xcd7c (0x7ffff7fd1d7c in /lib64/ld-linux-x86-64.so.2)
frame #12: _dl_catch_exception + 0x9c (0x7ffff7fc651c in /lib64/ld-linux-x86-64.so.2)
frame #13: <unknown function> + 0xd164 (0x7ffff7fd2164 in /lib64/ld-linux-x86-64.so.2)
frame #14: <unknown function> + 0x981a4 (0x7ffff7d0c1a4 in /usr/lib/x86_64-linux-gnu/libc.so.6)
frame #15: _dl_catch_exception + 0x9c (0x7ffff7fc651c in /lib64/ld-linux-x86-64.so.2)
frame #16: <unknown function> + 0x1669 (0x7ffff7fc6669 in /lib64/ld-linux-x86-64.so.2)
frame #17: <unknown function> + 0x97c83 (0x7ffff7d0bc83 in /usr/lib/x86_64-linux-gnu/libc.so.6)
frame #18: dlopen + 0x6f (0x7ffff7d0c25f in /usr/lib/x86_64-linux-gnu/libc.so.6)
frame #19: /workspace/vllm/.venv/bin/python() [0x6bc36c]
frame #20: /workspace/vllm/.venv/bin/python() [0x6a946a]
frame #21: /workspace/vllm/.venv/bin/python() [0x6a8bf2]
frame #22: /workspace/vllm/.venv/bin/python() [0x581f37]
frame #23: _PyEval_EvalFrameDefault + 0x4c3a (0x5db0ba in /workspace/vllm/.venv/bin/python)
frame #24: /workspace/vllm/.venv/bin/python() [0x549d47]
frame #25: PyObject_CallMethodObjArgs + 0xe3 (0x54b5c3 in /workspace/vllm/.venv/bin/python)
frame #26: PyImport_ImportModuleLevelObject + 0x395 (0x5fd805 in /workspace/vllm/.venv/bin/python)
frame #27: _PyEval_EvalFrameDefault + 0x5eee (0x5dc36e in /workspace/vllm/.venv/bin/python)
frame #28: PyEval_EvalCode + 0x15b (0x5d543b in /workspace/vllm/.venv/bin/python)
frame #29: /workspace/vllm/.venv/bin/python() [0x5d322c]
frame #30: /workspace/vllm/.venv/bin/python() [0x581d1d]
frame #31: _PyEval_EvalFrameDefault + 0x4c3a (0x5db0ba in /workspace/vllm/.venv/bin/python)
frame #32: PyObject_CallOneArg + 0x4d (0x54a65d in /workspace/vllm/.venv/bin/python)
frame #33: /workspace/vllm/.venv/bin/python() [0x582e84]
frame #34: _PyObject_LookupAttr + 0x7a (0x584bea in /workspace/vllm/.venv/bin/python)
frame #35: /workspace/vllm/.venv/bin/python() [0x5d2b8a]
frame #36: _PyEval_EvalFrameDefault + 0x207d (0x5d84fd in /workspace/vllm/.venv/bin/python)
frame #37: /workspace/vllm/.venv/bin/python() [0x549d47]
frame #38: PyObject_CallMethodObjArgs + 0xe3 (0x54b5c3 in /workspace/vllm/.venv/bin/python)
frame #39: PyImport_ImportModuleLevelObject + 0x5eb (0x5fda5b in /workspace/vllm/.venv/bin/python)
frame #40: _PyEval_EvalFrameDefault + 0x5eee (0x5dc36e in /workspace/vllm/.venv/bin/python)
frame #41: PyEval_EvalCode + 0x15b (0x5d543b in /workspace/vllm/.venv/bin/python)
frame #42: /workspace/vllm/.venv/bin/python() [0x5d322c]
frame #43: /workspace/vllm/.venv/bin/python() [0x581d1d]
frame #44: _PyEval_EvalFrameDefault + 0x4c3a (0x5db0ba in /workspace/vllm/.venv/bin/python)
frame #45: /workspace/vllm/.venv/bin/python() [0x549d47]
frame #46: PyObject_CallMethodObjArgs + 0xe3 (0x54b5c3 in /workspace/vllm/.venv/bin/python)
frame #47: PyImport_ImportModuleLevelObject + 0x395 (0x5fd805 in /workspace/vllm/.venv/bin/python)
frame #48: _PyEval_EvalFrameDefault + 0x5eee (0x5dc36e in /workspace/vllm/.venv/bin/python)
frame #49: PyEval_EvalCode + 0x15b (0x5d543b in /workspace/vllm/.venv/bin/python)
frame #50: /workspace/vllm/.venv/bin/python() [0x5d322c]
frame #51: /workspace/vllm/.venv/bin/python() [0x581d1d]
frame #52: _PyEval_EvalFrameDefault + 0x4c3a (0x5db0ba in /workspace/vllm/.venv/bin/python)
frame #53: /workspace/vllm/.venv/bin/python() [0x549d47]
frame #54: PyObject_CallMethodObjArgs + 0xe3 (0x54b5c3 in /workspace/vllm/.venv/bin/python)
frame #55: PyImport_ImportModuleLevelObject + 0x395 (0x5fd805 in /workspace/vllm/.venv/bin/python)
frame #56: _PyEval_EvalFrameDefault + 0x5eee (0x5dc36e in /workspace/vllm/.venv/bin/python)
frame #57: PyEval_EvalCode + 0x15b (0x5d543b in /workspace/vllm/.venv/bin/python)
frame #58: /workspace/vllm/.venv/bin/python() [0x5d322c]
frame #59: /workspace/vllm/.venv/bin/python() [0x581d1d]
frame #60: _PyEval_EvalFrameDefault + 0x4c3a (0x5db0ba in /workspace/vllm/.venv/bin/python)
frame #61: /workspace/vllm/.venv/bin/python() [0x549d47]
frame #62: PyObject_CallMethodObjArgs + 0xe3 (0x54b5c3 in /workspace/vllm/.venv/bin/python)

[E709 13:36:15.326214633 shim_common.cpp:1458] Exception in aoti_torch: Tried to register an operator (_C::silu_and_mul_quant(Tensor($0! -> ) result, Tensor input, Tensor scale) -> ()) with the same name and overload name multiple times. Each overload's schema should only be registered with a single call to def(). Duplicate registration: registered at /workspace/csrc/libtorch_stable/torch_bindings.cpp:10. Original registration: registered at /workspace/csrc/torch_bindings.cpp:21
Exception raised from registerDef at /pytorch/aten/src/ATen/core/dispatch/Dispatcher.cpp:248 (most recent call first):
frame #0: c10::Error::Error(c10::SourceLocation, std::__cxx11::basic_string<char, std::char_traits<char>, std::allocator<char> >) + 0x9d (0x7ffff6b7205d in /workspace/vllm/.venv/lib/python3.12/site-packages/torch/lib/libc10.so)
frame #1: c10::detail::torchCheckFail(char const*, char const*, unsigned int, std::__cxx11::basic_string<char, std::char_traits<char>, std::allocator<char> > const&) + 0xc3 (0x7ffff6b066fd in /workspace/vllm/.venv/lib/python3.12/site-packages/torch/lib/libc10.so)
frame #2: c10::Dispatcher::registerDef(c10::FunctionSchema, std::__cxx11::basic_string<char, std::char_traits<char>, std::allocator<char> >, std::vector<at::Tag, std::allocator<at::Tag> >) + 0x35e (0x7fff0e6811fe in /workspace/vllm/.venv/lib/python3.12/site-packages/torch/lib/libtorch_cpu.so)
frame #3: torch::Library::_def(c10::FunctionSchema&&, c10::OperatorName*, std::vector<at::Tag, std::allocator<at::Tag> > const&, torch::_RegisterOrVerify) & + 0x514 (0x7fff0e6c2254 in /workspace/vllm/.venv/lib/python3.12/site-packages/torch/lib/libtorch_cpu.so)
frame #4: aoti_torch_library_def + 0x99 (0x7fff128d45b9 in /workspace/vllm/.venv/lib/python3.12/site-packages/torch/lib/libtorch_cpu.so)
frame #5: <unknown function> + 0x2bdb3c (0x7ffe8aebeb3c in /workspace/vllm/vllm/_C_stable_libtorch.abi3.so)
frame #6: <unknown function> + 0x2bf0ce (0x7ffe8aec00ce in /workspace/vllm/vllm/_C_stable_libtorch.abi3.so)
frame #7: <unknown function> + 0x279d92 (0x7ffe8ae7ad92 in /workspace/vllm/vllm/_C_stable_libtorch.abi3.so)
frame #8: <unknown function> + 0x571f (0x7ffff7fca71f in /lib64/ld-linux-x86-64.so.2)
frame #9: <unknown function> + 0x5824 (0x7ffff7fca824 in /lib64/ld-linux-x86-64.so.2)
frame #10: _dl_catch_exception + 0x132 (0x7ffff7fc65b2 in /lib64/ld-linux-x86-64.so.2)
frame #11: <unknown function> + 0xcd7c (0x7ffff7fd1d7c in /lib64/ld-linux-x86-64.so.2)
frame #12: _dl_catch_exception + 0x9c (0x7ffff7fc651c in /lib64/ld-linux-x86-64.so.2)
frame #13: <unknown function> + 0xd164 (0x7ffff7fd2164 in /lib64/ld-linux-x86-64.so.2)
frame #14: <unknown function> + 0x981a4 (0x7ffff7d0c1a4 in /usr/lib/x86_64-linux-gnu/libc.so.6)
frame #15: _dl_catch_exception + 0x9c (0x7ffff7fc651c in /lib64/ld-linux-x86-64.so.2)
frame #16: <unknown function> + 0x1669 (0x7ffff7fc6669 in /lib64/ld-linux-x86-64.so.2)
frame #17: <unknown function> + 0x97c83 (0x7ffff7d0bc83 in /usr/lib/x86_64-linux-gnu/libc.so.6)
frame #18: dlopen + 0x6f (0x7ffff7d0c25f in /usr/lib/x86_64-linux-gnu/libc.so.6)
frame #19: /workspace/vllm/.venv/bin/python() [0x6bc36c]
frame #20: /workspace/vllm/.venv/bin/python() [0x6a946a]
frame #21: /workspace/vllm/.venv/bin/python() [0x6a8bf2]
frame #22: /workspace/vllm/.venv/bin/python() [0x581f37]
frame #23: _PyEval_EvalFrameDefault + 0x4c3a (0x5db0ba in /workspace/vllm/.venv/bin/python)
frame #24: /workspace/vllm/.venv/bin/python() [0x549d47]
frame #25: PyObject_CallMethodObjArgs + 0xe3 (0x54b5c3 in /workspace/vllm/.venv/bin/python)
frame #26: PyImport_ImportModuleLevelObject + 0x395 (0x5fd805 in /workspace/vllm/.venv/bin/python)
frame #27: _PyEval_EvalFrameDefault + 0x5eee (0x5dc36e in /workspace/vllm/.venv/bin/python)
frame #28: PyEval_EvalCode + 0x15b (0x5d543b in /workspace/vllm/.venv/bin/python)
frame #29: /workspace/vllm/.venv/bin/python() [0x5d322c]
frame #30: /workspace/vllm/.venv/bin/python() [0x581d1d]
frame #31: _PyEval_EvalFrameDefault + 0x4c3a (0x5db0ba in /workspace/vllm/.venv/bin/python)
frame #32: PyObject_CallOneArg + 0x4d (0x54a65d in /workspace/vllm/.venv/bin/python)
frame #33: /workspace/vllm/.venv/bin/python() [0x582e84]
frame #34: _PyObject_LookupAttr + 0x7a (0x584bea in /workspace/vllm/.venv/bin/python)
frame #35: /workspace/vllm/.venv/bin/python() [0x5d2b8a]
frame #36: _PyEval_EvalFrameDefault + 0x207d (0x5d84fd in /workspace/vllm/.venv/bin/python)
frame #37: /workspace/vllm/.venv/bin/python() [0x549d47]
frame #38: PyObject_CallMethodObjArgs + 0xe3 (0x54b5c3 in /workspace/vllm/.venv/bin/python)
frame #39: PyImport_ImportModuleLevelObject + 0x5eb (0x5fda5b in /workspace/vllm/.venv/bin/python)
frame #40: _PyEval_EvalFrameDefault + 0x5eee (0x5dc36e in /workspace/vllm/.venv/bin/python)
frame #41: PyEval_EvalCode + 0x15b (0x5d543b in /workspace/vllm/.venv/bin/python)
frame #42: /workspace/vllm/.venv/bin/python() [0x5d322c]
frame #43: /workspace/vllm/.venv/bin/python() [0x581d1d]
frame #44: _PyEval_EvalFrameDefault + 0x4c3a (0x5db0ba in /workspace/vllm/.venv/bin/python)
frame #45: /workspace/vllm/.venv/bin/python() [0x549d47]
frame #46: PyObject_CallMethodObjArgs + 0xe3 (0x54b5c3 in /workspace/vllm/.venv/bin/python)
frame #47: PyImport_ImportModuleLevelObject + 0x395 (0x5fd805 in /workspace/vllm/.venv/bin/python)
frame #48: _PyEval_EvalFrameDefault + 0x5eee (0x5dc36e in /workspace/vllm/.venv/bin/python)
frame #49: PyEval_EvalCode + 0x15b (0x5d543b in /workspace/vllm/.venv/bin/python)
frame #50: /workspace/vllm/.venv/bin/python() [0x5d322c]
frame #51: /workspace/vllm/.venv/bin/python() [0x581d1d]
frame #52: _PyEval_EvalFrameDefault + 0x4c3a (0x5db0ba in /workspace/vllm/.venv/bin/python)
frame #53: /workspace/vllm/.venv/bin/python() [0x549d47]
frame #54: PyObject_CallMethodObjArgs + 0xe3 (0x54b5c3 in /workspace/vllm/.venv/bin/python)
frame #55: PyImport_ImportModuleLevelObject + 0x395 (0x5fd805 in /workspace/vllm/.venv/bin/python)
frame #56: _PyEval_EvalFrameDefault + 0x5eee (0x5dc36e in /workspace/vllm/.venv/bin/python)
frame #57: PyEval_EvalCode + 0x15b (0x5d543b in /workspace/vllm/.venv/bin/python)
frame #58: /workspace/vllm/.venv/bin/python() [0x5d322c]
frame #59: /workspace/vllm/.venv/bin/python() [0x581d1d]
frame #60: _PyEval_EvalFrameDefault + 0x4c3a (0x5db0ba in /workspace/vllm/.venv/bin/python)
frame #61: /workspace/vllm/.venv/bin/python() [0x549d47]
frame #62: PyObject_CallMethodObjArgs + 0xe3 (0x54b5c3 in /workspace/vllm/.venv/bin/python)

[W709 13:36:15.328381462 OperatorEntry.cpp:208] Warning: Warning only once for all operators,  other operators may also be overridden.
  Overriding a previously registered kernel for the same operator and the same dispatch key
  operator: _C::persistent_masked_m_silu_mul_quant(Tensor input, Tensor counts, Tensor($0! -> ) y_q, Tensor($1! -> ) y_s, bool use_ue8m0) -> ()
    registered at /workspace/csrc/torch_bindings.cpp:21
  dispatch key: CUDA
  previous kernel: registered at /workspace/csrc/torch_bindings.cpp:21
       new kernel: registered at /workspace/csrc/libtorch_stable/torch_bindings.cpp:603 (function operator())
(Worker pid=277689) INFO 07-09 13:36:24 [parallel_state.py:1422] world_size=8 rank=0 local_rank=0 distributed_init_method=tcp://127.0.0.1:52093 backend=nccl
(Worker pid=277691) INFO 07-09 13:36:25 [parallel_state.py:1422] world_size=8 rank=2 local_rank=2 distributed_init_method=tcp://127.0.0.1:52093 backend=nccl
(Worker pid=277692) INFO 07-09 13:36:25 [parallel_state.py:1422] world_size=8 rank=3 local_rank=3 distributed_init_method=tcp://127.0.0.1:52093 backend=nccl
(Worker pid=277695) INFO 07-09 13:36:26 [parallel_state.py:1422] world_size=8 rank=6 local_rank=6 distributed_init_method=tcp://127.0.0.1:52093 backend=nccl
(Worker pid=277696) INFO 07-09 13:36:26 [parallel_state.py:1422] world_size=8 rank=7 local_rank=7 distributed_init_method=tcp://127.0.0.1:52093 backend=nccl
(Worker pid=277694) INFO 07-09 13:36:26 [parallel_state.py:1422] world_size=8 rank=5 local_rank=5 distributed_init_method=tcp://127.0.0.1:52093 backend=nccl
(Worker pid=277690) INFO 07-09 13:36:26 [parallel_state.py:1422] world_size=8 rank=1 local_rank=1 distributed_init_method=tcp://127.0.0.1:52093 backend=nccl
(Worker pid=277693) INFO 07-09 13:36:26 [parallel_state.py:1422] world_size=8 rank=4 local_rank=4 distributed_init_method=tcp://127.0.0.1:52093 backend=nccl
(Worker pid=277694) <frozen importlib._bootstrap_external>:1297: FutureWarning: The cuda.cudart module is deprecated and will be removed in a future release, please switch to use the cuda.bindings.runtime module instead.
(Worker pid=277694) <frozen importlib._bootstrap_external>:1297: FutureWarning: The cuda.nvrtc module is deprecated and will be removed in a future release, please switch to use the cuda.bindings.nvrtc module instead.
(Worker pid=277695) <frozen importlib._bootstrap_external>:1297: FutureWarning: The cuda.cudart module is deprecated and will be removed in a future release, please switch to use the cuda.bindings.runtime module instead.
(Worker pid=277695) <frozen importlib._bootstrap_external>:1297: FutureWarning: The cuda.nvrtc module is deprecated and will be removed in a future release, please switch to use the cuda.bindings.nvrtc module instead.
(Worker pid=277696) <frozen importlib._bootstrap_external>:1297: FutureWarning: The cuda.cudart module is deprecated and will be removed in a future release, please switch to use the cuda.bindings.runtime module instead.
(Worker pid=277696) <frozen importlib._bootstrap_external>:1297: FutureWarning: The cuda.nvrtc module is deprecated and will be removed in a future release, please switch to use the cuda.bindings.nvrtc module instead.
(Worker pid=277693) <frozen importlib._bootstrap_external>:1297: FutureWarning: The cuda.cudart module is deprecated and will be removed in a future release, please switch to use the cuda.bindings.runtime module instead.
(Worker pid=277693) <frozen importlib._bootstrap_external>:1297: FutureWarning: The cuda.nvrtc module is deprecated and will be removed in a future release, please switch to use the cuda.bindings.nvrtc module instead.
(Worker pid=277692) <frozen importlib._bootstrap_external>:1297: FutureWarning: The cuda.cudart module is deprecated and will be removed in a future release, please switch to use the cuda.bindings.runtime module instead.
(Worker pid=277692) <frozen importlib._bootstrap_external>:1297: FutureWarning: The cuda.nvrtc module is deprecated and will be removed in a future release, please switch to use the cuda.bindings.nvrtc module instead.
(Worker pid=277690) <frozen importlib._bootstrap_external>:1297: FutureWarning: The cuda.cudart module is deprecated and will be removed in a future release, please switch to use the cuda.bindings.runtime module instead.
(Worker pid=277690) <frozen importlib._bootstrap_external>:1297: FutureWarning: The cuda.nvrtc module is deprecated and will be removed in a future release, please switch to use the cuda.bindings.nvrtc module instead.
(Worker pid=277689) <frozen importlib._bootstrap_external>:1297: FutureWarning: The cuda.cudart module is deprecated and will be removed in a future release, please switch to use the cuda.bindings.runtime module instead.
(Worker pid=277689) <frozen importlib._bootstrap_external>:1297: FutureWarning: The cuda.nvrtc module is deprecated and will be removed in a future release, please switch to use the cuda.bindings.nvrtc module instead.
(Worker pid=277691) <frozen importlib._bootstrap_external>:1297: FutureWarning: The cuda.cudart module is deprecated and will be removed in a future release, please switch to use the cuda.bindings.runtime module instead.
(Worker pid=277691) <frozen importlib._bootstrap_external>:1297: FutureWarning: The cuda.nvrtc module is deprecated and will be removed in a future release, please switch to use the cuda.bindings.nvrtc module instead.
(Worker pid=277689) INFO 07-09 13:36:31 [cuda_communicator.py:248] Using ['FT_NCCL'] all-reduce backends (in dispatch order) for group 'tp:0' out of potential backends: ['FT_NCCL', 'NCCL_SYMM_MEM', 'QUICK_REDUCE', 'FLASHINFER', 'CUSTOM', 'SYMM_MEM', 'PYNCCL'].
(Worker pid=277689) INFO 07-09 13:36:31 [parallel_state.py:1735] rank 0 in world size 8 is assigned as DP rank 0, PP rank 0, PCP rank 0, TP rank 0, EP rank N/A, EPLB rank N/A
(Worker pid=277689) INFO 07-09 13:36:32 [topk_topp_sampler.py:45] Using FlashInfer for top-p & top-k sampling.
(Worker_TP0 pid=277689) INFO 07-09 13:36:32 [gpu_model_runner.py:5037] Starting to load model Qwen/Qwen2.5-32B-Instruct...
(Worker_TP0 pid=277689) INFO 07-09 13:36:32 [cuda.py:378] Using FLASH_ATTN attention backend out of potential backends: ['FLASH_ATTN', 'FLASHINFER', 'TRITON_ATTN', 'FLEX_ATTENTION'].
(Worker_TP0 pid=277689) INFO 07-09 13:36:32 [flash_attn.py:636] Using FlashAttention version 3
(Worker_TP7 pid=277696) Warning: You are sending unauthenticated requests to the HF Hub. Please set a HF_TOKEN to enable higher rate limits and faster downloads.
(Worker_TP6 pid=277695) Warning: You are sending unauthenticated requests to the HF Hub. Please set a HF_TOKEN to enable higher rate limits and faster downloads.
(Worker_TP5 pid=277694) Warning: You are sending unauthenticated requests to the HF Hub. Please set a HF_TOKEN to enable higher rate limits and faster downloads.
(Worker_TP1 pid=277690) Warning: You are sending unauthenticated requests to the HF Hub. Please set a HF_TOKEN to enable higher rate limits and faster downloads.
(Worker_TP0 pid=277689) Warning: You are sending unauthenticated requests to the HF Hub. Please set a HF_TOKEN to enable higher rate limits and faster downloads.
(Worker_TP3 pid=277692) Warning: You are sending unauthenticated requests to the HF Hub. Please set a HF_TOKEN to enable higher rate limits and faster downloads.
(Worker_TP2 pid=277691) Warning: You are sending unauthenticated requests to the HF Hub. Please set a HF_TOKEN to enable higher rate limits and faster downloads.
(Worker_TP0 pid=277689) INFO 07-09 13:36:33 [weight_utils.py:922] Filesystem type for checkpoints: TMPFS. Checkpoint size: 61.03 GiB. Available RAM: 1706.21 GiB.
(Worker_TP0 pid=277689) INFO 07-09 13:36:33 [weight_utils.py:945] Auto-prefetch is disabled because the filesystem (TMPFS) is not a recognized network FS (NFS/Lustre). If you want to force prefetching, start vLLM with --safetensors-load-strategy=prefetch.
(Worker_TP0 pid=277689) Loading safetensors checkpoint shards:   0% Completed | 0/17 [00:00<?, ?it/s]
(Worker_TP0 pid=277689) Loading safetensors checkpoint shards:   6% Completed | 1/17 [00:00<00:01,  8.38it/s]
(Worker_TP4 pid=277693) Warning: You are sending unauthenticated requests to the HF Hub. Please set a HF_TOKEN to enable higher rate limits and faster downloads.
(Worker_TP0 pid=277689) Loading safetensors checkpoint shards:  12% Completed | 2/17 [00:00<00:02,  6.56it/s]
(Worker_TP0 pid=277689) Loading safetensors checkpoint shards:  18% Completed | 3/17 [00:00<00:02,  5.91it/s]
(Worker_TP0 pid=277689) Loading safetensors checkpoint shards:  24% Completed | 4/17 [00:00<00:02,  5.40it/s]
(Worker_TP0 pid=277689) Loading safetensors checkpoint shards:  29% Completed | 5/17 [00:00<00:02,  5.20it/s]
(Worker_TP0 pid=277689) Loading safetensors checkpoint shards:  35% Completed | 6/17 [00:01<00:02,  5.08it/s]
(Worker_TP0 pid=277689) Loading safetensors checkpoint shards:  41% Completed | 7/17 [00:01<00:01,  5.04it/s]
(Worker_TP0 pid=277689) Loading safetensors checkpoint shards:  47% Completed | 8/17 [00:01<00:01,  5.07it/s]
(Worker_TP0 pid=277689) Loading safetensors checkpoint shards:  53% Completed | 9/17 [00:01<00:01,  5.03it/s]
(Worker_TP0 pid=277689) Loading safetensors checkpoint shards:  59% Completed | 10/17 [00:01<00:01,  4.97it/s]
(Worker_TP0 pid=277689) Loading safetensors checkpoint shards:  65% Completed | 11/17 [00:02<00:01,  4.92it/s]
(Worker_TP0 pid=277689) Loading safetensors checkpoint shards:  71% Completed | 12/17 [00:02<00:01,  4.79it/s]
(Worker_TP0 pid=277689) Loading safetensors checkpoint shards:  76% Completed | 13/17 [00:02<00:00,  4.71it/s]
(Worker_TP0 pid=277689) Loading safetensors checkpoint shards:  82% Completed | 14/17 [00:02<00:00,  4.68it/s]
(Worker_TP0 pid=277689) Loading safetensors checkpoint shards:  88% Completed | 15/17 [00:02<00:00,  4.72it/s]
(Worker_TP0 pid=277689) Loading safetensors checkpoint shards:  94% Completed | 16/17 [00:03<00:00,  4.88it/s]
(Worker_TP0 pid=277689) Loading safetensors checkpoint shards: 100% Completed | 17/17 [00:03<00:00,  5.49it/s]
(Worker_TP0 pid=277689) Loading safetensors checkpoint shards: 100% Completed | 17/17 [00:03<00:00,  5.15it/s]
(Worker_TP0 pid=277689) 
(Worker_TP0 pid=277689) INFO 07-09 13:36:37 [default_loader.py:397] Loading weights took 3.32 seconds
(Worker_TP0 pid=277689) INFO 07-09 13:36:37 [gpu_model_runner.py:5132] Model loading took 7.69 GiB memory and 4.648687 seconds
(Worker_TP0 pid=277689) INFO 07-09 13:36:41 [backends.py:1089] Using cache directory: /root/.cache/vllm/torch_compile_cache/b41688109d/rank_0_0/backbone for vLLM's torch.compile
(Worker_TP0 pid=277689) INFO 07-09 13:36:41 [backends.py:1148] Dynamo bytecode transform time: 3.23 s
(Worker_TP0 pid=277689) INFO 07-09 13:36:41 [flashinfer_all_reduce.py:111] Auto-selected flashinfer allreduce backend: trtllm
(Worker_TP0 pid=277689) /workspace/vllm/.venv/lib/python3.12/site-packages/torch/distributed/c10d_logger.py:83: UserWarning: barrier(): using the device under current context. You can specify `device_id` in `init_process_group` to mute this warning.
(Worker_TP0 pid=277689)   return func(*args, **kwargs)
[rank0]:[W709 13:36:42.172635454 ProcessGroupNCCL.cpp:5188] Guessing device ID based on global rank. This can cause a hang if rank to GPU mapping is heterogeneous. You can specify device_id in init_process_group()
(Worker_TP0 pid=277689) INFO 07-09 13:36:46 [flashinfer_all_reduce.py:151] Initialized FlashInfer Allreduce norm fusion workspace with backend=trtllm
(Worker_TP1 pid=277690) INFO 07-09 13:36:49 [decorators.py:311] Directly load AOT compilation from path /root/.cache/vllm/torch_compile_cache/torch_aot_compile/b9b7d9c17f9426440afdc7aad565de3da4bd29ac5ebf558161a5cc98433bb214/rank_1_0/model
(Worker_TP0 pid=277689) INFO 07-09 13:36:49 [backends.py:292] Directly load the compiled graph(s) for compile range (1, 51) from the cache, took 2.799 s
(Worker_TP0 pid=277689) INFO 07-09 13:36:49 [backends.py:292] Directly load the compiled graph(s) for compile range (52, 4096) from the cache, took 2.814 s
(Worker_TP0 pid=277689) INFO 07-09 13:36:49 [decorators.py:311] Directly load AOT compilation from path /root/.cache/vllm/torch_compile_cache/torch_aot_compile/b9b7d9c17f9426440afdc7aad565de3da4bd29ac5ebf558161a5cc98433bb214/rank_0_0/model
(Worker_TP0 pid=277689) INFO 07-09 13:36:49 [monitor.py:53] torch.compile took 10.92 s in total
(Worker_TP3 pid=277692) INFO 07-09 13:36:49 [decorators.py:311] Directly load AOT compilation from path /root/.cache/vllm/torch_compile_cache/torch_aot_compile/b9b7d9c17f9426440afdc7aad565de3da4bd29ac5ebf558161a5cc98433bb214/rank_3_0/model
(Worker_TP2 pid=277691) INFO 07-09 13:36:49 [decorators.py:311] Directly load AOT compilation from path /root/.cache/vllm/torch_compile_cache/torch_aot_compile/b9b7d9c17f9426440afdc7aad565de3da4bd29ac5ebf558161a5cc98433bb214/rank_2_0/model
(Worker_TP7 pid=277696) INFO 07-09 13:36:49 [decorators.py:311] Directly load AOT compilation from path /root/.cache/vllm/torch_compile_cache/torch_aot_compile/b9b7d9c17f9426440afdc7aad565de3da4bd29ac5ebf558161a5cc98433bb214/rank_7_0/model
(Worker_TP6 pid=277695) INFO 07-09 13:36:49 [decorators.py:311] Directly load AOT compilation from path /root/.cache/vllm/torch_compile_cache/torch_aot_compile/b9b7d9c17f9426440afdc7aad565de3da4bd29ac5ebf558161a5cc98433bb214/rank_6_0/model
(Worker_TP5 pid=277694) INFO 07-09 13:36:49 [decorators.py:311] Directly load AOT compilation from path /root/.cache/vllm/torch_compile_cache/torch_aot_compile/b9b7d9c17f9426440afdc7aad565de3da4bd29ac5ebf558161a5cc98433bb214/rank_5_0/model
(Worker_TP4 pid=277693) INFO 07-09 13:36:49 [decorators.py:311] Directly load AOT compilation from path /root/.cache/vllm/torch_compile_cache/torch_aot_compile/b9b7d9c17f9426440afdc7aad565de3da4bd29ac5ebf558161a5cc98433bb214/rank_4_0/model
(Worker_TP0 pid=277689) INFO 07-09 13:36:51 [monitor.py:81] Initial profiling/warmup run took 1.67 s
(Worker_TP6 pid=277695) INFO 07-09 13:36:53 [gpu_model_runner.py:6279] Profiling CUDA graph memory: PIECEWISE=51 (largest=512), FULL=51 (largest=512)
(Worker_TP2 pid=277691) INFO 07-09 13:36:53 [gpu_model_runner.py:6279] Profiling CUDA graph memory: PIECEWISE=51 (largest=512), FULL=51 (largest=512)
(Worker_TP4 pid=277693) INFO 07-09 13:36:53 [gpu_model_runner.py:6279] Profiling CUDA graph memory: PIECEWISE=51 (largest=512), FULL=51 (largest=512)
(Worker_TP5 pid=277694) INFO 07-09 13:36:53 [gpu_model_runner.py:6279] Profiling CUDA graph memory: PIECEWISE=51 (largest=512), FULL=51 (largest=512)
(Worker_TP0 pid=277689) INFO 07-09 13:36:53 [gpu_model_runner.py:6279] Profiling CUDA graph memory: PIECEWISE=51 (largest=512), FULL=51 (largest=512)
(Worker_TP7 pid=277696) INFO 07-09 13:36:53 [gpu_model_runner.py:6279] Profiling CUDA graph memory: PIECEWISE=51 (largest=512), FULL=51 (largest=512)
(Worker_TP3 pid=277692) INFO 07-09 13:36:53 [gpu_model_runner.py:6279] Profiling CUDA graph memory: PIECEWISE=51 (largest=512), FULL=51 (largest=512)
(Worker_TP1 pid=277690) INFO 07-09 13:36:53 [gpu_model_runner.py:6279] Profiling CUDA graph memory: PIECEWISE=51 (largest=512), FULL=51 (largest=512)
(Worker_TP5 pid=277694) INFO 07-09 13:36:55 [gpu_model_runner.py:6365] Estimated CUDA graph memory: 1.79 GiB total
(Worker_TP6 pid=277695) INFO 07-09 13:36:55 [gpu_model_runner.py:6365] Estimated CUDA graph memory: 1.79 GiB total
(Worker_TP4 pid=277693) INFO 07-09 13:36:55 [gpu_model_runner.py:6365] Estimated CUDA graph memory: 1.79 GiB total
(Worker_TP7 pid=277696) INFO 07-09 13:36:55 [gpu_model_runner.py:6365] Estimated CUDA graph memory: 1.79 GiB total
(Worker_TP2 pid=277691) INFO 07-09 13:36:55 [gpu_model_runner.py:6365] Estimated CUDA graph memory: 1.79 GiB total
(Worker_TP5 pid=277694) INFO 07-09 13:36:55 [gpu_worker.py:481] CUDA graph memory profiling is enabled (default since v0.21.0). The current --gpu-memory-utilization=0.9000 is equivalent to --gpu-memory-utilization=0.8774 without CUDA graph memory profiling. To maintain the same effective KV cache size as before, increase --gpu-memory-utilization to 0.9226. To disable, set VLLM_MEMORY_PROFILER_ESTIMATE_CUDAGRAPHS=0.
(Worker_TP6 pid=277695) INFO 07-09 13:36:55 [gpu_worker.py:481] CUDA graph memory profiling is enabled (default since v0.21.0). The current --gpu-memory-utilization=0.9000 is equivalent to --gpu-memory-utilization=0.8774 without CUDA graph memory profiling. To maintain the same effective KV cache size as before, increase --gpu-memory-utilization to 0.9226. To disable, set VLLM_MEMORY_PROFILER_ESTIMATE_CUDAGRAPHS=0.
(Worker_TP7 pid=277696) INFO 07-09 13:36:55 [gpu_worker.py:481] CUDA graph memory profiling is enabled (default since v0.21.0). The current --gpu-memory-utilization=0.9000 is equivalent to --gpu-memory-utilization=0.8774 without CUDA graph memory profiling. To maintain the same effective KV cache size as before, increase --gpu-memory-utilization to 0.9226. To disable, set VLLM_MEMORY_PROFILER_ESTIMATE_CUDAGRAPHS=0.
(Worker_TP3 pid=277692) INFO 07-09 13:36:55 [gpu_model_runner.py:6365] Estimated CUDA graph memory: 1.79 GiB total
(Worker_TP4 pid=277693) INFO 07-09 13:36:55 [gpu_worker.py:481] CUDA graph memory profiling is enabled (default since v0.21.0). The current --gpu-memory-utilization=0.9000 is equivalent to --gpu-memory-utilization=0.8774 without CUDA graph memory profiling. To maintain the same effective KV cache size as before, increase --gpu-memory-utilization to 0.9226. To disable, set VLLM_MEMORY_PROFILER_ESTIMATE_CUDAGRAPHS=0.
(Worker_TP1 pid=277690) INFO 07-09 13:36:56 [gpu_model_runner.py:6365] Estimated CUDA graph memory: 1.79 GiB total
(Worker_TP2 pid=277691) INFO 07-09 13:36:56 [gpu_worker.py:481] CUDA graph memory profiling is enabled (default since v0.21.0). The current --gpu-memory-utilization=0.9000 is equivalent to --gpu-memory-utilization=0.8774 without CUDA graph memory profiling. To maintain the same effective KV cache size as before, increase --gpu-memory-utilization to 0.9226. To disable, set VLLM_MEMORY_PROFILER_ESTIMATE_CUDAGRAPHS=0.
(Worker_TP0 pid=277689) INFO 07-09 13:36:56 [gpu_model_runner.py:6365] Estimated CUDA graph memory: 1.79 GiB total
(Worker_TP3 pid=277692) INFO 07-09 13:36:56 [gpu_worker.py:481] CUDA graph memory profiling is enabled (default since v0.21.0). The current --gpu-memory-utilization=0.9000 is equivalent to --gpu-memory-utilization=0.8774 without CUDA graph memory profiling. To maintain the same effective KV cache size as before, increase --gpu-memory-utilization to 0.9226. To disable, set VLLM_MEMORY_PROFILER_ESTIMATE_CUDAGRAPHS=0.
(Worker_TP1 pid=277690) INFO 07-09 13:36:56 [gpu_worker.py:481] CUDA graph memory profiling is enabled (default since v0.21.0). The current --gpu-memory-utilization=0.9000 is equivalent to --gpu-memory-utilization=0.8774 without CUDA graph memory profiling. To maintain the same effective KV cache size as before, increase --gpu-memory-utilization to 0.9226. To disable, set VLLM_MEMORY_PROFILER_ESTIMATE_CUDAGRAPHS=0.
(Worker_TP0 pid=277689) INFO 07-09 13:36:56 [gpu_worker.py:466] Available KV cache memory: 57.71 GiB
(Worker_TP0 pid=277689) INFO 07-09 13:36:56 [gpu_worker.py:481] CUDA graph memory profiling is enabled (default since v0.21.0). The current --gpu-memory-utilization=0.9000 is equivalent to --gpu-memory-utilization=0.8774 without CUDA graph memory profiling. To maintain the same effective KV cache size as before, increase --gpu-memory-utilization to 0.9226. To disable, set VLLM_MEMORY_PROFILER_ESTIMATE_CUDAGRAPHS=0.
(EngineCore pid=277315) INFO 07-09 13:36:56 [kv_cache_utils.py:1733] GPU KV cache size: 1,890,880 tokens
(EngineCore pid=277315) INFO 07-09 13:36:56 [kv_cache_utils.py:1734] Maximum concurrency for 4,096 tokens per request: 461.64x
(Worker_TP4 pid=277693) 2026-07-09 13:36:56,795 - INFO - autotuner.py:615 - flashinfer.jit: [Autotuner]: Autotuning process starts ...
(Worker_TP5 pid=277694) 2026-07-09 13:36:56,795 - INFO - autotuner.py:615 - flashinfer.jit: [Autotuner]: Autotuning process starts ...
(Worker_TP6 pid=277695) 2026-07-09 13:36:56,795 - INFO - autotuner.py:615 - flashinfer.jit: [Autotuner]: Autotuning process starts ...
(Worker_TP0 pid=277689) 2026-07-09 13:36:56,795 - INFO - autotuner.py:615 - flashinfer.jit: [Autotuner]: Autotuning process starts ...
(Worker_TP7 pid=277696) 2026-07-09 13:36:56,795 - INFO - autotuner.py:615 - flashinfer.jit: [Autotuner]: Autotuning process starts ...
(Worker_TP3 pid=277692) 2026-07-09 13:36:56,795 - INFO - autotuner.py:615 - flashinfer.jit: [Autotuner]: Autotuning process starts ...
(Worker_TP1 pid=277690) 2026-07-09 13:36:56,795 - INFO - autotuner.py:615 - flashinfer.jit: [Autotuner]: Autotuning process starts ...
(Worker_TP2 pid=277691) 2026-07-09 13:36:56,796 - INFO - autotuner.py:615 - flashinfer.jit: [Autotuner]: Autotuning process starts ...
(Worker_TP0 pid=277689) 2026-07-09 13:36:56,830 - INFO - autotuner.py:634 - flashinfer.jit: [Autotuner]: Autotuning process ends
(Worker_TP4 pid=277693) 2026-07-09 13:36:56,830 - INFO - autotuner.py:634 - flashinfer.jit: [Autotuner]: Autotuning process ends
(Worker_TP1 pid=277690) 2026-07-09 13:36:56,831 - INFO - autotuner.py:634 - flashinfer.jit: [Autotuner]: Autotuning process ends
(Worker_TP7 pid=277696) 2026-07-09 13:36:56,831 - INFO - autotuner.py:634 - flashinfer.jit: [Autotuner]: Autotuning process ends
(Worker_TP6 pid=277695) 2026-07-09 13:36:56,831 - INFO - autotuner.py:634 - flashinfer.jit: [Autotuner]: Autotuning process ends
(Worker_TP5 pid=277694) 2026-07-09 13:36:56,831 - INFO - autotuner.py:634 - flashinfer.jit: [Autotuner]: Autotuning process ends
(Worker_TP3 pid=277692) 2026-07-09 13:36:56,831 - INFO - autotuner.py:634 - flashinfer.jit: [Autotuner]: Autotuning process ends
(Worker_TP2 pid=277691) 2026-07-09 13:36:56,848 - INFO - autotuner.py:634 - flashinfer.jit: [Autotuner]: Autotuning process ends
(Worker_TP0 pid=277689) Capturing CUDA graphs (mixed prefill-decode, PIECEWISE):   0%|          | 0/51 [00:00<?, ?it/s]Capturing CUDA graphs (mixed prefill-decode, PIECEWISE):   2%|▏         | 1/51 [00:00<00:14,  3.46it/s]Capturing CUDA graphs (mixed prefill-decode, PIECEWISE):   4%|▍         | 2/51 [00:00<00:10,  4.81it/s]Capturing CUDA graphs (mixed prefill-decode, PIECEWISE):   6%|▌         | 3/51 [00:00<00:08,  5.38it/s]Capturing CUDA graphs (mixed prefill-decode, PIECEWISE):   8%|▊         | 4/51 [00:00<00:07,  6.34it/s]Capturing CUDA graphs (mixed prefill-decode, PIECEWISE):  10%|▉         | 5/51 [00:00<00:06,  6.94it/s]Capturing CUDA graphs (mixed prefill-decode, PIECEWISE):  12%|█▏        | 6/51 [00:00<00:06,  7.26it/s]Capturing CUDA graphs (mixed prefill-decode, PIECEWISE):  14%|█▎        | 7/51 [00:01<00:05,  7.51it/s]Capturing CUDA graphs (mixed prefill-decode, PIECEWISE):  16%|█▌        | 8/51 [00:01<00:05,  7.66it/s]Capturing CUDA graphs (mixed prefill-decode, PIECEWISE):  18%|█▊        | 9/51 [00:01<00:05,  7.73it/s]Capturing CUDA graphs (mixed prefill-decode, PIECEWISE):  20%|█▉        | 10/51 [00:01<00:05,  7.77it/s]Capturing CUDA graphs (mixed prefill-decode, PIECEWISE):  22%|██▏       | 11/51 [00:01<00:05,  7.83it/s]Capturing CUDA graphs (mixed prefill-decode, PIECEWISE):  24%|██▎       | 12/51 [00:01<00:05,  7.79it/s]Capturing CUDA graphs (mixed prefill-decode, PIECEWISE):  25%|██▌       | 13/51 [00:01<00:04,  7.73it/s]Capturing CUDA graphs (mixed prefill-decode, PIECEWISE):  27%|██▋       | 14/51 [00:01<00:04,  7.76it/s]Capturing CUDA graphs (mixed prefill-decode, PIECEWISE):  29%|██▉       | 15/51 [00:02<00:04,  7.69it/s]Capturing CUDA graphs (mixed prefill-decode, PIECEWISE):  31%|███▏      | 16/51 [00:02<00:04,  7.65it/s]Capturing CUDA graphs (mixed prefill-decode, PIECEWISE):  33%|███▎      | 17/51 [00:02<00:04,  7.58it/s]Capturing CUDA graphs (mixed prefill-decode, PIECEWISE):  35%|███▌      | 18/51 [00:02<00:04,  7.57it/s]Capturing CUDA graphs (mixed prefill-decode, PIECEWISE):  37%|███▋      | 19/51 [00:02<00:04,  7.53it/s]Capturing CUDA graphs (mixed prefill-decode, PIECEWISE):  39%|███▉      | 20/51 [00:02<00:04,  7.50it/s]Capturing CUDA graphs (mixed prefill-decode, PIECEWISE):  41%|████      | 21/51 [00:02<00:04,  7.32it/s]Capturing CUDA graphs (mixed prefill-decode, PIECEWISE):  43%|████▎     | 22/51 [00:03<00:03,  7.25it/s]Capturing CUDA graphs (mixed prefill-decode, PIECEWISE):  45%|████▌     | 23/51 [00:03<00:03,  7.20it/s]Capturing CUDA graphs (mixed prefill-decode, PIECEWISE):  47%|████▋     | 24/51 [00:03<00:03,  7.15it/s]Capturing CUDA graphs (mixed prefill-decode, PIECEWISE):  49%|████▉     | 25/51 [00:03<00:03,  7.09it/s]Capturing CUDA graphs (mixed prefill-decode, PIECEWISE):  51%|█████     | 26/51 [00:03<00:03,  7.05it/s]Capturing CUDA graphs (mixed prefill-decode, PIECEWISE):  53%|█████▎    | 27/51 [00:03<00:03,  7.03it/s]Capturing CUDA graphs (mixed prefill-decode, PIECEWISE):  55%|█████▍    | 28/51 [00:03<00:03,  6.98it/s]Capturing CUDA graphs (mixed prefill-decode, PIECEWISE):  57%|█████▋    | 29/51 [00:04<00:03,  7.00it/s]Capturing CUDA graphs (mixed prefill-decode, PIECEWISE):  59%|█████▉    | 30/51 [00:04<00:03,  6.96it/s]Capturing CUDA graphs (mixed prefill-decode, PIECEWISE):  61%|██████    | 31/51 [00:04<00:02,  6.86it/s]Capturing CUDA graphs (mixed prefill-decode, PIECEWISE):  63%|██████▎   | 32/51 [00:04<00:02,  6.72it/s]Capturing CUDA graphs (mixed prefill-decode, PIECEWISE):  65%|██████▍   | 33/51 [00:04<00:02,  6.66it/s]Capturing CUDA graphs (mixed prefill-decode, PIECEWISE):  67%|██████▋   | 34/51 [00:04<00:02,  6.64it/s]Capturing CUDA graphs (mixed prefill-decode, PIECEWISE):  69%|██████▊   | 35/51 [00:04<00:02,  6.62it/s]Capturing CUDA graphs (mixed prefill-decode, PIECEWISE):  71%|███████   | 36/51 [00:05<00:02,  6.85it/s]Capturing CUDA graphs (mixed prefill-decode, PIECEWISE):  73%|███████▎  | 37/51 [00:05<00:02,  6.76it/s]Capturing CUDA graphs (mixed prefill-decode, PIECEWISE):  75%|███████▍  | 38/51 [00:05<00:01,  6.77it/s]Capturing CUDA graphs (mixed prefill-decode, PIECEWISE):  76%|███████▋  | 39/51 [00:05<00:01,  6.76it/s]Capturing CUDA graphs (mixed prefill-decode, PIECEWISE):  78%|███████▊  | 40/51 [00:05<00:01,  6.75it/s]Capturing CUDA graphs (mixed prefill-decode, PIECEWISE):  80%|████████  | 41/51 [00:05<00:01,  6.72it/s]Capturing CUDA graphs (mixed prefill-decode, PIECEWISE):  82%|████████▏ | 42/51 [00:06<00:01,  6.59it/s]Capturing CUDA graphs (mixed prefill-decode, PIECEWISE):  84%|████████▍ | 43/51 [00:06<00:01,  6.95it/s]Capturing CUDA graphs (mixed prefill-decode, PIECEWISE):  88%|████████▊ | 45/51 [00:06<00:00,  8.02it/s]Capturing CUDA graphs (mixed prefill-decode, PIECEWISE):  90%|█████████ | 46/51 [00:06<00:00,  8.39it/s]Capturing CUDA graphs (mixed prefill-decode, PIECEWISE):  92%|█████████▏| 47/51 [00:06<00:00,  8.71it/s]Capturing CUDA graphs (mixed prefill-decode, PIECEWISE):  94%|█████████▍| 48/51 [00:06<00:00,  8.89it/s]Capturing CUDA graphs (mixed prefill-decode, PIECEWISE):  98%|█████████▊| 50/51 [00:06<00:00,  9.35it/s]Capturing CUDA graphs (mixed prefill-decode, PIECEWISE): 100%|██████████| 51/51 [00:06<00:00,  9.41it/s]Capturing CUDA graphs (mixed prefill-decode, PIECEWISE): 100%|██████████| 51/51 [00:06<00:00,  7.33it/s]
(Worker_TP0 pid=277689) Capturing CUDA graphs (decode, FULL):   0%|          | 0/51 [00:00<?, ?it/s]Capturing CUDA graphs (decode, FULL):   2%|▏         | 1/51 [00:00<00:05,  8.51it/s]Capturing CUDA graphs (decode, FULL):   6%|▌         | 3/51 [00:00<00:04,  9.97it/s]Capturing CUDA graphs (decode, FULL):  10%|▉         | 5/51 [00:00<00:04, 10.35it/s]Capturing CUDA graphs (decode, FULL):  14%|█▎        | 7/51 [00:00<00:04, 10.42it/s]Capturing CUDA graphs (decode, FULL):  18%|█▊        | 9/51 [00:00<00:04, 10.39it/s]Capturing CUDA graphs (decode, FULL):  22%|██▏       | 11/51 [00:01<00:03, 10.49it/s]Capturing CUDA graphs (decode, FULL):  25%|██▌       | 13/51 [00:01<00:03, 10.43it/s]Capturing CUDA graphs (decode, FULL):  29%|██▉       | 15/51 [00:01<00:03, 10.46it/s]Capturing CUDA graphs (decode, FULL):  33%|███▎      | 17/51 [00:01<00:03, 10.49it/s]Capturing CUDA graphs (decode, FULL):  37%|███▋      | 19/51 [00:01<00:03, 10.53it/s]Capturing CUDA graphs (decode, FULL):  41%|████      | 21/51 [00:02<00:02, 10.53it/s]Capturing CUDA graphs (decode, FULL):  45%|████▌     | 23/51 [00:02<00:02, 10.58it/s]Capturing CUDA graphs (decode, FULL):  49%|████▉     | 25/51 [00:02<00:02, 10.48it/s]Capturing CUDA graphs (decode, FULL):  53%|█████▎    | 27/51 [00:02<00:02, 10.56it/s]Capturing CUDA graphs (decode, FULL):  57%|█████▋    | 29/51 [00:02<00:02, 10.52it/s]Capturing CUDA graphs (decode, FULL):  61%|██████    | 31/51 [00:02<00:01, 10.60it/s]Capturing CUDA graphs (decode, FULL):  65%|██████▍   | 33/51 [00:03<00:01, 10.64it/s]Capturing CUDA graphs (decode, FULL):  69%|██████▊   | 35/51 [00:03<00:01, 10.64it/s]Capturing CUDA graphs (decode, FULL):  73%|███████▎  | 37/51 [00:03<00:01, 10.66it/s]Capturing CUDA graphs (decode, FULL):  76%|███████▋  | 39/51 [00:03<00:01, 10.44it/s]Capturing CUDA graphs (decode, FULL):  80%|████████  | 41/51 [00:03<00:00, 10.48it/s]Capturing CUDA graphs (decode, FULL):  84%|████████▍ | 43/51 [00:04<00:00, 11.47it/s]Capturing CUDA graphs (decode, FULL):  90%|█████████ | 46/51 [00:04<00:00, 13.94it/s]Capturing CUDA graphs (decode, FULL):  96%|█████████▌| 49/51 [00:04<00:00, 15.96it/s]Capturing CUDA graphs (decode, FULL): 100%|██████████| 51/51 [00:04<00:00, 11.54it/s]
(Worker_TP6 pid=277695) INFO 07-09 13:37:09 [gpu_worker.py:619] CUDA graph pool memory: 1.56 GiB (actual), 1.79 GiB (estimated), difference: 0.22 GiB (14.2%).
(Worker_TP4 pid=277693) INFO 07-09 13:37:09 [gpu_worker.py:619] CUDA graph pool memory: 1.56 GiB (actual), 1.79 GiB (estimated), difference: 0.22 GiB (14.2%).
(Worker_TP5 pid=277694) INFO 07-09 13:37:09 [gpu_worker.py:619] CUDA graph pool memory: 1.56 GiB (actual), 1.79 GiB (estimated), difference: 0.22 GiB (14.2%).
(Worker_TP7 pid=277696) INFO 07-09 13:37:09 [gpu_worker.py:619] CUDA graph pool memory: 1.56 GiB (actual), 1.79 GiB (estimated), difference: 0.22 GiB (14.2%).
(Worker_TP2 pid=277691) INFO 07-09 13:37:09 [gpu_worker.py:619] CUDA graph pool memory: 1.56 GiB (actual), 1.79 GiB (estimated), difference: 0.22 GiB (14.2%).
(Worker_TP0 pid=277689) INFO 07-09 13:37:09 [gpu_model_runner.py:6456] Graph capturing finished in 13 secs, took 1.56 GiB
(Worker_TP0 pid=277689) INFO 07-09 13:37:09 [gpu_worker.py:619] CUDA graph pool memory: 1.56 GiB (actual), 1.79 GiB (estimated), difference: 0.22 GiB (14.2%).
(Worker_TP3 pid=277692) INFO 07-09 13:37:09 [gpu_worker.py:619] CUDA graph pool memory: 1.56 GiB (actual), 1.79 GiB (estimated), difference: 0.22 GiB (14.2%).
(Worker_TP1 pid=277690) INFO 07-09 13:37:09 [gpu_worker.py:619] CUDA graph pool memory: 1.56 GiB (actual), 1.79 GiB (estimated), difference: 0.22 GiB (14.2%).
(Worker_TP2 pid=277691) INFO 07-09 13:37:09 [jit_monitor.py:54] Kernel JIT monitor activated — Triton JIT compilations during inference will be logged as warnings.
(Worker_TP0 pid=277689) INFO 07-09 13:37:09 [jit_monitor.py:54] Kernel JIT monitor activated — Triton JIT compilations during inference will be logged as warnings.
(Worker_TP4 pid=277693) INFO 07-09 13:37:09 [jit_monitor.py:54] Kernel JIT monitor activated — Triton JIT compilations during inference will be logged as warnings.
(Worker_TP5 pid=277694) INFO 07-09 13:37:09 [jit_monitor.py:54] Kernel JIT monitor activated — Triton JIT compilations during inference will be logged as warnings.
(Worker_TP7 pid=277696) INFO 07-09 13:37:09 [jit_monitor.py:54] Kernel JIT monitor activated — Triton JIT compilations during inference will be logged as warnings.
(Worker_TP6 pid=277695) INFO 07-09 13:37:09 [jit_monitor.py:54] Kernel JIT monitor activated — Triton JIT compilations during inference will be logged as warnings.
(Worker_TP3 pid=277692) INFO 07-09 13:37:09 [jit_monitor.py:54] Kernel JIT monitor activated — Triton JIT compilations during inference will be logged as warnings.
(Worker_TP1 pid=277690) INFO 07-09 13:37:09 [jit_monitor.py:54] Kernel JIT monitor activated — Triton JIT compilations during inference will be logged as warnings.
(EngineCore pid=277315) INFO 07-09 13:37:09 [core.py:302] init engine (profile, create kv cache, warmup model) took 31.15 s (compilation: 11.20 s)
(EngineCore pid=277315) Warning: You are sending unauthenticated requests to the HF Hub. Please set a HF_TOKEN to enable higher rate limits and faster downloads.
(EngineCore pid=277315) INFO 07-09 13:37:11 [vllm.py:977] Asynchronous scheduling is enabled.
(EngineCore pid=277315) INFO 07-09 13:37:11 [kernel.py:270] Final IR op priority after setting platform defaults: IrOpPriorityConfig(rms_norm=['native'], fused_add_rms_norm=['native'])
(EngineCore pid=277315) <frozen importlib._bootstrap_external>:1297: FutureWarning: The cuda.cudart module is deprecated and will be removed in a future release, please switch to use the cuda.bindings.runtime module instead.
(EngineCore pid=277315) <frozen importlib._bootstrap_external>:1297: FutureWarning: The cuda.nvrtc module is deprecated and will be removed in a future release, please switch to use the cuda.bindings.nvrtc module instead.
(EngineCore pid=277315) INFO 07-09 13:37:12 [compilation.py:312] Enabled custom fusions: allreduce_rms
(APIServer pid=276364) INFO 07-09 13:37:12 [api_server.py:592] Supported tasks: ['generate']
(APIServer pid=276364) WARNING 07-09 13:37:12 [model.py:1509] Default vLLM sampling parameters have been overridden by the model's `generation_config.json`: `{'repetition_penalty': 1.05, 'temperature': 0.7, 'top_k': 20, 'top_p': 0.8}`. If this is not intended, please relaunch vLLM instance with `--generation-config vllm`.
(APIServer pid=276364) INFO 07-09 13:37:14 [hf.py:488] Detected the chat template content format to be 'string'. You can set `--chat-template-content-format` to override this.
(APIServer pid=276364) INFO 07-09 13:37:14 [api_server.py:596] Starting vLLM server on http://127.0.0.1:8000
(APIServer pid=276364) INFO 07-09 13:37:14 [launcher.py:37] Available routes are:
(APIServer pid=276364) INFO 07-09 13:37:14 [launcher.py:46] Route: /openapi.json, Methods: GET, HEAD
(APIServer pid=276364) INFO 07-09 13:37:14 [launcher.py:46] Route: /docs, Methods: GET, HEAD
(APIServer pid=276364) INFO 07-09 13:37:14 [launcher.py:46] Route: /docs/oauth2-redirect, Methods: GET, HEAD
(APIServer pid=276364) INFO 07-09 13:37:14 [launcher.py:46] Route: /redoc, Methods: GET, HEAD
(APIServer pid=276364) INFO 07-09 13:37:14 [launcher.py:46] Route: /tokenize, Methods: POST
(APIServer pid=276364) INFO 07-09 13:37:14 [launcher.py:46] Route: /detokenize, Methods: POST
(APIServer pid=276364) INFO 07-09 13:37:14 [launcher.py:46] Route: /load, Methods: GET
(APIServer pid=276364) INFO 07-09 13:37:14 [launcher.py:46] Route: /version, Methods: GET
(APIServer pid=276364) INFO 07-09 13:37:14 [launcher.py:46] Route: /health, Methods: GET
(APIServer pid=276364) INFO 07-09 13:37:14 [launcher.py:46] Route: /metrics, Methods: GET
(APIServer pid=276364) INFO 07-09 13:37:14 [launcher.py:46] Route: /v1/models, Methods: GET
(APIServer pid=276364) INFO 07-09 13:37:14 [launcher.py:46] Route: /ping, Methods: GET
(APIServer pid=276364) INFO 07-09 13:37:14 [launcher.py:46] Route: /ping, Methods: POST
(APIServer pid=276364) INFO 07-09 13:37:14 [launcher.py:46] Route: /invocations, Methods: POST
(APIServer pid=276364) INFO 07-09 13:37:14 [launcher.py:46] Route: /v1/chat/completions, Methods: POST
(APIServer pid=276364) INFO 07-09 13:37:14 [launcher.py:46] Route: /v1/chat/completions/batch, Methods: POST
(APIServer pid=276364) INFO 07-09 13:37:14 [launcher.py:46] Route: /v1/responses, Methods: POST
(APIServer pid=276364) INFO 07-09 13:37:14 [launcher.py:46] Route: /v1/responses/{response_id}, Methods: GET
(APIServer pid=276364) INFO 07-09 13:37:14 [launcher.py:46] Route: /v1/responses/{response_id}/cancel, Methods: POST
(APIServer pid=276364) INFO 07-09 13:37:14 [launcher.py:46] Route: /v1/completions, Methods: POST
(APIServer pid=276364) INFO 07-09 13:37:14 [launcher.py:46] Route: /v1/messages, Methods: POST
(APIServer pid=276364) INFO 07-09 13:37:14 [launcher.py:46] Route: /v1/messages/count_tokens, Methods: POST
(APIServer pid=276364) INFO 07-09 13:37:14 [launcher.py:46] Route: /inference/v1/generate, Methods: POST
(APIServer pid=276364) INFO 07-09 13:37:14 [launcher.py:46] Route: /scale_elastic_ep, Methods: POST
(APIServer pid=276364) INFO 07-09 13:37:14 [launcher.py:46] Route: /is_scaling_elastic_ep, Methods: POST
(APIServer pid=276364) INFO 07-09 13:37:14 [launcher.py:46] Route: /generative_scoring, Methods: POST
(APIServer pid=276364) INFO 07-09 13:37:14 [launcher.py:46] Route: /v1/chat/completions/render, Methods: POST
(APIServer pid=276364) INFO 07-09 13:37:14 [launcher.py:46] Route: /v1/completions/render, Methods: POST
(APIServer pid=276364) INFO:     Started server process [276364]
(APIServer pid=276364) INFO:     Waiting for application startup.
(APIServer pid=276364) INFO:     Application startup complete.
(APIServer pid=276364) INFO:     127.0.0.1:38936 - "POST /v1/completions HTTP/1.1" 200 OK
(Worker_TP0 pid=277689) WARNING 07-09 13:37:18 [jit_monitor.py:103] Triton kernel JIT compilation during inference: _compute_slot_mapping_kernel. This causes a latency spike; consider extending warmup to cover this shape/config.
(APIServer pid=276364) INFO:     127.0.0.1:38936 - "POST /v1/completions HTTP/1.1" 200 OK
(APIServer pid=276364) INFO:     127.0.0.1:52246 - "POST /v1/completions HTTP/1.1" 200 OK
(APIServer pid=276364) INFO:     127.0.0.1:52258 - "POST /v1/completions HTTP/1.1" 200 OK
(APIServer pid=276364) INFO:     127.0.0.1:52272 - "POST /v1/completions HTTP/1.1" 200 OK
(APIServer pid=276364) INFO:     127.0.0.1:52278 - "POST /v1/completions HTTP/1.1" 200 OK
(APIServer pid=276364) INFO:     127.0.0.1:52292 - "POST /v1/completions HTTP/1.1" 200 OK
(APIServer pid=276364) INFO:     127.0.0.1:52308 - "POST /v1/completions HTTP/1.1" 200 OK
(APIServer pid=276364) INFO:     127.0.0.1:52314 - "POST /v1/completions HTTP/1.1" 200 OK
(APIServer pid=276364) INFO:     127.0.0.1:52318 - "POST /v1/completions HTTP/1.1" 200 OK
(APIServer pid=276364) INFO:     127.0.0.1:52322 - "POST /v1/completions HTTP/1.1" 200 OK
(APIServer pid=276364) INFO:     127.0.0.1:52328 - "POST /v1/completions HTTP/1.1" 200 OK
(APIServer pid=276364) INFO:     127.0.0.1:52336 - "POST /v1/completions HTTP/1.1" 200 OK
(APIServer pid=276364) INFO:     127.0.0.1:52340 - "POST /v1/completions HTTP/1.1" 200 OK
(APIServer pid=276364) INFO:     127.0.0.1:52354 - "POST /v1/completions HTTP/1.1" 200 OK
(APIServer pid=276364) INFO:     127.0.0.1:52364 - "POST /v1/completions HTTP/1.1" 200 OK
(APIServer pid=276364) INFO:     127.0.0.1:52368 - "POST /v1/completions HTTP/1.1" 200 OK
(APIServer pid=276364) INFO:     127.0.0.1:52382 - "POST /v1/completions HTTP/1.1" 200 OK
(APIServer pid=276364) INFO:     127.0.0.1:52390 - "POST /v1/completions HTTP/1.1" 200 OK
(APIServer pid=276364) INFO:     127.0.0.1:52394 - "POST /v1/completions HTTP/1.1" 200 OK
(APIServer pid=276364) INFO:     127.0.0.1:52406 - "POST /v1/completions HTTP/1.1" 200 OK
(APIServer pid=276364) INFO:     127.0.0.1:52410 - "POST /v1/completions HTTP/1.1" 200 OK
(APIServer pid=276364) INFO:     127.0.0.1:52426 - "POST /v1/completions HTTP/1.1" 200 OK
(APIServer pid=276364) INFO:     127.0.0.1:52430 - "POST /v1/completions HTTP/1.1" 200 OK
(APIServer pid=276364) INFO:     127.0.0.1:52434 - "POST /v1/completions HTTP/1.1" 200 OK
(APIServer pid=276364) INFO:     127.0.0.1:52440 - "POST /v1/completions HTTP/1.1" 200 OK
(APIServer pid=276364) INFO:     127.0.0.1:52454 - "POST /v1/completions HTTP/1.1" 200 OK
(APIServer pid=276364) INFO:     127.0.0.1:52460 - "POST /v1/completions HTTP/1.1" 200 OK
(APIServer pid=276364) INFO:     127.0.0.1:52464 - "POST /v1/completions HTTP/1.1" 200 OK
(APIServer pid=276364) INFO:     127.0.0.1:52470 - "POST /v1/completions HTTP/1.1" 200 OK
(APIServer pid=276364) INFO:     127.0.0.1:52486 - "POST /v1/completions HTTP/1.1" 200 OK
(APIServer pid=276364) INFO:     127.0.0.1:52488 - "POST /v1/completions HTTP/1.1" 200 OK
(APIServer pid=276364) INFO:     127.0.0.1:52500 - "POST /v1/completions HTTP/1.1" 200 OK
(APIServer pid=276364) INFO:     127.0.0.1:52502 - "POST /v1/completions HTTP/1.1" 200 OK
(APIServer pid=276364) INFO:     127.0.0.1:52510 - "POST /v1/completions HTTP/1.1" 200 OK
(APIServer pid=276364) INFO:     127.0.0.1:52518 - "POST /v1/completions HTTP/1.1" 200 OK
(APIServer pid=276364) INFO:     127.0.0.1:52530 - "POST /v1/completions HTTP/1.1" 200 OK
(APIServer pid=276364) INFO:     127.0.0.1:52532 - "POST /v1/completions HTTP/1.1" 200 OK
(APIServer pid=276364) INFO:     127.0.0.1:52534 - "POST /v1/completions HTTP/1.1" 200 OK
(APIServer pid=276364) INFO:     127.0.0.1:52536 - "POST /v1/completions HTTP/1.1" 200 OK
(APIServer pid=276364) INFO:     127.0.0.1:52548 - "POST /v1/completions HTTP/1.1" 200 OK
(APIServer pid=276364) INFO:     127.0.0.1:52550 - "POST /v1/completions HTTP/1.1" 200 OK
(APIServer pid=276364) INFO:     127.0.0.1:52558 - "POST /v1/completions HTTP/1.1" 200 OK
(APIServer pid=276364) INFO:     127.0.0.1:52564 - "POST /v1/completions HTTP/1.1" 200 OK
(APIServer pid=276364) INFO:     127.0.0.1:52578 - "POST /v1/completions HTTP/1.1" 200 OK
(APIServer pid=276364) INFO:     127.0.0.1:52588 - "POST /v1/completions HTTP/1.1" 200 OK
(APIServer pid=276364) INFO:     127.0.0.1:52602 - "POST /v1/completions HTTP/1.1" 200 OK
(APIServer pid=276364) INFO:     127.0.0.1:52608 - "POST /v1/completions HTTP/1.1" 200 OK
(APIServer pid=276364) INFO:     127.0.0.1:52614 - "POST /v1/completions HTTP/1.1" 200 OK
(APIServer pid=276364) INFO:     127.0.0.1:52624 - "POST /v1/completions HTTP/1.1" 200 OK
(APIServer pid=276364) INFO:     127.0.0.1:52632 - "POST /v1/completions HTTP/1.1" 200 OK
(APIServer pid=276364) INFO:     127.0.0.1:52644 - "POST /v1/completions HTTP/1.1" 200 OK
(APIServer pid=276364) INFO:     127.0.0.1:52648 - "POST /v1/completions HTTP/1.1" 200 OK
(APIServer pid=276364) INFO:     127.0.0.1:52662 - "POST /v1/completions HTTP/1.1" 200 OK
(APIServer pid=276364) INFO:     127.0.0.1:52670 - "POST /v1/completions HTTP/1.1" 200 OK
(APIServer pid=276364) INFO:     127.0.0.1:52674 - "POST /v1/completions HTTP/1.1" 200 OK
(APIServer pid=276364) INFO:     127.0.0.1:52688 - "POST /v1/completions HTTP/1.1" 200 OK
(APIServer pid=276364) INFO:     127.0.0.1:52696 - "POST /v1/completions HTTP/1.1" 200 OK
(APIServer pid=276364) INFO:     127.0.0.1:52700 - "POST /v1/completions HTTP/1.1" 200 OK
(APIServer pid=276364) INFO:     127.0.0.1:52704 - "POST /v1/completions HTTP/1.1" 200 OK
(APIServer pid=276364) INFO:     127.0.0.1:52706 - "POST /v1/completions HTTP/1.1" 200 OK
(APIServer pid=276364) INFO:     127.0.0.1:52712 - "POST /v1/completions HTTP/1.1" 200 OK
(APIServer pid=276364) INFO:     127.0.0.1:52724 - "POST /v1/completions HTTP/1.1" 200 OK
(APIServer pid=276364) INFO:     127.0.0.1:52734 - "POST /v1/completions HTTP/1.1" 200 OK
(APIServer pid=276364) INFO:     127.0.0.1:52742 - "POST /v1/completions HTTP/1.1" 200 OK
(APIServer pid=276364) INFO 07-09 13:37:24 [loggers.py:271] Engine 000: Avg prompt throughput: 88.6 tokens/s, Avg generation throughput: 218.5 tokens/s, Running: 64 reqs, Waiting: 0 reqs, GPU KV cache usage: 0.2%, Prefix cache hit rate: 86.2%
(APIServer pid=276364) INFO 07-09 13:37:34 [loggers.py:271] Engine 000: Avg prompt throughput: 0.0 tokens/s, Avg generation throughput: 6335.0 tokens/s, Running: 63 reqs, Waiting: 0 reqs, GPU KV cache usage: 3.5%, Prefix cache hit rate: 86.2%
(APIServer pid=276364) INFO:     127.0.0.1:38936 - "GET /metrics HTTP/1.1" 200 OK
(APIServer pid=276364) INFO:     127.0.0.1:52246 - "POST /v1/completions HTTP/1.1" 200 OK
(APIServer pid=276364) INFO:     127.0.0.1:52394 - "POST /v1/completions HTTP/1.1" 200 OK
(APIServer pid=276364) INFO:     127.0.0.1:52390 - "POST /v1/completions HTTP/1.1" 200 OK
(APIServer pid=276364) INFO:     127.0.0.1:52382 - "POST /v1/completions HTTP/1.1" 200 OK
(APIServer pid=276364) INFO:     127.0.0.1:52368 - "POST /v1/completions HTTP/1.1" 200 OK
(APIServer pid=276364) INFO:     127.0.0.1:52364 - "POST /v1/completions HTTP/1.1" 200 OK
(APIServer pid=276364) INFO:     127.0.0.1:52354 - "POST /v1/completions HTTP/1.1" 200 OK
(APIServer pid=276364) INFO:     127.0.0.1:52340 - "POST /v1/completions HTTP/1.1" 200 OK
(APIServer pid=276364) INFO:     127.0.0.1:52336 - "POST /v1/completions HTTP/1.1" 200 OK
(APIServer pid=276364) INFO:     127.0.0.1:52292 - "POST /v1/completions HTTP/1.1" 200 OK
(APIServer pid=276364) INFO:     127.0.0.1:52328 - "POST /v1/completions HTTP/1.1" 200 OK
(APIServer pid=276364) INFO:     127.0.0.1:52322 - "POST /v1/completions HTTP/1.1" 200 OK
(APIServer pid=276364) INFO:     127.0.0.1:52510 - "POST /v1/completions HTTP/1.1" 200 OK
(APIServer pid=276364) INFO:     127.0.0.1:52502 - "POST /v1/completions HTTP/1.1" 200 OK
(APIServer pid=276364) INFO:     127.0.0.1:52500 - "POST /v1/completions HTTP/1.1" 200 OK
(APIServer pid=276364) INFO:     127.0.0.1:52488 - "POST /v1/completions HTTP/1.1" 200 OK
(APIServer pid=276364) INFO:     127.0.0.1:52486 - "POST /v1/completions HTTP/1.1" 200 OK
(APIServer pid=276364) INFO:     127.0.0.1:52470 - "POST /v1/completions HTTP/1.1" 200 OK
(APIServer pid=276364) INFO:     127.0.0.1:52464 - "POST /v1/completions HTTP/1.1" 200 OK
(APIServer pid=276364) INFO:     127.0.0.1:52272 - "POST /v1/completions HTTP/1.1" 200 OK
(APIServer pid=276364) INFO:     127.0.0.1:52318 - "POST /v1/completions HTTP/1.1" 200 OK
(APIServer pid=276364) INFO:     127.0.0.1:52410 - "POST /v1/completions HTTP/1.1" 200 OK
(APIServer pid=276364) INFO:     127.0.0.1:52406 - "POST /v1/completions HTTP/1.1" 200 OK
(APIServer pid=276364) INFO:     127.0.0.1:52314 - "POST /v1/completions HTTP/1.1" 200 OK
(APIServer pid=276364) INFO:     127.0.0.1:52460 - "POST /v1/completions HTTP/1.1" 200 OK
(APIServer pid=276364) INFO:     127.0.0.1:52454 - "POST /v1/completions HTTP/1.1" 200 OK
(APIServer pid=276364) INFO:     127.0.0.1:52440 - "POST /v1/completions HTTP/1.1" 200 OK
(APIServer pid=276364) INFO:     127.0.0.1:52426 - "POST /v1/completions HTTP/1.1" 200 OK
(APIServer pid=276364) INFO:     127.0.0.1:52430 - "POST /v1/completions HTTP/1.1" 200 OK
(APIServer pid=276364) INFO:     127.0.0.1:52434 - "POST /v1/completions HTTP/1.1" 200 OK
(APIServer pid=276364) INFO:     127.0.0.1:52258 - "POST /v1/completions HTTP/1.1" 200 OK
(APIServer pid=276364) INFO:     127.0.0.1:52308 - "POST /v1/completions HTTP/1.1" 200 OK
(APIServer pid=276364) INFO:     127.0.0.1:52278 - "POST /v1/completions HTTP/1.1" 200 OK
(APIServer pid=276364) INFO:     127.0.0.1:52578 - "POST /v1/completions HTTP/1.1" 200 OK
(APIServer pid=276364) INFO:     127.0.0.1:52564 - "POST /v1/completions HTTP/1.1" 200 OK
(APIServer pid=276364) INFO:     127.0.0.1:52558 - "POST /v1/completions HTTP/1.1" 200 OK
(APIServer pid=276364) INFO:     127.0.0.1:52550 - "POST /v1/completions HTTP/1.1" 200 OK
(APIServer pid=276364) INFO:     127.0.0.1:52548 - "POST /v1/completions HTTP/1.1" 200 OK
(APIServer pid=276364) INFO:     127.0.0.1:52536 - "POST /v1/completions HTTP/1.1" 200 OK
(APIServer pid=276364) INFO:     127.0.0.1:52534 - "POST /v1/completions HTTP/1.1" 200 OK
(APIServer pid=276364) INFO:     127.0.0.1:52532 - "POST /v1/completions HTTP/1.1" 200 OK
(APIServer pid=276364) INFO:     127.0.0.1:52530 - "POST /v1/completions HTTP/1.1" 200 OK
(APIServer pid=276364) INFO:     127.0.0.1:52518 - "POST /v1/completions HTTP/1.1" 200 OK
(APIServer pid=276364) INFO:     127.0.0.1:52614 - "POST /v1/completions HTTP/1.1" 200 OK
(APIServer pid=276364) INFO:     127.0.0.1:52608 - "POST /v1/completions HTTP/1.1" 200 OK
(APIServer pid=276364) INFO:     127.0.0.1:52602 - "POST /v1/completions HTTP/1.1" 200 OK
(APIServer pid=276364) INFO:     127.0.0.1:52588 - "POST /v1/completions HTTP/1.1" 200 OK
(APIServer pid=276364) INFO:     127.0.0.1:52632 - "POST /v1/completions HTTP/1.1" 200 OK
(APIServer pid=276364) INFO:     127.0.0.1:52624 - "POST /v1/completions HTTP/1.1" 200 OK
(APIServer pid=276364) INFO:     127.0.0.1:52742 - "POST /v1/completions HTTP/1.1" 200 OK
(APIServer pid=276364) INFO:     127.0.0.1:52734 - "POST /v1/completions HTTP/1.1" 200 OK
(APIServer pid=276364) INFO:     127.0.0.1:52724 - "POST /v1/completions HTTP/1.1" 200 OK
(APIServer pid=276364) INFO:     127.0.0.1:52712 - "POST /v1/completions HTTP/1.1" 200 OK
(APIServer pid=276364) INFO:     127.0.0.1:52706 - "POST /v1/completions HTTP/1.1" 200 OK
(APIServer pid=276364) INFO:     127.0.0.1:52704 - "POST /v1/completions HTTP/1.1" 200 OK
(APIServer pid=276364) INFO:     127.0.0.1:52700 - "POST /v1/completions HTTP/1.1" 200 OK
(APIServer pid=276364) INFO:     127.0.0.1:52696 - "POST /v1/completions HTTP/1.1" 200 OK
(APIServer pid=276364) INFO:     127.0.0.1:52688 - "POST /v1/completions HTTP/1.1" 200 OK
(APIServer pid=276364) INFO:     127.0.0.1:52674 - "POST /v1/completions HTTP/1.1" 200 OK
(APIServer pid=276364) INFO:     127.0.0.1:52670 - "POST /v1/completions HTTP/1.1" 200 OK
(APIServer pid=276364) INFO:     127.0.0.1:52662 - "POST /v1/completions HTTP/1.1" 200 OK
(APIServer pid=276364) INFO:     127.0.0.1:52648 - "POST /v1/completions HTTP/1.1" 200 OK
(APIServer pid=276364) INFO:     127.0.0.1:52644 - "POST /v1/completions HTTP/1.1" 200 OK
(APIServer pid=276364) INFO:     127.0.0.1:38936 - "POST /v1/completions HTTP/1.1" 200 OK
(APIServer pid=276364) INFO:     127.0.0.1:41958 - "POST /v1/completions HTTP/1.1" 200 OK
(APIServer pid=276364) INFO:     127.0.0.1:41964 - "POST /v1/completions HTTP/1.1" 200 OK
(APIServer pid=276364) INFO:     127.0.0.1:41974 - "POST /v1/completions HTTP/1.1" 200 OK
(APIServer pid=276364) INFO:     127.0.0.1:41980 - "POST /v1/completions HTTP/1.1" 200 OK
(APIServer pid=276364) INFO:     127.0.0.1:41984 - "POST /v1/completions HTTP/1.1" 200 OK
(APIServer pid=276364) INFO:     127.0.0.1:41988 - "POST /v1/completions HTTP/1.1" 200 OK
(APIServer pid=276364) INFO:     127.0.0.1:41990 - "POST /v1/completions HTTP/1.1" 200 OK
(APIServer pid=276364) INFO:     127.0.0.1:42000 - "POST /v1/completions HTTP/1.1" 200 OK
(APIServer pid=276364) INFO:     127.0.0.1:42010 - "POST /v1/completions HTTP/1.1" 200 OK
(APIServer pid=276364) INFO:     127.0.0.1:42014 - "POST /v1/completions HTTP/1.1" 200 OK
(APIServer pid=276364) INFO:     127.0.0.1:42026 - "POST /v1/completions HTTP/1.1" 200 OK
(APIServer pid=276364) INFO:     127.0.0.1:42038 - "POST /v1/completions HTTP/1.1" 200 OK
(APIServer pid=276364) INFO:     127.0.0.1:42044 - "POST /v1/completions HTTP/1.1" 200 OK
(APIServer pid=276364) INFO:     127.0.0.1:42054 - "POST /v1/completions HTTP/1.1" 200 OK
(APIServer pid=276364) INFO:     127.0.0.1:42070 - "POST /v1/completions HTTP/1.1" 200 OK
(APIServer pid=276364) INFO:     127.0.0.1:42080 - "POST /v1/completions HTTP/1.1" 200 OK
(APIServer pid=276364) INFO:     127.0.0.1:42088 - "POST /v1/completions HTTP/1.1" 200 OK
(APIServer pid=276364) INFO:     127.0.0.1:42100 - "POST /v1/completions HTTP/1.1" 200 OK
(APIServer pid=276364) INFO:     127.0.0.1:42106 - "POST /v1/completions HTTP/1.1" 200 OK
(APIServer pid=276364) INFO:     127.0.0.1:42110 - "POST /v1/completions HTTP/1.1" 200 OK
(APIServer pid=276364) INFO:     127.0.0.1:42122 - "POST /v1/completions HTTP/1.1" 200 OK
(APIServer pid=276364) INFO:     127.0.0.1:42132 - "POST /v1/completions HTTP/1.1" 200 OK
(APIServer pid=276364) INFO:     127.0.0.1:42134 - "POST /v1/completions HTTP/1.1" 200 OK
(APIServer pid=276364) INFO:     127.0.0.1:42140 - "POST /v1/completions HTTP/1.1" 200 OK
(APIServer pid=276364) INFO:     127.0.0.1:42154 - "POST /v1/completions HTTP/1.1" 200 OK
(APIServer pid=276364) INFO:     127.0.0.1:42162 - "POST /v1/completions HTTP/1.1" 200 OK
(APIServer pid=276364) INFO:     127.0.0.1:42170 - "POST /v1/completions HTTP/1.1" 200 OK
(APIServer pid=276364) INFO:     127.0.0.1:42182 - "POST /v1/completions HTTP/1.1" 200 OK
(APIServer pid=276364) INFO:     127.0.0.1:42194 - "POST /v1/completions HTTP/1.1" 200 OK
(APIServer pid=276364) INFO:     127.0.0.1:42210 - "POST /v1/completions HTTP/1.1" 200 OK
(APIServer pid=276364) INFO:     127.0.0.1:42220 - "POST /v1/completions HTTP/1.1" 200 OK
(APIServer pid=276364) INFO:     127.0.0.1:42236 - "POST /v1/completions HTTP/1.1" 200 OK
(APIServer pid=276364) INFO:     127.0.0.1:42248 - "POST /v1/completions HTTP/1.1" 200 OK
(APIServer pid=276364) INFO:     127.0.0.1:42260 - "POST /v1/completions HTTP/1.1" 200 OK
(APIServer pid=276364) INFO:     127.0.0.1:42264 - "POST /v1/completions HTTP/1.1" 200 OK
(APIServer pid=276364) INFO:     127.0.0.1:42276 - "POST /v1/completions HTTP/1.1" 200 OK
(APIServer pid=276364) INFO:     127.0.0.1:42280 - "POST /v1/completions HTTP/1.1" 200 OK
(APIServer pid=276364) INFO:     127.0.0.1:42282 - "POST /v1/completions HTTP/1.1" 200 OK
(APIServer pid=276364) INFO:     127.0.0.1:42294 - "POST /v1/completions HTTP/1.1" 200 OK
(APIServer pid=276364) INFO:     127.0.0.1:42310 - "POST /v1/completions HTTP/1.1" 200 OK
(APIServer pid=276364) INFO:     127.0.0.1:42314 - "POST /v1/completions HTTP/1.1" 200 OK
(APIServer pid=276364) INFO:     127.0.0.1:42322 - "POST /v1/completions HTTP/1.1" 200 OK
(APIServer pid=276364) INFO:     127.0.0.1:42326 - "POST /v1/completions HTTP/1.1" 200 OK
(APIServer pid=276364) INFO:     127.0.0.1:42336 - "POST /v1/completions HTTP/1.1" 200 OK
(APIServer pid=276364) INFO:     127.0.0.1:42348 - "POST /v1/completions HTTP/1.1" 200 OK
(APIServer pid=276364) INFO:     127.0.0.1:42352 - "POST /v1/completions HTTP/1.1" 200 OK
(APIServer pid=276364) INFO:     127.0.0.1:42368 - "POST /v1/completions HTTP/1.1" 200 OK
(APIServer pid=276364) INFO:     127.0.0.1:42372 - "POST /v1/completions HTTP/1.1" 200 OK
(APIServer pid=276364) INFO:     127.0.0.1:42378 - "POST /v1/completions HTTP/1.1" 200 OK
(APIServer pid=276364) INFO:     127.0.0.1:42388 - "POST /v1/completions HTTP/1.1" 200 OK
(APIServer pid=276364) INFO:     127.0.0.1:42394 - "POST /v1/completions HTTP/1.1" 200 OK
(APIServer pid=276364) INFO:     127.0.0.1:42400 - "POST /v1/completions HTTP/1.1" 200 OK
(APIServer pid=276364) INFO:     127.0.0.1:42410 - "POST /v1/completions HTTP/1.1" 200 OK
(APIServer pid=276364) INFO:     127.0.0.1:42424 - "POST /v1/completions HTTP/1.1" 200 OK
(APIServer pid=276364) INFO:     127.0.0.1:42432 - "POST /v1/completions HTTP/1.1" 200 OK
(APIServer pid=276364) INFO:     127.0.0.1:42438 - "POST /v1/completions HTTP/1.1" 200 OK
(APIServer pid=276364) INFO:     127.0.0.1:42450 - "POST /v1/completions HTTP/1.1" 200 OK
(APIServer pid=276364) INFO:     127.0.0.1:42460 - "POST /v1/completions HTTP/1.1" 200 OK
(APIServer pid=276364) INFO:     127.0.0.1:42466 - "POST /v1/completions HTTP/1.1" 200 OK
(APIServer pid=276364) INFO:     127.0.0.1:42474 - "POST /v1/completions HTTP/1.1" 200 OK
(APIServer pid=276364) INFO:     127.0.0.1:42480 - "POST /v1/completions HTTP/1.1" 200 OK
(APIServer pid=276364) INFO:     127.0.0.1:42494 - "POST /v1/completions HTTP/1.1" 200 OK
(APIServer pid=276364) INFO:     127.0.0.1:42508 - "POST /v1/completions HTTP/1.1" 200 OK
(APIServer pid=276364) INFO:     127.0.0.1:42516 - "POST /v1/completions HTTP/1.1" 200 OK
(APIServer pid=276364) INFO:     127.0.0.1:42518 - "POST /v1/completions HTTP/1.1" 200 OK
(APIServer pid=276364) INFO:     127.0.0.1:42528 - "POST /v1/completions HTTP/1.1" 200 OK
(APIServer pid=276364) INFO:     127.0.0.1:42542 - "POST /v1/completions HTTP/1.1" 200 OK
(APIServer pid=276364) INFO:     127.0.0.1:42546 - "POST /v1/completions HTTP/1.1" 200 OK
(APIServer pid=276364) INFO:     127.0.0.1:42558 - "POST /v1/completions HTTP/1.1" 200 OK
(APIServer pid=276364) INFO:     127.0.0.1:42564 - "POST /v1/completions HTTP/1.1" 200 OK
(APIServer pid=276364) INFO:     127.0.0.1:42572 - "POST /v1/completions HTTP/1.1" 200 OK
(APIServer pid=276364) INFO:     127.0.0.1:42574 - "POST /v1/completions HTTP/1.1" 200 OK
(APIServer pid=276364) INFO:     127.0.0.1:42590 - "POST /v1/completions HTTP/1.1" 200 OK
(APIServer pid=276364) INFO:     127.0.0.1:42604 - "POST /v1/completions HTTP/1.1" 200 OK
(APIServer pid=276364) INFO:     127.0.0.1:42616 - "POST /v1/completions HTTP/1.1" 200 OK
(APIServer pid=276364) INFO:     127.0.0.1:42626 - "POST /v1/completions HTTP/1.1" 200 OK
(APIServer pid=276364) INFO:     127.0.0.1:42634 - "POST /v1/completions HTTP/1.1" 200 OK
(APIServer pid=276364) INFO:     127.0.0.1:42644 - "POST /v1/completions HTTP/1.1" 200 OK
(APIServer pid=276364) INFO:     127.0.0.1:42652 - "POST /v1/completions HTTP/1.1" 200 OK
(APIServer pid=276364) INFO:     127.0.0.1:42654 - "POST /v1/completions HTTP/1.1" 200 OK
(APIServer pid=276364) INFO:     127.0.0.1:42666 - "POST /v1/completions HTTP/1.1" 200 OK
(APIServer pid=276364) INFO:     127.0.0.1:42676 - "POST /v1/completions HTTP/1.1" 200 OK
(APIServer pid=276364) INFO:     127.0.0.1:42678 - "POST /v1/completions HTTP/1.1" 200 OK
(APIServer pid=276364) INFO:     127.0.0.1:42694 - "POST /v1/completions HTTP/1.1" 200 OK
(APIServer pid=276364) INFO:     127.0.0.1:42708 - "POST /v1/completions HTTP/1.1" 200 OK
(APIServer pid=276364) INFO:     127.0.0.1:42718 - "POST /v1/completions HTTP/1.1" 200 OK
(APIServer pid=276364) INFO:     127.0.0.1:42724 - "POST /v1/completions HTTP/1.1" 200 OK
(APIServer pid=276364) INFO:     127.0.0.1:42730 - "POST /v1/completions HTTP/1.1" 200 OK
(APIServer pid=276364) INFO:     127.0.0.1:42746 - "POST /v1/completions HTTP/1.1" 200 OK
(APIServer pid=276364) INFO:     127.0.0.1:42760 - "POST /v1/completions HTTP/1.1" 200 OK
(APIServer pid=276364) INFO:     127.0.0.1:42772 - "POST /v1/completions HTTP/1.1" 200 OK
(APIServer pid=276364) INFO:     127.0.0.1:42786 - "POST /v1/completions HTTP/1.1" 200 OK
(APIServer pid=276364) INFO:     127.0.0.1:42792 - "POST /v1/completions HTTP/1.1" 200 OK
(APIServer pid=276364) INFO:     127.0.0.1:42800 - "POST /v1/completions HTTP/1.1" 200 OK
(APIServer pid=276364) INFO:     127.0.0.1:42802 - "POST /v1/completions HTTP/1.1" 200 OK
(APIServer pid=276364) INFO:     127.0.0.1:42816 - "POST /v1/completions HTTP/1.1" 200 OK
(APIServer pid=276364) INFO:     127.0.0.1:42818 - "POST /v1/completions HTTP/1.1" 200 OK
(APIServer pid=276364) INFO:     127.0.0.1:42830 - "POST /v1/completions HTTP/1.1" 200 OK
(APIServer pid=276364) INFO:     127.0.0.1:42838 - "POST /v1/completions HTTP/1.1" 200 OK
(APIServer pid=276364) INFO:     127.0.0.1:42850 - "POST /v1/completions HTTP/1.1" 200 OK
(APIServer pid=276364) INFO:     127.0.0.1:42866 - "POST /v1/completions HTTP/1.1" 200 OK
(APIServer pid=276364) INFO:     127.0.0.1:42880 - "POST /v1/completions HTTP/1.1" 200 OK
(APIServer pid=276364) INFO:     127.0.0.1:42884 - "POST /v1/completions HTTP/1.1" 200 OK
(APIServer pid=276364) INFO:     127.0.0.1:42900 - "POST /v1/completions HTTP/1.1" 200 OK
(APIServer pid=276364) INFO:     127.0.0.1:42910 - "POST /v1/completions HTTP/1.1" 200 OK
(APIServer pid=276364) INFO:     127.0.0.1:42916 - "POST /v1/completions HTTP/1.1" 200 OK
(APIServer pid=276364) INFO:     127.0.0.1:42930 - "POST /v1/completions HTTP/1.1" 200 OK
(APIServer pid=276364) INFO:     127.0.0.1:42942 - "POST /v1/completions HTTP/1.1" 200 OK
(APIServer pid=276364) INFO:     127.0.0.1:42954 - "POST /v1/completions HTTP/1.1" 200 OK
(APIServer pid=276364) INFO:     127.0.0.1:42958 - "POST /v1/completions HTTP/1.1" 200 OK
(APIServer pid=276364) INFO:     127.0.0.1:42970 - "POST /v1/completions HTTP/1.1" 200 OK
(APIServer pid=276364) INFO:     127.0.0.1:42984 - "POST /v1/completions HTTP/1.1" 200 OK
(APIServer pid=276364) INFO:     127.0.0.1:42990 - "POST /v1/completions HTTP/1.1" 200 OK
(APIServer pid=276364) INFO:     127.0.0.1:42998 - "POST /v1/completions HTTP/1.1" 200 OK
(APIServer pid=276364) INFO:     127.0.0.1:43004 - "POST /v1/completions HTTP/1.1" 200 OK
(APIServer pid=276364) INFO:     127.0.0.1:43012 - "POST /v1/completions HTTP/1.1" 200 OK
(APIServer pid=276364) INFO:     127.0.0.1:43014 - "POST /v1/completions HTTP/1.1" 200 OK
(APIServer pid=276364) INFO:     127.0.0.1:43026 - "POST /v1/completions HTTP/1.1" 200 OK
(APIServer pid=276364) INFO:     127.0.0.1:43034 - "POST /v1/completions HTTP/1.1" 200 OK
(APIServer pid=276364) INFO:     127.0.0.1:43036 - "POST /v1/completions HTTP/1.1" 200 OK
(APIServer pid=276364) INFO:     127.0.0.1:43048 - "POST /v1/completions HTTP/1.1" 200 OK
(APIServer pid=276364) INFO:     127.0.0.1:43050 - "POST /v1/completions HTTP/1.1" 200 OK
(APIServer pid=276364) INFO:     127.0.0.1:43062 - "POST /v1/completions HTTP/1.1" 200 OK
(APIServer pid=276364) INFO:     127.0.0.1:43076 - "POST /v1/completions HTTP/1.1" 200 OK
(APIServer pid=276364) INFO:     127.0.0.1:43092 - "POST /v1/completions HTTP/1.1" 200 OK
(APIServer pid=276364) INFO:     127.0.0.1:43102 - "POST /v1/completions HTTP/1.1" 200 OK
(APIServer pid=276364) INFO:     127.0.0.1:43112 - "POST /v1/completions HTTP/1.1" 200 OK
(APIServer pid=276364) INFO:     127.0.0.1:43116 - "POST /v1/completions HTTP/1.1" 200 OK
(APIServer pid=276364) INFO:     127.0.0.1:43128 - "POST /v1/completions HTTP/1.1" 200 OK
(APIServer pid=276364) INFO:     127.0.0.1:43130 - "POST /v1/completions HTTP/1.1" 200 OK
(APIServer pid=276364) INFO:     127.0.0.1:43146 - "POST /v1/completions HTTP/1.1" 200 OK
(APIServer pid=276364) INFO:     127.0.0.1:43158 - "POST /v1/completions HTTP/1.1" 200 OK
(APIServer pid=276364) INFO:     127.0.0.1:43160 - "POST /v1/completions HTTP/1.1" 200 OK
(APIServer pid=276364) INFO:     127.0.0.1:43176 - "POST /v1/completions HTTP/1.1" 200 OK
(APIServer pid=276364) INFO:     127.0.0.1:43180 - "POST /v1/completions HTTP/1.1" 200 OK
(APIServer pid=276364) INFO:     127.0.0.1:43184 - "POST /v1/completions HTTP/1.1" 200 OK
(APIServer pid=276364) INFO:     127.0.0.1:43200 - "POST /v1/completions HTTP/1.1" 200 OK
(APIServer pid=276364) INFO:     127.0.0.1:43216 - "POST /v1/completions HTTP/1.1" 200 OK
(APIServer pid=276364) INFO:     127.0.0.1:43220 - "POST /v1/completions HTTP/1.1" 200 OK
(APIServer pid=276364) INFO:     127.0.0.1:43230 - "POST /v1/completions HTTP/1.1" 200 OK
(APIServer pid=276364) INFO:     127.0.0.1:43234 - "POST /v1/completions HTTP/1.1" 200 OK
(APIServer pid=276364) INFO:     127.0.0.1:43246 - "POST /v1/completions HTTP/1.1" 200 OK
(APIServer pid=276364) INFO:     127.0.0.1:43258 - "POST /v1/completions HTTP/1.1" 200 OK
(APIServer pid=276364) INFO:     127.0.0.1:43264 - "POST /v1/completions HTTP/1.1" 200 OK
(APIServer pid=276364) INFO:     127.0.0.1:43276 - "POST /v1/completions HTTP/1.1" 200 OK
(APIServer pid=276364) INFO:     127.0.0.1:43278 - "POST /v1/completions HTTP/1.1" 200 OK
(APIServer pid=276364) INFO:     127.0.0.1:43292 - "POST /v1/completions HTTP/1.1" 200 OK
(APIServer pid=276364) INFO:     127.0.0.1:43302 - "POST /v1/completions HTTP/1.1" 200 OK
(APIServer pid=276364) INFO:     127.0.0.1:43316 - "POST /v1/completions HTTP/1.1" 200 OK
(APIServer pid=276364) INFO:     127.0.0.1:43318 - "POST /v1/completions HTTP/1.1" 200 OK
(APIServer pid=276364) INFO:     127.0.0.1:43322 - "POST /v1/completions HTTP/1.1" 200 OK
(APIServer pid=276364) INFO:     127.0.0.1:43332 - "POST /v1/completions HTTP/1.1" 200 OK
(APIServer pid=276364) INFO:     127.0.0.1:43346 - "POST /v1/completions HTTP/1.1" 200 OK
(APIServer pid=276364) INFO:     127.0.0.1:43358 - "POST /v1/completions HTTP/1.1" 200 OK
(APIServer pid=276364) INFO:     127.0.0.1:43364 - "POST /v1/completions HTTP/1.1" 200 OK
(APIServer pid=276364) INFO:     127.0.0.1:43370 - "POST /v1/completions HTTP/1.1" 200 OK
(APIServer pid=276364) INFO:     127.0.0.1:43384 - "POST /v1/completions HTTP/1.1" 200 OK
(APIServer pid=276364) INFO:     127.0.0.1:43390 - "POST /v1/completions HTTP/1.1" 200 OK
(APIServer pid=276364) INFO:     127.0.0.1:43398 - "POST /v1/completions HTTP/1.1" 200 OK
(APIServer pid=276364) INFO:     127.0.0.1:43406 - "POST /v1/completions HTTP/1.1" 200 OK
(APIServer pid=276364) INFO:     127.0.0.1:43416 - "POST /v1/completions HTTP/1.1" 200 OK
(APIServer pid=276364) INFO:     127.0.0.1:43424 - "POST /v1/completions HTTP/1.1" 200 OK
(APIServer pid=276364) INFO:     127.0.0.1:43428 - "POST /v1/completions HTTP/1.1" 200 OK
(APIServer pid=276364) INFO:     127.0.0.1:43438 - "POST /v1/completions HTTP/1.1" 200 OK
(APIServer pid=276364) INFO:     127.0.0.1:43444 - "POST /v1/completions HTTP/1.1" 200 OK
(APIServer pid=276364) INFO:     127.0.0.1:43450 - "POST /v1/completions HTTP/1.1" 200 OK
(APIServer pid=276364) INFO:     127.0.0.1:43464 - "POST /v1/completions HTTP/1.1" 200 OK
(APIServer pid=276364) INFO:     127.0.0.1:43470 - "POST /v1/completions HTTP/1.1" 200 OK
(APIServer pid=276364) INFO:     127.0.0.1:43476 - "POST /v1/completions HTTP/1.1" 200 OK
(APIServer pid=276364) INFO:     127.0.0.1:43480 - "POST /v1/completions HTTP/1.1" 200 OK
(APIServer pid=276364) INFO:     127.0.0.1:43492 - "POST /v1/completions HTTP/1.1" 200 OK
(APIServer pid=276364) INFO:     127.0.0.1:43498 - "POST /v1/completions HTTP/1.1" 200 OK
(APIServer pid=276364) INFO:     127.0.0.1:43508 - "POST /v1/completions HTTP/1.1" 200 OK
(APIServer pid=276364) INFO:     127.0.0.1:43510 - "POST /v1/completions HTTP/1.1" 200 OK
(APIServer pid=276364) INFO:     127.0.0.1:43524 - "POST /v1/completions HTTP/1.1" 200 OK
(APIServer pid=276364) INFO:     127.0.0.1:43532 - "POST /v1/completions HTTP/1.1" 200 OK
(APIServer pid=276364) INFO:     127.0.0.1:43534 - "POST /v1/completions HTTP/1.1" 200 OK
(APIServer pid=276364) INFO:     127.0.0.1:43538 - "POST /v1/completions HTTP/1.1" 200 OK
(APIServer pid=276364) INFO:     127.0.0.1:43552 - "POST /v1/completions HTTP/1.1" 200 OK
(APIServer pid=276364) INFO:     127.0.0.1:43558 - "POST /v1/completions HTTP/1.1" 200 OK
(APIServer pid=276364) INFO:     127.0.0.1:43572 - "POST /v1/completions HTTP/1.1" 200 OK
(APIServer pid=276364) INFO:     127.0.0.1:43578 - "POST /v1/completions HTTP/1.1" 200 OK
(APIServer pid=276364) INFO:     127.0.0.1:43594 - "POST /v1/completions HTTP/1.1" 200 OK
(APIServer pid=276364) INFO:     127.0.0.1:43600 - "POST /v1/completions HTTP/1.1" 200 OK
(APIServer pid=276364) INFO:     127.0.0.1:43604 - "POST /v1/completions HTTP/1.1" 200 OK
(APIServer pid=276364) INFO:     127.0.0.1:43618 - "POST /v1/completions HTTP/1.1" 200 OK
(APIServer pid=276364) INFO:     127.0.0.1:43624 - "POST /v1/completions HTTP/1.1" 200 OK
(APIServer pid=276364) INFO:     127.0.0.1:43634 - "POST /v1/completions HTTP/1.1" 200 OK
(APIServer pid=276364) INFO:     127.0.0.1:43650 - "POST /v1/completions HTTP/1.1" 200 OK
(APIServer pid=276364) INFO:     127.0.0.1:43658 - "POST /v1/completions HTTP/1.1" 200 OK
(APIServer pid=276364) INFO:     127.0.0.1:43662 - "POST /v1/completions HTTP/1.1" 200 OK
(APIServer pid=276364) INFO:     127.0.0.1:43664 - "POST /v1/completions HTTP/1.1" 200 OK
(APIServer pid=276364) INFO 07-09 13:37:44 [loggers.py:271] Engine 000: Avg prompt throughput: 3253.5 tokens/s, Avg generation throughput: 14289.9 tokens/s, Running: 256 reqs, Waiting: 0 reqs, GPU KV cache usage: 9.3%, Prefix cache hit rate: 18.0%
(APIServer pid=276364) INFO:     127.0.0.1:52246 - "POST /v1/completions HTTP/1.1" 200 OK
(APIServer pid=276364) INFO:     127.0.0.1:52394 - "POST /v1/completions HTTP/1.1" 200 OK
(APIServer pid=276364) INFO:     127.0.0.1:52390 - "POST /v1/completions HTTP/1.1" 200 OK
(APIServer pid=276364) INFO:     127.0.0.1:52364 - "POST /v1/completions HTTP/1.1" 200 OK
(APIServer pid=276364) INFO:     127.0.0.1:52368 - "POST /v1/completions HTTP/1.1" 200 OK
(APIServer pid=276364) INFO:     127.0.0.1:52382 - "POST /v1/completions HTTP/1.1" 200 OK
(APIServer pid=276364) INFO:     127.0.0.1:52354 - "POST /v1/completions HTTP/1.1" 200 OK
(APIServer pid=276364) INFO:     127.0.0.1:52328 - "POST /v1/completions HTTP/1.1" 200 OK
(APIServer pid=276364) INFO:     127.0.0.1:52550 - "POST /v1/completions HTTP/1.1" 200 OK
(APIServer pid=276364) INFO:     127.0.0.1:52502 - "POST /v1/completions HTTP/1.1" 200 OK
(APIServer pid=276364) INFO:     127.0.0.1:52470 - "POST /v1/completions HTTP/1.1" 200 OK
(APIServer pid=276364) INFO:     127.0.0.1:52454 - "POST /v1/completions HTTP/1.1" 200 OK
(APIServer pid=276364) INFO:     127.0.0.1:52426 - "POST /v1/completions HTTP/1.1" 200 OK
(APIServer pid=276364) INFO:     127.0.0.1:52278 - "POST /v1/completions HTTP/1.1" 200 OK
(APIServer pid=276364) INFO:     127.0.0.1:52336 - "POST /v1/completions HTTP/1.1" 200 OK
(APIServer pid=276364) INFO:     127.0.0.1:52578 - "POST /v1/completions HTTP/1.1" 200 OK
(APIServer pid=276364) INFO:     127.0.0.1:52558 - "POST /v1/completions HTTP/1.1" 200 OK
(APIServer pid=276364) INFO:     127.0.0.1:52510 - "POST /v1/completions HTTP/1.1" 200 OK
(APIServer pid=276364) INFO:     127.0.0.1:52486 - "POST /v1/completions HTTP/1.1" 200 OK
(APIServer pid=276364) INFO:     127.0.0.1:52406 - "POST /v1/completions HTTP/1.1" 200 OK
(APIServer pid=276364) INFO:     127.0.0.1:52314 - "POST /v1/completions HTTP/1.1" 200 OK
(APIServer pid=276364) INFO:     127.0.0.1:52460 - "POST /v1/completions HTTP/1.1" 200 OK
(APIServer pid=276364) INFO:     127.0.0.1:52430 - "POST /v1/completions HTTP/1.1" 200 OK
(APIServer pid=276364) INFO:     127.0.0.1:52340 - "POST /v1/completions HTTP/1.1" 200 OK
(APIServer pid=276364) INFO:     127.0.0.1:52292 - "POST /v1/completions HTTP/1.1" 200 OK
(APIServer pid=276364) INFO:     127.0.0.1:52564 - "POST /v1/completions HTTP/1.1" 200 OK
(APIServer pid=276364) INFO:     127.0.0.1:52488 - "POST /v1/completions HTTP/1.1" 200 OK
(APIServer pid=276364) INFO:     127.0.0.1:52318 - "POST /v1/completions HTTP/1.1" 200 OK
(APIServer pid=276364) INFO:     127.0.0.1:52410 - "POST /v1/completions HTTP/1.1" 200 OK
(APIServer pid=276364) INFO:     127.0.0.1:52434 - "POST /v1/completions HTTP/1.1" 200 OK
(APIServer pid=276364) INFO:     127.0.0.1:52308 - "POST /v1/completions HTTP/1.1" 200 OK
(APIServer pid=276364) INFO:     127.0.0.1:52548 - "POST /v1/completions HTTP/1.1" 200 OK
(APIServer pid=276364) INFO:     127.0.0.1:52322 - "POST /v1/completions HTTP/1.1" 200 OK
(APIServer pid=276364) INFO:     127.0.0.1:52500 - "POST /v1/completions HTTP/1.1" 200 OK
(APIServer pid=276364) INFO:     127.0.0.1:52464 - "POST /v1/completions HTTP/1.1" 200 OK
(APIServer pid=276364) INFO:     127.0.0.1:52272 - "POST /v1/completions HTTP/1.1" 200 OK
(APIServer pid=276364) INFO:     127.0.0.1:52440 - "POST /v1/completions HTTP/1.1" 200 OK
(APIServer pid=276364) INFO:     127.0.0.1:52258 - "POST /v1/completions HTTP/1.1" 200 OK
(APIServer pid=276364) INFO:     127.0.0.1:52536 - "POST /v1/completions HTTP/1.1" 200 OK
(APIServer pid=276364) INFO:     127.0.0.1:41964 - "POST /v1/completions HTTP/1.1" 200 OK
(APIServer pid=276364) INFO:     127.0.0.1:52724 - "POST /v1/completions HTTP/1.1" 200 OK
(APIServer pid=276364) INFO:     127.0.0.1:52700 - "POST /v1/completions HTTP/1.1" 200 OK
(APIServer pid=276364) INFO:     127.0.0.1:52670 - "POST /v1/completions HTTP/1.1" 200 OK
(APIServer pid=276364) INFO:     127.0.0.1:52532 - "POST /v1/completions HTTP/1.1" 200 OK
(APIServer pid=276364) INFO:     127.0.0.1:52632 - "POST /v1/completions HTTP/1.1" 200 OK
(APIServer pid=276364) INFO:     127.0.0.1:52602 - "POST /v1/completions HTTP/1.1" 200 OK
(APIServer pid=276364) INFO:     127.0.0.1:52734 - "POST /v1/completions HTTP/1.1" 200 OK
(APIServer pid=276364) INFO:     127.0.0.1:52704 - "POST /v1/completions HTTP/1.1" 200 OK
(APIServer pid=276364) INFO:     127.0.0.1:52674 - "POST /v1/completions HTTP/1.1" 200 OK
(APIServer pid=276364) INFO:     127.0.0.1:52644 - "POST /v1/completions HTTP/1.1" 200 OK
(APIServer pid=276364) INFO:     127.0.0.1:52534 - "POST /v1/completions HTTP/1.1" 200 OK
(APIServer pid=276364) INFO:     127.0.0.1:41984 - "POST /v1/completions HTTP/1.1" 200 OK
(APIServer pid=276364) INFO:     127.0.0.1:41974 - "POST /v1/completions HTTP/1.1" 200 OK
(APIServer pid=276364) INFO:     127.0.0.1:52608 - "POST /v1/completions HTTP/1.1" 200 OK
(APIServer pid=276364) INFO:     127.0.0.1:38936 - "POST /v1/completions HTTP/1.1" 200 OK
(APIServer pid=276364) INFO:     127.0.0.1:52742 - "POST /v1/completions HTTP/1.1" 200 OK
(APIServer pid=276364) INFO:     127.0.0.1:52706 - "POST /v1/completions HTTP/1.1" 200 OK
(APIServer pid=276364) INFO:     127.0.0.1:52688 - "POST /v1/completions HTTP/1.1" 200 OK
(APIServer pid=276364) INFO:     127.0.0.1:52648 - "POST /v1/completions HTTP/1.1" 200 OK
(APIServer pid=276364) INFO:     127.0.0.1:52518 - "POST /v1/completions HTTP/1.1" 200 OK
(APIServer pid=276364) INFO:     127.0.0.1:41988 - "POST /v1/completions HTTP/1.1" 200 OK
(APIServer pid=276364) INFO:     127.0.0.1:52614 - "POST /v1/completions HTTP/1.1" 200 OK
(APIServer pid=276364) INFO:     127.0.0.1:52712 - "POST /v1/completions HTTP/1.1" 200 OK
(APIServer pid=276364) INFO:     127.0.0.1:52696 - "POST /v1/completions HTTP/1.1" 200 OK
(APIServer pid=276364) INFO:     127.0.0.1:52662 - "POST /v1/completions HTTP/1.1" 200 OK
(APIServer pid=276364) INFO:     127.0.0.1:52530 - "POST /v1/completions HTTP/1.1" 200 OK
(APIServer pid=276364) INFO:     127.0.0.1:41980 - "POST /v1/completions HTTP/1.1" 200 OK
(APIServer pid=276364) INFO:     127.0.0.1:41958 - "POST /v1/completions HTTP/1.1" 200 OK
(APIServer pid=276364) INFO:     127.0.0.1:52624 - "POST /v1/completions HTTP/1.1" 200 OK
(APIServer pid=276364) INFO:     127.0.0.1:52588 - "POST /v1/completions HTTP/1.1" 200 OK
(APIServer pid=276364) INFO:     127.0.0.1:42100 - "POST /v1/completions HTTP/1.1" 200 OK
(APIServer pid=276364) INFO:     127.0.0.1:42026 - "POST /v1/completions HTTP/1.1" 200 OK
(APIServer pid=276364) INFO:     127.0.0.1:42070 - "POST /v1/completions HTTP/1.1" 200 OK
(APIServer pid=276364) INFO:     127.0.0.1:42054 - "POST /v1/completions HTTP/1.1" 200 OK
(APIServer pid=276364) INFO:     127.0.0.1:42132 - "POST /v1/completions HTTP/1.1" 200 OK
(APIServer pid=276364) INFO:     127.0.0.1:42264 - "POST /v1/completions HTTP/1.1" 200 OK
(APIServer pid=276364) INFO:     127.0.0.1:42170 - "POST /v1/completions HTTP/1.1" 200 OK
(APIServer pid=276364) INFO:     127.0.0.1:42282 - "POST /v1/completions HTTP/1.1" 200 OK
(APIServer pid=276364) INFO:     127.0.0.1:42194 - "POST /v1/completions HTTP/1.1" 200 OK
(APIServer pid=276364) INFO:     127.0.0.1:42134 - "POST /v1/completions HTTP/1.1" 200 OK
(APIServer pid=276364) INFO:     127.0.0.1:42106 - "POST /v1/completions HTTP/1.1" 200 OK
(APIServer pid=276364) INFO:     127.0.0.1:42038 - "POST /v1/completions HTTP/1.1" 200 OK
(APIServer pid=276364) INFO:     127.0.0.1:42080 - "POST /v1/completions HTTP/1.1" 200 OK
(APIServer pid=276364) INFO:     127.0.0.1:42276 - "POST /v1/completions HTTP/1.1" 200 OK
(APIServer pid=276364) INFO:     127.0.0.1:41990 - "POST /v1/completions HTTP/1.1" 200 OK
(APIServer pid=276364) INFO:     127.0.0.1:42182 - "POST /v1/completions HTTP/1.1" 200 OK
(APIServer pid=276364) INFO:     127.0.0.1:42210 - "POST /v1/completions HTTP/1.1" 200 OK
(APIServer pid=276364) INFO:     127.0.0.1:42140 - "POST /v1/completions HTTP/1.1" 200 OK
(APIServer pid=276364) INFO:     127.0.0.1:42110 - "POST /v1/completions HTTP/1.1" 200 OK
(APIServer pid=276364) INFO:     127.0.0.1:42248 - "POST /v1/completions HTTP/1.1" 200 OK
(APIServer pid=276364) INFO:     127.0.0.1:42000 - "POST /v1/completions HTTP/1.1" 200 OK
(APIServer pid=276364) INFO:     127.0.0.1:42154 - "POST /v1/completions HTTP/1.1" 200 OK
(APIServer pid=276364) INFO:     127.0.0.1:42014 - "POST /v1/completions HTTP/1.1" 200 OK
(APIServer pid=276364) INFO:     127.0.0.1:42220 - "POST /v1/completions HTTP/1.1" 200 OK
(APIServer pid=276364) INFO:     127.0.0.1:42088 - "POST /v1/completions HTTP/1.1" 200 OK
(APIServer pid=276364) INFO:     127.0.0.1:42010 - "POST /v1/completions HTTP/1.1" 200 OK
(APIServer pid=276364) INFO:     127.0.0.1:42044 - "POST /v1/completions HTTP/1.1" 200 OK
(APIServer pid=276364) INFO:     127.0.0.1:42122 - "POST /v1/completions HTTP/1.1" 200 OK
(APIServer pid=276364) INFO:     127.0.0.1:42260 - "POST /v1/completions HTTP/1.1" 200 OK
(APIServer pid=276364) INFO:     127.0.0.1:42162 - "POST /v1/completions HTTP/1.1" 200 OK
(APIServer pid=276364) INFO:     127.0.0.1:42280 - "POST /v1/completions HTTP/1.1" 200 OK
(APIServer pid=276364) INFO:     127.0.0.1:42236 - "POST /v1/completions HTTP/1.1" 200 OK
(APIServer pid=276364) INFO:     127.0.0.1:42372 - "POST /v1/completions HTTP/1.1" 200 OK
(APIServer pid=276364) INFO:     127.0.0.1:42322 - "POST /v1/completions HTTP/1.1" 200 OK
(APIServer pid=276364) INFO:     127.0.0.1:42424 - "POST /v1/completions HTTP/1.1" 200 OK
(APIServer pid=276364) INFO:     127.0.0.1:42388 - "POST /v1/completions HTTP/1.1" 200 OK
(APIServer pid=276364) INFO:     127.0.0.1:42558 - "POST /v1/completions HTTP/1.1" 200 OK
(APIServer pid=276364) INFO:     127.0.0.1:42518 - "POST /v1/completions HTTP/1.1" 200 OK
(APIServer pid=276364) INFO:     127.0.0.1:42508 - "POST /v1/completions HTTP/1.1" 200 OK
(APIServer pid=276364) INFO:     127.0.0.1:42438 - "POST /v1/completions HTTP/1.1" 200 OK
(APIServer pid=276364) INFO:     127.0.0.1:42378 - "POST /v1/completions HTTP/1.1" 200 OK
(APIServer pid=276364) INFO:     127.0.0.1:42348 - "POST /v1/completions HTTP/1.1" 200 OK
(APIServer pid=276364) INFO:     127.0.0.1:42326 - "POST /v1/completions HTTP/1.1" 200 OK
(APIServer pid=276364) INFO:     127.0.0.1:42394 - "POST /v1/completions HTTP/1.1" 200 OK
(APIServer pid=276364) INFO:     127.0.0.1:42528 - "POST /v1/completions HTTP/1.1" 200 OK
(APIServer pid=276364) INFO:     127.0.0.1:42494 - "POST /v1/completions HTTP/1.1" 200 OK
(APIServer pid=276364) INFO:     127.0.0.1:42294 - "POST /v1/completions HTTP/1.1" 200 OK
(APIServer pid=276364) INFO:     127.0.0.1:42516 - "POST /v1/completions HTTP/1.1" 200 OK
(APIServer pid=276364) INFO:     127.0.0.1:42450 - "POST /v1/completions HTTP/1.1" 200 OK
(APIServer pid=276364) INFO:     127.0.0.1:42474 - "POST /v1/completions HTTP/1.1" 200 OK
(APIServer pid=276364) INFO:     127.0.0.1:42352 - "POST /v1/completions HTTP/1.1" 200 OK
(APIServer pid=276364) INFO:     127.0.0.1:42336 - "POST /v1/completions HTTP/1.1" 200 OK
(APIServer pid=276364) INFO:     127.0.0.1:42400 - "POST /v1/completions HTTP/1.1" 200 OK
(APIServer pid=276364) INFO:     127.0.0.1:42542 - "POST /v1/completions HTTP/1.1" 200 OK
(APIServer pid=276364) INFO:     127.0.0.1:42310 - "POST /v1/completions HTTP/1.1" 200 OK
(APIServer pid=276364) INFO:     127.0.0.1:42460 - "POST /v1/completions HTTP/1.1" 200 OK
(APIServer pid=276364) INFO:     127.0.0.1:42480 - "POST /v1/completions HTTP/1.1" 200 OK
(APIServer pid=276364) INFO:     127.0.0.1:42368 - "POST /v1/completions HTTP/1.1" 200 OK
(APIServer pid=276364) INFO:     127.0.0.1:42314 - "POST /v1/completions HTTP/1.1" 200 OK
(APIServer pid=276364) INFO:     127.0.0.1:42410 - "POST /v1/completions HTTP/1.1" 200 OK
(APIServer pid=276364) INFO:     127.0.0.1:42546 - "POST /v1/completions HTTP/1.1" 200 OK
(APIServer pid=276364) INFO:     127.0.0.1:42466 - "POST /v1/completions HTTP/1.1" 200 OK
(APIServer pid=276364) INFO:     127.0.0.1:42432 - "POST /v1/completions HTTP/1.1" 200 OK
(APIServer pid=276364) INFO:     127.0.0.1:42850 - "POST /v1/completions HTTP/1.1" 200 OK
(APIServer pid=276364) INFO:     127.0.0.1:42644 - "POST /v1/completions HTTP/1.1" 200 OK
(APIServer pid=276364) INFO:     127.0.0.1:42792 - "POST /v1/completions HTTP/1.1" 200 OK
(APIServer pid=276364) INFO:     127.0.0.1:42574 - "POST /v1/completions HTTP/1.1" 200 OK
(APIServer pid=276364) INFO:     127.0.0.1:42678 - "POST /v1/completions HTTP/1.1" 200 OK
(APIServer pid=276364) INFO:     127.0.0.1:42760 - "POST /v1/completions HTTP/1.1" 200 OK
(APIServer pid=276364) INFO:     127.0.0.1:42718 - "POST /v1/completions HTTP/1.1" 200 OK
(APIServer pid=276364) INFO:     127.0.0.1:42652 - "POST /v1/completions HTTP/1.1" 200 OK
(APIServer pid=276364) INFO:     127.0.0.1:42800 - "POST /v1/completions HTTP/1.1" 200 OK
(APIServer pid=276364) INFO:     127.0.0.1:42818 - "POST /v1/completions HTTP/1.1" 200 OK
(APIServer pid=276364) INFO:     127.0.0.1:42616 - "POST /v1/completions HTTP/1.1" 200 OK
(APIServer pid=276364) INFO:     127.0.0.1:42590 - "POST /v1/completions HTTP/1.1" 200 OK
(APIServer pid=276364) INFO:     127.0.0.1:42694 - "POST /v1/completions HTTP/1.1" 200 OK
(APIServer pid=276364) INFO:     127.0.0.1:42654 - "POST /v1/completions HTTP/1.1" 200 OK
(APIServer pid=276364) INFO:     127.0.0.1:42772 - "POST /v1/completions HTTP/1.1" 200 OK
(APIServer pid=276364) INFO:     127.0.0.1:42724 - "POST /v1/completions HTTP/1.1" 200 OK
(APIServer pid=276364) INFO:     127.0.0.1:42786 - "POST /v1/completions HTTP/1.1" 200 OK
(APIServer pid=276364) INFO:     127.0.0.1:42830 - "POST /v1/completions HTTP/1.1" 200 OK
(APIServer pid=276364) INFO:     127.0.0.1:42626 - "POST /v1/completions HTTP/1.1" 200 OK
(APIServer pid=276364) INFO:     127.0.0.1:42604 - "POST /v1/completions HTTP/1.1" 200 OK
(APIServer pid=276364) INFO:     127.0.0.1:42564 - "POST /v1/completions HTTP/1.1" 200 OK
(APIServer pid=276364) INFO:     127.0.0.1:42708 - "POST /v1/completions HTTP/1.1" 200 OK
(APIServer pid=276364) INFO:     127.0.0.1:42666 - "POST /v1/completions HTTP/1.1" 200 OK
(APIServer pid=276364) INFO:     127.0.0.1:42730 - "POST /v1/completions HTTP/1.1" 200 OK
(APIServer pid=276364) INFO:     127.0.0.1:42802 - "POST /v1/completions HTTP/1.1" 200 OK
(APIServer pid=276364) INFO:     127.0.0.1:42816 - "POST /v1/completions HTTP/1.1" 200 OK
(APIServer pid=276364) INFO:     127.0.0.1:42838 - "POST /v1/completions HTTP/1.1" 200 OK
(APIServer pid=276364) INFO:     127.0.0.1:42634 - "POST /v1/completions HTTP/1.1" 200 OK
(APIServer pid=276364) INFO:     127.0.0.1:42572 - "POST /v1/completions HTTP/1.1" 200 OK
(APIServer pid=276364) INFO:     127.0.0.1:42676 - "POST /v1/completions HTTP/1.1" 200 OK
(APIServer pid=276364) INFO:     127.0.0.1:42746 - "POST /v1/completions HTTP/1.1" 200 OK
(APIServer pid=276364) INFO:     127.0.0.1:42910 - "POST /v1/completions HTTP/1.1" 200 OK
(APIServer pid=276364) INFO:     127.0.0.1:42880 - "POST /v1/completions HTTP/1.1" 200 OK
(APIServer pid=276364) INFO:     127.0.0.1:42930 - "POST /v1/completions HTTP/1.1" 200 OK
(APIServer pid=276364) INFO:     127.0.0.1:43076 - "POST /v1/completions HTTP/1.1" 200 OK
(APIServer pid=276364) INFO:     127.0.0.1:43034 - "POST /v1/completions HTTP/1.1" 200 OK
(APIServer pid=276364) INFO:     127.0.0.1:43036 - "POST /v1/completions HTTP/1.1" 200 OK
(APIServer pid=276364) INFO:     127.0.0.1:43062 - "POST /v1/completions HTTP/1.1" 200 OK
(APIServer pid=276364) INFO:     127.0.0.1:43026 - "POST /v1/completions HTTP/1.1" 200 OK
(APIServer pid=276364) INFO:     127.0.0.1:42884 - "POST /v1/completions HTTP/1.1" 200 OK
(APIServer pid=276364) INFO:     127.0.0.1:43146 - "POST /v1/completions HTTP/1.1" 200 OK
(APIServer pid=276364) INFO:     127.0.0.1:43012 - "POST /v1/completions HTTP/1.1" 200 OK
(APIServer pid=276364) INFO:     127.0.0.1:43092 - "POST /v1/completions HTTP/1.1" 200 OK
(APIServer pid=276364) INFO:     127.0.0.1:42942 - "POST /v1/completions HTTP/1.1" 200 OK
(APIServer pid=276364) INFO:     127.0.0.1:43116 - "POST /v1/completions HTTP/1.1" 200 OK
(APIServer pid=276364) INFO:     127.0.0.1:43004 - "POST /v1/completions HTTP/1.1" 200 OK
(APIServer pid=276364) INFO:     127.0.0.1:43050 - "POST /v1/completions HTTP/1.1" 200 OK
(APIServer pid=276364) INFO:     127.0.0.1:42954 - "POST /v1/completions HTTP/1.1" 200 OK
(APIServer pid=276364) INFO:     127.0.0.1:42916 - "POST /v1/completions HTTP/1.1" 200 OK
(APIServer pid=276364) INFO:     127.0.0.1:42900 - "POST /v1/completions HTTP/1.1" 200 OK
(APIServer pid=276364) INFO:     127.0.0.1:42998 - "POST /v1/completions HTTP/1.1" 200 OK
(APIServer pid=276364) INFO:     127.0.0.1:43048 - "POST /v1/completions HTTP/1.1" 200 OK
(APIServer pid=276364) INFO:     127.0.0.1:43130 - "POST /v1/completions HTTP/1.1" 200 OK
(APIServer pid=276364) INFO:     127.0.0.1:42984 - "POST /v1/completions HTTP/1.1" 200 OK
(APIServer pid=276364) INFO:     127.0.0.1:42866 - "POST /v1/completions HTTP/1.1" 200 OK
(APIServer pid=276364) INFO:     127.0.0.1:42958 - "POST /v1/completions HTTP/1.1" 200 OK
(APIServer pid=276364) INFO:     127.0.0.1:42970 - "POST /v1/completions HTTP/1.1" 200 OK
(APIServer pid=276364) INFO:     127.0.0.1:43112 - "POST /v1/completions HTTP/1.1" 200 OK
(APIServer pid=276364) INFO:     127.0.0.1:43128 - "POST /v1/completions HTTP/1.1" 200 OK
(APIServer pid=276364) INFO:     127.0.0.1:43102 - "POST /v1/completions HTTP/1.1" 200 OK
(APIServer pid=276364) INFO:     127.0.0.1:43014 - "POST /v1/completions HTTP/1.1" 200 OK
(APIServer pid=276364) INFO:     127.0.0.1:42990 - "POST /v1/completions HTTP/1.1" 200 OK
(APIServer pid=276364) INFO:     127.0.0.1:43278 - "POST /v1/completions HTTP/1.1" 200 OK
(APIServer pid=276364) INFO:     127.0.0.1:43292 - "POST /v1/completions HTTP/1.1" 200 OK
(APIServer pid=276364) INFO:     127.0.0.1:43246 - "POST /v1/completions HTTP/1.1" 200 OK
(APIServer pid=276364) INFO:     127.0.0.1:43370 - "POST /v1/completions HTTP/1.1" 200 OK
(APIServer pid=276364) INFO:     127.0.0.1:43158 - "POST /v1/completions HTTP/1.1" 200 OK
(APIServer pid=276364) INFO:     127.0.0.1:43322 - "POST /v1/completions HTTP/1.1" 200 OK
(APIServer pid=276364) INFO:     127.0.0.1:43332 - "POST /v1/completions HTTP/1.1" 200 OK
(APIServer pid=276364) INFO:     127.0.0.1:43184 - "POST /v1/completions HTTP/1.1" 200 OK
(APIServer pid=276364) INFO:     127.0.0.1:43160 - "POST /v1/completions HTTP/1.1" 200 OK
(APIServer pid=276364) INFO:     127.0.0.1:43258 - "POST /v1/completions HTTP/1.1" 200 OK
(APIServer pid=276364) INFO:     127.0.0.1:43276 - "POST /v1/completions HTTP/1.1" 200 OK
(APIServer pid=276364) INFO:     127.0.0.1:43264 - "POST /v1/completions HTTP/1.1" 200 OK
(APIServer pid=276364) INFO:     127.0.0.1:43220 - "POST /v1/completions HTTP/1.1" 200 OK
(APIServer pid=276364) INFO:     127.0.0.1:43318 - "POST /v1/completions HTTP/1.1" 200 OK
(APIServer pid=276364) INFO:     127.0.0.1:43364 - "POST /v1/completions HTTP/1.1" 200 OK
(APIServer pid=276364) INFO:     127.0.0.1:43302 - "POST /v1/completions HTTP/1.1" 200 OK
(APIServer pid=276364) INFO:     127.0.0.1:43384 - "POST /v1/completions HTTP/1.1" 200 OK
(APIServer pid=276364) INFO:     127.0.0.1:43406 - "POST /v1/completions HTTP/1.1" 200 OK
(APIServer pid=276364) INFO:     127.0.0.1:43424 - "POST /v1/completions HTTP/1.1" 200 OK
(APIServer pid=276364) INFO:     127.0.0.1:43216 - "POST /v1/completions HTTP/1.1" 200 OK
(APIServer pid=276364) INFO:     127.0.0.1:43176 - "POST /v1/completions HTTP/1.1" 200 OK
(APIServer pid=276364) INFO:     127.0.0.1:43398 - "POST /v1/completions HTTP/1.1" 200 OK
(APIServer pid=276364) INFO:     127.0.0.1:43358 - "POST /v1/completions HTTP/1.1" 200 OK
(APIServer pid=276364) INFO:     127.0.0.1:43316 - "POST /v1/completions HTTP/1.1" 200 OK
(APIServer pid=276364) INFO:     127.0.0.1:43200 - "POST /v1/completions HTTP/1.1" 200 OK
(APIServer pid=276364) INFO:     127.0.0.1:43230 - "POST /v1/completions HTTP/1.1" 200 OK
(APIServer pid=276364) INFO:     127.0.0.1:43234 - "POST /v1/completions HTTP/1.1" 200 OK
(APIServer pid=276364) INFO:     127.0.0.1:43180 - "POST /v1/completions HTTP/1.1" 200 OK
(APIServer pid=276364) INFO:     127.0.0.1:43416 - "POST /v1/completions HTTP/1.1" 200 OK
(APIServer pid=276364) INFO:     127.0.0.1:43390 - "POST /v1/completions HTTP/1.1" 200 OK
(APIServer pid=276364) INFO:     127.0.0.1:43346 - "POST /v1/completions HTTP/1.1" 200 OK
(APIServer pid=276364) INFO:     127.0.0.1:43578 - "POST /v1/completions HTTP/1.1" 200 OK
(APIServer pid=276364) INFO:     127.0.0.1:43464 - "POST /v1/completions HTTP/1.1" 200 OK
(APIServer pid=276364) INFO:     127.0.0.1:43444 - "POST /v1/completions HTTP/1.1" 200 OK
(APIServer pid=276364) INFO:     127.0.0.1:43552 - "POST /v1/completions HTTP/1.1" 200 OK
(APIServer pid=276364) INFO:     127.0.0.1:43438 - "POST /v1/completions HTTP/1.1" 200 OK
(APIServer pid=276364) INFO:     127.0.0.1:43508 - "POST /v1/completions HTTP/1.1" 200 OK
(APIServer pid=276364) INFO:     127.0.0.1:43594 - "POST /v1/completions HTTP/1.1" 200 OK
(APIServer pid=276364) INFO:     127.0.0.1:43650 - "POST /v1/completions HTTP/1.1" 200 OK
(APIServer pid=276364) INFO:     127.0.0.1:43658 - "POST /v1/completions HTTP/1.1" 200 OK
(APIServer pid=276364) INFO:     127.0.0.1:43634 - "POST /v1/completions HTTP/1.1" 200 OK
(APIServer pid=276364) INFO:     127.0.0.1:43532 - "POST /v1/completions HTTP/1.1" 200 OK
(APIServer pid=276364) INFO:     127.0.0.1:43510 - "POST /v1/completions HTTP/1.1" 200 OK
(APIServer pid=276364) INFO:     127.0.0.1:43662 - "POST /v1/completions HTTP/1.1" 200 OK
(APIServer pid=276364) INFO:     127.0.0.1:43450 - "POST /v1/completions HTTP/1.1" 200 OK
(APIServer pid=276364) INFO:     127.0.0.1:43558 - "POST /v1/completions HTTP/1.1" 200 OK
(APIServer pid=276364) INFO:     127.0.0.1:43618 - "POST /v1/completions HTTP/1.1" 200 OK
(APIServer pid=276364) INFO:     127.0.0.1:43480 - "POST /v1/completions HTTP/1.1" 200 OK
(APIServer pid=276364) INFO:     127.0.0.1:43492 - "POST /v1/completions HTTP/1.1" 200 OK
(APIServer pid=276364) INFO:     127.0.0.1:43524 - "POST /v1/completions HTTP/1.1" 200 OK
(APIServer pid=276364) INFO:     127.0.0.1:43498 - "POST /v1/completions HTTP/1.1" 200 OK
(APIServer pid=276364) INFO:     127.0.0.1:43572 - "POST /v1/completions HTTP/1.1" 200 OK
(APIServer pid=276364) INFO:     127.0.0.1:43476 - "POST /v1/completions HTTP/1.1" 200 OK
(APIServer pid=276364) INFO:     127.0.0.1:43470 - "POST /v1/completions HTTP/1.1" 200 OK
(APIServer pid=276364) INFO:     127.0.0.1:43664 - "POST /v1/completions HTTP/1.1" 200 OK
(APIServer pid=276364) INFO:     127.0.0.1:43428 - "POST /v1/completions HTTP/1.1" 200 OK
(APIServer pid=276364) INFO:     127.0.0.1:43534 - "POST /v1/completions HTTP/1.1" 200 OK
(APIServer pid=276364) INFO:     127.0.0.1:43600 - "POST /v1/completions HTTP/1.1" 200 OK
(APIServer pid=276364) INFO:     127.0.0.1:43624 - "POST /v1/completions HTTP/1.1" 200 OK
(APIServer pid=276364) INFO:     127.0.0.1:43538 - "POST /v1/completions HTTP/1.1" 200 OK
(APIServer pid=276364) INFO:     127.0.0.1:43604 - "POST /v1/completions HTTP/1.1" 200 OK
(APIServer pid=276364) INFO 07-09 13:37:54 [loggers.py:271] Engine 000: Avg prompt throughput: 3253.1 tokens/s, Avg generation throughput: 13343.8 tokens/s, Running: 256 reqs, Waiting: 0 reqs, GPU KV cache usage: 2.6%, Prefix cache hit rate: 10.3%
(APIServer pid=276364) INFO 07-09 13:38:04 [loggers.py:271] Engine 000: Avg prompt throughput: 0.0 tokens/s, Avg generation throughput: 15456.1 tokens/s, Running: 256 reqs, Waiting: 0 reqs, GPU KV cache usage: 10.8%, Prefix cache hit rate: 10.3%
(APIServer pid=276364) INFO:     127.0.0.1:52394 - "GET /metrics HTTP/1.1" 200 OK
(APIServer pid=276364) INFO 07-09 13:38:14 [loggers.py:271] Engine 000: Avg prompt throughput: 0.0 tokens/s, Avg generation throughput: 9359.2 tokens/s, Running: 0 reqs, Waiting: 0 reqs, GPU KV cache usage: 0.0%, Prefix cache hit rate: 10.3%
(APIServer pid=276364) INFO 07-09 13:38:24 [loggers.py:271] Engine 000: Avg prompt throughput: 0.0 tokens/s, Avg generation throughput: 0.0 tokens/s, Running: 0 reqs, Waiting: 0 reqs, GPU KV cache usage: 0.0%, Prefix cache hit rate: 10.3%
(APIServer pid=276364) INFO:     127.0.0.1:50772 - "POST /v1/completions HTTP/1.1" 200 OK
(APIServer pid=276364) INFO:     127.0.0.1:50772 - "POST /v1/completions HTTP/1.1" 200 OK
(APIServer pid=276364) INFO:     127.0.0.1:50774 - "POST /v1/completions HTTP/1.1" 200 OK
(APIServer pid=276364) INFO:     127.0.0.1:50778 - "POST /v1/completions HTTP/1.1" 200 OK
(APIServer pid=276364) INFO:     127.0.0.1:50780 - "POST /v1/completions HTTP/1.1" 200 OK
(APIServer pid=276364) INFO:     127.0.0.1:50788 - "POST /v1/completions HTTP/1.1" 200 OK
(APIServer pid=276364) INFO:     127.0.0.1:50792 - "POST /v1/completions HTTP/1.1" 200 OK
(APIServer pid=276364) INFO:     127.0.0.1:50800 - "POST /v1/completions HTTP/1.1" 200 OK
(APIServer pid=276364) INFO:     127.0.0.1:50808 - "POST /v1/completions HTTP/1.1" 200 OK
(APIServer pid=276364) INFO:     127.0.0.1:50822 - "POST /v1/completions HTTP/1.1" 200 OK
(APIServer pid=276364) INFO:     127.0.0.1:50824 - "POST /v1/completions HTTP/1.1" 200 OK
(APIServer pid=276364) INFO:     127.0.0.1:50838 - "POST /v1/completions HTTP/1.1" 200 OK
(APIServer pid=276364) INFO:     127.0.0.1:50846 - "POST /v1/completions HTTP/1.1" 200 OK
(APIServer pid=276364) INFO:     127.0.0.1:50858 - "POST /v1/completions HTTP/1.1" 200 OK
(APIServer pid=276364) INFO:     127.0.0.1:50868 - "POST /v1/completions HTTP/1.1" 200 OK
(APIServer pid=276364) INFO:     127.0.0.1:50878 - "POST /v1/completions HTTP/1.1" 200 OK
(APIServer pid=276364) INFO:     127.0.0.1:50892 - "POST /v1/completions HTTP/1.1" 200 OK
(APIServer pid=276364) INFO:     127.0.0.1:50894 - "POST /v1/completions HTTP/1.1" 200 OK
(APIServer pid=276364) INFO:     127.0.0.1:50910 - "POST /v1/completions HTTP/1.1" 200 OK
(APIServer pid=276364) INFO:     127.0.0.1:50914 - "POST /v1/completions HTTP/1.1" 200 OK
(APIServer pid=276364) INFO:     127.0.0.1:50918 - "POST /v1/completions HTTP/1.1" 200 OK
(APIServer pid=276364) INFO:     127.0.0.1:50922 - "POST /v1/completions HTTP/1.1" 200 OK
(APIServer pid=276364) INFO:     127.0.0.1:50930 - "POST /v1/completions HTTP/1.1" 200 OK
(APIServer pid=276364) INFO:     127.0.0.1:50936 - "POST /v1/completions HTTP/1.1" 200 OK
(APIServer pid=276364) INFO:     127.0.0.1:50944 - "POST /v1/completions HTTP/1.1" 200 OK
(APIServer pid=276364) INFO:     127.0.0.1:50960 - "POST /v1/completions HTTP/1.1" 200 OK
(APIServer pid=276364) INFO:     127.0.0.1:50964 - "POST /v1/completions HTTP/1.1" 200 OK
(APIServer pid=276364) INFO:     127.0.0.1:50974 - "POST /v1/completions HTTP/1.1" 200 OK
(APIServer pid=276364) INFO:     127.0.0.1:50976 - "POST /v1/completions HTTP/1.1" 200 OK
(APIServer pid=276364) INFO:     127.0.0.1:50990 - "POST /v1/completions HTTP/1.1" 200 OK
(APIServer pid=276364) INFO:     127.0.0.1:50996 - "POST /v1/completions HTTP/1.1" 200 OK
(APIServer pid=276364) INFO:     127.0.0.1:51010 - "POST /v1/completions HTTP/1.1" 200 OK
(APIServer pid=276364) INFO:     127.0.0.1:51018 - "POST /v1/completions HTTP/1.1" 200 OK
(APIServer pid=276364) INFO:     127.0.0.1:51028 - "POST /v1/completions HTTP/1.1" 200 OK
(APIServer pid=276364) INFO:     127.0.0.1:51044 - "POST /v1/completions HTTP/1.1" 200 OK
(APIServer pid=276364) INFO:     127.0.0.1:51052 - "POST /v1/completions HTTP/1.1" 200 OK
(APIServer pid=276364) INFO:     127.0.0.1:51064 - "POST /v1/completions HTTP/1.1" 200 OK
(APIServer pid=276364) INFO:     127.0.0.1:51072 - "POST /v1/completions HTTP/1.1" 200 OK
(APIServer pid=276364) INFO:     127.0.0.1:51076 - "POST /v1/completions HTTP/1.1" 200 OK
(APIServer pid=276364) INFO:     127.0.0.1:51090 - "POST /v1/completions HTTP/1.1" 200 OK
(APIServer pid=276364) INFO:     127.0.0.1:51092 - "POST /v1/completions HTTP/1.1" 200 OK
(APIServer pid=276364) INFO:     127.0.0.1:51098 - "POST /v1/completions HTTP/1.1" 200 OK
(APIServer pid=276364) INFO:     127.0.0.1:51106 - "POST /v1/completions HTTP/1.1" 200 OK
(APIServer pid=276364) INFO:     127.0.0.1:51110 - "POST /v1/completions HTTP/1.1" 200 OK
(APIServer pid=276364) INFO:     127.0.0.1:51120 - "POST /v1/completions HTTP/1.1" 200 OK
(APIServer pid=276364) INFO:     127.0.0.1:51134 - "POST /v1/completions HTTP/1.1" 200 OK
(APIServer pid=276364) INFO:     127.0.0.1:51144 - "POST /v1/completions HTTP/1.1" 200 OK
(APIServer pid=276364) INFO:     127.0.0.1:51146 - "POST /v1/completions HTTP/1.1" 200 OK
(APIServer pid=276364) INFO:     127.0.0.1:51156 - "POST /v1/completions HTTP/1.1" 200 OK
(APIServer pid=276364) INFO:     127.0.0.1:51158 - "POST /v1/completions HTTP/1.1" 200 OK
(APIServer pid=276364) INFO:     127.0.0.1:51164 - "POST /v1/completions HTTP/1.1" 200 OK
(APIServer pid=276364) INFO:     127.0.0.1:51176 - "POST /v1/completions HTTP/1.1" 200 OK
(APIServer pid=276364) INFO:     127.0.0.1:51190 - "POST /v1/completions HTTP/1.1" 200 OK
(APIServer pid=276364) INFO:     127.0.0.1:51206 - "POST /v1/completions HTTP/1.1" 200 OK
(APIServer pid=276364) INFO:     127.0.0.1:51222 - "POST /v1/completions HTTP/1.1" 200 OK
(APIServer pid=276364) INFO:     127.0.0.1:51228 - "POST /v1/completions HTTP/1.1" 200 OK
(APIServer pid=276364) INFO:     127.0.0.1:51238 - "POST /v1/completions HTTP/1.1" 200 OK
(APIServer pid=276364) INFO:     127.0.0.1:51244 - "POST /v1/completions HTTP/1.1" 200 OK
(APIServer pid=276364) INFO:     127.0.0.1:51260 - "POST /v1/completions HTTP/1.1" 200 OK
(APIServer pid=276364) INFO:     127.0.0.1:51264 - "POST /v1/completions HTTP/1.1" 200 OK
(APIServer pid=276364) INFO:     127.0.0.1:51266 - "POST /v1/completions HTTP/1.1" 200 OK
(APIServer pid=276364) INFO:     127.0.0.1:51282 - "POST /v1/completions HTTP/1.1" 200 OK
(APIServer pid=276364) INFO:     127.0.0.1:51292 - "POST /v1/completions HTTP/1.1" 200 OK
(APIServer pid=276364) INFO:     127.0.0.1:51306 - "POST /v1/completions HTTP/1.1" 200 OK
(APIServer pid=276364) INFO:     127.0.0.1:51322 - "POST /v1/completions HTTP/1.1" 200 OK
(APIServer pid=276364) INFO:     127.0.0.1:50772 - "GET /metrics HTTP/1.1" 200 OK
(APIServer pid=276364) INFO:     127.0.0.1:50774 - "POST /v1/completions HTTP/1.1" 200 OK
(APIServer pid=276364) INFO:     127.0.0.1:50792 - "POST /v1/completions HTTP/1.1" 200 OK
(APIServer pid=276364) INFO:     127.0.0.1:50990 - "POST /v1/completions HTTP/1.1" 200 OK
(APIServer pid=276364) INFO:     127.0.0.1:50960 - "POST /v1/completions HTTP/1.1" 200 OK
(APIServer pid=276364) INFO:     127.0.0.1:51018 - "POST /v1/completions HTTP/1.1" 200 OK
(APIServer pid=276364) INFO:     127.0.0.1:50778 - "POST /v1/completions HTTP/1.1" 200 OK
(APIServer pid=276364) INFO:     127.0.0.1:50878 - "POST /v1/completions HTTP/1.1" 200 OK
(APIServer pid=276364) INFO:     127.0.0.1:51028 - "POST /v1/completions HTTP/1.1" 200 OK
(APIServer pid=276364) INFO:     127.0.0.1:50974 - "POST /v1/completions HTTP/1.1" 200 OK
(APIServer pid=276364) INFO:     127.0.0.1:51044 - "POST /v1/completions HTTP/1.1" 200 OK
(APIServer pid=276364) INFO:     127.0.0.1:50800 - "POST /v1/completions HTTP/1.1" 200 OK
(APIServer pid=276364) INFO:     127.0.0.1:50914 - "POST /v1/completions HTTP/1.1" 200 OK
(APIServer pid=276364) INFO:     127.0.0.1:50976 - "POST /v1/completions HTTP/1.1" 200 OK
(APIServer pid=276364) INFO:     127.0.0.1:50868 - "POST /v1/completions HTTP/1.1" 200 OK
(APIServer pid=276364) INFO:     127.0.0.1:50964 - "POST /v1/completions HTTP/1.1" 200 OK
(APIServer pid=276364) INFO:     127.0.0.1:50858 - "POST /v1/completions HTTP/1.1" 200 OK
(APIServer pid=276364) INFO:     127.0.0.1:50894 - "POST /v1/completions HTTP/1.1" 200 OK
(APIServer pid=276364) INFO:     127.0.0.1:50846 - "POST /v1/completions HTTP/1.1" 200 OK
(APIServer pid=276364) INFO:     127.0.0.1:50918 - "POST /v1/completions HTTP/1.1" 200 OK
(APIServer pid=276364) INFO:     127.0.0.1:50838 - "POST /v1/completions HTTP/1.1" 200 OK
(APIServer pid=276364) INFO:     127.0.0.1:50910 - "POST /v1/completions HTTP/1.1" 200 OK
(APIServer pid=276364) INFO:     127.0.0.1:50780 - "POST /v1/completions HTTP/1.1" 200 OK
(APIServer pid=276364) INFO:     127.0.0.1:51010 - "POST /v1/completions HTTP/1.1" 200 OK
(APIServer pid=276364) INFO:     127.0.0.1:50944 - "POST /v1/completions HTTP/1.1" 200 OK
(APIServer pid=276364) INFO:     127.0.0.1:50936 - "POST /v1/completions HTTP/1.1" 200 OK
(APIServer pid=276364) INFO:     127.0.0.1:50922 - "POST /v1/completions HTTP/1.1" 200 OK
(APIServer pid=276364) INFO:     127.0.0.1:50788 - "POST /v1/completions HTTP/1.1" 200 OK
(APIServer pid=276364) INFO:     127.0.0.1:50996 - "POST /v1/completions HTTP/1.1" 200 OK
(APIServer pid=276364) INFO:     127.0.0.1:50930 - "POST /v1/completions HTTP/1.1" 200 OK
(APIServer pid=276364) INFO:     127.0.0.1:50892 - "POST /v1/completions HTTP/1.1" 200 OK
(APIServer pid=276364) INFO:     127.0.0.1:50822 - "POST /v1/completions HTTP/1.1" 200 OK
(APIServer pid=276364) INFO:     127.0.0.1:50808 - "POST /v1/completions HTTP/1.1" 200 OK
(APIServer pid=276364) INFO:     127.0.0.1:50824 - "POST /v1/completions HTTP/1.1" 200 OK
(APIServer pid=276364) INFO:     127.0.0.1:51090 - "POST /v1/completions HTTP/1.1" 200 OK
(APIServer pid=276364) INFO:     127.0.0.1:51264 - "POST /v1/completions HTTP/1.1" 200 OK
(APIServer pid=276364) INFO:     127.0.0.1:51092 - "POST /v1/completions HTTP/1.1" 200 OK
(APIServer pid=276364) INFO:     127.0.0.1:51156 - "POST /v1/completions HTTP/1.1" 200 OK
(APIServer pid=276364) INFO:     127.0.0.1:51176 - "POST /v1/completions HTTP/1.1" 200 OK
(APIServer pid=276364) INFO:     127.0.0.1:51052 - "POST /v1/completions HTTP/1.1" 200 OK
(APIServer pid=276364) INFO:     127.0.0.1:51110 - "POST /v1/completions HTTP/1.1" 200 OK
(APIServer pid=276364) INFO:     127.0.0.1:51106 - "POST /v1/completions HTTP/1.1" 200 OK
(APIServer pid=276364) INFO:     127.0.0.1:51076 - "POST /v1/completions HTTP/1.1" 200 OK
(APIServer pid=276364) INFO:     127.0.0.1:51144 - "POST /v1/completions HTTP/1.1" 200 OK
(APIServer pid=276364) INFO:     127.0.0.1:51120 - "POST /v1/completions HTTP/1.1" 200 OK
(APIServer pid=276364) INFO:     127.0.0.1:51190 - "POST /v1/completions HTTP/1.1" 200 OK
(APIServer pid=276364) INFO:     127.0.0.1:51206 - "POST /v1/completions HTTP/1.1" 200 OK
(APIServer pid=276364) INFO:     127.0.0.1:51158 - "POST /v1/completions HTTP/1.1" 200 OK
(APIServer pid=276364) INFO:     127.0.0.1:51260 - "POST /v1/completions HTTP/1.1" 200 OK
(APIServer pid=276364) INFO:     127.0.0.1:51146 - "POST /v1/completions HTTP/1.1" 200 OK
(APIServer pid=276364) INFO:     127.0.0.1:51244 - "POST /v1/completions HTTP/1.1" 200 OK
(APIServer pid=276364) INFO:     127.0.0.1:51134 - "POST /v1/completions HTTP/1.1" 200 OK
(APIServer pid=276364) INFO:     127.0.0.1:51228 - "POST /v1/completions HTTP/1.1" 200 OK
(APIServer pid=276364) INFO:     127.0.0.1:51098 - "POST /v1/completions HTTP/1.1" 200 OK
(APIServer pid=276364) INFO:     127.0.0.1:51072 - "POST /v1/completions HTTP/1.1" 200 OK
(APIServer pid=276364) INFO:     127.0.0.1:51064 - "POST /v1/completions HTTP/1.1" 200 OK
(APIServer pid=276364) INFO:     127.0.0.1:51222 - "POST /v1/completions HTTP/1.1" 200 OK
(APIServer pid=276364) INFO:     127.0.0.1:51238 - "POST /v1/completions HTTP/1.1" 200 OK
(APIServer pid=276364) INFO:     127.0.0.1:51164 - "POST /v1/completions HTTP/1.1" 200 OK
(APIServer pid=276364) INFO:     127.0.0.1:51282 - "POST /v1/completions HTTP/1.1" 200 OK
(APIServer pid=276364) INFO:     127.0.0.1:51266 - "POST /v1/completions HTTP/1.1" 200 OK
(APIServer pid=276364) INFO:     127.0.0.1:51322 - "POST /v1/completions HTTP/1.1" 200 OK
(APIServer pid=276364) INFO:     127.0.0.1:51292 - "POST /v1/completions HTTP/1.1" 200 OK
(APIServer pid=276364) INFO:     127.0.0.1:51306 - "POST /v1/completions HTTP/1.1" 200 OK
(APIServer pid=276364) INFO:     127.0.0.1:50772 - "POST /v1/completions HTTP/1.1" 200 OK
(APIServer pid=276364) INFO:     127.0.0.1:51338 - "POST /v1/completions HTTP/1.1" 200 OK
(APIServer pid=276364) INFO:     127.0.0.1:51342 - "POST /v1/completions HTTP/1.1" 200 OK
(APIServer pid=276364) INFO:     127.0.0.1:51348 - "POST /v1/completions HTTP/1.1" 200 OK
(APIServer pid=276364) INFO:     127.0.0.1:51358 - "POST /v1/completions HTTP/1.1" 200 OK
(APIServer pid=276364) INFO:     127.0.0.1:51364 - "POST /v1/completions HTTP/1.1" 200 OK
(APIServer pid=276364) INFO:     127.0.0.1:51378 - "POST /v1/completions HTTP/1.1" 200 OK
(APIServer pid=276364) INFO:     127.0.0.1:51380 - "POST /v1/completions HTTP/1.1" 200 OK
(APIServer pid=276364) INFO:     127.0.0.1:51392 - "POST /v1/completions HTTP/1.1" 200 OK
(APIServer pid=276364) INFO:     127.0.0.1:51400 - "POST /v1/completions HTTP/1.1" 200 OK
(APIServer pid=276364) INFO:     127.0.0.1:51402 - "POST /v1/completions HTTP/1.1" 200 OK
(APIServer pid=276364) INFO:     127.0.0.1:51408 - "POST /v1/completions HTTP/1.1" 200 OK
(APIServer pid=276364) INFO:     127.0.0.1:51418 - "POST /v1/completions HTTP/1.1" 200 OK
(APIServer pid=276364) INFO:     127.0.0.1:51424 - "POST /v1/completions HTTP/1.1" 200 OK
(APIServer pid=276364) INFO:     127.0.0.1:51428 - "POST /v1/completions HTTP/1.1" 200 OK
(APIServer pid=276364) INFO:     127.0.0.1:51432 - "POST /v1/completions HTTP/1.1" 200 OK
(APIServer pid=276364) INFO:     127.0.0.1:51446 - "POST /v1/completions HTTP/1.1" 200 OK
(APIServer pid=276364) INFO:     127.0.0.1:51460 - "POST /v1/completions HTTP/1.1" 200 OK
(APIServer pid=276364) INFO:     127.0.0.1:51466 - "POST /v1/completions HTTP/1.1" 200 OK
(APIServer pid=276364) INFO:     127.0.0.1:51470 - "POST /v1/completions HTTP/1.1" 200 OK
(APIServer pid=276364) INFO:     127.0.0.1:51476 - "POST /v1/completions HTTP/1.1" 200 OK
(APIServer pid=276364) INFO:     127.0.0.1:51484 - "POST /v1/completions HTTP/1.1" 200 OK
(APIServer pid=276364) INFO:     127.0.0.1:51500 - "POST /v1/completions HTTP/1.1" 200 OK
(APIServer pid=276364) INFO:     127.0.0.1:51508 - "POST /v1/completions HTTP/1.1" 200 OK
(APIServer pid=276364) INFO:     127.0.0.1:51524 - "POST /v1/completions HTTP/1.1" 200 OK
(APIServer pid=276364) INFO:     127.0.0.1:51538 - "POST /v1/completions HTTP/1.1" 200 OK
(APIServer pid=276364) INFO:     127.0.0.1:51554 - "POST /v1/completions HTTP/1.1" 200 OK
(APIServer pid=276364) INFO:     127.0.0.1:51556 - "POST /v1/completions HTTP/1.1" 200 OK
(APIServer pid=276364) INFO:     127.0.0.1:51560 - "POST /v1/completions HTTP/1.1" 200 OK
(APIServer pid=276364) INFO:     127.0.0.1:51562 - "POST /v1/completions HTTP/1.1" 200 OK
(APIServer pid=276364) INFO:     127.0.0.1:51578 - "POST /v1/completions HTTP/1.1" 200 OK
(APIServer pid=276364) INFO:     127.0.0.1:51582 - "POST /v1/completions HTTP/1.1" 200 OK
(APIServer pid=276364) INFO:     127.0.0.1:51598 - "POST /v1/completions HTTP/1.1" 200 OK
(APIServer pid=276364) INFO:     127.0.0.1:51604 - "POST /v1/completions HTTP/1.1" 200 OK
(APIServer pid=276364) INFO:     127.0.0.1:51620 - "POST /v1/completions HTTP/1.1" 200 OK
(APIServer pid=276364) INFO:     127.0.0.1:51630 - "POST /v1/completions HTTP/1.1" 200 OK
(APIServer pid=276364) INFO:     127.0.0.1:51646 - "POST /v1/completions HTTP/1.1" 200 OK
(APIServer pid=276364) INFO:     127.0.0.1:51656 - "POST /v1/completions HTTP/1.1" 200 OK
(APIServer pid=276364) INFO:     127.0.0.1:51660 - "POST /v1/completions HTTP/1.1" 200 OK
(APIServer pid=276364) INFO:     127.0.0.1:51676 - "POST /v1/completions HTTP/1.1" 200 OK
(APIServer pid=276364) INFO:     127.0.0.1:51688 - "POST /v1/completions HTTP/1.1" 200 OK
(APIServer pid=276364) INFO:     127.0.0.1:51702 - "POST /v1/completions HTTP/1.1" 200 OK
(APIServer pid=276364) INFO:     127.0.0.1:51708 - "POST /v1/completions HTTP/1.1" 200 OK
(APIServer pid=276364) INFO:     127.0.0.1:51712 - "POST /v1/completions HTTP/1.1" 200 OK
(APIServer pid=276364) INFO:     127.0.0.1:51716 - "POST /v1/completions HTTP/1.1" 200 OK
(APIServer pid=276364) INFO:     127.0.0.1:51722 - "POST /v1/completions HTTP/1.1" 200 OK
(APIServer pid=276364) INFO:     127.0.0.1:51732 - "POST /v1/completions HTTP/1.1" 200 OK
(APIServer pid=276364) INFO:     127.0.0.1:51736 - "POST /v1/completions HTTP/1.1" 200 OK
(APIServer pid=276364) INFO:     127.0.0.1:51742 - "POST /v1/completions HTTP/1.1" 200 OK
(APIServer pid=276364) INFO:     127.0.0.1:51754 - "POST /v1/completions HTTP/1.1" 200 OK
(APIServer pid=276364) INFO:     127.0.0.1:51758 - "POST /v1/completions HTTP/1.1" 200 OK
(APIServer pid=276364) INFO:     127.0.0.1:51770 - "POST /v1/completions HTTP/1.1" 200 OK
(APIServer pid=276364) INFO:     127.0.0.1:51780 - "POST /v1/completions HTTP/1.1" 200 OK
(APIServer pid=276364) INFO:     127.0.0.1:51792 - "POST /v1/completions HTTP/1.1" 200 OK
(APIServer pid=276364) INFO:     127.0.0.1:51798 - "POST /v1/completions HTTP/1.1" 200 OK
(APIServer pid=276364) INFO:     127.0.0.1:51812 - "POST /v1/completions HTTP/1.1" 200 OK
(APIServer pid=276364) INFO:     127.0.0.1:51818 - "POST /v1/completions HTTP/1.1" 200 OK
(APIServer pid=276364) INFO:     127.0.0.1:51826 - "POST /v1/completions HTTP/1.1" 200 OK
(APIServer pid=276364) INFO:     127.0.0.1:51836 - "POST /v1/completions HTTP/1.1" 200 OK
(APIServer pid=276364) INFO:     127.0.0.1:51842 - "POST /v1/completions HTTP/1.1" 200 OK
(APIServer pid=276364) INFO:     127.0.0.1:51854 - "POST /v1/completions HTTP/1.1" 200 OK
(APIServer pid=276364) INFO:     127.0.0.1:51858 - "POST /v1/completions HTTP/1.1" 200 OK
(APIServer pid=276364) INFO:     127.0.0.1:51872 - "POST /v1/completions HTTP/1.1" 200 OK
(APIServer pid=276364) INFO:     127.0.0.1:51886 - "POST /v1/completions HTTP/1.1" 200 OK
(APIServer pid=276364) INFO:     127.0.0.1:51898 - "POST /v1/completions HTTP/1.1" 200 OK
(APIServer pid=276364) INFO:     127.0.0.1:51910 - "POST /v1/completions HTTP/1.1" 200 OK
(APIServer pid=276364) INFO:     127.0.0.1:51918 - "POST /v1/completions HTTP/1.1" 200 OK
(APIServer pid=276364) INFO:     127.0.0.1:51930 - "POST /v1/completions HTTP/1.1" 200 OK
(APIServer pid=276364) INFO:     127.0.0.1:51932 - "POST /v1/completions HTTP/1.1" 200 OK
(APIServer pid=276364) INFO:     127.0.0.1:51940 - "POST /v1/completions HTTP/1.1" 200 OK
(APIServer pid=276364) INFO:     127.0.0.1:51956 - "POST /v1/completions HTTP/1.1" 200 OK
(APIServer pid=276364) INFO:     127.0.0.1:51958 - "POST /v1/completions HTTP/1.1" 200 OK
(APIServer pid=276364) INFO:     127.0.0.1:51968 - "POST /v1/completions HTTP/1.1" 200 OK
(APIServer pid=276364) INFO:     127.0.0.1:51982 - "POST /v1/completions HTTP/1.1" 200 OK
(APIServer pid=276364) INFO:     127.0.0.1:51992 - "POST /v1/completions HTTP/1.1" 200 OK
(APIServer pid=276364) INFO:     127.0.0.1:52000 - "POST /v1/completions HTTP/1.1" 200 OK
(APIServer pid=276364) INFO:     127.0.0.1:52014 - "POST /v1/completions HTTP/1.1" 200 OK
(APIServer pid=276364) INFO:     127.0.0.1:52016 - "POST /v1/completions HTTP/1.1" 200 OK
(APIServer pid=276364) INFO:     127.0.0.1:52020 - "POST /v1/completions HTTP/1.1" 200 OK
(APIServer pid=276364) INFO:     127.0.0.1:52034 - "POST /v1/completions HTTP/1.1" 200 OK
(APIServer pid=276364) INFO:     127.0.0.1:52048 - "POST /v1/completions HTTP/1.1" 200 OK
(APIServer pid=276364) INFO:     127.0.0.1:52052 - "POST /v1/completions HTTP/1.1" 200 OK
(APIServer pid=276364) INFO:     127.0.0.1:52068 - "POST /v1/completions HTTP/1.1" 200 OK
(APIServer pid=276364) INFO:     127.0.0.1:52078 - "POST /v1/completions HTTP/1.1" 200 OK
(APIServer pid=276364) INFO:     127.0.0.1:52080 - "POST /v1/completions HTTP/1.1" 200 OK
(APIServer pid=276364) INFO:     127.0.0.1:52090 - "POST /v1/completions HTTP/1.1" 200 OK
(APIServer pid=276364) INFO:     127.0.0.1:52094 - "POST /v1/completions HTTP/1.1" 200 OK
(APIServer pid=276364) INFO:     127.0.0.1:52110 - "POST /v1/completions HTTP/1.1" 200 OK
(APIServer pid=276364) INFO:     127.0.0.1:52114 - "POST /v1/completions HTTP/1.1" 200 OK
(APIServer pid=276364) INFO:     127.0.0.1:52122 - "POST /v1/completions HTTP/1.1" 200 OK
(APIServer pid=276364) INFO:     127.0.0.1:52132 - "POST /v1/completions HTTP/1.1" 200 OK
(APIServer pid=276364) INFO:     127.0.0.1:52140 - "POST /v1/completions HTTP/1.1" 200 OK
(APIServer pid=276364) INFO:     127.0.0.1:52150 - "POST /v1/completions HTTP/1.1" 200 OK
(APIServer pid=276364) INFO:     127.0.0.1:52154 - "POST /v1/completions HTTP/1.1" 200 OK
(APIServer pid=276364) INFO:     127.0.0.1:52164 - "POST /v1/completions HTTP/1.1" 200 OK
(APIServer pid=276364) INFO:     127.0.0.1:52170 - "POST /v1/completions HTTP/1.1" 200 OK
(APIServer pid=276364) INFO:     127.0.0.1:52172 - "POST /v1/completions HTTP/1.1" 200 OK
(APIServer pid=276364) INFO:     127.0.0.1:52182 - "POST /v1/completions HTTP/1.1" 200 OK
(APIServer pid=276364) INFO:     127.0.0.1:52194 - "POST /v1/completions HTTP/1.1" 200 OK
(APIServer pid=276364) INFO:     127.0.0.1:52204 - "POST /v1/completions HTTP/1.1" 200 OK
(APIServer pid=276364) INFO:     127.0.0.1:52214 - "POST /v1/completions HTTP/1.1" 200 OK
(APIServer pid=276364) INFO:     127.0.0.1:52220 - "POST /v1/completions HTTP/1.1" 200 OK
(APIServer pid=276364) INFO:     127.0.0.1:52234 - "POST /v1/completions HTTP/1.1" 200 OK
(APIServer pid=276364) INFO:     127.0.0.1:52242 - "POST /v1/completions HTTP/1.1" 200 OK
(APIServer pid=276364) INFO:     127.0.0.1:52254 - "POST /v1/completions HTTP/1.1" 200 OK
(APIServer pid=276364) INFO:     127.0.0.1:52264 - "POST /v1/completions HTTP/1.1" 200 OK
(APIServer pid=276364) INFO:     127.0.0.1:52272 - "POST /v1/completions HTTP/1.1" 200 OK
(APIServer pid=276364) INFO:     127.0.0.1:52282 - "POST /v1/completions HTTP/1.1" 200 OK
(APIServer pid=276364) INFO:     127.0.0.1:52286 - "POST /v1/completions HTTP/1.1" 200 OK
(APIServer pid=276364) INFO:     127.0.0.1:52292 - "POST /v1/completions HTTP/1.1" 200 OK
(APIServer pid=276364) INFO:     127.0.0.1:52306 - "POST /v1/completions HTTP/1.1" 200 OK
(APIServer pid=276364) INFO:     127.0.0.1:52322 - "POST /v1/completions HTTP/1.1" 200 OK
(APIServer pid=276364) INFO:     127.0.0.1:52328 - "POST /v1/completions HTTP/1.1" 200 OK
(APIServer pid=276364) INFO:     127.0.0.1:52330 - "POST /v1/completions HTTP/1.1" 200 OK
(APIServer pid=276364) INFO:     127.0.0.1:52334 - "POST /v1/completions HTTP/1.1" 200 OK
(APIServer pid=276364) INFO:     127.0.0.1:52342 - "POST /v1/completions HTTP/1.1" 200 OK
(APIServer pid=276364) INFO:     127.0.0.1:52346 - "POST /v1/completions HTTP/1.1" 200 OK
(APIServer pid=276364) INFO:     127.0.0.1:52362 - "POST /v1/completions HTTP/1.1" 200 OK
(APIServer pid=276364) INFO:     127.0.0.1:52370 - "POST /v1/completions HTTP/1.1" 200 OK
(APIServer pid=276364) INFO:     127.0.0.1:52380 - "POST /v1/completions HTTP/1.1" 200 OK
(APIServer pid=276364) INFO:     127.0.0.1:52390 - "POST /v1/completions HTTP/1.1" 200 OK
(APIServer pid=276364) INFO:     127.0.0.1:52404 - "POST /v1/completions HTTP/1.1" 200 OK
(APIServer pid=276364) INFO:     127.0.0.1:52418 - "POST /v1/completions HTTP/1.1" 200 OK
(APIServer pid=276364) INFO:     127.0.0.1:52424 - "POST /v1/completions HTTP/1.1" 200 OK
(APIServer pid=276364) INFO:     127.0.0.1:52436 - "POST /v1/completions HTTP/1.1" 200 OK
(APIServer pid=276364) INFO:     127.0.0.1:52450 - "POST /v1/completions HTTP/1.1" 200 OK
(APIServer pid=276364) INFO:     127.0.0.1:52452 - "POST /v1/completions HTTP/1.1" 200 OK
(APIServer pid=276364) INFO:     127.0.0.1:52458 - "POST /v1/completions HTTP/1.1" 200 OK
(APIServer pid=276364) INFO:     127.0.0.1:52460 - "POST /v1/completions HTTP/1.1" 200 OK
(APIServer pid=276364) INFO:     127.0.0.1:52476 - "POST /v1/completions HTTP/1.1" 200 OK
(APIServer pid=276364) INFO:     127.0.0.1:52492 - "POST /v1/completions HTTP/1.1" 200 OK
(APIServer pid=276364) INFO:     127.0.0.1:52498 - "POST /v1/completions HTTP/1.1" 200 OK
(APIServer pid=276364) INFO:     127.0.0.1:52514 - "POST /v1/completions HTTP/1.1" 200 OK
(APIServer pid=276364) INFO:     127.0.0.1:52520 - "POST /v1/completions HTTP/1.1" 200 OK
(APIServer pid=276364) INFO:     127.0.0.1:52536 - "POST /v1/completions HTTP/1.1" 200 OK
(APIServer pid=276364) INFO:     127.0.0.1:52550 - "POST /v1/completions HTTP/1.1" 200 OK
(APIServer pid=276364) INFO:     127.0.0.1:52566 - "POST /v1/completions HTTP/1.1" 200 OK
(APIServer pid=276364) INFO:     127.0.0.1:52582 - "POST /v1/completions HTTP/1.1" 200 OK
(APIServer pid=276364) INFO:     127.0.0.1:52586 - "POST /v1/completions HTTP/1.1" 200 OK
(APIServer pid=276364) INFO:     127.0.0.1:52596 - "POST /v1/completions HTTP/1.1" 200 OK
(APIServer pid=276364) INFO:     127.0.0.1:52604 - "POST /v1/completions HTTP/1.1" 200 OK
(APIServer pid=276364) INFO:     127.0.0.1:52620 - "POST /v1/completions HTTP/1.1" 200 OK
(APIServer pid=276364) INFO:     127.0.0.1:52624 - "POST /v1/completions HTTP/1.1" 200 OK
(APIServer pid=276364) INFO:     127.0.0.1:52640 - "POST /v1/completions HTTP/1.1" 200 OK
(APIServer pid=276364) INFO:     127.0.0.1:52652 - "POST /v1/completions HTTP/1.1" 200 OK
(APIServer pid=276364) INFO:     127.0.0.1:52656 - "POST /v1/completions HTTP/1.1" 200 OK
(APIServer pid=276364) INFO:     127.0.0.1:52670 - "POST /v1/completions HTTP/1.1" 200 OK
(APIServer pid=276364) INFO:     127.0.0.1:52680 - "POST /v1/completions HTTP/1.1" 200 OK
(APIServer pid=276364) INFO:     127.0.0.1:52686 - "POST /v1/completions HTTP/1.1" 200 OK
(APIServer pid=276364) INFO:     127.0.0.1:52690 - "POST /v1/completions HTTP/1.1" 200 OK
(APIServer pid=276364) INFO:     127.0.0.1:52702 - "POST /v1/completions HTTP/1.1" 200 OK
(APIServer pid=276364) INFO:     127.0.0.1:52704 - "POST /v1/completions HTTP/1.1" 200 OK
(APIServer pid=276364) INFO:     127.0.0.1:52716 - "POST /v1/completions HTTP/1.1" 200 OK
(APIServer pid=276364) INFO:     127.0.0.1:52720 - "POST /v1/completions HTTP/1.1" 200 OK
(APIServer pid=276364) INFO:     127.0.0.1:52730 - "POST /v1/completions HTTP/1.1" 200 OK
(APIServer pid=276364) INFO:     127.0.0.1:52732 - "POST /v1/completions HTTP/1.1" 200 OK
(APIServer pid=276364) INFO:     127.0.0.1:52748 - "POST /v1/completions HTTP/1.1" 200 OK
(APIServer pid=276364) INFO:     127.0.0.1:52752 - "POST /v1/completions HTTP/1.1" 200 OK
(APIServer pid=276364) INFO:     127.0.0.1:52758 - "POST /v1/completions HTTP/1.1" 200 OK
(APIServer pid=276364) INFO:     127.0.0.1:52760 - "POST /v1/completions HTTP/1.1" 200 OK
(APIServer pid=276364) INFO:     127.0.0.1:52766 - "POST /v1/completions HTTP/1.1" 200 OK
(APIServer pid=276364) INFO:     127.0.0.1:52780 - "POST /v1/completions HTTP/1.1" 200 OK
(APIServer pid=276364) INFO:     127.0.0.1:52786 - "POST /v1/completions HTTP/1.1" 200 OK
(APIServer pid=276364) INFO:     127.0.0.1:52796 - "POST /v1/completions HTTP/1.1" 200 OK
(APIServer pid=276364) INFO:     127.0.0.1:52812 - "POST /v1/completions HTTP/1.1" 200 OK
(APIServer pid=276364) INFO:     127.0.0.1:52826 - "POST /v1/completions HTTP/1.1" 200 OK
(APIServer pid=276364) INFO:     127.0.0.1:52842 - "POST /v1/completions HTTP/1.1" 200 OK
(APIServer pid=276364) INFO:     127.0.0.1:52850 - "POST /v1/completions HTTP/1.1" 200 OK
(APIServer pid=276364) INFO:     127.0.0.1:52862 - "POST /v1/completions HTTP/1.1" 200 OK
(APIServer pid=276364) INFO:     127.0.0.1:52874 - "POST /v1/completions HTTP/1.1" 200 OK
(APIServer pid=276364) INFO:     127.0.0.1:52876 - "POST /v1/completions HTTP/1.1" 200 OK
(APIServer pid=276364) INFO:     127.0.0.1:52884 - "POST /v1/completions HTTP/1.1" 200 OK
(APIServer pid=276364) INFO:     127.0.0.1:52888 - "POST /v1/completions HTTP/1.1" 200 OK
(APIServer pid=276364) INFO:     127.0.0.1:52904 - "POST /v1/completions HTTP/1.1" 200 OK
(APIServer pid=276364) INFO:     127.0.0.1:52918 - "POST /v1/completions HTTP/1.1" 200 OK
(APIServer pid=276364) INFO:     127.0.0.1:52924 - "POST /v1/completions HTTP/1.1" 200 OK
(APIServer pid=276364) INFO:     127.0.0.1:52932 - "POST /v1/completions HTTP/1.1" 200 OK
(APIServer pid=276364) INFO:     127.0.0.1:52940 - "POST /v1/completions HTTP/1.1" 200 OK
(APIServer pid=276364) INFO:     127.0.0.1:52948 - "POST /v1/completions HTTP/1.1" 200 OK
(APIServer pid=276364) INFO:     127.0.0.1:52956 - "POST /v1/completions HTTP/1.1" 200 OK
(APIServer pid=276364) INFO:     127.0.0.1:52966 - "POST /v1/completions HTTP/1.1" 200 OK
(APIServer pid=276364) INFO:     127.0.0.1:52970 - "POST /v1/completions HTTP/1.1" 200 OK
(APIServer pid=276364) INFO:     127.0.0.1:52974 - "POST /v1/completions HTTP/1.1" 200 OK
(APIServer pid=276364) INFO:     127.0.0.1:52990 - "POST /v1/completions HTTP/1.1" 200 OK
(APIServer pid=276364) INFO:     127.0.0.1:53002 - "POST /v1/completions HTTP/1.1" 200 OK
(APIServer pid=276364) INFO:     127.0.0.1:53012 - "POST /v1/completions HTTP/1.1" 200 OK
(APIServer pid=276364) INFO:     127.0.0.1:53016 - "POST /v1/completions HTTP/1.1" 200 OK
(APIServer pid=276364) INFO:     127.0.0.1:53030 - "POST /v1/completions HTTP/1.1" 200 OK
(APIServer pid=276364) INFO:     127.0.0.1:53040 - "POST /v1/completions HTTP/1.1" 200 OK
(APIServer pid=276364) INFO:     127.0.0.1:53054 - "POST /v1/completions HTTP/1.1" 200 OK
(APIServer pid=276364) INFO:     127.0.0.1:53068 - "POST /v1/completions HTTP/1.1" 200 OK
(APIServer pid=276364) INFO:     127.0.0.1:53080 - "POST /v1/completions HTTP/1.1" 200 OK
(APIServer pid=276364) INFO:     127.0.0.1:53092 - "POST /v1/completions HTTP/1.1" 200 OK
(APIServer pid=276364) INFO 07-09 13:38:34 [loggers.py:271] Engine 000: Avg prompt throughput: 24878.6 tokens/s, Avg generation throughput: 1237.6 tokens/s, Running: 132 reqs, Waiting: 124 reqs, GPU KV cache usage: 14.5%, Prefix cache hit rate: 32.8%
(APIServer pid=276364) INFO:     127.0.0.1:50774 - "POST /v1/completions HTTP/1.1" 200 OK
(APIServer pid=276364) INFO:     127.0.0.1:50990 - "POST /v1/completions HTTP/1.1" 200 OK
(APIServer pid=276364) INFO:     127.0.0.1:50792 - "POST /v1/completions HTTP/1.1" 200 OK
(APIServer pid=276364) INFO:     127.0.0.1:51018 - "POST /v1/completions HTTP/1.1" 200 OK
(APIServer pid=276364) INFO:     127.0.0.1:50960 - "POST /v1/completions HTTP/1.1" 200 OK
(APIServer pid=276364) INFO:     127.0.0.1:50878 - "POST /v1/completions HTTP/1.1" 200 OK
(APIServer pid=276364) INFO:     127.0.0.1:50778 - "POST /v1/completions HTTP/1.1" 200 OK
(APIServer pid=276364) INFO:     127.0.0.1:51028 - "POST /v1/completions HTTP/1.1" 200 OK
(APIServer pid=276364) INFO:     127.0.0.1:50974 - "POST /v1/completions HTTP/1.1" 200 OK
(APIServer pid=276364) INFO:     127.0.0.1:51044 - "POST /v1/completions HTTP/1.1" 200 OK
(APIServer pid=276364) INFO:     127.0.0.1:50800 - "POST /v1/completions HTTP/1.1" 200 OK
(APIServer pid=276364) INFO:     127.0.0.1:50914 - "POST /v1/completions HTTP/1.1" 200 OK
(APIServer pid=276364) INFO:     127.0.0.1:50976 - "POST /v1/completions HTTP/1.1" 200 OK
(APIServer pid=276364) INFO:     127.0.0.1:50868 - "POST /v1/completions HTTP/1.1" 200 OK
(APIServer pid=276364) INFO:     127.0.0.1:50964 - "POST /v1/completions HTTP/1.1" 200 OK
(APIServer pid=276364) INFO:     127.0.0.1:50858 - "POST /v1/completions HTTP/1.1" 200 OK
(APIServer pid=276364) INFO:     127.0.0.1:50894 - "POST /v1/completions HTTP/1.1" 200 OK
(APIServer pid=276364) INFO:     127.0.0.1:50846 - "POST /v1/completions HTTP/1.1" 200 OK
(APIServer pid=276364) INFO:     127.0.0.1:50918 - "POST /v1/completions HTTP/1.1" 200 OK
(APIServer pid=276364) INFO:     127.0.0.1:50838 - "POST /v1/completions HTTP/1.1" 200 OK
(APIServer pid=276364) INFO:     127.0.0.1:50780 - "POST /v1/completions HTTP/1.1" 200 OK
(APIServer pid=276364) INFO:     127.0.0.1:50910 - "POST /v1/completions HTTP/1.1" 200 OK
(APIServer pid=276364) INFO:     127.0.0.1:50944 - "POST /v1/completions HTTP/1.1" 200 OK
(APIServer pid=276364) INFO:     127.0.0.1:51010 - "POST /v1/completions HTTP/1.1" 200 OK
(APIServer pid=276364) INFO:     127.0.0.1:50922 - "POST /v1/completions HTTP/1.1" 200 OK
(APIServer pid=276364) INFO:     127.0.0.1:50936 - "POST /v1/completions HTTP/1.1" 200 OK
(APIServer pid=276364) INFO:     127.0.0.1:50996 - "POST /v1/completions HTTP/1.1" 200 OK
(APIServer pid=276364) INFO:     127.0.0.1:50788 - "POST /v1/completions HTTP/1.1" 200 OK
(APIServer pid=276364) INFO:     127.0.0.1:50930 - "POST /v1/completions HTTP/1.1" 200 OK
(APIServer pid=276364) INFO:     127.0.0.1:50892 - "POST /v1/completions HTTP/1.1" 200 OK
(APIServer pid=276364) INFO:     127.0.0.1:50822 - "POST /v1/completions HTTP/1.1" 200 OK
(APIServer pid=276364) INFO:     127.0.0.1:50808 - "POST /v1/completions HTTP/1.1" 200 OK
(APIServer pid=276364) INFO:     127.0.0.1:51090 - "POST /v1/completions HTTP/1.1" 200 OK
(APIServer pid=276364) INFO:     127.0.0.1:50824 - "POST /v1/completions HTTP/1.1" 200 OK
(APIServer pid=276364) INFO:     127.0.0.1:51156 - "POST /v1/completions HTTP/1.1" 200 OK
(APIServer pid=276364) INFO:     127.0.0.1:51264 - "POST /v1/completions HTTP/1.1" 200 OK
(APIServer pid=276364) INFO:     127.0.0.1:51092 - "POST /v1/completions HTTP/1.1" 200 OK
(APIServer pid=276364) INFO:     127.0.0.1:51176 - "POST /v1/completions HTTP/1.1" 200 OK
(APIServer pid=276364) INFO:     127.0.0.1:51052 - "POST /v1/completions HTTP/1.1" 200 OK
(APIServer pid=276364) INFO:     127.0.0.1:51106 - "POST /v1/completions HTTP/1.1" 200 OK
(APIServer pid=276364) INFO:     127.0.0.1:51110 - "POST /v1/completions HTTP/1.1" 200 OK
(APIServer pid=276364) INFO:     127.0.0.1:51144 - "POST /v1/completions HTTP/1.1" 200 OK
(APIServer pid=276364) INFO:     127.0.0.1:51076 - "POST /v1/completions HTTP/1.1" 200 OK
(APIServer pid=276364) INFO:     127.0.0.1:51190 - "POST /v1/completions HTTP/1.1" 200 OK
(APIServer pid=276364) INFO:     127.0.0.1:51120 - "POST /v1/completions HTTP/1.1" 200 OK
(APIServer pid=276364) INFO:     127.0.0.1:51158 - "POST /v1/completions HTTP/1.1" 200 OK
(APIServer pid=276364) INFO:     127.0.0.1:51206 - "POST /v1/completions HTTP/1.1" 200 OK
(APIServer pid=276364) INFO:     127.0.0.1:51146 - "POST /v1/completions HTTP/1.1" 200 OK
(APIServer pid=276364) INFO:     127.0.0.1:51260 - "POST /v1/completions HTTP/1.1" 200 OK
(APIServer pid=276364) INFO:     127.0.0.1:51244 - "POST /v1/completions HTTP/1.1" 200 OK
(APIServer pid=276364) INFO:     127.0.0.1:51134 - "POST /v1/completions HTTP/1.1" 200 OK
(APIServer pid=276364) INFO:     127.0.0.1:51228 - "POST /v1/completions HTTP/1.1" 200 OK
(APIServer pid=276364) INFO:     127.0.0.1:51098 - "POST /v1/completions HTTP/1.1" 200 OK
(APIServer pid=276364) INFO:     127.0.0.1:51064 - "POST /v1/completions HTTP/1.1" 200 OK
(APIServer pid=276364) INFO:     127.0.0.1:51222 - "POST /v1/completions HTTP/1.1" 200 OK
(APIServer pid=276364) INFO:     127.0.0.1:51072 - "POST /v1/completions HTTP/1.1" 200 OK
(APIServer pid=276364) INFO:     127.0.0.1:51164 - "POST /v1/completions HTTP/1.1" 200 OK
(APIServer pid=276364) INFO:     127.0.0.1:51238 - "POST /v1/completions HTTP/1.1" 200 OK
(APIServer pid=276364) INFO:     127.0.0.1:51282 - "POST /v1/completions HTTP/1.1" 200 OK
(APIServer pid=276364) INFO:     127.0.0.1:51266 - "POST /v1/completions HTTP/1.1" 200 OK
(APIServer pid=276364) INFO:     127.0.0.1:51322 - "POST /v1/completions HTTP/1.1" 200 OK
(APIServer pid=276364) INFO:     127.0.0.1:51292 - "POST /v1/completions HTTP/1.1" 200 OK
(APIServer pid=276364) INFO:     127.0.0.1:51306 - "POST /v1/completions HTTP/1.1" 200 OK
(APIServer pid=276364) INFO:     127.0.0.1:50772 - "POST /v1/completions HTTP/1.1" 200 OK
(APIServer pid=276364) INFO:     127.0.0.1:51338 - "POST /v1/completions HTTP/1.1" 200 OK
(APIServer pid=276364) INFO:     127.0.0.1:51342 - "POST /v1/completions HTTP/1.1" 200 OK
(APIServer pid=276364) INFO:     127.0.0.1:51348 - "POST /v1/completions HTTP/1.1" 200 OK
(APIServer pid=276364) INFO:     127.0.0.1:51358 - "POST /v1/completions HTTP/1.1" 200 OK
(APIServer pid=276364) INFO:     127.0.0.1:51378 - "POST /v1/completions HTTP/1.1" 200 OK
(APIServer pid=276364) INFO:     127.0.0.1:51364 - "POST /v1/completions HTTP/1.1" 200 OK
(APIServer pid=276364) INFO:     127.0.0.1:51392 - "POST /v1/completions HTTP/1.1" 200 OK
(APIServer pid=276364) INFO:     127.0.0.1:51380 - "POST /v1/completions HTTP/1.1" 200 OK
(APIServer pid=276364) INFO:     127.0.0.1:51402 - "POST /v1/completions HTTP/1.1" 200 OK
(APIServer pid=276364) INFO:     127.0.0.1:51400 - "POST /v1/completions HTTP/1.1" 200 OK
(APIServer pid=276364) INFO:     127.0.0.1:51408 - "POST /v1/completions HTTP/1.1" 200 OK
(APIServer pid=276364) INFO:     127.0.0.1:51418 - "POST /v1/completions HTTP/1.1" 200 OK
(APIServer pid=276364) INFO:     127.0.0.1:51424 - "POST /v1/completions HTTP/1.1" 200 OK
(APIServer pid=276364) INFO:     127.0.0.1:51428 - "POST /v1/completions HTTP/1.1" 200 OK
(APIServer pid=276364) INFO:     127.0.0.1:51432 - "POST /v1/completions HTTP/1.1" 200 OK
(APIServer pid=276364) INFO:     127.0.0.1:51460 - "POST /v1/completions HTTP/1.1" 200 OK
(APIServer pid=276364) INFO:     127.0.0.1:51446 - "POST /v1/completions HTTP/1.1" 200 OK
(APIServer pid=276364) INFO:     127.0.0.1:51470 - "POST /v1/completions HTTP/1.1" 200 OK
(APIServer pid=276364) INFO:     127.0.0.1:51466 - "POST /v1/completions HTTP/1.1" 200 OK
(APIServer pid=276364) INFO 07-09 13:38:44 [loggers.py:271] Engine 000: Avg prompt throughput: 37447.3 tokens/s, Avg generation throughput: 2262.4 tokens/s, Running: 246 reqs, Waiting: 6 reqs, GPU KV cache usage: 27.4%, Prefix cache hit rate: 21.1%
(APIServer pid=276364) INFO:     127.0.0.1:51476 - "POST /v1/completions HTTP/1.1" 200 OK
(APIServer pid=276364) INFO:     127.0.0.1:51484 - "POST /v1/completions HTTP/1.1" 200 OK
(APIServer pid=276364) INFO:     127.0.0.1:51508 - "POST /v1/completions HTTP/1.1" 200 OK
(APIServer pid=276364) INFO:     127.0.0.1:51500 - "POST /v1/completions HTTP/1.1" 200 OK
(APIServer pid=276364) INFO:     127.0.0.1:51538 - "POST /v1/completions HTTP/1.1" 200 OK
(APIServer pid=276364) INFO:     127.0.0.1:51524 - "POST /v1/completions HTTP/1.1" 200 OK
(APIServer pid=276364) INFO:     127.0.0.1:51554 - "POST /v1/completions HTTP/1.1" 200 OK
(APIServer pid=276364) INFO:     127.0.0.1:51556 - "POST /v1/completions HTTP/1.1" 200 OK
(APIServer pid=276364) INFO:     127.0.0.1:51560 - "POST /v1/completions HTTP/1.1" 200 OK
(APIServer pid=276364) INFO:     127.0.0.1:51562 - "POST /v1/completions HTTP/1.1" 200 OK
(APIServer pid=276364) INFO:     127.0.0.1:51582 - "POST /v1/completions HTTP/1.1" 200 OK
(APIServer pid=276364) INFO:     127.0.0.1:51578 - "POST /v1/completions HTTP/1.1" 200 OK
(APIServer pid=276364) INFO:     127.0.0.1:51604 - "POST /v1/completions HTTP/1.1" 200 OK
(APIServer pid=276364) INFO:     127.0.0.1:51598 - "POST /v1/completions HTTP/1.1" 200 OK
(APIServer pid=276364) INFO:     127.0.0.1:51646 - "POST /v1/completions HTTP/1.1" 200 OK
(APIServer pid=276364) INFO:     127.0.0.1:51620 - "POST /v1/completions HTTP/1.1" 200 OK
(APIServer pid=276364) INFO:     127.0.0.1:51630 - "POST /v1/completions HTTP/1.1" 200 OK
(APIServer pid=276364) INFO:     127.0.0.1:51656 - "POST /v1/completions HTTP/1.1" 200 OK
(APIServer pid=276364) INFO:     127.0.0.1:51660 - "POST /v1/completions HTTP/1.1" 200 OK
(APIServer pid=276364) INFO:     127.0.0.1:51688 - "POST /v1/completions HTTP/1.1" 200 OK
(APIServer pid=276364) INFO:     127.0.0.1:51676 - "POST /v1/completions HTTP/1.1" 200 OK
(APIServer pid=276364) INFO:     127.0.0.1:51702 - "POST /v1/completions HTTP/1.1" 200 OK
(APIServer pid=276364) INFO:     127.0.0.1:51708 - "POST /v1/completions HTTP/1.1" 200 OK
(APIServer pid=276364) INFO:     127.0.0.1:51712 - "POST /v1/completions HTTP/1.1" 200 OK
(APIServer pid=276364) INFO:     127.0.0.1:51716 - "POST /v1/completions HTTP/1.1" 200 OK
(APIServer pid=276364) INFO:     127.0.0.1:51722 - "POST /v1/completions HTTP/1.1" 200 OK
(APIServer pid=276364) INFO:     127.0.0.1:51732 - "POST /v1/completions HTTP/1.1" 200 OK
(APIServer pid=276364) INFO:     127.0.0.1:51742 - "POST /v1/completions HTTP/1.1" 200 OK
(APIServer pid=276364) INFO:     127.0.0.1:51736 - "POST /v1/completions HTTP/1.1" 200 OK
(APIServer pid=276364) INFO:     127.0.0.1:51758 - "POST /v1/completions HTTP/1.1" 200 OK
(APIServer pid=276364) INFO:     127.0.0.1:51754 - "POST /v1/completions HTTP/1.1" 200 OK
(APIServer pid=276364) INFO:     127.0.0.1:51770 - "POST /v1/completions HTTP/1.1" 200 OK
(APIServer pid=276364) INFO:     127.0.0.1:51780 - "POST /v1/completions HTTP/1.1" 200 OK
(APIServer pid=276364) INFO:     127.0.0.1:51792 - "POST /v1/completions HTTP/1.1" 200 OK
(APIServer pid=276364) INFO:     127.0.0.1:51798 - "POST /v1/completions HTTP/1.1" 200 OK
(APIServer pid=276364) INFO:     127.0.0.1:51812 - "POST /v1/completions HTTP/1.1" 200 OK
(APIServer pid=276364) INFO:     127.0.0.1:51818 - "POST /v1/completions HTTP/1.1" 200 OK
(APIServer pid=276364) INFO:     127.0.0.1:51826 - "POST /v1/completions HTTP/1.1" 200 OK
(APIServer pid=276364) INFO:     127.0.0.1:51836 - "POST /v1/completions HTTP/1.1" 200 OK
(APIServer pid=276364) INFO:     127.0.0.1:51842 - "POST /v1/completions HTTP/1.1" 200 OK
(APIServer pid=276364) INFO:     127.0.0.1:51854 - "POST /v1/completions HTTP/1.1" 200 OK
(APIServer pid=276364) INFO:     127.0.0.1:51858 - "POST /v1/completions HTTP/1.1" 200 OK
(APIServer pid=276364) INFO:     127.0.0.1:51872 - "POST /v1/completions HTTP/1.1" 200 OK
(APIServer pid=276364) INFO:     127.0.0.1:51886 - "POST /v1/completions HTTP/1.1" 200 OK
(APIServer pid=276364) INFO:     127.0.0.1:51898 - "POST /v1/completions HTTP/1.1" 200 OK
(APIServer pid=276364) INFO:     127.0.0.1:51910 - "POST /v1/completions HTTP/1.1" 200 OK
(APIServer pid=276364) INFO:     127.0.0.1:51918 - "POST /v1/completions HTTP/1.1" 200 OK
(APIServer pid=276364) INFO:     127.0.0.1:51930 - "POST /v1/completions HTTP/1.1" 200 OK
(APIServer pid=276364) INFO:     127.0.0.1:51932 - "POST /v1/completions HTTP/1.1" 200 OK
(APIServer pid=276364) INFO:     127.0.0.1:51940 - "POST /v1/completions HTTP/1.1" 200 OK
(APIServer pid=276364) INFO:     127.0.0.1:51956 - "POST /v1/completions HTTP/1.1" 200 OK
(APIServer pid=276364) INFO:     127.0.0.1:51958 - "POST /v1/completions HTTP/1.1" 200 OK
(APIServer pid=276364) INFO:     127.0.0.1:51982 - "POST /v1/completions HTTP/1.1" 200 OK
(APIServer pid=276364) INFO:     127.0.0.1:51968 - "POST /v1/completions HTTP/1.1" 200 OK
(APIServer pid=276364) INFO:     127.0.0.1:51992 - "POST /v1/completions HTTP/1.1" 200 OK
(APIServer pid=276364) INFO:     127.0.0.1:52000 - "POST /v1/completions HTTP/1.1" 200 OK
(APIServer pid=276364) INFO:     127.0.0.1:52014 - "POST /v1/completions HTTP/1.1" 200 OK
(APIServer pid=276364) INFO:     127.0.0.1:52016 - "POST /v1/completions HTTP/1.1" 200 OK
(APIServer pid=276364) INFO:     127.0.0.1:52020 - "POST /v1/completions HTTP/1.1" 200 OK
(APIServer pid=276364) INFO:     127.0.0.1:52034 - "POST /v1/completions HTTP/1.1" 200 OK
(APIServer pid=276364) INFO:     127.0.0.1:52048 - "POST /v1/completions HTTP/1.1" 200 OK
(APIServer pid=276364) INFO:     127.0.0.1:52052 - "POST /v1/completions HTTP/1.1" 200 OK
(APIServer pid=276364) INFO:     127.0.0.1:52068 - "POST /v1/completions HTTP/1.1" 200 OK
(APIServer pid=276364) INFO:     127.0.0.1:52078 - "POST /v1/completions HTTP/1.1" 200 OK
(APIServer pid=276364) INFO:     127.0.0.1:52080 - "POST /v1/completions HTTP/1.1" 200 OK
(APIServer pid=276364) INFO:     127.0.0.1:52090 - "POST /v1/completions HTTP/1.1" 200 OK
(APIServer pid=276364) INFO:     127.0.0.1:52094 - "POST /v1/completions HTTP/1.1" 200 OK
(APIServer pid=276364) INFO:     127.0.0.1:52110 - "POST /v1/completions HTTP/1.1" 200 OK
(APIServer pid=276364) INFO:     127.0.0.1:52122 - "POST /v1/completions HTTP/1.1" 200 OK
(APIServer pid=276364) INFO:     127.0.0.1:52114 - "POST /v1/completions HTTP/1.1" 200 OK
(APIServer pid=276364) INFO:     127.0.0.1:52132 - "POST /v1/completions HTTP/1.1" 200 OK
(APIServer pid=276364) INFO:     127.0.0.1:52140 - "POST /v1/completions HTTP/1.1" 200 OK
(APIServer pid=276364) INFO:     127.0.0.1:52154 - "POST /v1/completions HTTP/1.1" 200 OK
(APIServer pid=276364) INFO:     127.0.0.1:52150 - "POST /v1/completions HTTP/1.1" 200 OK
(APIServer pid=276364) INFO:     127.0.0.1:52170 - "POST /v1/completions HTTP/1.1" 200 OK
(APIServer pid=276364) INFO:     127.0.0.1:52164 - "POST /v1/completions HTTP/1.1" 200 OK
(APIServer pid=276364) INFO:     127.0.0.1:52172 - "POST /v1/completions HTTP/1.1" 200 OK
(APIServer pid=276364) INFO:     127.0.0.1:52182 - "POST /v1/completions HTTP/1.1" 200 OK
(APIServer pid=276364) INFO:     127.0.0.1:52194 - "POST /v1/completions HTTP/1.1" 200 OK
(APIServer pid=276364) INFO:     127.0.0.1:52214 - "POST /v1/completions HTTP/1.1" 200 OK
(APIServer pid=276364) INFO:     127.0.0.1:52204 - "POST /v1/completions HTTP/1.1" 200 OK
(APIServer pid=276364) INFO:     127.0.0.1:52220 - "POST /v1/completions HTTP/1.1" 200 OK
(APIServer pid=276364) INFO:     127.0.0.1:52234 - "POST /v1/completions HTTP/1.1" 200 OK
(APIServer pid=276364) INFO:     127.0.0.1:52254 - "POST /v1/completions HTTP/1.1" 200 OK
(APIServer pid=276364) INFO:     127.0.0.1:52242 - "POST /v1/completions HTTP/1.1" 200 OK
(APIServer pid=276364) INFO:     127.0.0.1:52264 - "POST /v1/completions HTTP/1.1" 200 OK
(APIServer pid=276364) INFO:     127.0.0.1:52272 - "POST /v1/completions HTTP/1.1" 200 OK
(APIServer pid=276364) INFO:     127.0.0.1:52282 - "POST /v1/completions HTTP/1.1" 200 OK
(APIServer pid=276364) INFO:     127.0.0.1:52286 - "POST /v1/completions HTTP/1.1" 200 OK
(APIServer pid=276364) INFO:     127.0.0.1:52292 - "POST /v1/completions HTTP/1.1" 200 OK
(APIServer pid=276364) INFO:     127.0.0.1:52306 - "POST /v1/completions HTTP/1.1" 200 OK
(APIServer pid=276364) INFO:     127.0.0.1:52322 - "POST /v1/completions HTTP/1.1" 200 OK
(APIServer pid=276364) INFO:     127.0.0.1:52328 - "POST /v1/completions HTTP/1.1" 200 OK
(APIServer pid=276364) INFO:     127.0.0.1:52330 - "POST /v1/completions HTTP/1.1" 200 OK
(APIServer pid=276364) INFO:     127.0.0.1:52334 - "POST /v1/completions HTTP/1.1" 200 OK
(APIServer pid=276364) INFO:     127.0.0.1:52342 - "POST /v1/completions HTTP/1.1" 200 OK
(APIServer pid=276364) INFO:     127.0.0.1:52346 - "POST /v1/completions HTTP/1.1" 200 OK
(APIServer pid=276364) INFO:     127.0.0.1:52370 - "POST /v1/completions HTTP/1.1" 200 OK
(APIServer pid=276364) INFO:     127.0.0.1:52362 - "POST /v1/completions HTTP/1.1" 200 OK
(APIServer pid=276364) INFO:     127.0.0.1:52390 - "POST /v1/completions HTTP/1.1" 200 OK
(APIServer pid=276364) INFO:     127.0.0.1:52380 - "POST /v1/completions HTTP/1.1" 200 OK
(APIServer pid=276364) INFO:     127.0.0.1:52404 - "POST /v1/completions HTTP/1.1" 200 OK
(APIServer pid=276364) INFO:     127.0.0.1:52418 - "POST /v1/completions HTTP/1.1" 200 OK
(APIServer pid=276364) INFO:     127.0.0.1:52424 - "POST /v1/completions HTTP/1.1" 200 OK
(APIServer pid=276364) INFO:     127.0.0.1:52436 - "POST /v1/completions HTTP/1.1" 200 OK
(APIServer pid=276364) INFO:     127.0.0.1:52458 - "POST /v1/completions HTTP/1.1" 200 OK
(APIServer pid=276364) INFO:     127.0.0.1:52450 - "POST /v1/completions HTTP/1.1" 200 OK
(APIServer pid=276364) INFO:     127.0.0.1:52452 - "POST /v1/completions HTTP/1.1" 200 OK
(APIServer pid=276364) INFO:     127.0.0.1:52460 - "POST /v1/completions HTTP/1.1" 200 OK
(APIServer pid=276364) INFO:     127.0.0.1:52476 - "POST /v1/completions HTTP/1.1" 200 OK
(APIServer pid=276364) INFO:     127.0.0.1:52498 - "POST /v1/completions HTTP/1.1" 200 OK
(APIServer pid=276364) INFO:     127.0.0.1:52492 - "POST /v1/completions HTTP/1.1" 200 OK
(APIServer pid=276364) INFO:     127.0.0.1:52514 - "POST /v1/completions HTTP/1.1" 200 OK
(APIServer pid=276364) INFO:     127.0.0.1:52520 - "POST /v1/completions HTTP/1.1" 200 OK
(APIServer pid=276364) INFO:     127.0.0.1:52536 - "POST /v1/completions HTTP/1.1" 200 OK
(APIServer pid=276364) INFO:     127.0.0.1:52550 - "POST /v1/completions HTTP/1.1" 200 OK
(APIServer pid=276364) INFO:     127.0.0.1:52566 - "POST /v1/completions HTTP/1.1" 200 OK
(APIServer pid=276364) INFO:     127.0.0.1:52582 - "POST /v1/completions HTTP/1.1" 200 OK
(APIServer pid=276364) INFO:     127.0.0.1:52596 - "POST /v1/completions HTTP/1.1" 200 OK
(APIServer pid=276364) INFO:     127.0.0.1:52586 - "POST /v1/completions HTTP/1.1" 200 OK
(APIServer pid=276364) INFO:     127.0.0.1:52620 - "POST /v1/completions HTTP/1.1" 200 OK
(APIServer pid=276364) INFO:     127.0.0.1:52604 - "POST /v1/completions HTTP/1.1" 200 OK
(APIServer pid=276364) INFO:     127.0.0.1:52624 - "POST /v1/completions HTTP/1.1" 200 OK
(APIServer pid=276364) INFO:     127.0.0.1:52640 - "POST /v1/completions HTTP/1.1" 200 OK
(APIServer pid=276364) INFO:     127.0.0.1:52652 - "POST /v1/completions HTTP/1.1" 200 OK
(APIServer pid=276364) INFO:     127.0.0.1:52656 - "POST /v1/completions HTTP/1.1" 200 OK
(APIServer pid=276364) INFO:     127.0.0.1:52670 - "POST /v1/completions HTTP/1.1" 200 OK
(APIServer pid=276364) INFO:     127.0.0.1:52680 - "POST /v1/completions HTTP/1.1" 200 OK
(APIServer pid=276364) INFO:     127.0.0.1:52686 - "POST /v1/completions HTTP/1.1" 200 OK
(APIServer pid=276364) INFO:     127.0.0.1:52690 - "POST /v1/completions HTTP/1.1" 200 OK
(APIServer pid=276364) INFO:     127.0.0.1:52704 - "POST /v1/completions HTTP/1.1" 200 OK
(APIServer pid=276364) INFO:     127.0.0.1:52702 - "POST /v1/completions HTTP/1.1" 200 OK
(APIServer pid=276364) INFO:     127.0.0.1:52720 - "POST /v1/completions HTTP/1.1" 200 OK
(APIServer pid=276364) INFO:     127.0.0.1:52716 - "POST /v1/completions HTTP/1.1" 200 OK
(APIServer pid=276364) INFO:     127.0.0.1:52730 - "POST /v1/completions HTTP/1.1" 200 OK
(APIServer pid=276364) INFO:     127.0.0.1:52732 - "POST /v1/completions HTTP/1.1" 200 OK
(APIServer pid=276364) INFO:     127.0.0.1:52752 - "POST /v1/completions HTTP/1.1" 200 OK
(APIServer pid=276364) INFO:     127.0.0.1:52748 - "POST /v1/completions HTTP/1.1" 200 OK
(APIServer pid=276364) INFO:     127.0.0.1:52758 - "POST /v1/completions HTTP/1.1" 200 OK
(APIServer pid=276364) INFO:     127.0.0.1:52760 - "POST /v1/completions HTTP/1.1" 200 OK
(APIServer pid=276364) INFO:     127.0.0.1:52786 - "POST /v1/completions HTTP/1.1" 200 OK
(APIServer pid=276364) INFO:     127.0.0.1:52766 - "POST /v1/completions HTTP/1.1" 200 OK
(APIServer pid=276364) INFO:     127.0.0.1:52780 - "POST /v1/completions HTTP/1.1" 200 OK
(APIServer pid=276364) INFO:     127.0.0.1:52796 - "POST /v1/completions HTTP/1.1" 200 OK
(APIServer pid=276364) INFO:     127.0.0.1:52812 - "POST /v1/completions HTTP/1.1" 200 OK
(APIServer pid=276364) INFO:     127.0.0.1:52826 - "POST /v1/completions HTTP/1.1" 200 OK
(APIServer pid=276364) INFO:     127.0.0.1:52842 - "POST /v1/completions HTTP/1.1" 200 OK
(APIServer pid=276364) INFO:     127.0.0.1:52850 - "POST /v1/completions HTTP/1.1" 200 OK
(APIServer pid=276364) INFO:     127.0.0.1:52862 - "POST /v1/completions HTTP/1.1" 200 OK
(APIServer pid=276364) INFO:     127.0.0.1:52876 - "POST /v1/completions HTTP/1.1" 200 OK
(APIServer pid=276364) INFO:     127.0.0.1:52874 - "POST /v1/completions HTTP/1.1" 200 OK
(APIServer pid=276364) INFO:     127.0.0.1:52884 - "POST /v1/completions HTTP/1.1" 200 OK
(APIServer pid=276364) INFO:     127.0.0.1:52888 - "POST /v1/completions HTTP/1.1" 200 OK
(APIServer pid=276364) INFO:     127.0.0.1:52904 - "POST /v1/completions HTTP/1.1" 200 OK
(APIServer pid=276364) INFO:     127.0.0.1:52918 - "POST /v1/completions HTTP/1.1" 200 OK
(APIServer pid=276364) INFO:     127.0.0.1:52932 - "POST /v1/completions HTTP/1.1" 200 OK
(APIServer pid=276364) INFO:     127.0.0.1:52924 - "POST /v1/completions HTTP/1.1" 200 OK
(APIServer pid=276364) INFO:     127.0.0.1:52940 - "POST /v1/completions HTTP/1.1" 200 OK
(APIServer pid=276364) INFO:     127.0.0.1:52948 - "POST /v1/completions HTTP/1.1" 200 OK
(APIServer pid=276364) INFO:     127.0.0.1:52966 - "POST /v1/completions HTTP/1.1" 200 OK
(APIServer pid=276364) INFO:     127.0.0.1:52956 - "POST /v1/completions HTTP/1.1" 200 OK
(APIServer pid=276364) INFO:     127.0.0.1:52970 - "POST /v1/completions HTTP/1.1" 200 OK
(APIServer pid=276364) INFO:     127.0.0.1:52974 - "POST /v1/completions HTTP/1.1" 200 OK
(APIServer pid=276364) INFO:     127.0.0.1:53002 - "POST /v1/completions HTTP/1.1" 200 OK
(APIServer pid=276364) INFO:     127.0.0.1:52990 - "POST /v1/completions HTTP/1.1" 200 OK
(APIServer pid=276364) INFO:     127.0.0.1:53012 - "POST /v1/completions HTTP/1.1" 200 OK
(APIServer pid=276364) INFO:     127.0.0.1:53016 - "POST /v1/completions HTTP/1.1" 200 OK
(APIServer pid=276364) INFO:     127.0.0.1:53040 - "POST /v1/completions HTTP/1.1" 200 OK
(APIServer pid=276364) INFO:     127.0.0.1:53030 - "POST /v1/completions HTTP/1.1" 200 OK
(APIServer pid=276364) INFO:     127.0.0.1:53068 - "POST /v1/completions HTTP/1.1" 200 OK
(APIServer pid=276364) INFO:     127.0.0.1:53054 - "POST /v1/completions HTTP/1.1" 200 OK
(APIServer pid=276364) INFO:     127.0.0.1:53092 - "POST /v1/completions HTTP/1.1" 200 OK
(APIServer pid=276364) INFO:     127.0.0.1:53080 - "POST /v1/completions HTTP/1.1" 200 OK
(APIServer pid=276364) INFO 07-09 13:38:54 [loggers.py:271] Engine 000: Avg prompt throughput: 35533.1 tokens/s, Avg generation throughput: 2899.2 tokens/s, Running: 198 reqs, Waiting: 0 reqs, GPU KV cache usage: 22.3%, Prefix cache hit rate: 16.5%
(APIServer pid=276364) INFO:     127.0.0.1:50774 - "GET /metrics HTTP/1.1" 200 OK
(EngineCore pid=277315) INFO 07-09 13:38:56 [core.py:1266] Shutdown initiated (timeout=0)
(EngineCore pid=277315) INFO 07-09 13:38:56 [core.py:1289] Shutdown complete
(Worker_TP0 pid=277689) INFO 07-09 13:38:56 [multiproc_executor.py:775] Parent process exited, terminating worker queues
(Worker_TP1 pid=277690) INFO 07-09 13:38:56 [multiproc_executor.py:872] WorkerProc shutting down.
(Worker_TP3 pid=277692) INFO 07-09 13:38:56 [multiproc_executor.py:872] WorkerProc shutting down.
(Worker_TP0 pid=277689) INFO 07-09 13:38:56 [multiproc_executor.py:872] WorkerProc shutting down.
(Worker_TP2 pid=277691) INFO 07-09 13:38:56 [multiproc_executor.py:872] WorkerProc shutting down.
(Worker_TP4 pid=277693) INFO 07-09 13:38:56 [multiproc_executor.py:872] WorkerProc shutting down.
(Worker_TP5 pid=277694) INFO 07-09 13:38:56 [multiproc_executor.py:872] WorkerProc shutting down.
(Worker_TP7 pid=277696) INFO 07-09 13:38:56 [multiproc_executor.py:872] WorkerProc shutting down.
(Worker_TP6 pid=277695) INFO 07-09 13:38:56 [multiproc_executor.py:872] WorkerProc shutting down.
(APIServer pid=276364) INFO 07-09 13:38:56 [launcher.py:137] Shutting down FastAPI HTTP server.
(APIServer pid=276364) INFO:     Shutting down
(APIServer pid=276364) INFO:     Waiting for application shutdown.
(APIServer pid=276364) INFO:     Application shutdown complete.
/usr/lib/python3.12/multiprocessing/resource_tracker.py:254: UserWarning: resource_tracker: There appear to be 8 leaked semaphore objects to clean up at shutdown
  warnings.warn('resource_tracker: There appear to be %d '
/usr/lib/python3.12/multiprocessing/resource_tracker.py:254: UserWarning: resource_tracker: There appear to be 10 leaked shared_memory objects to clean up at shutdown
  warnings.warn('resource_tracker: There appear to be %d '
