Starting custom TP server: model=Qwen/Qwen2.5-32B-Instruct tp=8 port=8000
[E709 13:21:59.046046087 shim_common.cpp:1458] Exception in aoti_torch: Tried to register an operator (_C::persistent_masked_m_silu_mul_quant(Tensor input, Tensor counts, Tensor($0! -> ) y_q, Tensor($1! -> ) y_s, bool use_ue8m0) -> ()) with the same name and overload name multiple times. Each overload's schema should only be registered with a single call to def(). Duplicate registration: registered at /workspace/csrc/libtorch_stable/torch_bindings.cpp:10. Original registration: registered at /workspace/csrc/torch_bindings.cpp:21
Exception raised from registerDef at /pytorch/aten/src/ATen/core/dispatch/Dispatcher.cpp:248 (most recent call first):
frame #0: c10::Error::Error(c10::SourceLocation, std::__cxx11::basic_string<char, std::char_traits<char>, std::allocator<char> >) + 0x9d (0x7ffff6d7205d in /workspace/vllm/.venv/lib/python3.12/site-packages/torch/lib/libc10.so)
frame #1: c10::detail::torchCheckFail(char const*, char const*, unsigned int, std::__cxx11::basic_string<char, std::char_traits<char>, std::allocator<char> > const&) + 0xc3 (0x7ffff6d066fd in /workspace/vllm/.venv/lib/python3.12/site-packages/torch/lib/libc10.so)
frame #2: c10::Dispatcher::registerDef(c10::FunctionSchema, std::__cxx11::basic_string<char, std::char_traits<char>, std::allocator<char> >, std::vector<at::Tag, std::allocator<at::Tag> >) + 0x35e (0x7fff0e8811fe in /workspace/vllm/.venv/lib/python3.12/site-packages/torch/lib/libtorch_cpu.so)
frame #3: torch::Library::_def(c10::FunctionSchema&&, c10::OperatorName*, std::vector<at::Tag, std::allocator<at::Tag> > const&, torch::_RegisterOrVerify) & + 0x514 (0x7fff0e8c2254 in /workspace/vllm/.venv/lib/python3.12/site-packages/torch/lib/libtorch_cpu.so)
frame #4: aoti_torch_library_def + 0x99 (0x7fff12ad45b9 in /workspace/vllm/.venv/lib/python3.12/site-packages/torch/lib/libtorch_cpu.so)
frame #5: <unknown function> + 0x2bdaf1 (0x7ffded2beaf1 in /workspace/vllm/vllm/_C_stable_libtorch.abi3.so)
frame #6: <unknown function> + 0x2bf0ce (0x7ffded2c00ce in /workspace/vllm/vllm/_C_stable_libtorch.abi3.so)
frame #7: <unknown function> + 0x279d92 (0x7ffded27ad92 in /workspace/vllm/vllm/_C_stable_libtorch.abi3.so)
frame #8: <unknown function> + 0x571f (0x7ffff7fca71f in /lib64/ld-linux-x86-64.so.2)
frame #9: <unknown function> + 0x5824 (0x7ffff7fca824 in /lib64/ld-linux-x86-64.so.2)
frame #10: _dl_catch_exception + 0x132 (0x7ffff7fc65b2 in /lib64/ld-linux-x86-64.so.2)
frame #11: <unknown function> + 0xcd7c (0x7ffff7fd1d7c in /lib64/ld-linux-x86-64.so.2)
frame #12: _dl_catch_exception + 0x9c (0x7ffff7fc651c in /lib64/ld-linux-x86-64.so.2)
frame #13: <unknown function> + 0xd164 (0x7ffff7fd2164 in /lib64/ld-linux-x86-64.so.2)
frame #14: <unknown function> + 0x981a4 (0x7ffff7d0c1a4 in /usr/lib/x86_64-linux-gnu/libc.so.6)
frame #15: _dl_catch_exception + 0x9c (0x7ffff7fc651c in /lib64/ld-linux-x86-64.so.2)
frame #16: <unknown function> + 0x1669 (0x7ffff7fc6669 in /lib64/ld-linux-x86-64.so.2)
frame #17: <unknown function> + 0x97c83 (0x7ffff7d0bc83 in /usr/lib/x86_64-linux-gnu/libc.so.6)
frame #18: dlopen + 0x6f (0x7ffff7d0c25f in /usr/lib/x86_64-linux-gnu/libc.so.6)
frame #19: /workspace/vllm/.venv/bin/python() [0x6bc36c]
frame #20: /workspace/vllm/.venv/bin/python() [0x6a946a]
frame #21: /workspace/vllm/.venv/bin/python() [0x6a8bf2]
frame #22: /workspace/vllm/.venv/bin/python() [0x581f37]
frame #23: _PyEval_EvalFrameDefault + 0x4c3a (0x5db0ba in /workspace/vllm/.venv/bin/python)
frame #24: /workspace/vllm/.venv/bin/python() [0x549d47]
frame #25: PyObject_CallMethodObjArgs + 0xe3 (0x54b5c3 in /workspace/vllm/.venv/bin/python)
frame #26: PyImport_ImportModuleLevelObject + 0x395 (0x5fd805 in /workspace/vllm/.venv/bin/python)
frame #27: _PyEval_EvalFrameDefault + 0x5eee (0x5dc36e in /workspace/vllm/.venv/bin/python)
frame #28: PyEval_EvalCode + 0x15b (0x5d543b in /workspace/vllm/.venv/bin/python)
frame #29: /workspace/vllm/.venv/bin/python() [0x5d322c]
frame #30: /workspace/vllm/.venv/bin/python() [0x581d1d]
frame #31: _PyEval_EvalFrameDefault + 0x4c3a (0x5db0ba in /workspace/vllm/.venv/bin/python)
frame #32: PyObject_CallOneArg + 0x4d (0x54a65d in /workspace/vllm/.venv/bin/python)
frame #33: /workspace/vllm/.venv/bin/python() [0x582e84]
frame #34: _PyObject_LookupAttr + 0x7a (0x584bea in /workspace/vllm/.venv/bin/python)
frame #35: /workspace/vllm/.venv/bin/python() [0x5d2b8a]
frame #36: _PyEval_EvalFrameDefault + 0x207d (0x5d84fd in /workspace/vllm/.venv/bin/python)
frame #37: /workspace/vllm/.venv/bin/python() [0x549d47]
frame #38: PyObject_CallMethodObjArgs + 0xe3 (0x54b5c3 in /workspace/vllm/.venv/bin/python)
frame #39: PyImport_ImportModuleLevelObject + 0x5eb (0x5fda5b in /workspace/vllm/.venv/bin/python)
frame #40: _PyEval_EvalFrameDefault + 0x5eee (0x5dc36e in /workspace/vllm/.venv/bin/python)
frame #41: PyEval_EvalCode + 0x15b (0x5d543b in /workspace/vllm/.venv/bin/python)
frame #42: /workspace/vllm/.venv/bin/python() [0x5d322c]
frame #43: /workspace/vllm/.venv/bin/python() [0x581d1d]
frame #44: _PyEval_EvalFrameDefault + 0x4c3a (0x5db0ba in /workspace/vllm/.venv/bin/python)
frame #45: /workspace/vllm/.venv/bin/python() [0x549d47]
frame #46: PyObject_CallMethodObjArgs + 0xe3 (0x54b5c3 in /workspace/vllm/.venv/bin/python)
frame #47: PyImport_ImportModuleLevelObject + 0x395 (0x5fd805 in /workspace/vllm/.venv/bin/python)
frame #48: _PyEval_EvalFrameDefault + 0x5eee (0x5dc36e in /workspace/vllm/.venv/bin/python)
frame #49: PyEval_EvalCode + 0x15b (0x5d543b in /workspace/vllm/.venv/bin/python)
frame #50: /workspace/vllm/.venv/bin/python() [0x5d322c]
frame #51: /workspace/vllm/.venv/bin/python() [0x581d1d]
frame #52: _PyEval_EvalFrameDefault + 0x4c3a (0x5db0ba in /workspace/vllm/.venv/bin/python)
frame #53: /workspace/vllm/.venv/bin/python() [0x549d47]
frame #54: PyObject_CallMethodObjArgs + 0xe3 (0x54b5c3 in /workspace/vllm/.venv/bin/python)
frame #55: PyImport_ImportModuleLevelObject + 0x395 (0x5fd805 in /workspace/vllm/.venv/bin/python)
frame #56: _PyEval_EvalFrameDefault + 0x5eee (0x5dc36e in /workspace/vllm/.venv/bin/python)
frame #57: PyEval_EvalCode + 0x15b (0x5d543b in /workspace/vllm/.venv/bin/python)
frame #58: /workspace/vllm/.venv/bin/python() [0x5d322c]
frame #59: /workspace/vllm/.venv/bin/python() [0x581d1d]
frame #60: _PyEval_EvalFrameDefault + 0x4c3a (0x5db0ba in /workspace/vllm/.venv/bin/python)
frame #61: /workspace/vllm/.venv/bin/python() [0x549d47]
frame #62: PyObject_CallMethodObjArgs + 0xe3 (0x54b5c3 in /workspace/vllm/.venv/bin/python)

[E709 13:21:59.048179341 shim_common.cpp:1458] Exception in aoti_torch: Tried to register an operator (_C::weak_ref_tensor(Tensor input) -> Tensor) with the same name and overload name multiple times. Each overload's schema should only be registered with a single call to def(). Duplicate registration: registered at /workspace/csrc/libtorch_stable/torch_bindings.cpp:10. Original registration: registered at /workspace/csrc/torch_bindings.cpp:21
Exception raised from registerDef at /pytorch/aten/src/ATen/core/dispatch/Dispatcher.cpp:248 (most recent call first):
frame #0: c10::Error::Error(c10::SourceLocation, std::__cxx11::basic_string<char, std::char_traits<char>, std::allocator<char> >) + 0x9d (0x7ffff6d7205d in /workspace/vllm/.venv/lib/python3.12/site-packages/torch/lib/libc10.so)
frame #1: c10::detail::torchCheckFail(char const*, char const*, unsigned int, std::__cxx11::basic_string<char, std::char_traits<char>, std::allocator<char> > const&) + 0xc3 (0x7ffff6d066fd in /workspace/vllm/.venv/lib/python3.12/site-packages/torch/lib/libc10.so)
frame #2: c10::Dispatcher::registerDef(c10::FunctionSchema, std::__cxx11::basic_string<char, std::char_traits<char>, std::allocator<char> >, std::vector<at::Tag, std::allocator<at::Tag> >) + 0x35e (0x7fff0e8811fe in /workspace/vllm/.venv/lib/python3.12/site-packages/torch/lib/libtorch_cpu.so)
frame #3: torch::Library::_def(c10::FunctionSchema&&, c10::OperatorName*, std::vector<at::Tag, std::allocator<at::Tag> > const&, torch::_RegisterOrVerify) & + 0x514 (0x7fff0e8c2254 in /workspace/vllm/.venv/lib/python3.12/site-packages/torch/lib/libtorch_cpu.so)
frame #4: aoti_torch_library_def + 0x99 (0x7fff12ad45b9 in /workspace/vllm/.venv/lib/python3.12/site-packages/torch/lib/libtorch_cpu.so)
frame #5: <unknown function> + 0x2bdb00 (0x7ffded2beb00 in /workspace/vllm/vllm/_C_stable_libtorch.abi3.so)
frame #6: <unknown function> + 0x2bf0ce (0x7ffded2c00ce in /workspace/vllm/vllm/_C_stable_libtorch.abi3.so)
frame #7: <unknown function> + 0x279d92 (0x7ffded27ad92 in /workspace/vllm/vllm/_C_stable_libtorch.abi3.so)
frame #8: <unknown function> + 0x571f (0x7ffff7fca71f in /lib64/ld-linux-x86-64.so.2)
frame #9: <unknown function> + 0x5824 (0x7ffff7fca824 in /lib64/ld-linux-x86-64.so.2)
frame #10: _dl_catch_exception + 0x132 (0x7ffff7fc65b2 in /lib64/ld-linux-x86-64.so.2)
frame #11: <unknown function> + 0xcd7c (0x7ffff7fd1d7c in /lib64/ld-linux-x86-64.so.2)
frame #12: _dl_catch_exception + 0x9c (0x7ffff7fc651c in /lib64/ld-linux-x86-64.so.2)
frame #13: <unknown function> + 0xd164 (0x7ffff7fd2164 in /lib64/ld-linux-x86-64.so.2)
frame #14: <unknown function> + 0x981a4 (0x7ffff7d0c1a4 in /usr/lib/x86_64-linux-gnu/libc.so.6)
frame #15: _dl_catch_exception + 0x9c (0x7ffff7fc651c in /lib64/ld-linux-x86-64.so.2)
frame #16: <unknown function> + 0x1669 (0x7ffff7fc6669 in /lib64/ld-linux-x86-64.so.2)
frame #17: <unknown function> + 0x97c83 (0x7ffff7d0bc83 in /usr/lib/x86_64-linux-gnu/libc.so.6)
frame #18: dlopen + 0x6f (0x7ffff7d0c25f in /usr/lib/x86_64-linux-gnu/libc.so.6)
frame #19: /workspace/vllm/.venv/bin/python() [0x6bc36c]
frame #20: /workspace/vllm/.venv/bin/python() [0x6a946a]
frame #21: /workspace/vllm/.venv/bin/python() [0x6a8bf2]
frame #22: /workspace/vllm/.venv/bin/python() [0x581f37]
frame #23: _PyEval_EvalFrameDefault + 0x4c3a (0x5db0ba in /workspace/vllm/.venv/bin/python)
frame #24: /workspace/vllm/.venv/bin/python() [0x549d47]
frame #25: PyObject_CallMethodObjArgs + 0xe3 (0x54b5c3 in /workspace/vllm/.venv/bin/python)
frame #26: PyImport_ImportModuleLevelObject + 0x395 (0x5fd805 in /workspace/vllm/.venv/bin/python)
frame #27: _PyEval_EvalFrameDefault + 0x5eee (0x5dc36e in /workspace/vllm/.venv/bin/python)
frame #28: PyEval_EvalCode + 0x15b (0x5d543b in /workspace/vllm/.venv/bin/python)
frame #29: /workspace/vllm/.venv/bin/python() [0x5d322c]
frame #30: /workspace/vllm/.venv/bin/python() [0x581d1d]
frame #31: _PyEval_EvalFrameDefault + 0x4c3a (0x5db0ba in /workspace/vllm/.venv/bin/python)
frame #32: PyObject_CallOneArg + 0x4d (0x54a65d in /workspace/vllm/.venv/bin/python)
frame #33: /workspace/vllm/.venv/bin/python() [0x582e84]
frame #34: _PyObject_LookupAttr + 0x7a (0x584bea in /workspace/vllm/.venv/bin/python)
frame #35: /workspace/vllm/.venv/bin/python() [0x5d2b8a]
frame #36: _PyEval_EvalFrameDefault + 0x207d (0x5d84fd in /workspace/vllm/.venv/bin/python)
frame #37: /workspace/vllm/.venv/bin/python() [0x549d47]
frame #38: PyObject_CallMethodObjArgs + 0xe3 (0x54b5c3 in /workspace/vllm/.venv/bin/python)
frame #39: PyImport_ImportModuleLevelObject + 0x5eb (0x5fda5b in /workspace/vllm/.venv/bin/python)
frame #40: _PyEval_EvalFrameDefault + 0x5eee (0x5dc36e in /workspace/vllm/.venv/bin/python)
frame #41: PyEval_EvalCode + 0x15b (0x5d543b in /workspace/vllm/.venv/bin/python)
frame #42: /workspace/vllm/.venv/bin/python() [0x5d322c]
frame #43: /workspace/vllm/.venv/bin/python() [0x581d1d]
frame #44: _PyEval_EvalFrameDefault + 0x4c3a (0x5db0ba in /workspace/vllm/.venv/bin/python)
frame #45: /workspace/vllm/.venv/bin/python() [0x549d47]
frame #46: PyObject_CallMethodObjArgs + 0xe3 (0x54b5c3 in /workspace/vllm/.venv/bin/python)
frame #47: PyImport_ImportModuleLevelObject + 0x395 (0x5fd805 in /workspace/vllm/.venv/bin/python)
frame #48: _PyEval_EvalFrameDefault + 0x5eee (0x5dc36e in /workspace/vllm/.venv/bin/python)
frame #49: PyEval_EvalCode + 0x15b (0x5d543b in /workspace/vllm/.venv/bin/python)
frame #50: /workspace/vllm/.venv/bin/python() [0x5d322c]
frame #51: /workspace/vllm/.venv/bin/python() [0x581d1d]
frame #52: _PyEval_EvalFrameDefault + 0x4c3a (0x5db0ba in /workspace/vllm/.venv/bin/python)
frame #53: /workspace/vllm/.venv/bin/python() [0x549d47]
frame #54: PyObject_CallMethodObjArgs + 0xe3 (0x54b5c3 in /workspace/vllm/.venv/bin/python)
frame #55: PyImport_ImportModuleLevelObject + 0x395 (0x5fd805 in /workspace/vllm/.venv/bin/python)
frame #56: _PyEval_EvalFrameDefault + 0x5eee (0x5dc36e in /workspace/vllm/.venv/bin/python)
frame #57: PyEval_EvalCode + 0x15b (0x5d543b in /workspace/vllm/.venv/bin/python)
frame #58: /workspace/vllm/.venv/bin/python() [0x5d322c]
frame #59: /workspace/vllm/.venv/bin/python() [0x581d1d]
frame #60: _PyEval_EvalFrameDefault + 0x4c3a (0x5db0ba in /workspace/vllm/.venv/bin/python)
frame #61: /workspace/vllm/.venv/bin/python() [0x549d47]
frame #62: PyObject_CallMethodObjArgs + 0xe3 (0x54b5c3 in /workspace/vllm/.venv/bin/python)

[E709 13:21:59.050158621 shim_common.cpp:1458] Exception in aoti_torch: Tried to register an operator (_C::silu_and_mul_quant(Tensor($0! -> ) result, Tensor input, Tensor scale) -> ()) with the same name and overload name multiple times. Each overload's schema should only be registered with a single call to def(). Duplicate registration: registered at /workspace/csrc/libtorch_stable/torch_bindings.cpp:10. Original registration: registered at /workspace/csrc/torch_bindings.cpp:21
Exception raised from registerDef at /pytorch/aten/src/ATen/core/dispatch/Dispatcher.cpp:248 (most recent call first):
frame #0: c10::Error::Error(c10::SourceLocation, std::__cxx11::basic_string<char, std::char_traits<char>, std::allocator<char> >) + 0x9d (0x7ffff6d7205d in /workspace/vllm/.venv/lib/python3.12/site-packages/torch/lib/libc10.so)
frame #1: c10::detail::torchCheckFail(char const*, char const*, unsigned int, std::__cxx11::basic_string<char, std::char_traits<char>, std::allocator<char> > const&) + 0xc3 (0x7ffff6d066fd in /workspace/vllm/.venv/lib/python3.12/site-packages/torch/lib/libc10.so)
frame #2: c10::Dispatcher::registerDef(c10::FunctionSchema, std::__cxx11::basic_string<char, std::char_traits<char>, std::allocator<char> >, std::vector<at::Tag, std::allocator<at::Tag> >) + 0x35e (0x7fff0e8811fe in /workspace/vllm/.venv/lib/python3.12/site-packages/torch/lib/libtorch_cpu.so)
frame #3: torch::Library::_def(c10::FunctionSchema&&, c10::OperatorName*, std::vector<at::Tag, std::allocator<at::Tag> > const&, torch::_RegisterOrVerify) & + 0x514 (0x7fff0e8c2254 in /workspace/vllm/.venv/lib/python3.12/site-packages/torch/lib/libtorch_cpu.so)
frame #4: aoti_torch_library_def + 0x99 (0x7fff12ad45b9 in /workspace/vllm/.venv/lib/python3.12/site-packages/torch/lib/libtorch_cpu.so)
frame #5: <unknown function> + 0x2bdb3c (0x7ffded2beb3c in /workspace/vllm/vllm/_C_stable_libtorch.abi3.so)
frame #6: <unknown function> + 0x2bf0ce (0x7ffded2c00ce in /workspace/vllm/vllm/_C_stable_libtorch.abi3.so)
frame #7: <unknown function> + 0x279d92 (0x7ffded27ad92 in /workspace/vllm/vllm/_C_stable_libtorch.abi3.so)
frame #8: <unknown function> + 0x571f (0x7ffff7fca71f in /lib64/ld-linux-x86-64.so.2)
frame #9: <unknown function> + 0x5824 (0x7ffff7fca824 in /lib64/ld-linux-x86-64.so.2)
frame #10: _dl_catch_exception + 0x132 (0x7ffff7fc65b2 in /lib64/ld-linux-x86-64.so.2)
frame #11: <unknown function> + 0xcd7c (0x7ffff7fd1d7c in /lib64/ld-linux-x86-64.so.2)
frame #12: _dl_catch_exception + 0x9c (0x7ffff7fc651c in /lib64/ld-linux-x86-64.so.2)
frame #13: <unknown function> + 0xd164 (0x7ffff7fd2164 in /lib64/ld-linux-x86-64.so.2)
frame #14: <unknown function> + 0x981a4 (0x7ffff7d0c1a4 in /usr/lib/x86_64-linux-gnu/libc.so.6)
frame #15: _dl_catch_exception + 0x9c (0x7ffff7fc651c in /lib64/ld-linux-x86-64.so.2)
frame #16: <unknown function> + 0x1669 (0x7ffff7fc6669 in /lib64/ld-linux-x86-64.so.2)
frame #17: <unknown function> + 0x97c83 (0x7ffff7d0bc83 in /usr/lib/x86_64-linux-gnu/libc.so.6)
frame #18: dlopen + 0x6f (0x7ffff7d0c25f in /usr/lib/x86_64-linux-gnu/libc.so.6)
frame #19: /workspace/vllm/.venv/bin/python() [0x6bc36c]
frame #20: /workspace/vllm/.venv/bin/python() [0x6a946a]
frame #21: /workspace/vllm/.venv/bin/python() [0x6a8bf2]
frame #22: /workspace/vllm/.venv/bin/python() [0x581f37]
frame #23: _PyEval_EvalFrameDefault + 0x4c3a (0x5db0ba in /workspace/vllm/.venv/bin/python)
frame #24: /workspace/vllm/.venv/bin/python() [0x549d47]
frame #25: PyObject_CallMethodObjArgs + 0xe3 (0x54b5c3 in /workspace/vllm/.venv/bin/python)
frame #26: PyImport_ImportModuleLevelObject + 0x395 (0x5fd805 in /workspace/vllm/.venv/bin/python)
frame #27: _PyEval_EvalFrameDefault + 0x5eee (0x5dc36e in /workspace/vllm/.venv/bin/python)
frame #28: PyEval_EvalCode + 0x15b (0x5d543b in /workspace/vllm/.venv/bin/python)
frame #29: /workspace/vllm/.venv/bin/python() [0x5d322c]
frame #30: /workspace/vllm/.venv/bin/python() [0x581d1d]
frame #31: _PyEval_EvalFrameDefault + 0x4c3a (0x5db0ba in /workspace/vllm/.venv/bin/python)
frame #32: PyObject_CallOneArg + 0x4d (0x54a65d in /workspace/vllm/.venv/bin/python)
frame #33: /workspace/vllm/.venv/bin/python() [0x582e84]
frame #34: _PyObject_LookupAttr + 0x7a (0x584bea in /workspace/vllm/.venv/bin/python)
frame #35: /workspace/vllm/.venv/bin/python() [0x5d2b8a]
frame #36: _PyEval_EvalFrameDefault + 0x207d (0x5d84fd in /workspace/vllm/.venv/bin/python)
frame #37: /workspace/vllm/.venv/bin/python() [0x549d47]
frame #38: PyObject_CallMethodObjArgs + 0xe3 (0x54b5c3 in /workspace/vllm/.venv/bin/python)
frame #39: PyImport_ImportModuleLevelObject + 0x5eb (0x5fda5b in /workspace/vllm/.venv/bin/python)
frame #40: _PyEval_EvalFrameDefault + 0x5eee (0x5dc36e in /workspace/vllm/.venv/bin/python)
frame #41: PyEval_EvalCode + 0x15b (0x5d543b in /workspace/vllm/.venv/bin/python)
frame #42: /workspace/vllm/.venv/bin/python() [0x5d322c]
frame #43: /workspace/vllm/.venv/bin/python() [0x581d1d]
frame #44: _PyEval_EvalFrameDefault + 0x4c3a (0x5db0ba in /workspace/vllm/.venv/bin/python)
frame #45: /workspace/vllm/.venv/bin/python() [0x549d47]
frame #46: PyObject_CallMethodObjArgs + 0xe3 (0x54b5c3 in /workspace/vllm/.venv/bin/python)
frame #47: PyImport_ImportModuleLevelObject + 0x395 (0x5fd805 in /workspace/vllm/.venv/bin/python)
frame #48: _PyEval_EvalFrameDefault + 0x5eee (0x5dc36e in /workspace/vllm/.venv/bin/python)
frame #49: PyEval_EvalCode + 0x15b (0x5d543b in /workspace/vllm/.venv/bin/python)
frame #50: /workspace/vllm/.venv/bin/python() [0x5d322c]
frame #51: /workspace/vllm/.venv/bin/python() [0x581d1d]
frame #52: _PyEval_EvalFrameDefault + 0x4c3a (0x5db0ba in /workspace/vllm/.venv/bin/python)
frame #53: /workspace/vllm/.venv/bin/python() [0x549d47]
frame #54: PyObject_CallMethodObjArgs + 0xe3 (0x54b5c3 in /workspace/vllm/.venv/bin/python)
frame #55: PyImport_ImportModuleLevelObject + 0x395 (0x5fd805 in /workspace/vllm/.venv/bin/python)
frame #56: _PyEval_EvalFrameDefault + 0x5eee (0x5dc36e in /workspace/vllm/.venv/bin/python)
frame #57: PyEval_EvalCode + 0x15b (0x5d543b in /workspace/vllm/.venv/bin/python)
frame #58: /workspace/vllm/.venv/bin/python() [0x5d322c]
frame #59: /workspace/vllm/.venv/bin/python() [0x581d1d]
frame #60: _PyEval_EvalFrameDefault + 0x4c3a (0x5db0ba in /workspace/vllm/.venv/bin/python)
frame #61: /workspace/vllm/.venv/bin/python() [0x549d47]
frame #62: PyObject_CallMethodObjArgs + 0xe3 (0x54b5c3 in /workspace/vllm/.venv/bin/python)

[W709 13:21:59.052347919 OperatorEntry.cpp:208] Warning: Warning only once for all operators,  other operators may also be overridden.
  Overriding a previously registered kernel for the same operator and the same dispatch key
  operator: _C::persistent_masked_m_silu_mul_quant(Tensor input, Tensor counts, Tensor($0! -> ) y_q, Tensor($1! -> ) y_s, bool use_ue8m0) -> ()
    registered at /workspace/csrc/torch_bindings.cpp:21
  dispatch key: CUDA
  previous kernel: registered at /workspace/csrc/torch_bindings.cpp:21
       new kernel: registered at /workspace/csrc/libtorch_stable/torch_bindings.cpp:603 (function operator())
(APIServer pid=258451) INFO 07-09 13:22:04 [utils.py:344] 
(APIServer pid=258451) INFO 07-09 13:22:04 [utils.py:344]        █     █     █▄   ▄█
(APIServer pid=258451) INFO 07-09 13:22:04 [utils.py:344]  ▄▄ ▄█ █     █     █ ▀▄▀ █  version 0.22.1.dev9+g1098d337f
(APIServer pid=258451) INFO 07-09 13:22:04 [utils.py:344]   █▄█▀ █     █     █     █  model   Qwen/Qwen2.5-32B-Instruct
(APIServer pid=258451) INFO 07-09 13:22:04 [utils.py:344]    ▀▀  ▀▀▀▀▀ ▀▀▀▀▀ ▀     ▀
(APIServer pid=258451) INFO 07-09 13:22:04 [utils.py:344] 
(APIServer pid=258451) INFO 07-09 13:22:04 [utils.py:278] non-default args: {'model_tag': 'Qwen/Qwen2.5-32B-Instruct', 'host': '127.0.0.1', 'model': 'Qwen/Qwen2.5-32B-Instruct', 'dtype': 'bfloat16', 'max_model_len': 4096, 'tensor_parallel_size': 8, 'gpu_memory_utilization': 0.9, 'max_num_batched_tokens': 4096}
(APIServer pid=258451) WARNING 07-09 13:22:04 [system_utils.py:299] Found ulimit of 51200 and failed to automatically increase with error current limit exceeds maximum limit. This can cause fd limit errors like `OSError: [Errno 24] Too many open files`. Consider increasing with ulimit -n
(APIServer pid=258451) WARNING 07-09 13:22:04 [envs.py:2057] Unknown vLLM environment variable detected: VLLM_USE_FT_NCCL_COMMUNICATOR
(APIServer pid=258451) WARNING 07-09 13:22:04 [envs.py:2057] Unknown vLLM environment variable detected: VLLM_USE_FT_NCCL_TP
(APIServer pid=258451) Warning: You are sending unauthenticated requests to the HF Hub. Please set a HF_TOKEN to enable higher rate limits and faster downloads.
(APIServer pid=258451) INFO 07-09 13:22:05 [model.py:617] Resolved architecture: Qwen2ForCausalLM
(APIServer pid=258451) INFO 07-09 13:22:05 [model.py:1752] Using max model len 4096
(APIServer pid=258451) INFO 07-09 13:22:05 [scheduler.py:239] Chunked prefill is enabled with max_num_batched_tokens=4096.
(APIServer pid=258451) INFO 07-09 13:22:05 [vllm.py:977] Asynchronous scheduling is enabled.
(APIServer pid=258451) INFO 07-09 13:22:05 [kernel.py:270] Final IR op priority after setting platform defaults: IrOpPriorityConfig(rms_norm=['native'], fused_add_rms_norm=['native'])
(APIServer pid=258451) <frozen importlib._bootstrap_external>:1297: FutureWarning: The cuda.cudart module is deprecated and will be removed in a future release, please switch to use the cuda.bindings.runtime module instead.
(APIServer pid=258451) <frozen importlib._bootstrap_external>:1297: FutureWarning: The cuda.nvrtc module is deprecated and will be removed in a future release, please switch to use the cuda.bindings.nvrtc module instead.
(APIServer pid=258451) INFO 07-09 13:22:09 [compilation.py:312] Enabled custom fusions: allreduce_rms
[E709 13:22:15.349480994 shim_common.cpp:1458] Exception in aoti_torch: Tried to register an operator (_C::persistent_masked_m_silu_mul_quant(Tensor input, Tensor counts, Tensor($0! -> ) y_q, Tensor($1! -> ) y_s, bool use_ue8m0) -> ()) with the same name and overload name multiple times. Each overload's schema should only be registered with a single call to def(). Duplicate registration: registered at /workspace/csrc/libtorch_stable/torch_bindings.cpp:10. Original registration: registered at /workspace/csrc/torch_bindings.cpp:21
Exception raised from registerDef at /pytorch/aten/src/ATen/core/dispatch/Dispatcher.cpp:248 (most recent call first):
frame #0: c10::Error::Error(c10::SourceLocation, std::__cxx11::basic_string<char, std::char_traits<char>, std::allocator<char> >) + 0x9d (0x7ffff6b7205d in /workspace/vllm/.venv/lib/python3.12/site-packages/torch/lib/libc10.so)
frame #1: c10::detail::torchCheckFail(char const*, char const*, unsigned int, std::__cxx11::basic_string<char, std::char_traits<char>, std::allocator<char> > const&) + 0xc3 (0x7ffff6b066fd in /workspace/vllm/.venv/lib/python3.12/site-packages/torch/lib/libc10.so)
frame #2: c10::Dispatcher::registerDef(c10::FunctionSchema, std::__cxx11::basic_string<char, std::char_traits<char>, std::allocator<char> >, std::vector<at::Tag, std::allocator<at::Tag> >) + 0x35e (0x7fff0e6811fe in /workspace/vllm/.venv/lib/python3.12/site-packages/torch/lib/libtorch_cpu.so)
frame #3: torch::Library::_def(c10::FunctionSchema&&, c10::OperatorName*, std::vector<at::Tag, std::allocator<at::Tag> > const&, torch::_RegisterOrVerify) & + 0x514 (0x7fff0e6c2254 in /workspace/vllm/.venv/lib/python3.12/site-packages/torch/lib/libtorch_cpu.so)
frame #4: aoti_torch_library_def + 0x99 (0x7fff128d45b9 in /workspace/vllm/.venv/lib/python3.12/site-packages/torch/lib/libtorch_cpu.so)
frame #5: <unknown function> + 0x2bdaf1 (0x7ff8ec4beaf1 in /workspace/vllm/vllm/_C_stable_libtorch.abi3.so)
frame #6: <unknown function> + 0x2bf0ce (0x7ff8ec4c00ce in /workspace/vllm/vllm/_C_stable_libtorch.abi3.so)
frame #7: <unknown function> + 0x279d92 (0x7ff8ec47ad92 in /workspace/vllm/vllm/_C_stable_libtorch.abi3.so)
frame #8: <unknown function> + 0x571f (0x7ffff7fca71f in /lib64/ld-linux-x86-64.so.2)
frame #9: <unknown function> + 0x5824 (0x7ffff7fca824 in /lib64/ld-linux-x86-64.so.2)
frame #10: _dl_catch_exception + 0x132 (0x7ffff7fc65b2 in /lib64/ld-linux-x86-64.so.2)
frame #11: <unknown function> + 0xcd7c (0x7ffff7fd1d7c in /lib64/ld-linux-x86-64.so.2)
frame #12: _dl_catch_exception + 0x9c (0x7ffff7fc651c in /lib64/ld-linux-x86-64.so.2)
frame #13: <unknown function> + 0xd164 (0x7ffff7fd2164 in /lib64/ld-linux-x86-64.so.2)
frame #14: <unknown function> + 0x981a4 (0x7ffff7d0c1a4 in /usr/lib/x86_64-linux-gnu/libc.so.6)
frame #15: _dl_catch_exception + 0x9c (0x7ffff7fc651c in /lib64/ld-linux-x86-64.so.2)
frame #16: <unknown function> + 0x1669 (0x7ffff7fc6669 in /lib64/ld-linux-x86-64.so.2)
frame #17: <unknown function> + 0x97c83 (0x7ffff7d0bc83 in /usr/lib/x86_64-linux-gnu/libc.so.6)
frame #18: dlopen + 0x6f (0x7ffff7d0c25f in /usr/lib/x86_64-linux-gnu/libc.so.6)
frame #19: /workspace/vllm/.venv/bin/python() [0x6bc36c]
frame #20: /workspace/vllm/.venv/bin/python() [0x6a946a]
frame #21: /workspace/vllm/.venv/bin/python() [0x6a8bf2]
frame #22: /workspace/vllm/.venv/bin/python() [0x581f37]
frame #23: _PyEval_EvalFrameDefault + 0x4c3a (0x5db0ba in /workspace/vllm/.venv/bin/python)
frame #24: /workspace/vllm/.venv/bin/python() [0x549d47]
frame #25: PyObject_CallMethodObjArgs + 0xe3 (0x54b5c3 in /workspace/vllm/.venv/bin/python)
frame #26: PyImport_ImportModuleLevelObject + 0x395 (0x5fd805 in /workspace/vllm/.venv/bin/python)
frame #27: _PyEval_EvalFrameDefault + 0x5eee (0x5dc36e in /workspace/vllm/.venv/bin/python)
frame #28: PyEval_EvalCode + 0x15b (0x5d543b in /workspace/vllm/.venv/bin/python)
frame #29: /workspace/vllm/.venv/bin/python() [0x5d322c]
frame #30: /workspace/vllm/.venv/bin/python() [0x581d1d]
frame #31: _PyEval_EvalFrameDefault + 0x4c3a (0x5db0ba in /workspace/vllm/.venv/bin/python)
frame #32: PyObject_CallOneArg + 0x4d (0x54a65d in /workspace/vllm/.venv/bin/python)
frame #33: /workspace/vllm/.venv/bin/python() [0x582e84]
frame #34: _PyObject_LookupAttr + 0x7a (0x584bea in /workspace/vllm/.venv/bin/python)
frame #35: /workspace/vllm/.venv/bin/python() [0x5d2b8a]
frame #36: _PyEval_EvalFrameDefault + 0x207d (0x5d84fd in /workspace/vllm/.venv/bin/python)
frame #37: /workspace/vllm/.venv/bin/python() [0x549d47]
frame #38: PyObject_CallMethodObjArgs + 0xe3 (0x54b5c3 in /workspace/vllm/.venv/bin/python)
frame #39: PyImport_ImportModuleLevelObject + 0x5eb (0x5fda5b in /workspace/vllm/.venv/bin/python)
frame #40: _PyEval_EvalFrameDefault + 0x5eee (0x5dc36e in /workspace/vllm/.venv/bin/python)
frame #41: PyEval_EvalCode + 0x15b (0x5d543b in /workspace/vllm/.venv/bin/python)
frame #42: /workspace/vllm/.venv/bin/python() [0x5d322c]
frame #43: /workspace/vllm/.venv/bin/python() [0x581d1d]
frame #44: _PyEval_EvalFrameDefault + 0x4c3a (0x5db0ba in /workspace/vllm/.venv/bin/python)
frame #45: /workspace/vllm/.venv/bin/python() [0x549d47]
frame #46: PyObject_CallMethodObjArgs + 0xe3 (0x54b5c3 in /workspace/vllm/.venv/bin/python)
frame #47: PyImport_ImportModuleLevelObject + 0x395 (0x5fd805 in /workspace/vllm/.venv/bin/python)
frame #48: _PyEval_EvalFrameDefault + 0x5eee (0x5dc36e in /workspace/vllm/.venv/bin/python)
frame #49: PyEval_EvalCode + 0x15b (0x5d543b in /workspace/vllm/.venv/bin/python)
frame #50: /workspace/vllm/.venv/bin/python() [0x5d322c]
frame #51: /workspace/vllm/.venv/bin/python() [0x581d1d]
frame #52: _PyEval_EvalFrameDefault + 0x4c3a (0x5db0ba in /workspace/vllm/.venv/bin/python)
frame #53: /workspace/vllm/.venv/bin/python() [0x549d47]
frame #54: PyObject_CallMethodObjArgs + 0xe3 (0x54b5c3 in /workspace/vllm/.venv/bin/python)
frame #55: PyImport_ImportModuleLevelObject + 0x395 (0x5fd805 in /workspace/vllm/.venv/bin/python)
frame #56: _PyEval_EvalFrameDefault + 0x5eee (0x5dc36e in /workspace/vllm/.venv/bin/python)
frame #57: PyEval_EvalCode + 0x15b (0x5d543b in /workspace/vllm/.venv/bin/python)
frame #58: /workspace/vllm/.venv/bin/python() [0x5d322c]
frame #59: /workspace/vllm/.venv/bin/python() [0x581d1d]
frame #60: _PyEval_EvalFrameDefault + 0x4c3a (0x5db0ba in /workspace/vllm/.venv/bin/python)
frame #61: /workspace/vllm/.venv/bin/python() [0x549d47]
frame #62: PyObject_CallMethodObjArgs + 0xe3 (0x54b5c3 in /workspace/vllm/.venv/bin/python)

[E709 13:22:15.351597810 shim_common.cpp:1458] Exception in aoti_torch: Tried to register an operator (_C::weak_ref_tensor(Tensor input) -> Tensor) with the same name and overload name multiple times. Each overload's schema should only be registered with a single call to def(). Duplicate registration: registered at /workspace/csrc/libtorch_stable/torch_bindings.cpp:10. Original registration: registered at /workspace/csrc/torch_bindings.cpp:21
Exception raised from registerDef at /pytorch/aten/src/ATen/core/dispatch/Dispatcher.cpp:248 (most recent call first):
frame #0: c10::Error::Error(c10::SourceLocation, std::__cxx11::basic_string<char, std::char_traits<char>, std::allocator<char> >) + 0x9d (0x7ffff6b7205d in /workspace/vllm/.venv/lib/python3.12/site-packages/torch/lib/libc10.so)
frame #1: c10::detail::torchCheckFail(char const*, char const*, unsigned int, std::__cxx11::basic_string<char, std::char_traits<char>, std::allocator<char> > const&) + 0xc3 (0x7ffff6b066fd in /workspace/vllm/.venv/lib/python3.12/site-packages/torch/lib/libc10.so)
frame #2: c10::Dispatcher::registerDef(c10::FunctionSchema, std::__cxx11::basic_string<char, std::char_traits<char>, std::allocator<char> >, std::vector<at::Tag, std::allocator<at::Tag> >) + 0x35e (0x7fff0e6811fe in /workspace/vllm/.venv/lib/python3.12/site-packages/torch/lib/libtorch_cpu.so)
frame #3: torch::Library::_def(c10::FunctionSchema&&, c10::OperatorName*, std::vector<at::Tag, std::allocator<at::Tag> > const&, torch::_RegisterOrVerify) & + 0x514 (0x7fff0e6c2254 in /workspace/vllm/.venv/lib/python3.12/site-packages/torch/lib/libtorch_cpu.so)
frame #4: aoti_torch_library_def + 0x99 (0x7fff128d45b9 in /workspace/vllm/.venv/lib/python3.12/site-packages/torch/lib/libtorch_cpu.so)
frame #5: <unknown function> + 0x2bdb00 (0x7ff8ec4beb00 in /workspace/vllm/vllm/_C_stable_libtorch.abi3.so)
frame #6: <unknown function> + 0x2bf0ce (0x7ff8ec4c00ce in /workspace/vllm/vllm/_C_stable_libtorch.abi3.so)
frame #7: <unknown function> + 0x279d92 (0x7ff8ec47ad92 in /workspace/vllm/vllm/_C_stable_libtorch.abi3.so)
frame #8: <unknown function> + 0x571f (0x7ffff7fca71f in /lib64/ld-linux-x86-64.so.2)
frame #9: <unknown function> + 0x5824 (0x7ffff7fca824 in /lib64/ld-linux-x86-64.so.2)
frame #10: _dl_catch_exception + 0x132 (0x7ffff7fc65b2 in /lib64/ld-linux-x86-64.so.2)
frame #11: <unknown function> + 0xcd7c (0x7ffff7fd1d7c in /lib64/ld-linux-x86-64.so.2)
frame #12: _dl_catch_exception + 0x9c (0x7ffff7fc651c in /lib64/ld-linux-x86-64.so.2)
frame #13: <unknown function> + 0xd164 (0x7ffff7fd2164 in /lib64/ld-linux-x86-64.so.2)
frame #14: <unknown function> + 0x981a4 (0x7ffff7d0c1a4 in /usr/lib/x86_64-linux-gnu/libc.so.6)
frame #15: _dl_catch_exception + 0x9c (0x7ffff7fc651c in /lib64/ld-linux-x86-64.so.2)
frame #16: <unknown function> + 0x1669 (0x7ffff7fc6669 in /lib64/ld-linux-x86-64.so.2)
frame #17: <unknown function> + 0x97c83 (0x7ffff7d0bc83 in /usr/lib/x86_64-linux-gnu/libc.so.6)
frame #18: dlopen + 0x6f (0x7ffff7d0c25f in /usr/lib/x86_64-linux-gnu/libc.so.6)
frame #19: /workspace/vllm/.venv/bin/python() [0x6bc36c]
frame #20: /workspace/vllm/.venv/bin/python() [0x6a946a]
frame #21: /workspace/vllm/.venv/bin/python() [0x6a8bf2]
frame #22: /workspace/vllm/.venv/bin/python() [0x581f37]
frame #23: _PyEval_EvalFrameDefault + 0x4c3a (0x5db0ba in /workspace/vllm/.venv/bin/python)
frame #24: /workspace/vllm/.venv/bin/python() [0x549d47]
frame #25: PyObject_CallMethodObjArgs + 0xe3 (0x54b5c3 in /workspace/vllm/.venv/bin/python)
frame #26: PyImport_ImportModuleLevelObject + 0x395 (0x5fd805 in /workspace/vllm/.venv/bin/python)
frame #27: _PyEval_EvalFrameDefault + 0x5eee (0x5dc36e in /workspace/vllm/.venv/bin/python)
frame #28: PyEval_EvalCode + 0x15b (0x5d543b in /workspace/vllm/.venv/bin/python)
frame #29: /workspace/vllm/.venv/bin/python() [0x5d322c]
frame #30: /workspace/vllm/.venv/bin/python() [0x581d1d]
frame #31: _PyEval_EvalFrameDefault + 0x4c3a (0x5db0ba in /workspace/vllm/.venv/bin/python)
frame #32: PyObject_CallOneArg + 0x4d (0x54a65d in /workspace/vllm/.venv/bin/python)
frame #33: /workspace/vllm/.venv/bin/python() [0x582e84]
frame #34: _PyObject_LookupAttr + 0x7a (0x584bea in /workspace/vllm/.venv/bin/python)
frame #35: /workspace/vllm/.venv/bin/python() [0x5d2b8a]
frame #36: _PyEval_EvalFrameDefault + 0x207d (0x5d84fd in /workspace/vllm/.venv/bin/python)
frame #37: /workspace/vllm/.venv/bin/python() [0x549d47]
frame #38: PyObject_CallMethodObjArgs + 0xe3 (0x54b5c3 in /workspace/vllm/.venv/bin/python)
frame #39: PyImport_ImportModuleLevelObject + 0x5eb (0x5fda5b in /workspace/vllm/.venv/bin/python)
frame #40: _PyEval_EvalFrameDefault + 0x5eee (0x5dc36e in /workspace/vllm/.venv/bin/python)
frame #41: PyEval_EvalCode + 0x15b (0x5d543b in /workspace/vllm/.venv/bin/python)
frame #42: /workspace/vllm/.venv/bin/python() [0x5d322c]
frame #43: /workspace/vllm/.venv/bin/python() [0x581d1d]
frame #44: _PyEval_EvalFrameDefault + 0x4c3a (0x5db0ba in /workspace/vllm/.venv/bin/python)
frame #45: /workspace/vllm/.venv/bin/python() [0x549d47]
frame #46: PyObject_CallMethodObjArgs + 0xe3 (0x54b5c3 in /workspace/vllm/.venv/bin/python)
frame #47: PyImport_ImportModuleLevelObject + 0x395 (0x5fd805 in /workspace/vllm/.venv/bin/python)
frame #48: _PyEval_EvalFrameDefault + 0x5eee (0x5dc36e in /workspace/vllm/.venv/bin/python)
frame #49: PyEval_EvalCode + 0x15b (0x5d543b in /workspace/vllm/.venv/bin/python)
frame #50: /workspace/vllm/.venv/bin/python() [0x5d322c]
frame #51: /workspace/vllm/.venv/bin/python() [0x581d1d]
frame #52: _PyEval_EvalFrameDefault + 0x4c3a (0x5db0ba in /workspace/vllm/.venv/bin/python)
frame #53: /workspace/vllm/.venv/bin/python() [0x549d47]
frame #54: PyObject_CallMethodObjArgs + 0xe3 (0x54b5c3 in /workspace/vllm/.venv/bin/python)
frame #55: PyImport_ImportModuleLevelObject + 0x395 (0x5fd805 in /workspace/vllm/.venv/bin/python)
frame #56: _PyEval_EvalFrameDefault + 0x5eee (0x5dc36e in /workspace/vllm/.venv/bin/python)
frame #57: PyEval_EvalCode + 0x15b (0x5d543b in /workspace/vllm/.venv/bin/python)
frame #58: /workspace/vllm/.venv/bin/python() [0x5d322c]
frame #59: /workspace/vllm/.venv/bin/python() [0x581d1d]
frame #60: _PyEval_EvalFrameDefault + 0x4c3a (0x5db0ba in /workspace/vllm/.venv/bin/python)
frame #61: /workspace/vllm/.venv/bin/python() [0x549d47]
frame #62: PyObject_CallMethodObjArgs + 0xe3 (0x54b5c3 in /workspace/vllm/.venv/bin/python)

[E709 13:22:15.353613418 shim_common.cpp:1458] Exception in aoti_torch: Tried to register an operator (_C::silu_and_mul_quant(Tensor($0! -> ) result, Tensor input, Tensor scale) -> ()) with the same name and overload name multiple times. Each overload's schema should only be registered with a single call to def(). Duplicate registration: registered at /workspace/csrc/libtorch_stable/torch_bindings.cpp:10. Original registration: registered at /workspace/csrc/torch_bindings.cpp:21
Exception raised from registerDef at /pytorch/aten/src/ATen/core/dispatch/Dispatcher.cpp:248 (most recent call first):
frame #0: c10::Error::Error(c10::SourceLocation, std::__cxx11::basic_string<char, std::char_traits<char>, std::allocator<char> >) + 0x9d (0x7ffff6b7205d in /workspace/vllm/.venv/lib/python3.12/site-packages/torch/lib/libc10.so)
frame #1: c10::detail::torchCheckFail(char const*, char const*, unsigned int, std::__cxx11::basic_string<char, std::char_traits<char>, std::allocator<char> > const&) + 0xc3 (0x7ffff6b066fd in /workspace/vllm/.venv/lib/python3.12/site-packages/torch/lib/libc10.so)
frame #2: c10::Dispatcher::registerDef(c10::FunctionSchema, std::__cxx11::basic_string<char, std::char_traits<char>, std::allocator<char> >, std::vector<at::Tag, std::allocator<at::Tag> >) + 0x35e (0x7fff0e6811fe in /workspace/vllm/.venv/lib/python3.12/site-packages/torch/lib/libtorch_cpu.so)
frame #3: torch::Library::_def(c10::FunctionSchema&&, c10::OperatorName*, std::vector<at::Tag, std::allocator<at::Tag> > const&, torch::_RegisterOrVerify) & + 0x514 (0x7fff0e6c2254 in /workspace/vllm/.venv/lib/python3.12/site-packages/torch/lib/libtorch_cpu.so)
frame #4: aoti_torch_library_def + 0x99 (0x7fff128d45b9 in /workspace/vllm/.venv/lib/python3.12/site-packages/torch/lib/libtorch_cpu.so)
frame #5: <unknown function> + 0x2bdb3c (0x7ff8ec4beb3c in /workspace/vllm/vllm/_C_stable_libtorch.abi3.so)
frame #6: <unknown function> + 0x2bf0ce (0x7ff8ec4c00ce in /workspace/vllm/vllm/_C_stable_libtorch.abi3.so)
frame #7: <unknown function> + 0x279d92 (0x7ff8ec47ad92 in /workspace/vllm/vllm/_C_stable_libtorch.abi3.so)
frame #8: <unknown function> + 0x571f (0x7ffff7fca71f in /lib64/ld-linux-x86-64.so.2)
frame #9: <unknown function> + 0x5824 (0x7ffff7fca824 in /lib64/ld-linux-x86-64.so.2)
frame #10: _dl_catch_exception + 0x132 (0x7ffff7fc65b2 in /lib64/ld-linux-x86-64.so.2)
frame #11: <unknown function> + 0xcd7c (0x7ffff7fd1d7c in /lib64/ld-linux-x86-64.so.2)
frame #12: _dl_catch_exception + 0x9c (0x7ffff7fc651c in /lib64/ld-linux-x86-64.so.2)
frame #13: <unknown function> + 0xd164 (0x7ffff7fd2164 in /lib64/ld-linux-x86-64.so.2)
frame #14: <unknown function> + 0x981a4 (0x7ffff7d0c1a4 in /usr/lib/x86_64-linux-gnu/libc.so.6)
frame #15: _dl_catch_exception + 0x9c (0x7ffff7fc651c in /lib64/ld-linux-x86-64.so.2)
frame #16: <unknown function> + 0x1669 (0x7ffff7fc6669 in /lib64/ld-linux-x86-64.so.2)
frame #17: <unknown function> + 0x97c83 (0x7ffff7d0bc83 in /usr/lib/x86_64-linux-gnu/libc.so.6)
frame #18: dlopen + 0x6f (0x7ffff7d0c25f in /usr/lib/x86_64-linux-gnu/libc.so.6)
frame #19: /workspace/vllm/.venv/bin/python() [0x6bc36c]
frame #20: /workspace/vllm/.venv/bin/python() [0x6a946a]
frame #21: /workspace/vllm/.venv/bin/python() [0x6a8bf2]
frame #22: /workspace/vllm/.venv/bin/python() [0x581f37]
frame #23: _PyEval_EvalFrameDefault + 0x4c3a (0x5db0ba in /workspace/vllm/.venv/bin/python)
frame #24: /workspace/vllm/.venv/bin/python() [0x549d47]
frame #25: PyObject_CallMethodObjArgs + 0xe3 (0x54b5c3 in /workspace/vllm/.venv/bin/python)
frame #26: PyImport_ImportModuleLevelObject + 0x395 (0x5fd805 in /workspace/vllm/.venv/bin/python)
frame #27: _PyEval_EvalFrameDefault + 0x5eee (0x5dc36e in /workspace/vllm/.venv/bin/python)
frame #28: PyEval_EvalCode + 0x15b (0x5d543b in /workspace/vllm/.venv/bin/python)
frame #29: /workspace/vllm/.venv/bin/python() [0x5d322c]
frame #30: /workspace/vllm/.venv/bin/python() [0x581d1d]
frame #31: _PyEval_EvalFrameDefault + 0x4c3a (0x5db0ba in /workspace/vllm/.venv/bin/python)
frame #32: PyObject_CallOneArg + 0x4d (0x54a65d in /workspace/vllm/.venv/bin/python)
frame #33: /workspace/vllm/.venv/bin/python() [0x582e84]
frame #34: _PyObject_LookupAttr + 0x7a (0x584bea in /workspace/vllm/.venv/bin/python)
frame #35: /workspace/vllm/.venv/bin/python() [0x5d2b8a]
frame #36: _PyEval_EvalFrameDefault + 0x207d (0x5d84fd in /workspace/vllm/.venv/bin/python)
frame #37: /workspace/vllm/.venv/bin/python() [0x549d47]
frame #38: PyObject_CallMethodObjArgs + 0xe3 (0x54b5c3 in /workspace/vllm/.venv/bin/python)
frame #39: PyImport_ImportModuleLevelObject + 0x5eb (0x5fda5b in /workspace/vllm/.venv/bin/python)
frame #40: _PyEval_EvalFrameDefault + 0x5eee (0x5dc36e in /workspace/vllm/.venv/bin/python)
frame #41: PyEval_EvalCode + 0x15b (0x5d543b in /workspace/vllm/.venv/bin/python)
frame #42: /workspace/vllm/.venv/bin/python() [0x5d322c]
frame #43: /workspace/vllm/.venv/bin/python() [0x581d1d]
frame #44: _PyEval_EvalFrameDefault + 0x4c3a (0x5db0ba in /workspace/vllm/.venv/bin/python)
frame #45: /workspace/vllm/.venv/bin/python() [0x549d47]
frame #46: PyObject_CallMethodObjArgs + 0xe3 (0x54b5c3 in /workspace/vllm/.venv/bin/python)
frame #47: PyImport_ImportModuleLevelObject + 0x395 (0x5fd805 in /workspace/vllm/.venv/bin/python)
frame #48: _PyEval_EvalFrameDefault + 0x5eee (0x5dc36e in /workspace/vllm/.venv/bin/python)
frame #49: PyEval_EvalCode + 0x15b (0x5d543b in /workspace/vllm/.venv/bin/python)
frame #50: /workspace/vllm/.venv/bin/python() [0x5d322c]
frame #51: /workspace/vllm/.venv/bin/python() [0x581d1d]
frame #52: _PyEval_EvalFrameDefault + 0x4c3a (0x5db0ba in /workspace/vllm/.venv/bin/python)
frame #53: /workspace/vllm/.venv/bin/python() [0x549d47]
frame #54: PyObject_CallMethodObjArgs + 0xe3 (0x54b5c3 in /workspace/vllm/.venv/bin/python)
frame #55: PyImport_ImportModuleLevelObject + 0x395 (0x5fd805 in /workspace/vllm/.venv/bin/python)
frame #56: _PyEval_EvalFrameDefault + 0x5eee (0x5dc36e in /workspace/vllm/.venv/bin/python)
frame #57: PyEval_EvalCode + 0x15b (0x5d543b in /workspace/vllm/.venv/bin/python)
frame #58: /workspace/vllm/.venv/bin/python() [0x5d322c]
frame #59: /workspace/vllm/.venv/bin/python() [0x581d1d]
frame #60: _PyEval_EvalFrameDefault + 0x4c3a (0x5db0ba in /workspace/vllm/.venv/bin/python)
frame #61: /workspace/vllm/.venv/bin/python() [0x549d47]
frame #62: PyObject_CallMethodObjArgs + 0xe3 (0x54b5c3 in /workspace/vllm/.venv/bin/python)

[W709 13:22:15.355747381 OperatorEntry.cpp:208] Warning: Warning only once for all operators,  other operators may also be overridden.
  Overriding a previously registered kernel for the same operator and the same dispatch key
  operator: _C::persistent_masked_m_silu_mul_quant(Tensor input, Tensor counts, Tensor($0! -> ) y_q, Tensor($1! -> ) y_s, bool use_ue8m0) -> ()
    registered at /workspace/csrc/torch_bindings.cpp:21
  dispatch key: CUDA
  previous kernel: registered at /workspace/csrc/torch_bindings.cpp:21
       new kernel: registered at /workspace/csrc/libtorch_stable/torch_bindings.cpp:603 (function operator())
(EngineCore pid=259504) INFO 07-09 13:22:17 [core.py:112] Initializing a V1 LLM engine (v0.22.1.dev9+g1098d337f) with config: model='Qwen/Qwen2.5-32B-Instruct', speculative_config=None, tokenizer='Qwen/Qwen2.5-32B-Instruct', skip_tokenizer_init=False, tokenizer_mode=auto, revision=None, tokenizer_revision=None, trust_remote_code=False, dtype=torch.bfloat16, max_seq_len=4096, download_dir=None, load_format=auto, tensor_parallel_size=8, pipeline_parallel_size=1, data_parallel_size=1, decode_context_parallel_size=1, dcp_comm_backend=ag_rs, disable_custom_all_reduce=False, quantization=None, quantization_config=None, enforce_eager=False, enable_return_routed_experts=False, kv_cache_dtype=auto, device_config=cuda, structured_outputs_config=StructuredOutputsConfig(backend='auto', disable_any_whitespace=False, disable_additional_properties=False, reasoning_parser='', reasoning_parser_plugin='', enable_in_reasoning=False), observability_config=ObservabilityConfig(show_hidden_metrics_for_version=None, otlp_traces_endpoint=None, collect_detailed_traces=None, kv_cache_metrics=False, kv_cache_metrics_sample=0.01, cudagraph_metrics=False, enable_layerwise_nvtx_tracing=False, enable_mfu_metrics=False, enable_mm_processor_stats=False, enable_logging_iteration_details=False), seed=0, served_model_name=Qwen/Qwen2.5-32B-Instruct, enable_prefix_caching=True, enable_chunked_prefill=True, pooler_config=None, compilation_config={'mode': <CompilationMode.VLLM_COMPILE: 3>, 'debug_dump_path': None, 'cache_dir': '', 'compile_cache_save_format': 'binary', 'backend': 'inductor', 'custom_ops': ['none'], 'ir_enable_torch_wrap': True, 'splitting_ops': ['vllm::unified_attention_with_output', 'vllm::unified_mla_attention_with_output', 'vllm::mamba_mixer2', 'vllm::mamba_mixer', 'vllm::short_conv', 'vllm::linear_attention', 'vllm::plamo2_mamba_mixer', 'vllm::qwen_gdn_attention_core', 'vllm::gdn_attention_core_xpu', 'vllm::olmo_hybrid_gdn_full_forward', 'vllm::kda_attention', 'vllm::sparse_attn_indexer', 'vllm::rocm_aiter_sparse_attn_indexer', 'vllm::deepseek_v4_attention', 'vllm::unified_kv_cache_update', 'vllm::unified_mla_kv_cache_update'], 'compile_mm_encoder': False, 'cudagraph_mm_encoder': False, 'encoder_cudagraph_token_budgets': [], 'encoder_cudagraph_max_vision_items_per_batch': 0, 'encoder_cudagraph_max_frames_per_batch': None, 'compile_sizes': [], 'compile_ranges_endpoints': [51, 4096], 'inductor_compile_config': {'enable_auto_functionalized_v2': False, 'size_asserts': False, 'alignment_asserts': False, 'scalar_asserts': False, 'combo_kernels': True, 'benchmark_combo_kernel': True}, 'inductor_passes': {}, 'cudagraph_mode': <CUDAGraphMode.FULL_AND_PIECEWISE: (2, 1)>, 'cudagraph_num_of_warmups': 1, 'cudagraph_capture_sizes': [1, 2, 4, 8, 16, 24, 32, 40, 48, 56, 64, 72, 80, 88, 96, 104, 112, 120, 128, 136, 144, 152, 160, 168, 176, 184, 192, 200, 208, 216, 224, 232, 240, 248, 256, 272, 288, 304, 320, 336, 352, 368, 384, 400, 416, 432, 448, 464, 480, 496, 512], 'cudagraph_copy_inputs': False, 'cudagraph_specialize_lora': True, 'use_inductor_graph_partition': False, 'pass_config': {'fuse_norm_quant': False, 'fuse_act_quant': False, 'fuse_attn_quant': False, 'enable_sp': False, 'fuse_gemm_comms': False, 'fuse_allreduce_rms': True, 'fuse_rope_kvcache_cat_mla': False, 'fuse_act_padding': False}, 'max_cudagraph_capture_size': 512, 'dynamic_shapes_config': {'type': <DynamicShapesType.BACKED: 'backed'>, 'evaluate_guards': False, 'assume_32_bit_indexing': False}, 'local_cache_dir': None, 'fast_moe_cold_start': False, 'static_all_moe_layers': []}, kernel_config=KernelConfig(ir_op_priority=IrOpPriorityConfig(rms_norm=['native'], fused_add_rms_norm=['native']), enable_flashinfer_autotune=True, moe_backend='auto', linear_backend='auto')
(EngineCore pid=259504) WARNING 07-09 13:22:17 [multiproc_executor.py:1029] Reducing Torch parallelism from 112 threads to 1 to avoid unnecessary CPU contention. Set OMP_NUM_THREADS in the external environment to tune this value as needed.
(EngineCore pid=259504) INFO 07-09 13:22:17 [multiproc_executor.py:139] DP group leader: node_rank=0, node_rank_within_dp=0, master_addr=127.0.0.1, mq_connect_ip=10.52.49.69 (local), world_size=8, local_world_size=8
[E709 13:22:19.027340079 shim_common.cpp:1458] Exception in aoti_torch: Tried to register an operator (_C::persistent_masked_m_silu_mul_quant(Tensor input, Tensor counts, Tensor($0! -> ) y_q, Tensor($1! -> ) y_s, bool use_ue8m0) -> ()) with the same name and overload name multiple times. Each overload's schema should only be registered with a single call to def(). Duplicate registration: registered at /workspace/csrc/libtorch_stable/torch_bindings.cpp:10. Original registration: registered at /workspace/csrc/torch_bindings.cpp:21
Exception raised from registerDef at /pytorch/aten/src/ATen/core/dispatch/Dispatcher.cpp:248 (most recent call first):
frame #0: c10::Error::Error(c10::SourceLocation, std::__cxx11::basic_string<char, std::char_traits<char>, std::allocator<char> >) + 0x9d (0x7ffff6b7205d in /workspace/vllm/.venv/lib/python3.12/site-packages/torch/lib/libc10.so)
frame #1: c10::detail::torchCheckFail(char const*, char const*, unsigned int, std::__cxx11::basic_string<char, std::char_traits<char>, std::allocator<char> > const&) + 0xc3 (0x7ffff6b066fd in /workspace/vllm/.venv/lib/python3.12/site-packages/torch/lib/libc10.so)
frame #2: c10::Dispatcher::registerDef(c10::FunctionSchema, std::__cxx11::basic_string<char, std::char_traits<char>, std::allocator<char> >, std::vector<at::Tag, std::allocator<at::Tag> >) + 0x35e (0x7fff0e6811fe in /workspace/vllm/.venv/lib/python3.12/site-packages/torch/lib/libtorch_cpu.so)
frame #3: torch::Library::_def(c10::FunctionSchema&&, c10::OperatorName*, std::vector<at::Tag, std::allocator<at::Tag> > const&, torch::_RegisterOrVerify) & + 0x514 (0x7fff0e6c2254 in /workspace/vllm/.venv/lib/python3.12/site-packages/torch/lib/libtorch_cpu.so)
frame #4: aoti_torch_library_def + 0x99 (0x7fff128d45b9 in /workspace/vllm/.venv/lib/python3.12/site-packages/torch/lib/libtorch_cpu.so)
frame #5: <unknown function> + 0x2bdaf1 (0x7ffe8aebeaf1 in /workspace/vllm/vllm/_C_stable_libtorch.abi3.so)
frame #6: <unknown function> + 0x2bf0ce (0x7ffe8aec00ce in /workspace/vllm/vllm/_C_stable_libtorch.abi3.so)
frame #7: <unknown function> + 0x279d92 (0x7ffe8ae7ad92 in /workspace/vllm/vllm/_C_stable_libtorch.abi3.so)
frame #8: <unknown function> + 0x571f (0x7ffff7fca71f in /lib64/ld-linux-x86-64.so.2)
frame #9: <unknown function> + 0x5824 (0x7ffff7fca824 in /lib64/ld-linux-x86-64.so.2)
frame #10: _dl_catch_exception + 0x132 (0x7ffff7fc65b2 in /lib64/ld-linux-x86-64.so.2)
frame #11: <unknown function> + 0xcd7c (0x7ffff7fd1d7c in /lib64/ld-linux-x86-64.so.2)
frame #12: _dl_catch_exception + 0x9c (0x7ffff7fc651c in /lib64/ld-linux-x86-64.so.2)
frame #13: <unknown function> + 0xd164 (0x7ffff7fd2164 in /lib64/ld-linux-x86-64.so.2)
frame #14: <unknown function> + 0x981a4 (0x7ffff7d0c1a4 in /usr/lib/x86_64-linux-gnu/libc.so.6)
frame #15: _dl_catch_exception + 0x9c (0x7ffff7fc651c in /lib64/ld-linux-x86-64.so.2)
frame #16: <unknown function> + 0x1669 (0x7ffff7fc6669 in /lib64/ld-linux-x86-64.so.2)
frame #17: <unknown function> + 0x97c83 (0x7ffff7d0bc83 in /usr/lib/x86_64-linux-gnu/libc.so.6)
frame #18: dlopen + 0x6f (0x7ffff7d0c25f in /usr/lib/x86_64-linux-gnu/libc.so.6)
frame #19: /workspace/vllm/.venv/bin/python() [0x6bc36c]
frame #20: /workspace/vllm/.venv/bin/python() [0x6a946a]
frame #21: /workspace/vllm/.venv/bin/python() [0x6a8bf2]
frame #22: /workspace/vllm/.venv/bin/python() [0x581f37]
frame #23: _PyEval_EvalFrameDefault + 0x4c3a (0x5db0ba in /workspace/vllm/.venv/bin/python)
frame #24: /workspace/vllm/.venv/bin/python() [0x549d47]
frame #25: PyObject_CallMethodObjArgs + 0xe3 (0x54b5c3 in /workspace/vllm/.venv/bin/python)
frame #26: PyImport_ImportModuleLevelObject + 0x395 (0x5fd805 in /workspace/vllm/.venv/bin/python)
frame #27: _PyEval_EvalFrameDefault + 0x5eee (0x5dc36e in /workspace/vllm/.venv/bin/python)
frame #28: PyEval_EvalCode + 0x15b (0x5d543b in /workspace/vllm/.venv/bin/python)
frame #29: /workspace/vllm/.venv/bin/python() [0x5d322c]
frame #30: /workspace/vllm/.venv/bin/python() [0x581d1d]
frame #31: _PyEval_EvalFrameDefault + 0x4c3a (0x5db0ba in /workspace/vllm/.venv/bin/python)
frame #32: PyObject_CallOneArg + 0x4d (0x54a65d in /workspace/vllm/.venv/bin/python)
frame #33: /workspace/vllm/.venv/bin/python() [0x582e84]
frame #34: _PyObject_LookupAttr + 0x7a (0x584bea in /workspace/vllm/.venv/bin/python)
frame #35: /workspace/vllm/.venv/bin/python() [0x5d2b8a]
frame #36: _PyEval_EvalFrameDefault + 0x207d (0x5d84fd in /workspace/vllm/.venv/bin/python)
frame #37: /workspace/vllm/.venv/bin/python() [0x549d47]
frame #38: PyObject_CallMethodObjArgs + 0xe3 (0x54b5c3 in /workspace/vllm/.venv/bin/python)
frame #39: PyImport_ImportModuleLevelObject + 0x5eb (0x5fda5b in /workspace/vllm/.venv/bin/python)
frame #40: _PyEval_EvalFrameDefault + 0x5eee (0x5dc36e in /workspace/vllm/.venv/bin/python)
frame #41: PyEval_EvalCode + 0x15b (0x5d543b in /workspace/vllm/.venv/bin/python)
frame #42: /workspace/vllm/.venv/bin/python() [0x5d322c]
frame #43: /workspace/vllm/.venv/bin/python() [0x581d1d]
frame #44: _PyEval_EvalFrameDefault + 0x4c3a (0x5db0ba in /workspace/vllm/.venv/bin/python)
frame #45: /workspace/vllm/.venv/bin/python() [0x549d47]
frame #46: PyObject_CallMethodObjArgs + 0xe3 (0x54b5c3 in /workspace/vllm/.venv/bin/python)
frame #47: PyImport_ImportModuleLevelObject + 0x395 (0x5fd805 in /workspace/vllm/.venv/bin/python)
frame #48: _PyEval_EvalFrameDefault + 0x5eee (0x5dc36e in /workspace/vllm/.venv/bin/python)
frame #49: PyEval_EvalCode + 0x15b (0x5d543b in /workspace/vllm/.venv/bin/python)
frame #50: /workspace/vllm/.venv/bin/python() [0x5d322c]
frame #51: /workspace/vllm/.venv/bin/python() [0x581d1d]
frame #52: _PyEval_EvalFrameDefault + 0x4c3a (0x5db0ba in /workspace/vllm/.venv/bin/python)
frame #53: /workspace/vllm/.venv/bin/python() [0x549d47]
frame #54: PyObject_CallMethodObjArgs + 0xe3 (0x54b5c3 in /workspace/vllm/.venv/bin/python)
frame #55: PyImport_ImportModuleLevelObject + 0x395 (0x5fd805 in /workspace/vllm/.venv/bin/python)
frame #56: _PyEval_EvalFrameDefault + 0x5eee (0x5dc36e in /workspace/vllm/.venv/bin/python)
frame #57: PyEval_EvalCode + 0x15b (0x5d543b in /workspace/vllm/.venv/bin/python)
frame #58: /workspace/vllm/.venv/bin/python() [0x5d322c]
frame #59: /workspace/vllm/.venv/bin/python() [0x581d1d]
frame #60: _PyEval_EvalFrameDefault + 0x4c3a (0x5db0ba in /workspace/vllm/.venv/bin/python)
frame #61: /workspace/vllm/.venv/bin/python() [0x549d47]
frame #62: PyObject_CallMethodObjArgs + 0xe3 (0x54b5c3 in /workspace/vllm/.venv/bin/python)

[E709 13:22:19.029562365 shim_common.cpp:1458] Exception in aoti_torch: Tried to register an operator (_C::weak_ref_tensor(Tensor input) -> Tensor) with the same name and overload name multiple times. Each overload's schema should only be registered with a single call to def(). Duplicate registration: registered at /workspace/csrc/libtorch_stable/torch_bindings.cpp:10. Original registration: registered at /workspace/csrc/torch_bindings.cpp:21
Exception raised from registerDef at /pytorch/aten/src/ATen/core/dispatch/Dispatcher.cpp:248 (most recent call first):
frame #0: c10::Error::Error(c10::SourceLocation, std::__cxx11::basic_string<char, std::char_traits<char>, std::allocator<char> >) + 0x9d (0x7ffff6b7205d in /workspace/vllm/.venv/lib/python3.12/site-packages/torch/lib/libc10.so)
frame #1: c10::detail::torchCheckFail(char const*, char const*, unsigned int, std::__cxx11::basic_string<char, std::char_traits<char>, std::allocator<char> > const&) + 0xc3 (0x7ffff6b066fd in /workspace/vllm/.venv/lib/python3.12/site-packages/torch/lib/libc10.so)
frame #2: c10::Dispatcher::registerDef(c10::FunctionSchema, std::__cxx11::basic_string<char, std::char_traits<char>, std::allocator<char> >, std::vector<at::Tag, std::allocator<at::Tag> >) + 0x35e (0x7fff0e6811fe in /workspace/vllm/.venv/lib/python3.12/site-packages/torch/lib/libtorch_cpu.so)
frame #3: torch::Library::_def(c10::FunctionSchema&&, c10::OperatorName*, std::vector<at::Tag, std::allocator<at::Tag> > const&, torch::_RegisterOrVerify) & + 0x514 (0x7fff0e6c2254 in /workspace/vllm/.venv/lib/python3.12/site-packages/torch/lib/libtorch_cpu.so)
frame #4: aoti_torch_library_def + 0x99 (0x7fff128d45b9 in /workspace/vllm/.venv/lib/python3.12/site-packages/torch/lib/libtorch_cpu.so)
frame #5: <unknown function> + 0x2bdb00 (0x7ffe8aebeb00 in /workspace/vllm/vllm/_C_stable_libtorch.abi3.so)
frame #6: <unknown function> + 0x2bf0ce (0x7ffe8aec00ce in /workspace/vllm/vllm/_C_stable_libtorch.abi3.so)
frame #7: <unknown function> + 0x279d92 (0x7ffe8ae7ad92 in /workspace/vllm/vllm/_C_stable_libtorch.abi3.so)
frame #8: <unknown function> + 0x571f (0x7ffff7fca71f in /lib64/ld-linux-x86-64.so.2)
frame #9: <unknown function> + 0x5824 (0x7ffff7fca824 in /lib64/ld-linux-x86-64.so.2)
frame #10: _dl_catch_exception + 0x132 (0x7ffff7fc65b2 in /lib64/ld-linux-x86-64.so.2)
frame #11: <unknown function> + 0xcd7c (0x7ffff7fd1d7c in /lib64/ld-linux-x86-64.so.2)
frame #12: _dl_catch_exception + 0x9c (0x7ffff7fc651c in /lib64/ld-linux-x86-64.so.2)
frame #13: <unknown function> + 0xd164 (0x7ffff7fd2164 in /lib64/ld-linux-x86-64.so.2)
frame #14: <unknown function> + 0x981a4 (0x7ffff7d0c1a4 in /usr/lib/x86_64-linux-gnu/libc.so.6)
frame #15: _dl_catch_exception + 0x9c (0x7ffff7fc651c in /lib64/ld-linux-x86-64.so.2)
frame #16: <unknown function> + 0x1669 (0x7ffff7fc6669 in /lib64/ld-linux-x86-64.so.2)
frame #17: <unknown function> + 0x97c83 (0x7ffff7d0bc83 in /usr/lib/x86_64-linux-gnu/libc.so.6)
frame #18: dlopen + 0x6f (0x7ffff7d0c25f in /usr/lib/x86_64-linux-gnu/libc.so.6)
frame #19: /workspace/vllm/.venv/bin/python() [0x6bc36c]
frame #20: /workspace/vllm/.venv/bin/python() [0x6a946a]
frame #21: /workspace/vllm/.venv/bin/python() [0x6a8bf2]
frame #22: /workspace/vllm/.venv/bin/python() [0x581f37]
frame #23: _PyEval_EvalFrameDefault + 0x4c3a (0x5db0ba in /workspace/vllm/.venv/bin/python)
frame #24: /workspace/vllm/.venv/bin/python() [0x549d47]
frame #25: PyObject_CallMethodObjArgs + 0xe3 (0x54b5c3 in /workspace/vllm/.venv/bin/python)
frame #26: PyImport_ImportModuleLevelObject + 0x395 (0x5fd805 in /workspace/vllm/.venv/bin/python)
frame #27: _PyEval_EvalFrameDefault + 0x5eee (0x5dc36e in /workspace/vllm/.venv/bin/python)
frame #28: PyEval_EvalCode + 0x15b (0x5d543b in /workspace/vllm/.venv/bin/python)
frame #29: /workspace/vllm/.venv/bin/python() [0x5d322c]
frame #30: /workspace/vllm/.venv/bin/python() [0x581d1d]
frame #31: _PyEval_EvalFrameDefault + 0x4c3a (0x5db0ba in /workspace/vllm/.venv/bin/python)
frame #32: PyObject_CallOneArg + 0x4d (0x54a65d in /workspace/vllm/.venv/bin/python)
frame #33: /workspace/vllm/.venv/bin/python() [0x582e84]
frame #34: _PyObject_LookupAttr + 0x7a (0x584bea in /workspace/vllm/.venv/bin/python)
frame #35: /workspace/vllm/.venv/bin/python() [0x5d2b8a]
frame #36: _PyEval_EvalFrameDefault + 0x207d (0x5d84fd in /workspace/vllm/.venv/bin/python)
frame #37: /workspace/vllm/.venv/bin/python() [0x549d47]
frame #38: PyObject_CallMethodObjArgs + 0xe3 (0x54b5c3 in /workspace/vllm/.venv/bin/python)
frame #39: PyImport_ImportModuleLevelObject + 0x5eb (0x5fda5b in /workspace/vllm/.venv/bin/python)
frame #40: _PyEval_EvalFrameDefault + 0x5eee (0x5dc36e in /workspace/vllm/.venv/bin/python)
frame #41: PyEval_EvalCode + 0x15b (0x5d543b in /workspace/vllm/.venv/bin/python)
frame #42: /workspace/vllm/.venv/bin/python() [0x5d322c]
frame #43: /workspace/vllm/.venv/bin/python() [0x581d1d]
frame #44: _PyEval_EvalFrameDefault + 0x4c3a (0x5db0ba in /workspace/vllm/.venv/bin/python)
frame #45: /workspace/vllm/.venv/bin/python() [0x549d47]
frame #46: PyObject_CallMethodObjArgs + 0xe3 (0x54b5c3 in /workspace/vllm/.venv/bin/python)
frame #47: PyImport_ImportModuleLevelObject + 0x395 (0x5fd805 in /workspace/vllm/.venv/bin/python)
frame #48: _PyEval_EvalFrameDefault + 0x5eee (0x5dc36e in /workspace/vllm/.venv/bin/python)
frame #49: PyEval_EvalCode + 0x15b (0x5d543b in /workspace/vllm/.venv/bin/python)
frame #50: /workspace/vllm/.venv/bin/python() [0x5d322c]
frame #51: /workspace/vllm/.venv/bin/python() [0x581d1d]
frame #52: _PyEval_EvalFrameDefault + 0x4c3a (0x5db0ba in /workspace/vllm/.venv/bin/python)
frame #53: /workspace/vllm/.venv/bin/python() [0x549d47]
frame #54: PyObject_CallMethodObjArgs + 0xe3 (0x54b5c3 in /workspace/vllm/.venv/bin/python)
frame #55: PyImport_ImportModuleLevelObject + 0x395 (0x5fd805 in /workspace/vllm/.venv/bin/python)
frame #56: _PyEval_EvalFrameDefault + 0x5eee (0x5dc36e in /workspace/vllm/.venv/bin/python)
frame #57: PyEval_EvalCode + 0x15b (0x5d543b in /workspace/vllm/.venv/bin/python)
frame #58: /workspace/vllm/.venv/bin/python() [0x5d322c]
frame #59: /workspace/vllm/.venv/bin/python() [0x581d1d]
frame #60: _PyEval_EvalFrameDefault + 0x4c3a (0x5db0ba in /workspace/vllm/.venv/bin/python)
frame #61: /workspace/vllm/.venv/bin/python() [0x549d47]
frame #62: PyObject_CallMethodObjArgs + 0xe3 (0x54b5c3 in /workspace/vllm/.venv/bin/python)

[E709 13:22:19.031565014 shim_common.cpp:1458] Exception in aoti_torch: Tried to register an operator (_C::silu_and_mul_quant(Tensor($0! -> ) result, Tensor input, Tensor scale) -> ()) with the same name and overload name multiple times. Each overload's schema should only be registered with a single call to def(). Duplicate registration: registered at /workspace/csrc/libtorch_stable/torch_bindings.cpp:10. Original registration: registered at /workspace/csrc/torch_bindings.cpp:21
Exception raised from registerDef at /pytorch/aten/src/ATen/core/dispatch/Dispatcher.cpp:248 (most recent call first):
frame #0: c10::Error::Error(c10::SourceLocation, std::__cxx11::basic_string<char, std::char_traits<char>, std::allocator<char> >) + 0x9d (0x7ffff6b7205d in /workspace/vllm/.venv/lib/python3.12/site-packages/torch/lib/libc10.so)
frame #1: c10::detail::torchCheckFail(char const*, char const*, unsigned int, std::__cxx11::basic_string<char, std::char_traits<char>, std::allocator<char> > const&) + 0xc3 (0x7ffff6b066fd in /workspace/vllm/.venv/lib/python3.12/site-packages/torch/lib/libc10.so)
frame #2: c10::Dispatcher::registerDef(c10::FunctionSchema, std::__cxx11::basic_string<char, std::char_traits<char>, std::allocator<char> >, std::vector<at::Tag, std::allocator<at::Tag> >) + 0x35e (0x7fff0e6811fe in /workspace/vllm/.venv/lib/python3.12/site-packages/torch/lib/libtorch_cpu.so)
frame #3: torch::Library::_def(c10::FunctionSchema&&, c10::OperatorName*, std::vector<at::Tag, std::allocator<at::Tag> > const&, torch::_RegisterOrVerify) & + 0x514 (0x7fff0e6c2254 in /workspace/vllm/.venv/lib/python3.12/site-packages/torch/lib/libtorch_cpu.so)
frame #4: aoti_torch_library_def + 0x99 (0x7fff128d45b9 in /workspace/vllm/.venv/lib/python3.12/site-packages/torch/lib/libtorch_cpu.so)
frame #5: <unknown function> + 0x2bdb3c (0x7ffe8aebeb3c in /workspace/vllm/vllm/_C_stable_libtorch.abi3.so)
frame #6: <unknown function> + 0x2bf0ce (0x7ffe8aec00ce in /workspace/vllm/vllm/_C_stable_libtorch.abi3.so)
frame #7: <unknown function> + 0x279d92 (0x7ffe8ae7ad92 in /workspace/vllm/vllm/_C_stable_libtorch.abi3.so)
frame #8: <unknown function> + 0x571f (0x7ffff7fca71f in /lib64/ld-linux-x86-64.so.2)
frame #9: <unknown function> + 0x5824 (0x7ffff7fca824 in /lib64/ld-linux-x86-64.so.2)
frame #10: _dl_catch_exception + 0x132 (0x7ffff7fc65b2 in /lib64/ld-linux-x86-64.so.2)
frame #11: <unknown function> + 0xcd7c (0x7ffff7fd1d7c in /lib64/ld-linux-x86-64.so.2)
frame #12: _dl_catch_exception + 0x9c (0x7ffff7fc651c in /lib64/ld-linux-x86-64.so.2)
frame #13: <unknown function> + 0xd164 (0x7ffff7fd2164 in /lib64/ld-linux-x86-64.so.2)
frame #14: <unknown function> + 0x981a4 (0x7ffff7d0c1a4 in /usr/lib/x86_64-linux-gnu/libc.so.6)
frame #15: _dl_catch_exception + 0x9c (0x7ffff7fc651c in /lib64/ld-linux-x86-64.so.2)
frame #16: <unknown function> + 0x1669 (0x7ffff7fc6669 in /lib64/ld-linux-x86-64.so.2)
frame #17: <unknown function> + 0x97c83 (0x7ffff7d0bc83 in /usr/lib/x86_64-linux-gnu/libc.so.6)
frame #18: dlopen + 0x6f (0x7ffff7d0c25f in /usr/lib/x86_64-linux-gnu/libc.so.6)
frame #19: /workspace/vllm/.venv/bin/python() [0x6bc36c]
frame #20: /workspace/vllm/.venv/bin/python() [0x6a946a]
frame #21: /workspace/vllm/.venv/bin/python() [0x6a8bf2]
frame #22: /workspace/vllm/.venv/bin/python() [0x581f37]
frame #23: _PyEval_EvalFrameDefault + 0x4c3a (0x5db0ba in /workspace/vllm/.venv/bin/python)
frame #24: /workspace/vllm/.venv/bin/python() [0x549d47]
frame #25: PyObject_CallMethodObjArgs + 0xe3 (0x54b5c3 in /workspace/vllm/.venv/bin/python)
frame #26: PyImport_ImportModuleLevelObject + 0x395 (0x5fd805 in /workspace/vllm/.venv/bin/python)
frame #27: _PyEval_EvalFrameDefault + 0x5eee (0x5dc36e in /workspace/vllm/.venv/bin/python)
frame #28: PyEval_EvalCode + 0x15b (0x5d543b in /workspace/vllm/.venv/bin/python)
frame #29: /workspace/vllm/.venv/bin/python() [0x5d322c]
frame #30: /workspace/vllm/.venv/bin/python() [0x581d1d]
frame #31: _PyEval_EvalFrameDefault + 0x4c3a (0x5db0ba in /workspace/vllm/.venv/bin/python)
frame #32: PyObject_CallOneArg + 0x4d (0x54a65d in /workspace/vllm/.venv/bin/python)
frame #33: /workspace/vllm/.venv/bin/python() [0x582e84]
frame #34: _PyObject_LookupAttr + 0x7a (0x584bea in /workspace/vllm/.venv/bin/python)
frame #35: /workspace/vllm/.venv/bin/python() [0x5d2b8a]
frame #36: _PyEval_EvalFrameDefault + 0x207d (0x5d84fd in /workspace/vllm/.venv/bin/python)
frame #37: /workspace/vllm/.venv/bin/python() [0x549d47]
frame #38: PyObject_CallMethodObjArgs + 0xe3 (0x54b5c3 in /workspace/vllm/.venv/bin/python)
frame #39: PyImport_ImportModuleLevelObject + 0x5eb (0x5fda5b in /workspace/vllm/.venv/bin/python)
frame #40: _PyEval_EvalFrameDefault + 0x5eee (0x5dc36e in /workspace/vllm/.venv/bin/python)
frame #41: PyEval_EvalCode + 0x15b (0x5d543b in /workspace/vllm/.venv/bin/python)
frame #42: /workspace/vllm/.venv/bin/python() [0x5d322c]
frame #43: /workspace/vllm/.venv/bin/python() [0x581d1d]
frame #44: _PyEval_EvalFrameDefault + 0x4c3a (0x5db0ba in /workspace/vllm/.venv/bin/python)
frame #45: /workspace/vllm/.venv/bin/python() [0x549d47]
frame #46: PyObject_CallMethodObjArgs + 0xe3 (0x54b5c3 in /workspace/vllm/.venv/bin/python)
frame #47: PyImport_ImportModuleLevelObject + 0x395 (0x5fd805 in /workspace/vllm/.venv/bin/python)
frame #48: _PyEval_EvalFrameDefault + 0x5eee (0x5dc36e in /workspace/vllm/.venv/bin/python)
frame #49: PyEval_EvalCode + 0x15b (0x5d543b in /workspace/vllm/.venv/bin/python)
frame #50: /workspace/vllm/.venv/bin/python() [0x5d322c]
frame #51: /workspace/vllm/.venv/bin/python() [0x581d1d]
frame #52: _PyEval_EvalFrameDefault + 0x4c3a (0x5db0ba in /workspace/vllm/.venv/bin/python)
frame #53: /workspace/vllm/.venv/bin/python() [0x549d47]
frame #54: PyObject_CallMethodObjArgs + 0xe3 (0x54b5c3 in /workspace/vllm/.venv/bin/python)
frame #55: PyImport_ImportModuleLevelObject + 0x395 (0x5fd805 in /workspace/vllm/.venv/bin/python)
frame #56: _PyEval_EvalFrameDefault + 0x5eee (0x5dc36e in /workspace/vllm/.venv/bin/python)
frame #57: PyEval_EvalCode + 0x15b (0x5d543b in /workspace/vllm/.venv/bin/python)
frame #58: /workspace/vllm/.venv/bin/python() [0x5d322c]
frame #59: /workspace/vllm/.venv/bin/python() [0x581d1d]
frame #60: _PyEval_EvalFrameDefault + 0x4c3a (0x5db0ba in /workspace/vllm/.venv/bin/python)
frame #61: /workspace/vllm/.venv/bin/python() [0x549d47]
frame #62: PyObject_CallMethodObjArgs + 0xe3 (0x54b5c3 in /workspace/vllm/.venv/bin/python)

[W709 13:22:19.033748999 OperatorEntry.cpp:208] Warning: Warning only once for all operators,  other operators may also be overridden.
  Overriding a previously registered kernel for the same operator and the same dispatch key
  operator: _C::persistent_masked_m_silu_mul_quant(Tensor input, Tensor counts, Tensor($0! -> ) y_q, Tensor($1! -> ) y_s, bool use_ue8m0) -> ()
    registered at /workspace/csrc/torch_bindings.cpp:21
  dispatch key: CUDA
  previous kernel: registered at /workspace/csrc/torch_bindings.cpp:21
       new kernel: registered at /workspace/csrc/libtorch_stable/torch_bindings.cpp:603 (function operator())
[E709 13:22:20.584217380 shim_common.cpp:1458] Exception in aoti_torch: Tried to register an operator (_C::persistent_masked_m_silu_mul_quant(Tensor input, Tensor counts, Tensor($0! -> ) y_q, Tensor($1! -> ) y_s, bool use_ue8m0) -> ()) with the same name and overload name multiple times. Each overload's schema should only be registered with a single call to def(). Duplicate registration: registered at /workspace/csrc/libtorch_stable/torch_bindings.cpp:10. Original registration: registered at /workspace/csrc/torch_bindings.cpp:21
Exception raised from registerDef at /pytorch/aten/src/ATen/core/dispatch/Dispatcher.cpp:248 (most recent call first):
frame #0: c10::Error::Error(c10::SourceLocation, std::__cxx11::basic_string<char, std::char_traits<char>, std::allocator<char> >) + 0x9d (0x7ffff6b7205d in /workspace/vllm/.venv/lib/python3.12/site-packages/torch/lib/libc10.so)
frame #1: c10::detail::torchCheckFail(char const*, char const*, unsigned int, std::__cxx11::basic_string<char, std::char_traits<char>, std::allocator<char> > const&) + 0xc3 (0x7ffff6b066fd in /workspace/vllm/.venv/lib/python3.12/site-packages/torch/lib/libc10.so)
frame #2: c10::Dispatcher::registerDef(c10::FunctionSchema, std::__cxx11::basic_string<char, std::char_traits<char>, std::allocator<char> >, std::vector<at::Tag, std::allocator<at::Tag> >) + 0x35e (0x7fff0e6811fe in /workspace/vllm/.venv/lib/python3.12/site-packages/torch/lib/libtorch_cpu.so)
frame #3: torch::Library::_def(c10::FunctionSchema&&, c10::OperatorName*, std::vector<at::Tag, std::allocator<at::Tag> > const&, torch::_RegisterOrVerify) & + 0x514 (0x7fff0e6c2254 in /workspace/vllm/.venv/lib/python3.12/site-packages/torch/lib/libtorch_cpu.so)
frame #4: aoti_torch_library_def + 0x99 (0x7fff128d45b9 in /workspace/vllm/.venv/lib/python3.12/site-packages/torch/lib/libtorch_cpu.so)
frame #5: <unknown function> + 0x2bdaf1 (0x7ffe8aebeaf1 in /workspace/vllm/vllm/_C_stable_libtorch.abi3.so)
frame #6: <unknown function> + 0x2bf0ce (0x7ffe8aec00ce in /workspace/vllm/vllm/_C_stable_libtorch.abi3.so)
frame #7: <unknown function> + 0x279d92 (0x7ffe8ae7ad92 in /workspace/vllm/vllm/_C_stable_libtorch.abi3.so)
frame #8: <unknown function> + 0x571f (0x7ffff7fca71f in /lib64/ld-linux-x86-64.so.2)
frame #9: <unknown function> + 0x5824 (0x7ffff7fca824 in /lib64/ld-linux-x86-64.so.2)
frame #10: _dl_catch_exception + 0x132 (0x7ffff7fc65b2 in /lib64/ld-linux-x86-64.so.2)
frame #11: <unknown function> + 0xcd7c (0x7ffff7fd1d7c in /lib64/ld-linux-x86-64.so.2)
frame #12: _dl_catch_exception + 0x9c (0x7ffff7fc651c in /lib64/ld-linux-x86-64.so.2)
frame #13: <unknown function> + 0xd164 (0x7ffff7fd2164 in /lib64/ld-linux-x86-64.so.2)
frame #14: <unknown function> + 0x981a4 (0x7ffff7d0c1a4 in /usr/lib/x86_64-linux-gnu/libc.so.6)
frame #15: _dl_catch_exception + 0x9c (0x7ffff7fc651c in /lib64/ld-linux-x86-64.so.2)
frame #16: <unknown function> + 0x1669 (0x7ffff7fc6669 in /lib64/ld-linux-x86-64.so.2)
frame #17: <unknown function> + 0x97c83 (0x7ffff7d0bc83 in /usr/lib/x86_64-linux-gnu/libc.so.6)
frame #18: dlopen + 0x6f (0x7ffff7d0c25f in /usr/lib/x86_64-linux-gnu/libc.so.6)
frame #19: /workspace/vllm/.venv/bin/python() [0x6bc36c]
frame #20: /workspace/vllm/.venv/bin/python() [0x6a946a]
frame #21: /workspace/vllm/.venv/bin/python() [0x6a8bf2]
frame #22: /workspace/vllm/.venv/bin/python() [0x581f37]
frame #23: _PyEval_EvalFrameDefault + 0x4c3a (0x5db0ba in /workspace/vllm/.venv/bin/python)
frame #24: /workspace/vllm/.venv/bin/python() [0x549d47]
frame #25: PyObject_CallMethodObjArgs + 0xe3 (0x54b5c3 in /workspace/vllm/.venv/bin/python)
frame #26: PyImport_ImportModuleLevelObject + 0x395 (0x5fd805 in /workspace/vllm/.venv/bin/python)
frame #27: _PyEval_EvalFrameDefault + 0x5eee (0x5dc36e in /workspace/vllm/.venv/bin/python)
frame #28: PyEval_EvalCode + 0x15b (0x5d543b in /workspace/vllm/.venv/bin/python)
frame #29: /workspace/vllm/.venv/bin/python() [0x5d322c]
frame #30: /workspace/vllm/.venv/bin/python() [0x581d1d]
frame #31: _PyEval_EvalFrameDefault + 0x4c3a (0x5db0ba in /workspace/vllm/.venv/bin/python)
frame #32: PyObject_CallOneArg + 0x4d (0x54a65d in /workspace/vllm/.venv/bin/python)
frame #33: /workspace/vllm/.venv/bin/python() [0x582e84]
frame #34: _PyObject_LookupAttr + 0x7a (0x584bea in /workspace/vllm/.venv/bin/python)
frame #35: /workspace/vllm/.venv/bin/python() [0x5d2b8a]
frame #36: _PyEval_EvalFrameDefault + 0x207d (0x5d84fd in /workspace/vllm/.venv/bin/python)
frame #37: /workspace/vllm/.venv/bin/python() [0x549d47]
frame #38: PyObject_CallMethodObjArgs + 0xe3 (0x54b5c3 in /workspace/vllm/.venv/bin/python)
frame #39: PyImport_ImportModuleLevelObject + 0x5eb (0x5fda5b in /workspace/vllm/.venv/bin/python)
frame #40: _PyEval_EvalFrameDefault + 0x5eee (0x5dc36e in /workspace/vllm/.venv/bin/python)
frame #41: PyEval_EvalCode + 0x15b (0x5d543b in /workspace/vllm/.venv/bin/python)
frame #42: /workspace/vllm/.venv/bin/python() [0x5d322c]
frame #43: /workspace/vllm/.venv/bin/python() [0x581d1d]
frame #44: _PyEval_EvalFrameDefault + 0x4c3a (0x5db0ba in /workspace/vllm/.venv/bin/python)
frame #45: /workspace/vllm/.venv/bin/python() [0x549d47]
frame #46: PyObject_CallMethodObjArgs + 0xe3 (0x54b5c3 in /workspace/vllm/.venv/bin/python)
frame #47: PyImport_ImportModuleLevelObject + 0x395 (0x5fd805 in /workspace/vllm/.venv/bin/python)
frame #48: _PyEval_EvalFrameDefault + 0x5eee (0x5dc36e in /workspace/vllm/.venv/bin/python)
frame #49: PyEval_EvalCode + 0x15b (0x5d543b in /workspace/vllm/.venv/bin/python)
frame #50: /workspace/vllm/.venv/bin/python() [0x5d322c]
frame #51: /workspace/vllm/.venv/bin/python() [0x581d1d]
frame #52: _PyEval_EvalFrameDefault + 0x4c3a (0x5db0ba in /workspace/vllm/.venv/bin/python)
frame #53: /workspace/vllm/.venv/bin/python() [0x549d47]
frame #54: PyObject_CallMethodObjArgs + 0xe3 (0x54b5c3 in /workspace/vllm/.venv/bin/python)
frame #55: PyImport_ImportModuleLevelObject + 0x395 (0x5fd805 in /workspace/vllm/.venv/bin/python)
frame #56: _PyEval_EvalFrameDefault + 0x5eee (0x5dc36e in /workspace/vllm/.venv/bin/python)
frame #57: PyEval_EvalCode + 0x15b (0x5d543b in /workspace/vllm/.venv/bin/python)
frame #58: /workspace/vllm/.venv/bin/python() [0x5d322c]
frame #59: /workspace/vllm/.venv/bin/python() [0x581d1d]
frame #60: _PyEval_EvalFrameDefault + 0x4c3a (0x5db0ba in /workspace/vllm/.venv/bin/python)
frame #61: /workspace/vllm/.venv/bin/python() [0x549d47]
frame #62: PyObject_CallMethodObjArgs + 0xe3 (0x54b5c3 in /workspace/vllm/.venv/bin/python)

[E709 13:22:20.586145903 shim_common.cpp:1458] Exception in aoti_torch: Tried to register an operator (_C::weak_ref_tensor(Tensor input) -> Tensor) with the same name and overload name multiple times. Each overload's schema should only be registered with a single call to def(). Duplicate registration: registered at /workspace/csrc/libtorch_stable/torch_bindings.cpp:10. Original registration: registered at /workspace/csrc/torch_bindings.cpp:21
Exception raised from registerDef at /pytorch/aten/src/ATen/core/dispatch/Dispatcher.cpp:248 (most recent call first):
frame #0: c10::Error::Error(c10::SourceLocation, std::__cxx11::basic_string<char, std::char_traits<char>, std::allocator<char> >) + 0x9d (0x7ffff6b7205d in /workspace/vllm/.venv/lib/python3.12/site-packages/torch/lib/libc10.so)
frame #1: c10::detail::torchCheckFail(char const*, char const*, unsigned int, std::__cxx11::basic_string<char, std::char_traits<char>, std::allocator<char> > const&) + 0xc3 (0x7ffff6b066fd in /workspace/vllm/.venv/lib/python3.12/site-packages/torch/lib/libc10.so)
frame #2: c10::Dispatcher::registerDef(c10::FunctionSchema, std::__cxx11::basic_string<char, std::char_traits<char>, std::allocator<char> >, std::vector<at::Tag, std::allocator<at::Tag> >) + 0x35e (0x7fff0e6811fe in /workspace/vllm/.venv/lib/python3.12/site-packages/torch/lib/libtorch_cpu.so)
frame #3: torch::Library::_def(c10::FunctionSchema&&, c10::OperatorName*, std::vector<at::Tag, std::allocator<at::Tag> > const&, torch::_RegisterOrVerify) & + 0x514 (0x7fff0e6c2254 in /workspace/vllm/.venv/lib/python3.12/site-packages/torch/lib/libtorch_cpu.so)
frame #4: aoti_torch_library_def + 0x99 (0x7fff128d45b9 in /workspace/vllm/.venv/lib/python3.12/site-packages/torch/lib/libtorch_cpu.so)
frame #5: <unknown function> + 0x2bdb00 (0x7ffe8aebeb00 in /workspace/vllm/vllm/_C_stable_libtorch.abi3.so)
frame #6: <unknown function> + 0x2bf0ce (0x7ffe8aec00ce in /workspace/vllm/vllm/_C_stable_libtorch.abi3.so)
frame #7: <unknown function> + 0x279d92 (0x7ffe8ae7ad92 in /workspace/vllm/vllm/_C_stable_libtorch.abi3.so)
frame #8: <unknown function> + 0x571f (0x7ffff7fca71f in /lib64/ld-linux-x86-64.so.2)
frame #9: <unknown function> + 0x5824 (0x7ffff7fca824 in /lib64/ld-linux-x86-64.so.2)
frame #10: _dl_catch_exception + 0x132 (0x7ffff7fc65b2 in /lib64/ld-linux-x86-64.so.2)
frame #11: <unknown function> + 0xcd7c (0x7ffff7fd1d7c in /lib64/ld-linux-x86-64.so.2)
frame #12: _dl_catch_exception + 0x9c (0x7ffff7fc651c in /lib64/ld-linux-x86-64.so.2)
frame #13: <unknown function> + 0xd164 (0x7ffff7fd2164 in /lib64/ld-linux-x86-64.so.2)
frame #14: <unknown function> + 0x981a4 (0x7ffff7d0c1a4 in /usr/lib/x86_64-linux-gnu/libc.so.6)
frame #15: _dl_catch_exception + 0x9c (0x7ffff7fc651c in /lib64/ld-linux-x86-64.so.2)
frame #16: <unknown function> + 0x1669 (0x7ffff7fc6669 in /lib64/ld-linux-x86-64.so.2)
frame #17: <unknown function> + 0x97c83 (0x7ffff7d0bc83 in /usr/lib/x86_64-linux-gnu/libc.so.6)
frame #18: dlopen + 0x6f (0x7ffff7d0c25f in /usr/lib/x86_64-linux-gnu/libc.so.6)
frame #19: /workspace/vllm/.venv/bin/python() [0x6bc36c]
frame #20: /workspace/vllm/.venv/bin/python() [0x6a946a]
frame #21: /workspace/vllm/.venv/bin/python() [0x6a8bf2]
frame #22: /workspace/vllm/.venv/bin/python() [0x581f37]
frame #23: _PyEval_EvalFrameDefault + 0x4c3a (0x5db0ba in /workspace/vllm/.venv/bin/python)
frame #24: /workspace/vllm/.venv/bin/python() [0x549d47]
frame #25: PyObject_CallMethodObjArgs + 0xe3 (0x54b5c3 in /workspace/vllm/.venv/bin/python)
frame #26: PyImport_ImportModuleLevelObject + 0x395 (0x5fd805 in /workspace/vllm/.venv/bin/python)
frame #27: _PyEval_EvalFrameDefault + 0x5eee (0x5dc36e in /workspace/vllm/.venv/bin/python)
frame #28: PyEval_EvalCode + 0x15b (0x5d543b in /workspace/vllm/.venv/bin/python)
frame #29: /workspace/vllm/.venv/bin/python() [0x5d322c]
frame #30: /workspace/vllm/.venv/bin/python() [0x581d1d]
frame #31: _PyEval_EvalFrameDefault + 0x4c3a (0x5db0ba in /workspace/vllm/.venv/bin/python)
frame #32: PyObject_CallOneArg + 0x4d (0x54a65d in /workspace/vllm/.venv/bin/python)
frame #33: /workspace/vllm/.venv/bin/python() [0x582e84]
frame #34: _PyObject_LookupAttr + 0x7a (0x584bea in /workspace/vllm/.venv/bin/python)
frame #35: /workspace/vllm/.venv/bin/python() [0x5d2b8a]
frame #36: _PyEval_EvalFrameDefault + 0x207d (0x5d84fd in /workspace/vllm/.venv/bin/python)
frame #37: /workspace/vllm/.venv/bin/python() [0x549d47]
frame #38: PyObject_CallMethodObjArgs + 0xe3 (0x54b5c3 in /workspace/vllm/.venv/bin/python)
frame #39: PyImport_ImportModuleLevelObject + 0x5eb (0x5fda5b in /workspace/vllm/.venv/bin/python)
frame #40: _PyEval_EvalFrameDefault + 0x5eee (0x5dc36e in /workspace/vllm/.venv/bin/python)
frame #41: PyEval_EvalCode + 0x15b (0x5d543b in /workspace/vllm/.venv/bin/python)
frame #42: /workspace/vllm/.venv/bin/python() [0x5d322c]
frame #43: /workspace/vllm/.venv/bin/python() [0x581d1d]
frame #44: _PyEval_EvalFrameDefault + 0x4c3a (0x5db0ba in /workspace/vllm/.venv/bin/python)
frame #45: /workspace/vllm/.venv/bin/python() [0x549d47]
frame #46: PyObject_CallMethodObjArgs + 0xe3 (0x54b5c3 in /workspace/vllm/.venv/bin/python)
frame #47: PyImport_ImportModuleLevelObject + 0x395 (0x5fd805 in /workspace/vllm/.venv/bin/python)
frame #48: _PyEval_EvalFrameDefault + 0x5eee (0x5dc36e in /workspace/vllm/.venv/bin/python)
frame #49: PyEval_EvalCode + 0x15b (0x5d543b in /workspace/vllm/.venv/bin/python)
frame #50: /workspace/vllm/.venv/bin/python() [0x5d322c]
frame #51: /workspace/vllm/.venv/bin/python() [0x581d1d]
frame #52: _PyEval_EvalFrameDefault + 0x4c3a (0x5db0ba in /workspace/vllm/.venv/bin/python)
frame #53: /workspace/vllm/.venv/bin/python() [0x549d47]
frame #54: PyObject_CallMethodObjArgs + 0xe3 (0x54b5c3 in /workspace/vllm/.venv/bin/python)
frame #55: PyImport_ImportModuleLevelObject + 0x395 (0x5fd805 in /workspace/vllm/.venv/bin/python)
frame #56: _PyEval_EvalFrameDefault + 0x5eee (0x5dc36e in /workspace/vllm/.venv/bin/python)
frame #57: PyEval_EvalCode + 0x15b (0x5d543b in /workspace/vllm/.venv/bin/python)
frame #58: /workspace/vllm/.venv/bin/python() [0x5d322c]
frame #59: /workspace/vllm/.venv/bin/python() [0x581d1d]
frame #60: _PyEval_EvalFrameDefault + 0x4c3a (0x5db0ba in /workspace/vllm/.venv/bin/python)
frame #61: /workspace/vllm/.venv/bin/python() [0x549d47]
frame #62: PyObject_CallMethodObjArgs + 0xe3 (0x54b5c3 in /workspace/vllm/.venv/bin/python)

[E709 13:22:20.588029834 shim_common.cpp:1458] Exception in aoti_torch: Tried to register an operator (_C::silu_and_mul_quant(Tensor($0! -> ) result, Tensor input, Tensor scale) -> ()) with the same name and overload name multiple times. Each overload's schema should only be registered with a single call to def(). Duplicate registration: registered at /workspace/csrc/libtorch_stable/torch_bindings.cpp:10. Original registration: registered at /workspace/csrc/torch_bindings.cpp:21
Exception raised from registerDef at /pytorch/aten/src/ATen/core/dispatch/Dispatcher.cpp:248 (most recent call first):
frame #0: c10::Error::Error(c10::SourceLocation, std::__cxx11::basic_string<char, std::char_traits<char>, std::allocator<char> >) + 0x9d (0x7ffff6b7205d in /workspace/vllm/.venv/lib/python3.12/site-packages/torch/lib/libc10.so)
frame #1: c10::detail::torchCheckFail(char const*, char const*, unsigned int, std::__cxx11::basic_string<char, std::char_traits<char>, std::allocator<char> > const&) + 0xc3 (0x7ffff6b066fd in /workspace/vllm/.venv/lib/python3.12/site-packages/torch/lib/libc10.so)
frame #2: c10::Dispatcher::registerDef(c10::FunctionSchema, std::__cxx11::basic_string<char, std::char_traits<char>, std::allocator<char> >, std::vector<at::Tag, std::allocator<at::Tag> >) + 0x35e (0x7fff0e6811fe in /workspace/vllm/.venv/lib/python3.12/site-packages/torch/lib/libtorch_cpu.so)
frame #3: torch::Library::_def(c10::FunctionSchema&&, c10::OperatorName*, std::vector<at::Tag, std::allocator<at::Tag> > const&, torch::_RegisterOrVerify) & + 0x514 (0x7fff0e6c2254 in /workspace/vllm/.venv/lib/python3.12/site-packages/torch/lib/libtorch_cpu.so)
frame #4: aoti_torch_library_def + 0x99 (0x7fff128d45b9 in /workspace/vllm/.venv/lib/python3.12/site-packages/torch/lib/libtorch_cpu.so)
frame #5: <unknown function> + 0x2bdb3c (0x7ffe8aebeb3c in /workspace/vllm/vllm/_C_stable_libtorch.abi3.so)
frame #6: <unknown function> + 0x2bf0ce (0x7ffe8aec00ce in /workspace/vllm/vllm/_C_stable_libtorch.abi3.so)
frame #7: <unknown function> + 0x279d92 (0x7ffe8ae7ad92 in /workspace/vllm/vllm/_C_stable_libtorch.abi3.so)
frame #8: <unknown function> + 0x571f (0x7ffff7fca71f in /lib64/ld-linux-x86-64.so.2)
frame #9: <unknown function> + 0x5824 (0x7ffff7fca824 in /lib64/ld-linux-x86-64.so.2)
frame #10: _dl_catch_exception + 0x132 (0x7ffff7fc65b2 in /lib64/ld-linux-x86-64.so.2)
frame #11: <unknown function> + 0xcd7c (0x7ffff7fd1d7c in /lib64/ld-linux-x86-64.so.2)
frame #12: _dl_catch_exception + 0x9c (0x7ffff7fc651c in /lib64/ld-linux-x86-64.so.2)
frame #13: <unknown function> + 0xd164 (0x7ffff7fd2164 in /lib64/ld-linux-x86-64.so.2)
frame #14: <unknown function> + 0x981a4 (0x7ffff7d0c1a4 in /usr/lib/x86_64-linux-gnu/libc.so.6)
frame #15: _dl_catch_exception + 0x9c (0x7ffff7fc651c in /lib64/ld-linux-x86-64.so.2)
frame #16: <unknown function> + 0x1669 (0x7ffff7fc6669 in /lib64/ld-linux-x86-64.so.2)
frame #17: <unknown function> + 0x97c83 (0x7ffff7d0bc83 in /usr/lib/x86_64-linux-gnu/libc.so.6)
frame #18: dlopen + 0x6f (0x7ffff7d0c25f in /usr/lib/x86_64-linux-gnu/libc.so.6)
frame #19: /workspace/vllm/.venv/bin/python() [0x6bc36c]
frame #20: /workspace/vllm/.venv/bin/python() [0x6a946a]
frame #21: /workspace/vllm/.venv/bin/python() [0x6a8bf2]
frame #22: /workspace/vllm/.venv/bin/python() [0x581f37]
frame #23: _PyEval_EvalFrameDefault + 0x4c3a (0x5db0ba in /workspace/vllm/.venv/bin/python)
frame #24: /workspace/vllm/.venv/bin/python() [0x549d47]
frame #25: PyObject_CallMethodObjArgs + 0xe3 (0x54b5c3 in /workspace/vllm/.venv/bin/python)
frame #26: PyImport_ImportModuleLevelObject + 0x395 (0x5fd805 in /workspace/vllm/.venv/bin/python)
frame #27: _PyEval_EvalFrameDefault + 0x5eee (0x5dc36e in /workspace/vllm/.venv/bin/python)
frame #28: PyEval_EvalCode + 0x15b (0x5d543b in /workspace/vllm/.venv/bin/python)
frame #29: /workspace/vllm/.venv/bin/python() [0x5d322c]
frame #30: /workspace/vllm/.venv/bin/python() [0x581d1d]
frame #31: _PyEval_EvalFrameDefault + 0x4c3a (0x5db0ba in /workspace/vllm/.venv/bin/python)
frame #32: PyObject_CallOneArg + 0x4d (0x54a65d in /workspace/vllm/.venv/bin/python)
frame #33: /workspace/vllm/.venv/bin/python() [0x582e84]
frame #34: _PyObject_LookupAttr + 0x7a (0x584bea in /workspace/vllm/.venv/bin/python)
frame #35: /workspace/vllm/.venv/bin/python() [0x5d2b8a]
frame #36: _PyEval_EvalFrameDefault + 0x207d (0x5d84fd in /workspace/vllm/.venv/bin/python)
frame #37: /workspace/vllm/.venv/bin/python() [0x549d47]
frame #38: PyObject_CallMethodObjArgs + 0xe3 (0x54b5c3 in /workspace/vllm/.venv/bin/python)
frame #39: PyImport_ImportModuleLevelObject + 0x5eb (0x5fda5b in /workspace/vllm/.venv/bin/python)
frame #40: _PyEval_EvalFrameDefault + 0x5eee (0x5dc36e in /workspace/vllm/.venv/bin/python)
frame #41: PyEval_EvalCode + 0x15b (0x5d543b in /workspace/vllm/.venv/bin/python)
frame #42: /workspace/vllm/.venv/bin/python() [0x5d322c]
frame #43: /workspace/vllm/.venv/bin/python() [0x581d1d]
frame #44: _PyEval_EvalFrameDefault + 0x4c3a (0x5db0ba in /workspace/vllm/.venv/bin/python)
frame #45: /workspace/vllm/.venv/bin/python() [0x549d47]
frame #46: PyObject_CallMethodObjArgs + 0xe3 (0x54b5c3 in /workspace/vllm/.venv/bin/python)
frame #47: PyImport_ImportModuleLevelObject + 0x395 (0x5fd805 in /workspace/vllm/.venv/bin/python)
frame #48: _PyEval_EvalFrameDefault + 0x5eee (0x5dc36e in /workspace/vllm/.venv/bin/python)
frame #49: PyEval_EvalCode + 0x15b (0x5d543b in /workspace/vllm/.venv/bin/python)
frame #50: /workspace/vllm/.venv/bin/python() [0x5d322c]
frame #51: /workspace/vllm/.venv/bin/python() [0x581d1d]
frame #52: _PyEval_EvalFrameDefault + 0x4c3a (0x5db0ba in /workspace/vllm/.venv/bin/python)
frame #53: /workspace/vllm/.venv/bin/python() [0x549d47]
frame #54: PyObject_CallMethodObjArgs + 0xe3 (0x54b5c3 in /workspace/vllm/.venv/bin/python)
frame #55: PyImport_ImportModuleLevelObject + 0x395 (0x5fd805 in /workspace/vllm/.venv/bin/python)
frame #56: _PyEval_EvalFrameDefault + 0x5eee (0x5dc36e in /workspace/vllm/.venv/bin/python)
frame #57: PyEval_EvalCode + 0x15b (0x5d543b in /workspace/vllm/.venv/bin/python)
frame #58: /workspace/vllm/.venv/bin/python() [0x5d322c]
frame #59: /workspace/vllm/.venv/bin/python() [0x581d1d]
frame #60: _PyEval_EvalFrameDefault + 0x4c3a (0x5db0ba in /workspace/vllm/.venv/bin/python)
frame #61: /workspace/vllm/.venv/bin/python() [0x549d47]
frame #62: PyObject_CallMethodObjArgs + 0xe3 (0x54b5c3 in /workspace/vllm/.venv/bin/python)

[W709 13:22:20.590090072 OperatorEntry.cpp:208] Warning: Warning only once for all operators,  other operators may also be overridden.
  Overriding a previously registered kernel for the same operator and the same dispatch key
  operator: _C::persistent_masked_m_silu_mul_quant(Tensor input, Tensor counts, Tensor($0! -> ) y_q, Tensor($1! -> ) y_s, bool use_ue8m0) -> ()
    registered at /workspace/csrc/torch_bindings.cpp:21
  dispatch key: CUDA
  previous kernel: registered at /workspace/csrc/torch_bindings.cpp:21
       new kernel: registered at /workspace/csrc/libtorch_stable/torch_bindings.cpp:603 (function operator())
[E709 13:22:20.590747508 shim_common.cpp:1458] Exception in aoti_torch: Tried to register an operator (_C::persistent_masked_m_silu_mul_quant(Tensor input, Tensor counts, Tensor($0! -> ) y_q, Tensor($1! -> ) y_s, bool use_ue8m0) -> ()) with the same name and overload name multiple times. Each overload's schema should only be registered with a single call to def(). Duplicate registration: registered at /workspace/csrc/libtorch_stable/torch_bindings.cpp:10. Original registration: registered at /workspace/csrc/torch_bindings.cpp:21
Exception raised from registerDef at /pytorch/aten/src/ATen/core/dispatch/Dispatcher.cpp:248 (most recent call first):
frame #0: c10::Error::Error(c10::SourceLocation, std::__cxx11::basic_string<char, std::char_traits<char>, std::allocator<char> >) + 0x9d (0x7ffff6b7205d in /workspace/vllm/.venv/lib/python3.12/site-packages/torch/lib/libc10.so)
frame #1: c10::detail::torchCheckFail(char const*, char const*, unsigned int, std::__cxx11::basic_string<char, std::char_traits<char>, std::allocator<char> > const&) + 0xc3 (0x7ffff6b066fd in /workspace/vllm/.venv/lib/python3.12/site-packages/torch/lib/libc10.so)
frame #2: c10::Dispatcher::registerDef(c10::FunctionSchema, std::__cxx11::basic_string<char, std::char_traits<char>, std::allocator<char> >, std::vector<at::Tag, std::allocator<at::Tag> >) + 0x35e (0x7fff0e6811fe in /workspace/vllm/.venv/lib/python3.12/site-packages/torch/lib/libtorch_cpu.so)
frame #3: torch::Library::_def(c10::FunctionSchema&&, c10::OperatorName*, std::vector<at::Tag, std::allocator<at::Tag> > const&, torch::_RegisterOrVerify) & + 0x514 (0x7fff0e6c2254 in /workspace/vllm/.venv/lib/python3.12/site-packages/torch/lib/libtorch_cpu.so)
frame #4: aoti_torch_library_def + 0x99 (0x7fff128d45b9 in /workspace/vllm/.venv/lib/python3.12/site-packages/torch/lib/libtorch_cpu.so)
frame #5: <unknown function> + 0x2bdaf1 (0x7ffe8aebeaf1 in /workspace/vllm/vllm/_C_stable_libtorch.abi3.so)
frame #6: <unknown function> + 0x2bf0ce (0x7ffe8aec00ce in /workspace/vllm/vllm/_C_stable_libtorch.abi3.so)
frame #7: <unknown function> + 0x279d92 (0x7ffe8ae7ad92 in /workspace/vllm/vllm/_C_stable_libtorch.abi3.so)
frame #8: <unknown function> + 0x571f (0x7ffff7fca71f in /lib64/ld-linux-x86-64.so.2)
frame #9: <unknown function> + 0x5824 (0x7ffff7fca824 in /lib64/ld-linux-x86-64.so.2)
frame #10: _dl_catch_exception + 0x132 (0x7ffff7fc65b2 in /lib64/ld-linux-x86-64.so.2)
frame #11: <unknown function> + 0xcd7c (0x7ffff7fd1d7c in /lib64/ld-linux-x86-64.so.2)
frame #12: _dl_catch_exception + 0x9c (0x7ffff7fc651c in /lib64/ld-linux-x86-64.so.2)
frame #13: <unknown function> + 0xd164 (0x7ffff7fd2164 in /lib64/ld-linux-x86-64.so.2)
frame #14: <unknown function> + 0x981a4 (0x7ffff7d0c1a4 in /usr/lib/x86_64-linux-gnu/libc.so.6)
frame #15: _dl_catch_exception + 0x9c (0x7ffff7fc651c in /lib64/ld-linux-x86-64.so.2)
frame #16: <unknown function> + 0x1669 (0x7ffff7fc6669 in /lib64/ld-linux-x86-64.so.2)
frame #17: <unknown function> + 0x97c83 (0x7ffff7d0bc83 in /usr/lib/x86_64-linux-gnu/libc.so.6)
frame #18: dlopen + 0x6f (0x7ffff7d0c25f in /usr/lib/x86_64-linux-gnu/libc.so.6)
frame #19: /workspace/vllm/.venv/bin/python() [0x6bc36c]
frame #20: /workspace/vllm/.venv/bin/python() [0x6a946a]
frame #21: /workspace/vllm/.venv/bin/python() [0x6a8bf2]
frame #22: /workspace/vllm/.venv/bin/python() [0x581f37]
frame #23: _PyEval_EvalFrameDefault + 0x4c3a (0x5db0ba in /workspace/vllm/.venv/bin/python)
frame #24: /workspace/vllm/.venv/bin/python() [0x549d47]
frame #25: PyObject_CallMethodObjArgs + 0xe3 (0x54b5c3 in /workspace/vllm/.venv/bin/python)
frame #26: PyImport_ImportModuleLevelObject + 0x395 (0x5fd805 in /workspace/vllm/.venv/bin/python)
frame #27: _PyEval_EvalFrameDefault + 0x5eee (0x5dc36e in /workspace/vllm/.venv/bin/python)
frame #28: PyEval_EvalCode + 0x15b (0x5d543b in /workspace/vllm/.venv/bin/python)
frame #29: /workspace/vllm/.venv/bin/python() [0x5d322c]
frame #30: /workspace/vllm/.venv/bin/python() [0x581d1d]
frame #31: _PyEval_EvalFrameDefault + 0x4c3a (0x5db0ba in /workspace/vllm/.venv/bin/python)
frame #32: PyObject_CallOneArg + 0x4d (0x54a65d in /workspace/vllm/.venv/bin/python)
frame #33: /workspace/vllm/.venv/bin/python() [0x582e84]
frame #34: _PyObject_LookupAttr + 0x7a (0x584bea in /workspace/vllm/.venv/bin/python)
frame #35: /workspace/vllm/.venv/bin/python() [0x5d2b8a]
frame #36: _PyEval_EvalFrameDefault + 0x207d (0x5d84fd in /workspace/vllm/.venv/bin/python)
frame #37: /workspace/vllm/.venv/bin/python() [0x549d47]
frame #38: PyObject_CallMethodObjArgs + 0xe3 (0x54b5c3 in /workspace/vllm/.venv/bin/python)
frame #39: PyImport_ImportModuleLevelObject + 0x5eb (0x5fda5b in /workspace/vllm/.venv/bin/python)
frame #40: _PyEval_EvalFrameDefault + 0x5eee (0x5dc36e in /workspace/vllm/.venv/bin/python)
frame #41: PyEval_EvalCode + 0x15b (0x5d543b in /workspace/vllm/.venv/bin/python)
frame #42: /workspace/vllm/.venv/bin/python() [0x5d322c]
frame #43: /workspace/vllm/.venv/bin/python() [0x581d1d]
frame #44: _PyEval_EvalFrameDefault + 0x4c3a (0x5db0ba in /workspace/vllm/.venv/bin/python)
frame #45: /workspace/vllm/.venv/bin/python() [0x549d47]
frame #46: PyObject_CallMethodObjArgs + 0xe3 (0x54b5c3 in /workspace/vllm/.venv/bin/python)
frame #47: PyImport_ImportModuleLevelObject + 0x395 (0x5fd805 in /workspace/vllm/.venv/bin/python)
frame #48: _PyEval_EvalFrameDefault + 0x5eee (0x5dc36e in /workspace/vllm/.venv/bin/python)
frame #49: PyEval_EvalCode + 0x15b (0x5d543b in /workspace/vllm/.venv/bin/python)
frame #50: /workspace/vllm/.venv/bin/python() [0x5d322c]
frame #51: /workspace/vllm/.venv/bin/python() [0x581d1d]
frame #52: _PyEval_EvalFrameDefault + 0x4c3a (0x5db0ba in /workspace/vllm/.venv/bin/python)
frame #53: /workspace/vllm/.venv/bin/python() [0x549d47]
frame #54: PyObject_CallMethodObjArgs + 0xe3 (0x54b5c3 in /workspace/vllm/.venv/bin/python)
frame #55: PyImport_ImportModuleLevelObject + 0x395 (0x5fd805 in /workspace/vllm/.venv/bin/python)
frame #56: _PyEval_EvalFrameDefault + 0x5eee (0x5dc36e in /workspace/vllm/.venv/bin/python)
frame #57: PyEval_EvalCode + 0x15b (0x5d543b in /workspace/vllm/.venv/bin/python)
frame #58: /workspace/vllm/.venv/bin/python() [0x5d322c]
frame #59: /workspace/vllm/.venv/bin/python() [0x581d1d]
frame #60: _PyEval_EvalFrameDefault + 0x4c3a (0x5db0ba in /workspace/vllm/.venv/bin/python)
frame #61: /workspace/vllm/.venv/bin/python() [0x549d47]
frame #62: PyObject_CallMethodObjArgs + 0xe3 (0x54b5c3 in /workspace/vllm/.venv/bin/python)

[E709 13:22:20.590755532 shim_common.cpp:1458] Exception in aoti_torch: Tried to register an operator (_C::persistent_masked_m_silu_mul_quant(Tensor input, Tensor counts, Tensor($0! -> ) y_q, Tensor($1! -> ) y_s, bool use_ue8m0) -> ()) with the same name and overload name multiple times. Each overload's schema should only be registered with a single call to def(). Duplicate registration: registered at /workspace/csrc/libtorch_stable/torch_bindings.cpp:10. Original registration: registered at /workspace/csrc/torch_bindings.cpp:21
Exception raised from registerDef at /pytorch/aten/src/ATen/core/dispatch/Dispatcher.cpp:248 (most recent call first):
frame #0: c10::Error::Error(c10::SourceLocation, std::__cxx11::basic_string<char, std::char_traits<char>, std::allocator<char> >) + 0x9d (0x7ffff6b7205d in /workspace/vllm/.venv/lib/python3.12/site-packages/torch/lib/libc10.so)
frame #1: c10::detail::torchCheckFail(char const*, char const*, unsigned int, std::__cxx11::basic_string<char, std::char_traits<char>, std::allocator<char> > const&) + 0xc3 (0x7ffff6b066fd in /workspace/vllm/.venv/lib/python3.12/site-packages/torch/lib/libc10.so)
frame #2: c10::Dispatcher::registerDef(c10::FunctionSchema, std::__cxx11::basic_string<char, std::char_traits<char>, std::allocator<char> >, std::vector<at::Tag, std::allocator<at::Tag> >) + 0x35e (0x7fff0e6811fe in /workspace/vllm/.venv/lib/python3.12/site-packages/torch/lib/libtorch_cpu.so)
frame #3: torch::Library::_def(c10::FunctionSchema&&, c10::OperatorName*, std::vector<at::Tag, std::allocator<at::Tag> > const&, torch::_RegisterOrVerify) & + 0x514 (0x7fff0e6c2254 in /workspace/vllm/.venv/lib/python3.12/site-packages/torch/lib/libtorch_cpu.so)
frame #4: aoti_torch_library_def + 0x99 (0x7fff128d45b9 in /workspace/vllm/.venv/lib/python3.12/site-packages/torch/lib/libtorch_cpu.so)
frame #5: <unknown function> + 0x2bdaf1 (0x7ffe8aebeaf1 in /workspace/vllm/vllm/_C_stable_libtorch.abi3.so)
frame #6: <unknown function> + 0x2bf0ce (0x7ffe8aec00ce in /workspace/vllm/vllm/_C_stable_libtorch.abi3.so)
frame #7: <unknown function> + 0x279d92 (0x7ffe8ae7ad92 in /workspace/vllm/vllm/_C_stable_libtorch.abi3.so)
frame #8: <unknown function> + 0x571f (0x7ffff7fca71f in /lib64/ld-linux-x86-64.so.2)
frame #9: <unknown function> + 0x5824 (0x7ffff7fca824 in /lib64/ld-linux-x86-64.so.2)
frame #10: _dl_catch_exception + 0x132 (0x7ffff7fc65b2 in /lib64/ld-linux-x86-64.so.2)
frame #11: <unknown function> + 0xcd7c (0x7ffff7fd1d7c in /lib64/ld-linux-x86-64.so.2)
frame #12: _dl_catch_exception + 0x9c (0x7ffff7fc651c in /lib64/ld-linux-x86-64.so.2)
frame #13: <unknown function> + 0xd164 (0x7ffff7fd2164 in /lib64/ld-linux-x86-64.so.2)
frame #14: <unknown function> + 0x981a4 (0x7ffff7d0c1a4 in /usr/lib/x86_64-linux-gnu/libc.so.6)
frame #15: _dl_catch_exception + 0x9c (0x7ffff7fc651c in /lib64/ld-linux-x86-64.so.2)
frame #16: <unknown function> + 0x1669 (0x7ffff7fc6669 in /lib64/ld-linux-x86-64.so.2)
frame #17: <unknown function> + 0x97c83 (0x7ffff7d0bc83 in /usr/lib/x86_64-linux-gnu/libc.so.6)
frame #18: dlopen + 0x6f (0x7ffff7d0c25f in /usr/lib/x86_64-linux-gnu/libc.so.6)
frame #19: /workspace/vllm/.venv/bin/python() [0x6bc36c]
frame #20: /workspace/vllm/.venv/bin/python() [0x6a946a]
frame #21: /workspace/vllm/.venv/bin/python() [0x6a8bf2]
frame #22: /workspace/vllm/.venv/bin/python() [0x581f37]
frame #23: _PyEval_EvalFrameDefault + 0x4c3a (0x5db0ba in /workspace/vllm/.venv/bin/python)
frame #24: /workspace/vllm/.venv/bin/python() [0x549d47]
frame #25: PyObject_CallMethodObjArgs + 0xe3 (0x54b5c3 in /workspace/vllm/.venv/bin/python)
frame #26: PyImport_ImportModuleLevelObject + 0x395 (0x5fd805 in /workspace/vllm/.venv/bin/python)
frame #27: _PyEval_EvalFrameDefault + 0x5eee (0x5dc36e in /workspace/vllm/.venv/bin/python)
frame #28: PyEval_EvalCode + 0x15b (0x5d543b in /workspace/vllm/.venv/bin/python)
frame #29: /workspace/vllm/.venv/bin/python() [0x5d322c]
frame #30: /workspace/vllm/.venv/bin/python() [0x581d1d]
frame #31: _PyEval_EvalFrameDefault + 0x4c3a (0x5db0ba in /workspace/vllm/.venv/bin/python)
frame #32: PyObject_CallOneArg + 0x4d (0x54a65d in /workspace/vllm/.venv/bin/python)
frame #33: /workspace/vllm/.venv/bin/python() [0x582e84]
frame #34: _PyObject_LookupAttr + 0x7a (0x584bea in /workspace/vllm/.venv/bin/python)
frame #35: /workspace/vllm/.venv/bin/python() [0x5d2b8a]
frame #36: _PyEval_EvalFrameDefault + 0x207d (0x5d84fd in /workspace/vllm/.venv/bin/python)
frame #37: /workspace/vllm/.venv/bin/python() [0x549d47]
frame #38: PyObject_CallMethodObjArgs + 0xe3 (0x54b5c3 in /workspace/vllm/.venv/bin/python)
frame #39: PyImport_ImportModuleLevelObject + 0x5eb (0x5fda5b in /workspace/vllm/.venv/bin/python)
frame #40: _PyEval_EvalFrameDefault + 0x5eee (0x5dc36e in /workspace/vllm/.venv/bin/python)
frame #41: PyEval_EvalCode + 0x15b (0x5d543b in /workspace/vllm/.venv/bin/python)
frame #42: /workspace/vllm/.venv/bin/python() [0x5d322c]
frame #43: /workspace/vllm/.venv/bin/python() [0x581d1d]
frame #44: _PyEval_EvalFrameDefault + 0x4c3a (0x5db0ba in /workspace/vllm/.venv/bin/python)
frame #45: /workspace/vllm/.venv/bin/python() [0x549d47]
frame #46: PyObject_CallMethodObjArgs + 0xe3 (0x54b5c3 in /workspace/vllm/.venv/bin/python)
frame #47: PyImport_ImportModuleLevelObject + 0x395 (0x5fd805 in /workspace/vllm/.venv/bin/python)
frame #48: _PyEval_EvalFrameDefault + 0x5eee (0x5dc36e in /workspace/vllm/.venv/bin/python)
frame #49: PyEval_EvalCode + 0x15b (0x5d543b in /workspace/vllm/.venv/bin/python)
frame #50: /workspace/vllm/.venv/bin/python() [0x5d322c]
frame #51: /workspace/vllm/.venv/bin/python() [0x581d1d]
frame #52: _PyEval_EvalFrameDefault + 0x4c3a (0x5db0ba in /workspace/vllm/.venv/bin/python)
frame #53: /workspace/vllm/.venv/bin/python() [0x549d47]
frame #54: PyObject_CallMethodObjArgs + 0xe3 (0x54b5c3 in /workspace/vllm/.venv/bin/python)
frame #55: PyImport_ImportModuleLevelObject + 0x395 (0x5fd805 in /workspace/vllm/.venv/bin/python)
frame #56: _PyEval_EvalFrameDefault + 0x5eee (0x5dc36e in /workspace/vllm/.venv/bin/python)
frame #57: PyEval_EvalCode + 0x15b (0x5d543b in /workspace/vllm/.venv/bin/python)
frame #58: /workspace/vllm/.venv/bin/python() [0x5d322c]
frame #59: /workspace/vllm/.venv/bin/python() [0x581d1d]
frame #60: _PyEval_EvalFrameDefault + 0x4c3a (0x5db0ba in /workspace/vllm/.venv/bin/python)
frame #61: /workspace/vllm/.venv/bin/python() [0x549d47]
frame #62: PyObject_CallMethodObjArgs + 0xe3 (0x54b5c3 in /workspace/vllm/.venv/bin/python)

[E709 13:22:20.590757659 shim_common.cpp:1458] Exception in aoti_torch: Tried to register an operator (_C::persistent_masked_m_silu_mul_quant(Tensor input, Tensor counts, Tensor($0! -> ) y_q, Tensor($1! -> ) y_s, bool use_ue8m0) -> ()) with the same name and overload name multiple times. Each overload's schema should only be registered with a single call to def(). Duplicate registration: registered at /workspace/csrc/libtorch_stable/torch_bindings.cpp:10. Original registration: registered at /workspace/csrc/torch_bindings.cpp:21
Exception raised from registerDef at /pytorch/aten/src/ATen/core/dispatch/Dispatcher.cpp:248 (most recent call first):
frame #0: c10::Error::Error(c10::SourceLocation, std::__cxx11::basic_string<char, std::char_traits<char>, std::allocator<char> >) + 0x9d (0x7ffff6b7205d in /workspace/vllm/.venv/lib/python3.12/site-packages/torch/lib/libc10.so)
frame #1: c10::detail::torchCheckFail(char const*, char const*, unsigned int, std::__cxx11::basic_string<char, std::char_traits<char>, std::allocator<char> > const&) + 0xc3 (0x7ffff6b066fd in /workspace/vllm/.venv/lib/python3.12/site-packages/torch/lib/libc10.so)
frame #2: c10::Dispatcher::registerDef(c10::FunctionSchema, std::__cxx11::basic_string<char, std::char_traits<char>, std::allocator<char> >, std::vector<at::Tag, std::allocator<at::Tag> >) + 0x35e (0x7fff0e6811fe in /workspace/vllm/.venv/lib/python3.12/site-packages/torch/lib/libtorch_cpu.so)
frame #3: torch::Library::_def(c10::FunctionSchema&&, c10::OperatorName*, std::vector<at::Tag, std::allocator<at::Tag> > const&, torch::_RegisterOrVerify) & + 0x514 (0x7fff0e6c2254 in /workspace/vllm/.venv/lib/python3.12/site-packages/torch/lib/libtorch_cpu.so)
frame #4: aoti_torch_library_def + 0x99 (0x7fff128d45b9 in /workspace/vllm/.venv/lib/python3.12/site-packages/torch/lib/libtorch_cpu.so)
frame #5: <unknown function> + 0x2bdaf1 (0x7ffe8aebeaf1 in /workspace/vllm/vllm/_C_stable_libtorch.abi3.so)
frame #6: <unknown function> + 0x2bf0ce (0x7ffe8aec00ce in /workspace/vllm/vllm/_C_stable_libtorch.abi3.so)
frame #7: <unknown function> + 0x279d92 (0x7ffe8ae7ad92 in /workspace/vllm/vllm/_C_stable_libtorch.abi3.so)
frame #8: <unknown function> + 0x571f (0x7ffff7fca71f in /lib64/ld-linux-x86-64.so.2)
frame #9: <unknown function> + 0x5824 (0x7ffff7fca824 in /lib64/ld-linux-x86-64.so.2)
frame #10: _dl_catch_exception + 0x132 (0x7ffff7fc65b2 in /lib64/ld-linux-x86-64.so.2)
frame #11: <unknown function> + 0xcd7c (0x7ffff7fd1d7c in /lib64/ld-linux-x86-64.so.2)
frame #12: _dl_catch_exception + 0x9c (0x7ffff7fc651c in /lib64/ld-linux-x86-64.so.2)
frame #13: <unknown function> + 0xd164 (0x7ffff7fd2164 in /lib64/ld-linux-x86-64.so.2)
frame #14: <unknown function> + 0x981a4 (0x7ffff7d0c1a4 in /usr/lib/x86_64-linux-gnu/libc.so.6)
frame #15: _dl_catch_exception + 0x9c (0x7ffff7fc651c in /lib64/ld-linux-x86-64.so.2)
frame #16: <unknown function> + 0x1669 (0x7ffff7fc6669 in /lib64/ld-linux-x86-64.so.2)
frame #17: <unknown function> + 0x97c83 (0x7ffff7d0bc83 in /usr/lib/x86_64-linux-gnu/libc.so.6)
frame #18: dlopen + 0x6f (0x7ffff7d0c25f in /usr/lib/x86_64-linux-gnu/libc.so.6)
frame #19: /workspace/vllm/.venv/bin/python() [0x6bc36c]
frame #20: /workspace/vllm/.venv/bin/python() [0x6a946a]
frame #21: /workspace/vllm/.venv/bin/python() [0x6a8bf2]
frame #22: /workspace/vllm/.venv/bin/python() [0x581f37]
frame #23: _PyEval_EvalFrameDefault + 0x4c3a (0x5db0ba in /workspace/vllm/.venv/bin/python)
frame #24: /workspace/vllm/.venv/bin/python() [0x549d47]
frame #25: PyObject_CallMethodObjArgs + 0xe3 (0x54b5c3 in /workspace/vllm/.venv/bin/python)
frame #26: PyImport_ImportModuleLevelObject + 0x395 (0x5fd805 in /workspace/vllm/.venv/bin/python)
frame #27: _PyEval_EvalFrameDefault + 0x5eee (0x5dc36e in /workspace/vllm/.venv/bin/python)
frame #28: PyEval_EvalCode + 0x15b (0x5d543b in /workspace/vllm/.venv/bin/python)
frame #29: /workspace/vllm/.venv/bin/python() [0x5d322c]
frame #30: /workspace/vllm/.venv/bin/python() [0x581d1d]
frame #31: _PyEval_EvalFrameDefault + 0x4c3a (0x5db0ba in /workspace/vllm/.venv/bin/python)
frame #32: PyObject_CallOneArg + 0x4d (0x54a65d in /workspace/vllm/.venv/bin/python)
frame #33: /workspace/vllm/.venv/bin/python() [0x582e84]
frame #34: _PyObject_LookupAttr + 0x7a (0x584bea in /workspace/vllm/.venv/bin/python)
frame #35: /workspace/vllm/.venv/bin/python() [0x5d2b8a]
frame #36: _PyEval_EvalFrameDefault + 0x207d (0x5d84fd in /workspace/vllm/.venv/bin/python)
frame #37: /workspace/vllm/.venv/bin/python() [0x549d47]
frame #38: PyObject_CallMethodObjArgs + 0xe3 (0x54b5c3 in /workspace/vllm/.venv/bin/python)
frame #39: PyImport_ImportModuleLevelObject + 0x5eb (0x5fda5b in /workspace/vllm/.venv/bin/python)
frame #40: _PyEval_EvalFrameDefault + 0x5eee (0x5dc36e in /workspace/vllm/.venv/bin/python)
frame #41: PyEval_EvalCode + 0x15b (0x5d543b in /workspace/vllm/.venv/bin/python)
frame #42: /workspace/vllm/.venv/bin/python() [0x5d322c]
frame #43: /workspace/vllm/.venv/bin/python() [0x581d1d]
frame #44: _PyEval_EvalFrameDefault + 0x4c3a (0x5db0ba in /workspace/vllm/.venv/bin/python)
frame #45: /workspace/vllm/.venv/bin/python() [0x549d47]
frame #46: PyObject_CallMethodObjArgs + 0xe3 (0x54b5c3 in /workspace/vllm/.venv/bin/python)
frame #47: PyImport_ImportModuleLevelObject + 0x395 (0x5fd805 in /workspace/vllm/.venv/bin/python)
frame #48: _PyEval_EvalFrameDefault + 0x5eee (0x5dc36e in /workspace/vllm/.venv/bin/python)
frame #49: PyEval_EvalCode + 0x15b (0x5d543b in /workspace/vllm/.venv/bin/python)
frame #50: /workspace/vllm/.venv/bin/python() [0x5d322c]
frame #51: /workspace/vllm/.venv/bin/python() [0x581d1d]
frame #52: _PyEval_EvalFrameDefault + 0x4c3a (0x5db0ba in /workspace/vllm/.venv/bin/python)
frame #53: /workspace/vllm/.venv/bin/python() [0x549d47]
frame #54: PyObject_CallMethodObjArgs + 0xe3 (0x54b5c3 in /workspace/vllm/.venv/bin/python)
frame #55: PyImport_ImportModuleLevelObject + 0x395 (0x5fd805 in /workspace/vllm/.venv/bin/python)
frame #56: _PyEval_EvalFrameDefault + 0x5eee (0x5dc36e in /workspace/vllm/.venv/bin/python)
frame #57: PyEval_EvalCode + 0x15b (0x5d543b in /workspace/vllm/.venv/bin/python)
frame #58: /workspace/vllm/.venv/bin/python() [0x5d322c]
frame #59: /workspace/vllm/.venv/bin/python() [0x581d1d]
frame #60: _PyEval_EvalFrameDefault + 0x4c3a (0x5db0ba in /workspace/vllm/.venv/bin/python)
frame #61: /workspace/vllm/.venv/bin/python() [0x549d47]
frame #62: PyObject_CallMethodObjArgs + 0xe3 (0x54b5c3 in /workspace/vllm/.venv/bin/python)

[E709 13:22:20.590751212 shim_common.cpp:1458] Exception in aoti_torch: Tried to register an operator (_C::persistent_masked_m_silu_mul_quant(Tensor input, Tensor counts, Tensor($0! -> ) y_q, Tensor($1! -> ) y_s, bool use_ue8m0) -> ()) with the same name and overload name multiple times. Each overload's schema should only be registered with a single call to def(). Duplicate registration: registered at /workspace/csrc/libtorch_stable/torch_bindings.cpp:10. Original registration: registered at /workspace/csrc/torch_bindings.cpp:21
Exception raised from registerDef at /pytorch/aten/src/ATen/core/dispatch/Dispatcher.cpp:248 (most recent call first):
frame #0: c10::Error::Error(c10::SourceLocation, std::__cxx11::basic_string<char, std::char_traits<char>, std::allocator<char> >) + 0x9d (0x7ffff6b7205d in /workspace/vllm/.venv/lib/python3.12/site-packages/torch/lib/libc10.so)
frame #1: c10::detail::torchCheckFail(char const*, char const*, unsigned int, std::__cxx11::basic_string<char, std::char_traits<char>, std::allocator<char> > const&) + 0xc3 (0x7ffff6b066fd in /workspace/vllm/.venv/lib/python3.12/site-packages/torch/lib/libc10.so)
frame #2: c10::Dispatcher::registerDef(c10::FunctionSchema, std::__cxx11::basic_string<char, std::char_traits<char>, std::allocator<char> >, std::vector<at::Tag, std::allocator<at::Tag> >) + 0x35e (0x7fff0e6811fe in /workspace/vllm/.venv/lib/python3.12/site-packages/torch/lib/libtorch_cpu.so)
frame #3: torch::Library::_def(c10::FunctionSchema&&, c10::OperatorName*, std::vector<at::Tag, std::allocator<at::Tag> > const&, torch::_RegisterOrVerify) & + 0x514 (0x7fff0e6c2254 in /workspace/vllm/.venv/lib/python3.12/site-packages/torch/lib/libtorch_cpu.so)
frame #4: aoti_torch_library_def + 0x99 (0x7fff128d45b9 in /workspace/vllm/.venv/lib/python3.12/site-packages/torch/lib/libtorch_cpu.so)
frame #5: <unknown function> + 0x2bdaf1 (0x7ffe8aebeaf1 in /workspace/vllm/vllm/_C_stable_libtorch.abi3.so)
frame #6: <unknown function> + 0x2bf0ce (0x7ffe8aec00ce in /workspace/vllm/vllm/_C_stable_libtorch.abi3.so)
frame #7: <unknown function> + 0x279d92 (0x7ffe8ae7ad92 in /workspace/vllm/vllm/_C_stable_libtorch.abi3.so)
frame #8: <unknown function> + 0x571f (0x7ffff7fca71f in /lib64/ld-linux-x86-64.so.2)
frame #9: <unknown function> + 0x5824 (0x7ffff7fca824 in /lib64/ld-linux-x86-64.so.2)
frame #10: _dl_catch_exception + 0x132 (0x7ffff7fc65b2 in /lib64/ld-linux-x86-64.so.2)
frame #11: <unknown function> + 0xcd7c (0x7ffff7fd1d7c in /lib64/ld-linux-x86-64.so.2)
frame #12: _dl_catch_exception + 0x9c (0x7ffff7fc651c in /lib64/ld-linux-x86-64.so.2)
frame #13: <unknown function> + 0xd164 (0x7ffff7fd2164 in /lib64/ld-linux-x86-64.so.2)
frame #14: <unknown function> + 0x981a4 (0x7ffff7d0c1a4 in /usr/lib/x86_64-linux-gnu/libc.so.6)
frame #15: _dl_catch_exception + 0x9c (0x7ffff7fc651c in /lib64/ld-linux-x86-64.so.2)
frame #16: <unknown function> + 0x1669 (0x7ffff7fc6669 in /lib64/ld-linux-x86-64.so.2)
frame #17: <unknown function> + 0x97c83 (0x7ffff7d0bc83 in /usr/lib/x86_64-linux-gnu/libc.so.6)
frame #18: dlopen + 0x6f (0x7ffff7d0c25f in /usr/lib/x86_64-linux-gnu/libc.so.6)
frame #19: /workspace/vllm/.venv/bin/python() [0x6bc36c]
frame #20: /workspace/vllm/.venv/bin/python() [0x6a946a]
frame #21: /workspace/vllm/.venv/bin/python() [0x6a8bf2]
frame #22: /workspace/vllm/.venv/bin/python() [0x581f37]
frame #23: _PyEval_EvalFrameDefault + 0x4c3a (0x5db0ba in /workspace/vllm/.venv/bin/python)
frame #24: /workspace/vllm/.venv/bin/python() [0x549d47]
frame #25: PyObject_CallMethodObjArgs + 0xe3 (0x54b5c3 in /workspace/vllm/.venv/bin/python)
frame #26: PyImport_ImportModuleLevelObject + 0x395 (0x5fd805 in /workspace/vllm/.venv/bin/python)
frame #27: _PyEval_EvalFrameDefault + 0x5eee (0x5dc36e in /workspace/vllm/.venv/bin/python)
frame #28: PyEval_EvalCode + 0x15b (0x5d543b in /workspace/vllm/.venv/bin/python)
frame #29: /workspace/vllm/.venv/bin/python() [0x5d322c]
frame #30: /workspace/vllm/.venv/bin/python() [0x581d1d]
frame #31: _PyEval_EvalFrameDefault + 0x4c3a (0x5db0ba in /workspace/vllm/.venv/bin/python)
frame #32: PyObject_CallOneArg + 0x4d (0x54a65d in /workspace/vllm/.venv/bin/python)
frame #33: /workspace/vllm/.venv/bin/python() [0x582e84]
frame #34: _PyObject_LookupAttr + 0x7a (0x584bea in /workspace/vllm/.venv/bin/python)
frame #35: /workspace/vllm/.venv/bin/python() [0x5d2b8a]
frame #36: _PyEval_EvalFrameDefault + 0x207d (0x5d84fd in /workspace/vllm/.venv/bin/python)
frame #37: /workspace/vllm/.venv/bin/python() [0x549d47]
frame #38: PyObject_CallMethodObjArgs + 0xe3 (0x54b5c3 in /workspace/vllm/.venv/bin/python)
frame #39: PyImport_ImportModuleLevelObject + 0x5eb (0x5fda5b in /workspace/vllm/.venv/bin/python)
frame #40: _PyEval_EvalFrameDefault + 0x5eee (0x5dc36e in /workspace/vllm/.venv/bin/python)
frame #41: PyEval_EvalCode + 0x15b (0x5d543b in /workspace/vllm/.venv/bin/python)
frame #42: /workspace/vllm/.venv/bin/python() [0x5d322c]
frame #43: /workspace/vllm/.venv/bin/python() [0x581d1d]
frame #44: _PyEval_EvalFrameDefault + 0x4c3a (0x5db0ba in /workspace/vllm/.venv/bin/python)
frame #45: /workspace/vllm/.venv/bin/python() [0x549d47]
frame #46: PyObject_CallMethodObjArgs + 0xe3 (0x54b5c3 in /workspace/vllm/.venv/bin/python)
frame #47: PyImport_ImportModuleLevelObject + 0x395 (0x5fd805 in /workspace/vllm/.venv/bin/python)
frame #48: _PyEval_EvalFrameDefault + 0x5eee (0x5dc36e in /workspace/vllm/.venv/bin/python)
frame #49: PyEval_EvalCode + 0x15b (0x5d543b in /workspace/vllm/.venv/bin/python)
frame #50: /workspace/vllm/.venv/bin/python() [0x5d322c]
frame #51: /workspace/vllm/.venv/bin/python() [0x581d1d]
frame #52: _PyEval_EvalFrameDefault + 0x4c3a (0x5db0ba in /workspace/vllm/.venv/bin/python)
frame #53: /workspace/vllm/.venv/bin/python() [0x549d47]
frame #54: PyObject_CallMethodObjArgs + 0xe3 (0x54b5c3 in /workspace/vllm/.venv/bin/python)
frame #55: PyImport_ImportModuleLevelObject + 0x395 (0x5fd805 in /workspace/vllm/.venv/bin/python)
frame #56: _PyEval_EvalFrameDefault + 0x5eee (0x5dc36e in /workspace/vllm/.venv/bin/python)
frame #57: PyEval_EvalCode + 0x15b (0x5d543b in /workspace/vllm/.venv/bin/python)
frame #58: /workspace/vllm/.venv/bin/python() [0x5d322c]
frame #59: /workspace/vllm/.venv/bin/python() [0x581d1d]
frame #60: _PyEval_EvalFrameDefault + 0x4c3a (0x5db0ba in /workspace/vllm/.venv/bin/python)
frame #61: /workspace/vllm/.venv/bin/python() [0x549d47]
frame #62: PyObject_CallMethodObjArgs + 0xe3 (0x54b5c3 in /workspace/vllm/.venv/bin/python)

[E709 13:22:20.592749126 shim_common.cpp:1458] Exception in aoti_torch: Tried to register an operator (_C::weak_ref_tensor(Tensor input) -> Tensor) with the same name and overload name multiple times. Each overload's schema should only be registered with a single call to def(). Duplicate registration: registered at /workspace/csrc/libtorch_stable/torch_bindings.cpp:10. Original registration: registered at /workspace/csrc/torch_bindings.cpp:21
Exception raised from registerDef at /pytorch/aten/src/ATen/core/dispatch/Dispatcher.cpp:248 (most recent call first):
frame #0: c10::Error::Error(c10::SourceLocation, std::__cxx11::basic_string<char, std::char_traits<char>, std::allocator<char> >) + 0x9d (0x7ffff6b7205d in /workspace/vllm/.venv/lib/python3.12/site-packages/torch/lib/libc10.so)
frame #1: c10::detail::torchCheckFail(char const*, char const*, unsigned int, std::__cxx11::basic_string<char, std::char_traits<char>, std::allocator<char> > const&) + 0xc3 (0x7ffff6b066fd in /workspace/vllm/.venv/lib/python3.12/site-packages/torch/lib/libc10.so)
frame #2: c10::Dispatcher::registerDef(c10::FunctionSchema, std::__cxx11::basic_string<char, std::char_traits<char>, std::allocator<char> >, std::vector<at::Tag, std::allocator<at::Tag> >) + 0x35e (0x7fff0e6811fe in /workspace/vllm/.venv/lib/python3.12/site-packages/torch/lib/libtorch_cpu.so)
frame #3: torch::Library::_def(c10::FunctionSchema&&, c10::OperatorName*, std::vector<at::Tag, std::allocator<at::Tag> > const&, torch::_RegisterOrVerify) & + 0x514 (0x7fff0e6c2254 in /workspace/vllm/.venv/lib/python3.12/site-packages/torch/lib/libtorch_cpu.so)
frame #4: aoti_torch_library_def + 0x99 (0x7fff128d45b9 in /workspace/vllm/.venv/lib/python3.12/site-packages/torch/lib/libtorch_cpu.so)
frame #5: <unknown function> + 0x2bdb00 (0x7ffe8aebeb00 in /workspace/vllm/vllm/_C_stable_libtorch.abi3.so)
frame #6: <unknown function> + 0x2bf0ce (0x7ffe8aec00ce in /workspace/vllm/vllm/_C_stable_libtorch.abi3.so)
frame #7: <unknown function> + 0x279d92 (0x7ffe8ae7ad92 in /workspace/vllm/vllm/_C_stable_libtorch.abi3.so)
frame #8: <unknown function> + 0x571f (0x7ffff7fca71f in /lib64/ld-linux-x86-64.so.2)
frame #9: <unknown function> + 0x5824 (0x7ffff7fca824 in /lib64/ld-linux-x86-64.so.2)
frame #10: _dl_catch_exception + 0x132 (0x7ffff7fc65b2 in /lib64/ld-linux-x86-64.so.2)
frame #11: <unknown function> + 0xcd7c (0x7ffff7fd1d7c in /lib64/ld-linux-x86-64.so.2)
frame #12: _dl_catch_exception + 0x9c (0x7ffff7fc651c in /lib64/ld-linux-x86-64.so.2)
frame #13: <unknown function> + 0xd164 (0x7ffff7fd2164 in /lib64/ld-linux-x86-64.so.2)
frame #14: <unknown function> + 0x981a4 (0x7ffff7d0c1a4 in /usr/lib/x86_64-linux-gnu/libc.so.6)
frame #15: _dl_catch_exception + 0x9c (0x7ffff7fc651c in /lib64/ld-linux-x86-64.so.2)
frame #16: <unknown function> + 0x1669 (0x7ffff7fc6669 in /lib64/ld-linux-x86-64.so.2)
frame #17: <unknown function> + 0x97c83 (0x7ffff7d0bc83 in /usr/lib/x86_64-linux-gnu/libc.so.6)
frame #18: dlopen + 0x6f (0x7ffff7d0c25f in /usr/lib/x86_64-linux-gnu/libc.so.6)
frame #19: /workspace/vllm/.venv/bin/python() [0x6bc36c]
frame #20: /workspace/vllm/.venv/bin/python() [0x6a946a]
frame #21: /workspace/vllm/.venv/bin/python() [0x6a8bf2]
frame #22: /workspace/vllm/.venv/bin/python() [0x581f37]
frame #23: _PyEval_EvalFrameDefault + 0x4c3a (0x5db0ba in /workspace/vllm/.venv/bin/python)
frame #24: /workspace/vllm/.venv/bin/python() [0x549d47]
frame #25: PyObject_CallMethodObjArgs + 0xe3 (0x54b5c3 in /workspace/vllm/.venv/bin/python)
frame #26: PyImport_ImportModuleLevelObject + 0x395 (0x5fd805 in /workspace/vllm/.venv/bin/python)
frame #27: _PyEval_EvalFrameDefault + 0x5eee (0x5dc36e in /workspace/vllm/.venv/bin/python)
frame #28: PyEval_EvalCode + 0x15b (0x5d543b in /workspace/vllm/.venv/bin/python)
frame #29: /workspace/vllm/.venv/bin/python() [0x5d322c]
frame #30: /workspace/vllm/.venv/bin/python() [0x581d1d]
frame #31: _PyEval_EvalFrameDefault + 0x4c3a (0x5db0ba in /workspace/vllm/.venv/bin/python)
frame #32: PyObject_CallOneArg + 0x4d (0x54a65d in /workspace/vllm/.venv/bin/python)
frame #33: /workspace/vllm/.venv/bin/python() [0x582e84]
frame #34: _PyObject_LookupAttr + 0x7a (0x584bea in /workspace/vllm/.venv/bin/python)
frame #35: /workspace/vllm/.venv/bin/python() [0x5d2b8a]
frame #36: _PyEval_EvalFrameDefault + 0x207d (0x5d84fd in /workspace/vllm/.venv/bin/python)
frame #37: /workspace/vllm/.venv/bin/python() [0x549d47]
frame #38: PyObject_CallMethodObjArgs + 0xe3 (0x54b5c3 in /workspace/vllm/.venv/bin/python)
frame #39: PyImport_ImportModuleLevelObject + 0x5eb (0x5fda5b in /workspace/vllm/.venv/bin/python)
frame #40: _PyEval_EvalFrameDefault + 0x5eee (0x5dc36e in /workspace/vllm/.venv/bin/python)
frame #41: PyEval_EvalCode + 0x15b (0x5d543b in /workspace/vllm/.venv/bin/python)
frame #42: /workspace/vllm/.venv/bin/python() [0x5d322c]
frame #43: /workspace/vllm/.venv/bin/python() [0x581d1d]
frame #44: _PyEval_EvalFrameDefault + 0x4c3a (0x5db0ba in /workspace/vllm/.venv/bin/python)
frame #45: /workspace/vllm/.venv/bin/python() [0x549d47]
frame #46: PyObject_CallMethodObjArgs + 0xe3 (0x54b5c3 in /workspace/vllm/.venv/bin/python)
frame #47: PyImport_ImportModuleLevelObject + 0x395 (0x5fd805 in /workspace/vllm/.venv/bin/python)
frame #48: _PyEval_EvalFrameDefault + 0x5eee (0x5dc36e in /workspace/vllm/.venv/bin/python)
frame #49: PyEval_EvalCode + 0x15b (0x5d543b in /workspace/vllm/.venv/bin/python)
frame #50: /workspace/vllm/.venv/bin/python() [0x5d322c]
frame #51: /workspace/vllm/.venv/bin/python() [0x581d1d]
frame #52: _PyEval_EvalFrameDefault + 0x4c3a (0x5db0ba in /workspace/vllm/.venv/bin/python)
frame #53: /workspace/vllm/.venv/bin/python() [0x549d47]
frame #54: PyObject_CallMethodObjArgs + 0xe3 (0x54b5c3 in /workspace/vllm/.venv/bin/python)
frame #55: PyImport_ImportModuleLevelObject + 0x395 (0x5fd805 in /workspace/vllm/.venv/bin/python)
frame #56: _PyEval_EvalFrameDefault + 0x5eee (0x5dc36e in /workspace/vllm/.venv/bin/python)
frame #57: PyEval_EvalCode + 0x15b (0x5d543b in /workspace/vllm/.venv/bin/python)
frame #58: /workspace/vllm/.venv/bin/python() [0x5d322c]
frame #59: /workspace/vllm/.venv/bin/python() [0x581d1d]
frame #60: _PyEval_EvalFrameDefault + 0x4c3a (0x5db0ba in /workspace/vllm/.venv/bin/python)
frame #61: /workspace/vllm/.venv/bin/python() [0x549d47]
frame #62: PyObject_CallMethodObjArgs + 0xe3 (0x54b5c3 in /workspace/vllm/.venv/bin/python)

[E709 13:22:20.592706284 shim_common.cpp:1458] Exception in aoti_torch: Tried to register an operator (_C::persistent_masked_m_silu_mul_quant(Tensor input, Tensor counts, Tensor($0! -> ) y_q, Tensor($1! -> ) y_s, bool use_ue8m0) -> ()) with the same name and overload name multiple times. Each overload's schema should only be registered with a single call to def(). Duplicate registration: registered at /workspace/csrc/libtorch_stable/torch_bindings.cpp:10. Original registration: registered at /workspace/csrc/torch_bindings.cpp:21
Exception raised from registerDef at /pytorch/aten/src/ATen/core/dispatch/Dispatcher.cpp:248 (most recent call first):
frame #0: c10::Error::Error(c10::SourceLocation, std::__cxx11::basic_string<char, std::char_traits<char>, std::allocator<char> >) + 0x9d (0x7ffff6b7205d in /workspace/vllm/.venv/lib/python3.12/site-packages/torch/lib/libc10.so)
frame #1: c10::detail::torchCheckFail(char const*, char const*, unsigned int, std::__cxx11::basic_string<char, std::char_traits<char>, std::allocator<char> > const&) + 0xc3 (0x7ffff6b066fd in /workspace/vllm/.venv/lib/python3.12/site-packages/torch/lib/libc10.so)
frame #2: c10::Dispatcher::registerDef(c10::FunctionSchema, std::__cxx11::basic_string<char, std::char_traits<char>, std::allocator<char> >, std::vector<at::Tag, std::allocator<at::Tag> >) + 0x35e (0x7fff0e6811fe in /workspace/vllm/.venv/lib/python3.12/site-packages/torch/lib/libtorch_cpu.so)
frame #3: torch::Library::_def(c10::FunctionSchema&&, c10::OperatorName*, std::vector<at::Tag, std::allocator<at::Tag> > const&, torch::_RegisterOrVerify) & + 0x514 (0x7fff0e6c2254 in /workspace/vllm/.venv/lib/python3.12/site-packages/torch/lib/libtorch_cpu.so)
frame #4: aoti_torch_library_def + 0x99 (0x7fff128d45b9 in /workspace/vllm/.venv/lib/python3.12/site-packages/torch/lib/libtorch_cpu.so)
frame #5: <unknown function> + 0x2bdaf1 (0x7ffe8aebeaf1 in /workspace/vllm/vllm/_C_stable_libtorch.abi3.so)
frame #6: <unknown function> + 0x2bf0ce (0x7ffe8aec00ce in /workspace/vllm/vllm/_C_stable_libtorch.abi3.so)
frame #7: <unknown function> + 0x279d92 (0x7ffe8ae7ad92 in /workspace/vllm/vllm/_C_stable_libtorch.abi3.so)
frame #8: <unknown function> + 0x571f (0x7ffff7fca71f in /lib64/ld-linux-x86-64.so.2)
frame #9: <unknown function> + 0x5824 (0x7ffff7fca824 in /lib64/ld-linux-x86-64.so.2)
frame #10: _dl_catch_exception + 0x132 (0x7ffff7fc65b2 in /lib64/ld-linux-x86-64.so.2)
frame #11: <unknown function> + 0xcd7c (0x7ffff7fd1d7c in /lib64/ld-linux-x86-64.so.2)
frame #12: _dl_catch_exception + 0x9c (0x7ffff7fc651c in /lib64/ld-linux-x86-64.so.2)
frame #13: <unknown function> + 0xd164 (0x7ffff7fd2164 in /lib64/ld-linux-x86-64.so.2)
frame #14: <unknown function> + 0x981a4 (0x7ffff7d0c1a4 in /usr/lib/x86_64-linux-gnu/libc.so.6)
frame #15: _dl_catch_exception + 0x9c (0x7ffff7fc651c in /lib64/ld-linux-x86-64.so.2)
frame #16: <unknown function> + 0x1669 (0x7ffff7fc6669 in /lib64/ld-linux-x86-64.so.2)
frame #17: <unknown function> + 0x97c83 (0x7ffff7d0bc83 in /usr/lib/x86_64-linux-gnu/libc.so.6)
frame #18: dlopen + 0x6f (0x7ffff7d0c25f in /usr/lib/x86_64-linux-gnu/libc.so.6)
frame #19: /workspace/vllm/.venv/bin/python() [0x6bc36c]
frame #20: /workspace/vllm/.venv/bin/python() [0x6a946a]
frame #21: /workspace/vllm/.venv/bin/python() [0x6a8bf2]
frame #22: /workspace/vllm/.venv/bin/python() [0x581f37]
frame #23: _PyEval_EvalFrameDefault + 0x4c3a (0x5db0ba in /workspace/vllm/.venv/bin/python)
frame #24: /workspace/vllm/.venv/bin/python() [0x549d47]
frame #25: PyObject_CallMethodObjArgs + 0xe3 (0x54b5c3 in /workspace/vllm/.venv/bin/python)
frame #26: PyImport_ImportModuleLevelObject + 0x395 (0x5fd805 in /workspace/vllm/.venv/bin/python)
frame #27: _PyEval_EvalFrameDefault + 0x5eee (0x5dc36e in /workspace/vllm/.venv/bin/python)
frame #28: PyEval_EvalCode + 0x15b (0x5d543b in /workspace/vllm/.venv/bin/python)
frame #29: /workspace/vllm/.venv/bin/python() [0x5d322c]
frame #30: /workspace/vllm/.venv/bin/python() [0x581d1d]
frame #31: _PyEval_EvalFrameDefault + 0x4c3a (0x5db0ba in /workspace/vllm/.venv/bin/python)
frame #32: PyObject_CallOneArg + 0x4d (0x54a65d in /workspace/vllm/.venv/bin/python)
frame #33: /workspace/vllm/.venv/bin/python() [0x582e84]
frame #34: _PyObject_LookupAttr + 0x7a (0x584bea in /workspace/vllm/.venv/bin/python)
frame #35: /workspace/vllm/.venv/bin/python() [0x5d2b8a]
frame #36: _PyEval_EvalFrameDefault + 0x207d (0x5d84fd in /workspace/vllm/.venv/bin/python)
frame #37: /workspace/vllm/.venv/bin/python() [0x549d47]
frame #38: PyObject_CallMethodObjArgs + 0xe3 (0x54b5c3 in /workspace/vllm/.venv/bin/python)
frame #39: PyImport_ImportModuleLevelObject + 0x5eb (0x5fda5b in /workspace/vllm/.venv/bin/python)
frame #40: _PyEval_EvalFrameDefault + 0x5eee (0x5dc36e in /workspace/vllm/.venv/bin/python)
frame #41: PyEval_EvalCode + 0x15b (0x5d543b in /workspace/vllm/.venv/bin/python)
frame #42: /workspace/vllm/.venv/bin/python() [0x5d322c]
frame #43: /workspace/vllm/.venv/bin/python() [0x581d1d]
frame #44: _PyEval_EvalFrameDefault + 0x4c3a (0x5db0ba in /workspace/vllm/.venv/bin/python)
frame #45: /workspace/vllm/.venv/bin/python() [0x549d47]
frame #46: PyObject_CallMethodObjArgs + 0xe3 (0x54b5c3 in /workspace/vllm/.venv/bin/python)
frame #47: PyImport_ImportModuleLevelObject + 0x395 (0x5fd805 in /workspace/vllm/.venv/bin/python)
frame #48: _PyEval_EvalFrameDefault + 0x5eee (0x5dc36e in /workspace/vllm/.venv/bin/python)
frame #49: PyEval_EvalCode + 0x15b (0x5d543b in /workspace/vllm/.venv/bin/python)
frame #50: /workspace/vllm/.venv/bin/python() [0x5d322c]
frame #51: /workspace/vllm/.venv/bin/python() [0x581d1d]
frame #52: _PyEval_EvalFrameDefault + 0x4c3a (0x5db0ba in /workspace/vllm/.venv/bin/python)
frame #53: /workspace/vllm/.venv/bin/python() [0x549d47]
frame #54: PyObject_CallMethodObjArgs + 0xe3 (0x54b5c3 in /workspace/vllm/.venv/bin/python)
frame #55: PyImport_ImportModuleLevelObject + 0x395 (0x5fd805 in /workspace/vllm/.venv/bin/python)
frame #56: _PyEval_EvalFrameDefault + 0x5eee (0x5dc36e in /workspace/vllm/.venv/bin/python)
frame #57: PyEval_EvalCode + 0x15b (0x5d543b in /workspace/vllm/.venv/bin/python)
frame #58: /workspace/vllm/.venv/bin/python() [0x5d322c]
frame #59: /workspace/vllm/.venv/bin/python() [0x581d1d]
frame #60: _PyEval_EvalFrameDefault + 0x4c3a (0x5db0ba in /workspace/vllm/.venv/bin/python)
frame #61: /workspace/vllm/.venv/bin/python() [0x549d47]
frame #62: PyObject_CallMethodObjArgs + 0xe3 (0x54b5c3 in /workspace/vllm/.venv/bin/python)

[E709 13:22:20.592722447 shim_common.cpp:1458] Exception in aoti_torch: Tried to register an operator (_C::weak_ref_tensor(Tensor input) -> Tensor) with the same name and overload name multiple times. Each overload's schema should only be registered with a single call to def(). Duplicate registration: registered at /workspace/csrc/libtorch_stable/torch_bindings.cpp:10. Original registration: registered at /workspace/csrc/torch_bindings.cpp:21
Exception raised from registerDef at /pytorch/aten/src/ATen/core/dispatch/Dispatcher.cpp:248 (most recent call first):
frame #0: c10::Error::Error(c10::SourceLocation, std::__cxx11::basic_string<char, std::char_traits<char>, std::allocator<char> >) + 0x9d (0x7ffff6b7205d in /workspace/vllm/.venv/lib/python3.12/site-packages/torch/lib/libc10.so)
frame #1: c10::detail::torchCheckFail(char const*, char const*, unsigned int, std::__cxx11::basic_string<char, std::char_traits<char>, std::allocator<char> > const&) + 0xc3 (0x7ffff6b066fd in /workspace/vllm/.venv/lib/python3.12/site-packages/torch/lib/libc10.so)
frame #2: c10::Dispatcher::registerDef(c10::FunctionSchema, std::__cxx11::basic_string<char, std::char_traits<char>, std::allocator<char> >, std::vector<at::Tag, std::allocator<at::Tag> >) + 0x35e (0x7fff0e6811fe in /workspace/vllm/.venv/lib/python3.12/site-packages/torch/lib/libtorch_cpu.so)
frame #3: torch::Library::_def(c10::FunctionSchema&&, c10::OperatorName*, std::vector<at::Tag, std::allocator<at::Tag> > const&, torch::_RegisterOrVerify) & + 0x514 (0x7fff0e6c2254 in /workspace/vllm/.venv/lib/python3.12/site-packages/torch/lib/libtorch_cpu.so)
frame #4: aoti_torch_library_def + 0x99 (0x7fff128d45b9 in /workspace/vllm/.venv/lib/python3.12/site-packages/torch/lib/libtorch_cpu.so)
frame #5: <unknown function> + 0x2bdb00 (0x7ffe8aebeb00 in /workspace/vllm/vllm/_C_stable_libtorch.abi3.so)
frame #6: <unknown function> + 0x2bf0ce (0x7ffe8aec00ce in /workspace/vllm/vllm/_C_stable_libtorch.abi3.so)
frame #7: <unknown function> + 0x279d92 (0x7ffe8ae7ad92 in /workspace/vllm/vllm/_C_stable_libtorch.abi3.so)
frame #8: <unknown function> + 0x571f (0x7ffff7fca71f in /lib64/ld-linux-x86-64.so.2)
frame #9: <unknown function> + 0x5824 (0x7ffff7fca824 in /lib64/ld-linux-x86-64.so.2)
frame #10: _dl_catch_exception + 0x132 (0x7ffff7fc65b2 in /lib64/ld-linux-x86-64.so.2)
frame #11: <unknown function> + 0xcd7c (0x7ffff7fd1d7c in /lib64/ld-linux-x86-64.so.2)
frame #12: _dl_catch_exception + 0x9c (0x7ffff7fc651c in /lib64/ld-linux-x86-64.so.2)
frame #13: <unknown function> + 0xd164 (0x7ffff7fd2164 in /lib64/ld-linux-x86-64.so.2)
frame #14: <unknown function> + 0x981a4 (0x7ffff7d0c1a4 in /usr/lib/x86_64-linux-gnu/libc.so.6)
frame #15: _dl_catch_exception + 0x9c (0x7ffff7fc651c in /lib64/ld-linux-x86-64.so.2)
frame #16: <unknown function> + 0x1669 (0x7ffff7fc6669 in /lib64/ld-linux-x86-64.so.2)
frame #17: <unknown function> + 0x97c83 (0x7ffff7d0bc83 in /usr/lib/x86_64-linux-gnu/libc.so.6)
frame #18: dlopen + 0x6f (0x7ffff7d0c25f in /usr/lib/x86_64-linux-gnu/libc.so.6)
frame #19: /workspace/vllm/.venv/bin/python() [0x6bc36c]
frame #20: /workspace/vllm/.venv/bin/python() [0x6a946a]
frame #21: /workspace/vllm/.venv/bin/python() [0x6a8bf2]
frame #22: /workspace/vllm/.venv/bin/python() [0x581f37]
frame #23: _PyEval_EvalFrameDefault + 0x4c3a (0x5db0ba in /workspace/vllm/.venv/bin/python)
frame #24: /workspace/vllm/.venv/bin/python() [0x549d47]
frame #25: PyObject_CallMethodObjArgs + 0xe3 (0x54b5c3 in /workspace/vllm/.venv/bin/python)
frame #26: PyImport_ImportModuleLevelObject + 0x395 (0x5fd805 in /workspace/vllm/.venv/bin/python)
frame #27: _PyEval_EvalFrameDefault + 0x5eee (0x5dc36e in /workspace/vllm/.venv/bin/python)
frame #28: PyEval_EvalCode + 0x15b (0x5d543b in /workspace/vllm/.venv/bin/python)
frame #29: /workspace/vllm/.venv/bin/python() [0x5d322c]
frame #30: /workspace/vllm/.venv/bin/python() [0x581d1d]
frame #31: _PyEval_EvalFrameDefault + 0x4c3a (0x5db0ba in /workspace/vllm/.venv/bin/python)
frame #32: PyObject_CallOneArg + 0x4d (0x54a65d in /workspace/vllm/.venv/bin/python)
frame #33: /workspace/vllm/.venv/bin/python() [0x582e84]
frame #34: _PyObject_LookupAttr + 0x7a (0x584bea in /workspace/vllm/.venv/bin/python)
frame #35: /workspace/vllm/.venv/bin/python() [0x5d2b8a]
frame #36: _PyEval_EvalFrameDefault + 0x207d (0x5d84fd in /workspace/vllm/.venv/bin/python)
frame #37: /workspace/vllm/.venv/bin/python() [0x549d47]
frame #38: PyObject_CallMethodObjArgs + 0xe3 (0x54b5c3 in /workspace/vllm/.venv/bin/python)
frame #39: PyImport_ImportModuleLevelObject + 0x5eb (0x5fda5b in /workspace/vllm/.venv/bin/python)
frame #40: _PyEval_EvalFrameDefault + 0x5eee (0x5dc36e in /workspace/vllm/.venv/bin/python)
frame #41: PyEval_EvalCode + 0x15b (0x5d543b in /workspace/vllm/.venv/bin/python)
frame #42: /workspace/vllm/.venv/bin/python() [0x5d322c]
frame #43: /workspace/vllm/.venv/bin/python() [0x581d1d]
frame #44: _PyEval_EvalFrameDefault + 0x4c3a (0x5db0ba in /workspace/vllm/.venv/bin/python)
frame #45: /workspace/vllm/.venv/bin/python() [0x549d47]
frame #46: PyObject_CallMethodObjArgs + 0xe3 (0x54b5c3 in /workspace/vllm/.venv/bin/python)
frame #47: PyImport_ImportModuleLevelObject + 0x395 (0x5fd805 in /workspace/vllm/.venv/bin/python)
frame #48: _PyEval_EvalFrameDefault + 0x5eee (0x5dc36e in /workspace/vllm/.venv/bin/python)
frame #49: PyEval_EvalCode + 0x15b (0x5d543b in /workspace/vllm/.venv/bin/python)
frame #50: /workspace/vllm/.venv/bin/python() [0x5d322c]
frame #51: /workspace/vllm/.venv/bin/python() [0x581d1d]
frame #52: _PyEval_EvalFrameDefault + 0x4c3a (0x5db0ba in /workspace/vllm/.venv/bin/python)
frame #53: /workspace/vllm/.venv/bin/python() [0x549d47]
frame #54: PyObject_CallMethodObjArgs + 0xe3 (0x54b5c3 in /workspace/vllm/.venv/bin/python)
frame #55: PyImport_ImportModuleLevelObject + 0x395 (0x5fd805 in /workspace/vllm/.venv/bin/python)
frame #56: _PyEval_EvalFrameDefault + 0x5eee (0x5dc36e in /workspace/vllm/.venv/bin/python)
frame #57: PyEval_EvalCode + 0x15b (0x5d543b in /workspace/vllm/.venv/bin/python)
frame #58: /workspace/vllm/.venv/bin/python() [0x5d322c]
frame #59: /workspace/vllm/.venv/bin/python() [0x581d1d]
frame #60: _PyEval_EvalFrameDefault + 0x4c3a (0x5db0ba in /workspace/vllm/.venv/bin/python)
frame #61: /workspace/vllm/.venv/bin/python() [0x549d47]
frame #62: PyObject_CallMethodObjArgs + 0xe3 (0x54b5c3 in /workspace/vllm/.venv/bin/python)

[E709 13:22:20.592759198 shim_common.cpp:1458] Exception in aoti_torch: Tried to register an operator (_C::weak_ref_tensor(Tensor input) -> Tensor) with the same name and overload name multiple times. Each overload's schema should only be registered with a single call to def(). Duplicate registration: registered at /workspace/csrc/libtorch_stable/torch_bindings.cpp:10. Original registration: registered at /workspace/csrc/torch_bindings.cpp:21
Exception raised from registerDef at /pytorch/aten/src/ATen/core/dispatch/Dispatcher.cpp:248 (most recent call first):
frame #0: c10::Error::Error(c10::SourceLocation, std::__cxx11::basic_string<char, std::char_traits<char>, std::allocator<char> >) + 0x9d (0x7ffff6b7205d in /workspace/vllm/.venv/lib/python3.12/site-packages/torch/lib/libc10.so)
frame #1: c10::detail::torchCheckFail(char const*, char const*, unsigned int, std::__cxx11::basic_string<char, std::char_traits<char>, std::allocator<char> > const&) + 0xc3 (0x7ffff6b066fd in /workspace/vllm/.venv/lib/python3.12/site-packages/torch/lib/libc10.so)
frame #2: c10::Dispatcher::registerDef(c10::FunctionSchema, std::__cxx11::basic_string<char, std::char_traits<char>, std::allocator<char> >, std::vector<at::Tag, std::allocator<at::Tag> >) + 0x35e (0x7fff0e6811fe in /workspace/vllm/.venv/lib/python3.12/site-packages/torch/lib/libtorch_cpu.so)
frame #3: torch::Library::_def(c10::FunctionSchema&&, c10::OperatorName*, std::vector<at::Tag, std::allocator<at::Tag> > const&, torch::_RegisterOrVerify) & + 0x514 (0x7fff0e6c2254 in /workspace/vllm/.venv/lib/python3.12/site-packages/torch/lib/libtorch_cpu.so)
frame #4: aoti_torch_library_def + 0x99 (0x7fff128d45b9 in /workspace/vllm/.venv/lib/python3.12/site-packages/torch/lib/libtorch_cpu.so)
frame #5: <unknown function> + 0x2bdb00 (0x7ffe8aebeb00 in /workspace/vllm/vllm/_C_stable_libtorch.abi3.so)
frame #6: <unknown function> + 0x2bf0ce (0x7ffe8aec00ce in /workspace/vllm/vllm/_C_stable_libtorch.abi3.so)
frame #7: <unknown function> + 0x279d92 (0x7ffe8ae7ad92 in /workspace/vllm/vllm/_C_stable_libtorch.abi3.so)
frame #8: <unknown function> + 0x571f (0x7ffff7fca71f in /lib64/ld-linux-x86-64.so.2)
frame #9: <unknown function> + 0x5824 (0x7ffff7fca824 in /lib64/ld-linux-x86-64.so.2)
frame #10: _dl_catch_exception + 0x132 (0x7ffff7fc65b2 in /lib64/ld-linux-x86-64.so.2)
frame #11: <unknown function> + 0xcd7c (0x7ffff7fd1d7c in /lib64/ld-linux-x86-64.so.2)
frame #12: _dl_catch_exception + 0x9c (0x7ffff7fc651c in /lib64/ld-linux-x86-64.so.2)
frame #13: <unknown function> + 0xd164 (0x7ffff7fd2164 in /lib64/ld-linux-x86-64.so.2)
frame #14: <unknown function> + 0x981a4 (0x7ffff7d0c1a4 in /usr/lib/x86_64-linux-gnu/libc.so.6)
frame #15: _dl_catch_exception + 0x9c (0x7ffff7fc651c in /lib64/ld-linux-x86-64.so.2)
frame #16: <unknown function> + 0x1669 (0x7ffff7fc6669 in /lib64/ld-linux-x86-64.so.2)
frame #17: <unknown function> + 0x97c83 (0x7ffff7d0bc83 in /usr/lib/x86_64-linux-gnu/libc.so.6)
frame #18: dlopen + 0x6f (0x7ffff7d0c25f in /usr/lib/x86_64-linux-gnu/libc.so.6)
frame #19: /workspace/vllm/.venv/bin/python() [0x6bc36c]
frame #20: /workspace/vllm/.venv/bin/python() [0x6a946a]
frame #21: /workspace/vllm/.venv/bin/python() [0x6a8bf2]
frame #22: /workspace/vllm/.venv/bin/python() [0x581f37]
frame #23: _PyEval_EvalFrameDefault + 0x4c3a (0x5db0ba in /workspace/vllm/.venv/bin/python)
frame #24: /workspace/vllm/.venv/bin/python() [0x549d47]
frame #25: PyObject_CallMethodObjArgs + 0xe3 (0x54b5c3 in /workspace/vllm/.venv/bin/python)
frame #26: PyImport_ImportModuleLevelObject + 0x395 (0x5fd805 in /workspace/vllm/.venv/bin/python)
frame #27: _PyEval_EvalFrameDefault + 0x5eee (0x5dc36e in /workspace/vllm/.venv/bin/python)
frame #28: PyEval_EvalCode + 0x15b (0x5d543b in /workspace/vllm/.venv/bin/python)
frame #29: /workspace/vllm/.venv/bin/python() [0x5d322c]
frame #30: /workspace/vllm/.venv/bin/python() [0x581d1d]
frame #31: _PyEval_EvalFrameDefault + 0x4c3a (0x5db0ba in /workspace/vllm/.venv/bin/python)
frame #32: PyObject_CallOneArg + 0x4d (0x54a65d in /workspace/vllm/.venv/bin/python)
frame #33: /workspace/vllm/.venv/bin/python() [0x582e84]
frame #34: _PyObject_LookupAttr + 0x7a (0x584bea in /workspace/vllm/.venv/bin/python)
frame #35: /workspace/vllm/.venv/bin/python() [0x5d2b8a]
frame #36: _PyEval_EvalFrameDefault + 0x207d (0x5d84fd in /workspace/vllm/.venv/bin/python)
frame #37: /workspace/vllm/.venv/bin/python() [0x549d47]
frame #38: PyObject_CallMethodObjArgs + 0xe3 (0x54b5c3 in /workspace/vllm/.venv/bin/python)
frame #39: PyImport_ImportModuleLevelObject + 0x5eb (0x5fda5b in /workspace/vllm/.venv/bin/python)
frame #40: _PyEval_EvalFrameDefault + 0x5eee (0x5dc36e in /workspace/vllm/.venv/bin/python)
frame #41: PyEval_EvalCode + 0x15b (0x5d543b in /workspace/vllm/.venv/bin/python)
frame #42: /workspace/vllm/.venv/bin/python() [0x5d322c]
frame #43: /workspace/vllm/.venv/bin/python() [0x581d1d]
frame #44: _PyEval_EvalFrameDefault + 0x4c3a (0x5db0ba in /workspace/vllm/.venv/bin/python)
frame #45: /workspace/vllm/.venv/bin/python() [0x549d47]
frame #46: PyObject_CallMethodObjArgs + 0xe3 (0x54b5c3 in /workspace/vllm/.venv/bin/python)
frame #47: PyImport_ImportModuleLevelObject + 0x395 (0x5fd805 in /workspace/vllm/.venv/bin/python)
frame #48: _PyEval_EvalFrameDefault + 0x5eee (0x5dc36e in /workspace/vllm/.venv/bin/python)
frame #49: PyEval_EvalCode + 0x15b (0x5d543b in /workspace/vllm/.venv/bin/python)
frame #50: /workspace/vllm/.venv/bin/python() [0x5d322c]
frame #51: /workspace/vllm/.venv/bin/python() [0x581d1d]
frame #52: _PyEval_EvalFrameDefault + 0x4c3a (0x5db0ba in /workspace/vllm/.venv/bin/python)
frame #53: /workspace/vllm/.venv/bin/python() [0x549d47]
frame #54: PyObject_CallMethodObjArgs + 0xe3 (0x54b5c3 in /workspace/vllm/.venv/bin/python)
frame #55: PyImport_ImportModuleLevelObject + 0x395 (0x5fd805 in /workspace/vllm/.venv/bin/python)
frame #56: _PyEval_EvalFrameDefault + 0x5eee (0x5dc36e in /workspace/vllm/.venv/bin/python)
frame #57: PyEval_EvalCode + 0x15b (0x5d543b in /workspace/vllm/.venv/bin/python)
frame #58: /workspace/vllm/.venv/bin/python() [0x5d322c]
frame #59: /workspace/vllm/.venv/bin/python() [0x581d1d]
frame #60: _PyEval_EvalFrameDefault + 0x4c3a (0x5db0ba in /workspace/vllm/.venv/bin/python)
frame #61: /workspace/vllm/.venv/bin/python() [0x549d47]
frame #62: PyObject_CallMethodObjArgs + 0xe3 (0x54b5c3 in /workspace/vllm/.venv/bin/python)

[E709 13:22:20.592780364 shim_common.cpp:1458] Exception in aoti_torch: Tried to register an operator (_C::weak_ref_tensor(Tensor input) -> Tensor) with the same name and overload name multiple times. Each overload's schema should only be registered with a single call to def(). Duplicate registration: registered at /workspace/csrc/libtorch_stable/torch_bindings.cpp:10. Original registration: registered at /workspace/csrc/torch_bindings.cpp:21
Exception raised from registerDef at /pytorch/aten/src/ATen/core/dispatch/Dispatcher.cpp:248 (most recent call first):
frame #0: c10::Error::Error(c10::SourceLocation, std::__cxx11::basic_string<char, std::char_traits<char>, std::allocator<char> >) + 0x9d (0x7ffff6b7205d in /workspace/vllm/.venv/lib/python3.12/site-packages/torch/lib/libc10.so)
frame #1: c10::detail::torchCheckFail(char const*, char const*, unsigned int, std::__cxx11::basic_string<char, std::char_traits<char>, std::allocator<char> > const&) + 0xc3 (0x7ffff6b066fd in /workspace/vllm/.venv/lib/python3.12/site-packages/torch/lib/libc10.so)
frame #2: c10::Dispatcher::registerDef(c10::FunctionSchema, std::__cxx11::basic_string<char, std::char_traits<char>, std::allocator<char> >, std::vector<at::Tag, std::allocator<at::Tag> >) + 0x35e (0x7fff0e6811fe in /workspace/vllm/.venv/lib/python3.12/site-packages/torch/lib/libtorch_cpu.so)
frame #3: torch::Library::_def(c10::FunctionSchema&&, c10::OperatorName*, std::vector<at::Tag, std::allocator<at::Tag> > const&, torch::_RegisterOrVerify) & + 0x514 (0x7fff0e6c2254 in /workspace/vllm/.venv/lib/python3.12/site-packages/torch/lib/libtorch_cpu.so)
frame #4: aoti_torch_library_def + 0x99 (0x7fff128d45b9 in /workspace/vllm/.venv/lib/python3.12/site-packages/torch/lib/libtorch_cpu.so)
frame #5: <unknown function> + 0x2bdb00 (0x7ffe8aebeb00 in /workspace/vllm/vllm/_C_stable_libtorch.abi3.so)
frame #6: <unknown function> + 0x2bf0ce (0x7ffe8aec00ce in /workspace/vllm/vllm/_C_stable_libtorch.abi3.so)
frame #7: <unknown function> + 0x279d92 (0x7ffe8ae7ad92 in /workspace/vllm/vllm/_C_stable_libtorch.abi3.so)
frame #8: <unknown function> + 0x571f (0x7ffff7fca71f in /lib64/ld-linux-x86-64.so.2)
frame #9: <unknown function> + 0x5824 (0x7ffff7fca824 in /lib64/ld-linux-x86-64.so.2)
frame #10: _dl_catch_exception + 0x132 (0x7ffff7fc65b2 in /lib64/ld-linux-x86-64.so.2)
frame #11: <unknown function> + 0xcd7c (0x7ffff7fd1d7c in /lib64/ld-linux-x86-64.so.2)
frame #12: _dl_catch_exception + 0x9c (0x7ffff7fc651c in /lib64/ld-linux-x86-64.so.2)
frame #13: <unknown function> + 0xd164 (0x7ffff7fd2164 in /lib64/ld-linux-x86-64.so.2)
frame #14: <unknown function> + 0x981a4 (0x7ffff7d0c1a4 in /usr/lib/x86_64-linux-gnu/libc.so.6)
frame #15: _dl_catch_exception + 0x9c (0x7ffff7fc651c in /lib64/ld-linux-x86-64.so.2)
frame #16: <unknown function> + 0x1669 (0x7ffff7fc6669 in /lib64/ld-linux-x86-64.so.2)
frame #17: <unknown function> + 0x97c83 (0x7ffff7d0bc83 in /usr/lib/x86_64-linux-gnu/libc.so.6)
frame #18: dlopen + 0x6f (0x7ffff7d0c25f in /usr/lib/x86_64-linux-gnu/libc.so.6)
frame #19: /workspace/vllm/.venv/bin/python() [0x6bc36c]
frame #20: /workspace/vllm/.venv/bin/python() [0x6a946a]
frame #21: /workspace/vllm/.venv/bin/python() [0x6a8bf2]
frame #22: /workspace/vllm/.venv/bin/python() [0x581f37]
frame #23: _PyEval_EvalFrameDefault + 0x4c3a (0x5db0ba in /workspace/vllm/.venv/bin/python)
frame #24: /workspace/vllm/.venv/bin/python() [0x549d47]
frame #25: PyObject_CallMethodObjArgs + 0xe3 (0x54b5c3 in /workspace/vllm/.venv/bin/python)
frame #26: PyImport_ImportModuleLevelObject + 0x395 (0x5fd805 in /workspace/vllm/.venv/bin/python)
frame #27: _PyEval_EvalFrameDefault + 0x5eee (0x5dc36e in /workspace/vllm/.venv/bin/python)
frame #28: PyEval_EvalCode + 0x15b (0x5d543b in /workspace/vllm/.venv/bin/python)
frame #29: /workspace/vllm/.venv/bin/python() [0x5d322c]
frame #30: /workspace/vllm/.venv/bin/python() [0x581d1d]
frame #31: _PyEval_EvalFrameDefault + 0x4c3a (0x5db0ba in /workspace/vllm/.venv/bin/python)
frame #32: PyObject_CallOneArg + 0x4d (0x54a65d in /workspace/vllm/.venv/bin/python)
frame #33: /workspace/vllm/.venv/bin/python() [0x582e84]
frame #34: _PyObject_LookupAttr + 0x7a (0x584bea in /workspace/vllm/.venv/bin/python)
frame #35: /workspace/vllm/.venv/bin/python() [0x5d2b8a]
frame #36: _PyEval_EvalFrameDefault + 0x207d (0x5d84fd in /workspace/vllm/.venv/bin/python)
frame #37: /workspace/vllm/.venv/bin/python() [0x549d47]
frame #38: PyObject_CallMethodObjArgs + 0xe3 (0x54b5c3 in /workspace/vllm/.venv/bin/python)
frame #39: PyImport_ImportModuleLevelObject + 0x5eb (0x5fda5b in /workspace/vllm/.venv/bin/python)
frame #40: _PyEval_EvalFrameDefault + 0x5eee (0x5dc36e in /workspace/vllm/.venv/bin/python)
frame #41: PyEval_EvalCode + 0x15b (0x5d543b in /workspace/vllm/.venv/bin/python)
frame #42: /workspace/vllm/.venv/bin/python() [0x5d322c]
frame #43: /workspace/vllm/.venv/bin/python() [0x581d1d]
frame #44: _PyEval_EvalFrameDefault + 0x4c3a (0x5db0ba in /workspace/vllm/.venv/bin/python)
frame #45: /workspace/vllm/.venv/bin/python() [0x549d47]
frame #46: PyObject_CallMethodObjArgs + 0xe3 (0x54b5c3 in /workspace/vllm/.venv/bin/python)
frame #47: PyImport_ImportModuleLevelObject + 0x395 (0x5fd805 in /workspace/vllm/.venv/bin/python)
frame #48: _PyEval_EvalFrameDefault + 0x5eee (0x5dc36e in /workspace/vllm/.venv/bin/python)
frame #49: PyEval_EvalCode + 0x15b (0x5d543b in /workspace/vllm/.venv/bin/python)
frame #50: /workspace/vllm/.venv/bin/python() [0x5d322c]
frame #51: /workspace/vllm/.venv/bin/python() [0x581d1d]
frame #52: _PyEval_EvalFrameDefault + 0x4c3a (0x5db0ba in /workspace/vllm/.venv/bin/python)
frame #53: /workspace/vllm/.venv/bin/python() [0x549d47]
frame #54: PyObject_CallMethodObjArgs + 0xe3 (0x54b5c3 in /workspace/vllm/.venv/bin/python)
frame #55: PyImport_ImportModuleLevelObject + 0x395 (0x5fd805 in /workspace/vllm/.venv/bin/python)
frame #56: _PyEval_EvalFrameDefault + 0x5eee (0x5dc36e in /workspace/vllm/.venv/bin/python)
frame #57: PyEval_EvalCode + 0x15b (0x5d543b in /workspace/vllm/.venv/bin/python)
frame #58: /workspace/vllm/.venv/bin/python() [0x5d322c]
frame #59: /workspace/vllm/.venv/bin/python() [0x581d1d]
frame #60: _PyEval_EvalFrameDefault + 0x4c3a (0x5db0ba in /workspace/vllm/.venv/bin/python)
frame #61: /workspace/vllm/.venv/bin/python() [0x549d47]
frame #62: PyObject_CallMethodObjArgs + 0xe3 (0x54b5c3 in /workspace/vllm/.venv/bin/python)

[E709 13:22:20.594679069 shim_common.cpp:1458] Exception in aoti_torch: Tried to register an operator (_C::weak_ref_tensor(Tensor input) -> Tensor) with the same name and overload name multiple times. Each overload's schema should only be registered with a single call to def(). Duplicate registration: registered at /workspace/csrc/libtorch_stable/torch_bindings.cpp:10. Original registration: registered at /workspace/csrc/torch_bindings.cpp:21
Exception raised from registerDef at /pytorch/aten/src/ATen/core/dispatch/Dispatcher.cpp:248 (most recent call first):
frame #0: c10::Error::Error(c10::SourceLocation, std::__cxx11::basic_string<char, std::char_traits<char>, std::allocator<char> >) + 0x9d (0x7ffff6b7205d in /workspace/vllm/.venv/lib/python3.12/site-packages/torch/lib/libc10.so)
frame #1: c10::detail::torchCheckFail(char const*, char const*, unsigned int, std::__cxx11::basic_string<char, std::char_traits<char>, std::allocator<char> > const&) + 0xc3 (0x7ffff6b066fd in /workspace/vllm/.venv/lib/python3.12/site-packages/torch/lib/libc10.so)
frame #2: c10::Dispatcher::registerDef(c10::FunctionSchema, std::__cxx11::basic_string<char, std::char_traits<char>, std::allocator<char> >, std::vector<at::Tag, std::allocator<at::Tag> >) + 0x35e (0x7fff0e6811fe in /workspace/vllm/.venv/lib/python3.12/site-packages/torch/lib/libtorch_cpu.so)
frame #3: torch::Library::_def(c10::FunctionSchema&&, c10::OperatorName*, std::vector<at::Tag, std::allocator<at::Tag> > const&, torch::_RegisterOrVerify) & + 0x514 (0x7fff0e6c2254 in /workspace/vllm/.venv/lib/python3.12/site-packages/torch/lib/libtorch_cpu.so)
frame #4: aoti_torch_library_def + 0x99 (0x7fff128d45b9 in /workspace/vllm/.venv/lib/python3.12/site-packages/torch/lib/libtorch_cpu.so)
frame #5: <unknown function> + 0x2bdb00 (0x7ffe8aebeb00 in /workspace/vllm/vllm/_C_stable_libtorch.abi3.so)
frame #6: <unknown function> + 0x2bf0ce (0x7ffe8aec00ce in /workspace/vllm/vllm/_C_stable_libtorch.abi3.so)
frame #7: <unknown function> + 0x279d92 (0x7ffe8ae7ad92 in /workspace/vllm/vllm/_C_stable_libtorch.abi3.so)
frame #8: <unknown function> + 0x571f (0x7ffff7fca71f in /lib64/ld-linux-x86-64.so.2)
frame #9: <unknown function> + 0x5824 (0x7ffff7fca824 in /lib64/ld-linux-x86-64.so.2)
frame #10: _dl_catch_exception + 0x132 (0x7ffff7fc65b2 in /lib64/ld-linux-x86-64.so.2)
frame #11: <unknown function> + 0xcd7c (0x7ffff7fd1d7c in /lib64/ld-linux-x86-64.so.2)
frame #12: _dl_catch_exception + 0x9c (0x7ffff7fc651c in /lib64/ld-linux-x86-64.so.2)
frame #13: <unknown function> + 0xd164 (0x7ffff7fd2164 in /lib64/ld-linux-x86-64.so.2)
frame #14: <unknown function> + 0x981a4 (0x7ffff7d0c1a4 in /usr/lib/x86_64-linux-gnu/libc.so.6)
frame #15: _dl_catch_exception + 0x9c (0x7ffff7fc651c in /lib64/ld-linux-x86-64.so.2)
frame #16: <unknown function> + 0x1669 (0x7ffff7fc6669 in /lib64/ld-linux-x86-64.so.2)
frame #17: <unknown function> + 0x97c83 (0x7ffff7d0bc83 in /usr/lib/x86_64-linux-gnu/libc.so.6)
frame #18: dlopen + 0x6f (0x7ffff7d0c25f in /usr/lib/x86_64-linux-gnu/libc.so.6)
frame #19: /workspace/vllm/.venv/bin/python() [0x6bc36c]
frame #20: /workspace/vllm/.venv/bin/python() [0x6a946a]
frame #21: /workspace/vllm/.venv/bin/python() [0x6a8bf2]
frame #22: /workspace/vllm/.venv/bin/python() [0x581f37]
frame #23: _PyEval_EvalFrameDefault + 0x4c3a (0x5db0ba in /workspace/vllm/.venv/bin/python)
frame #24: /workspace/vllm/.venv/bin/python() [0x549d47]
frame #25: PyObject_CallMethodObjArgs + 0xe3 (0x54b5c3 in /workspace/vllm/.venv/bin/python)
frame #26: PyImport_ImportModuleLevelObject + 0x395 (0x5fd805 in /workspace/vllm/.venv/bin/python)
frame #27: _PyEval_EvalFrameDefault + 0x5eee (0x5dc36e in /workspace/vllm/.venv/bin/python)
frame #28: PyEval_EvalCode + 0x15b (0x5d543b in /workspace/vllm/.venv/bin/python)
frame #29: /workspace/vllm/.venv/bin/python() [0x5d322c]
frame #30: /workspace/vllm/.venv/bin/python() [0x581d1d]
frame #31: _PyEval_EvalFrameDefault + 0x4c3a (0x5db0ba in /workspace/vllm/.venv/bin/python)
frame #32: PyObject_CallOneArg + 0x4d (0x54a65d in /workspace/vllm/.venv/bin/python)
frame #33: /workspace/vllm/.venv/bin/python() [0x582e84]
frame #34: _PyObject_LookupAttr + 0x7a (0x584bea in /workspace/vllm/.venv/bin/python)
frame #35: /workspace/vllm/.venv/bin/python() [0x5d2b8a]
frame #36: _PyEval_EvalFrameDefault + 0x207d (0x5d84fd in /workspace/vllm/.venv/bin/python)
frame #37: /workspace/vllm/.venv/bin/python() [0x549d47]
frame #38: PyObject_CallMethodObjArgs + 0xe3 (0x54b5c3 in /workspace/vllm/.venv/bin/python)
frame #39: PyImport_ImportModuleLevelObject + 0x5eb (0x5fda5b in /workspace/vllm/.venv/bin/python)
frame #40: _PyEval_EvalFrameDefault + 0x5eee (0x5dc36e in /workspace/vllm/.venv/bin/python)
frame #41: PyEval_EvalCode + 0x15b (0x5d543b in /workspace/vllm/.venv/bin/python)
frame #42: /workspace/vllm/.venv/bin/python() [0x5d322c]
frame #43: /workspace/vllm/.venv/bin/python() [0x581d1d]
frame #44: _PyEval_EvalFrameDefault + 0x4c3a (0x5db0ba in /workspace/vllm/.venv/bin/python)
frame #45: /workspace/vllm/.venv/bin/python() [0x549d47]
frame #46: PyObject_CallMethodObjArgs + 0xe3 (0x54b5c3 in /workspace/vllm/.venv/bin/python)
frame #47: PyImport_ImportModuleLevelObject + 0x395 (0x5fd805 in /workspace/vllm/.venv/bin/python)
frame #48: _PyEval_EvalFrameDefault + 0x5eee (0x5dc36e in /workspace/vllm/.venv/bin/python)
frame #49: PyEval_EvalCode + 0x15b (0x5d543b in /workspace/vllm/.venv/bin/python)
frame #50: /workspace/vllm/.venv/bin/python() [0x5d322c]
frame #51: /workspace/vllm/.venv/bin/python() [0x581d1d]
frame #52: _PyEval_EvalFrameDefault + 0x4c3a (0x5db0ba in /workspace/vllm/.venv/bin/python)
frame #53: /workspace/vllm/.venv/bin/python() [0x549d47]
frame #54: PyObject_CallMethodObjArgs + 0xe3 (0x54b5c3 in /workspace/vllm/.venv/bin/python)
frame #55: PyImport_ImportModuleLevelObject + 0x395 (0x5fd805 in /workspace/vllm/.venv/bin/python)
frame #56: _PyEval_EvalFrameDefault + 0x5eee (0x5dc36e in /workspace/vllm/.venv/bin/python)
frame #57: PyEval_EvalCode + 0x15b (0x5d543b in /workspace/vllm/.venv/bin/python)
frame #58: /workspace/vllm/.venv/bin/python() [0x5d322c]
frame #59: /workspace/vllm/.venv/bin/python() [0x581d1d]
frame #60: _PyEval_EvalFrameDefault + 0x4c3a (0x5db0ba in /workspace/vllm/.venv/bin/python)
frame #61: /workspace/vllm/.venv/bin/python() [0x549d47]
frame #62: PyObject_CallMethodObjArgs + 0xe3 (0x54b5c3 in /workspace/vllm/.venv/bin/python)

[E709 13:22:20.594693959 shim_common.cpp:1458] Exception in aoti_torch: Tried to register an operator (_C::silu_and_mul_quant(Tensor($0! -> ) result, Tensor input, Tensor scale) -> ()) with the same name and overload name multiple times. Each overload's schema should only be registered with a single call to def(). Duplicate registration: registered at /workspace/csrc/libtorch_stable/torch_bindings.cpp:10. Original registration: registered at /workspace/csrc/torch_bindings.cpp:21
Exception raised from registerDef at /pytorch/aten/src/ATen/core/dispatch/Dispatcher.cpp:248 (most recent call first):
frame #0: c10::Error::Error(c10::SourceLocation, std::__cxx11::basic_string<char, std::char_traits<char>, std::allocator<char> >) + 0x9d (0x7ffff6b7205d in /workspace/vllm/.venv/lib/python3.12/site-packages/torch/lib/libc10.so)
frame #1: c10::detail::torchCheckFail(char const*, char const*, unsigned int, std::__cxx11::basic_string<char, std::char_traits<char>, std::allocator<char> > const&) + 0xc3 (0x7ffff6b066fd in /workspace/vllm/.venv/lib/python3.12/site-packages/torch/lib/libc10.so)
frame #2: c10::Dispatcher::registerDef(c10::FunctionSchema, std::__cxx11::basic_string<char, std::char_traits<char>, std::allocator<char> >, std::vector<at::Tag, std::allocator<at::Tag> >) + 0x35e (0x7fff0e6811fe in /workspace/vllm/.venv/lib/python3.12/site-packages/torch/lib/libtorch_cpu.so)
frame #3: torch::Library::_def(c10::FunctionSchema&&, c10::OperatorName*, std::vector<at::Tag, std::allocator<at::Tag> > const&, torch::_RegisterOrVerify) & + 0x514 (0x7fff0e6c2254 in /workspace/vllm/.venv/lib/python3.12/site-packages/torch/lib/libtorch_cpu.so)
frame #4: aoti_torch_library_def + 0x99 (0x7fff128d45b9 in /workspace/vllm/.venv/lib/python3.12/site-packages/torch/lib/libtorch_cpu.so)
frame #5: <unknown function> + 0x2bdb3c (0x7ffe8aebeb3c in /workspace/vllm/vllm/_C_stable_libtorch.abi3.so)
frame #6: <unknown function> + 0x2bf0ce (0x7ffe8aec00ce in /workspace/vllm/vllm/_C_stable_libtorch.abi3.so)
frame #7: <unknown function> + 0x279d92 (0x7ffe8ae7ad92 in /workspace/vllm/vllm/_C_stable_libtorch.abi3.so)
frame #8: <unknown function> + 0x571f (0x7ffff7fca71f in /lib64/ld-linux-x86-64.so.2)
frame #9: <unknown function> + 0x5824 (0x7ffff7fca824 in /lib64/ld-linux-x86-64.so.2)
frame #10: _dl_catch_exception + 0x132 (0x7ffff7fc65b2 in /lib64/ld-linux-x86-64.so.2)
frame #11: <unknown function> + 0xcd7c (0x7ffff7fd1d7c in /lib64/ld-linux-x86-64.so.2)
frame #12: _dl_catch_exception + 0x9c (0x7ffff7fc651c in /lib64/ld-linux-x86-64.so.2)
frame #13: <unknown function> + 0xd164 (0x7ffff7fd2164 in /lib64/ld-linux-x86-64.so.2)
frame #14: <unknown function> + 0x981a4 (0x7ffff7d0c1a4 in /usr/lib/x86_64-linux-gnu/libc.so.6)
frame #15: _dl_catch_exception + 0x9c (0x7ffff7fc651c in /lib64/ld-linux-x86-64.so.2)
frame #16: <unknown function> + 0x1669 (0x7ffff7fc6669 in /lib64/ld-linux-x86-64.so.2)
frame #17: <unknown function> + 0x97c83 (0x7ffff7d0bc83 in /usr/lib/x86_64-linux-gnu/libc.so.6)
frame #18: dlopen + 0x6f (0x7ffff7d0c25f in /usr/lib/x86_64-linux-gnu/libc.so.6)
frame #19: /workspace/vllm/.venv/bin/python() [0x6bc36c]
frame #20: /workspace/vllm/.venv/bin/python() [0x6a946a]
frame #21: /workspace/vllm/.venv/bin/python() [0x6a8bf2]
frame #22: /workspace/vllm/.venv/bin/python() [0x581f37]
frame #23: _PyEval_EvalFrameDefault + 0x4c3a (0x5db0ba in /workspace/vllm/.venv/bin/python)
frame #24: /workspace/vllm/.venv/bin/python() [0x549d47]
frame #25: PyObject_CallMethodObjArgs + 0xe3 (0x54b5c3 in /workspace/vllm/.venv/bin/python)
frame #26: PyImport_ImportModuleLevelObject + 0x395 (0x5fd805 in /workspace/vllm/.venv/bin/python)
frame #27: _PyEval_EvalFrameDefault + 0x5eee (0x5dc36e in /workspace/vllm/.venv/bin/python)
frame #28: PyEval_EvalCode + 0x15b (0x5d543b in /workspace/vllm/.venv/bin/python)
frame #29: /workspace/vllm/.venv/bin/python() [0x5d322c]
frame #30: /workspace/vllm/.venv/bin/python() [0x581d1d]
frame #31: _PyEval_EvalFrameDefault + 0x4c3a (0x5db0ba in /workspace/vllm/.venv/bin/python)
frame #32: PyObject_CallOneArg + 0x4d (0x54a65d in /workspace/vllm/.venv/bin/python)
frame #33: /workspace/vllm/.venv/bin/python() [0x582e84]
frame #34: _PyObject_LookupAttr + 0x7a (0x584bea in /workspace/vllm/.venv/bin/python)
frame #35: /workspace/vllm/.venv/bin/python() [0x5d2b8a]
frame #36: _PyEval_EvalFrameDefault + 0x207d (0x5d84fd in /workspace/vllm/.venv/bin/python)
frame #37: /workspace/vllm/.venv/bin/python() [0x549d47]
frame #38: PyObject_CallMethodObjArgs + 0xe3 (0x54b5c3 in /workspace/vllm/.venv/bin/python)
frame #39: PyImport_ImportModuleLevelObject + 0x5eb (0x5fda5b in /workspace/vllm/.venv/bin/python)
frame #40: _PyEval_EvalFrameDefault + 0x5eee (0x5dc36e in /workspace/vllm/.venv/bin/python)
frame #41: PyEval_EvalCode + 0x15b (0x5d543b in /workspace/vllm/.venv/bin/python)
frame #42: /workspace/vllm/.venv/bin/python() [0x5d322c]
frame #43: /workspace/vllm/.venv/bin/python() [0x581d1d]
frame #44: _PyEval_EvalFrameDefault + 0x4c3a (0x5db0ba in /workspace/vllm/.venv/bin/python)
frame #45: /workspace/vllm/.venv/bin/python() [0x549d47]
frame #46: PyObject_CallMethodObjArgs + 0xe3 (0x54b5c3 in /workspace/vllm/.venv/bin/python)
frame #47: PyImport_ImportModuleLevelObject + 0x395 (0x5fd805 in /workspace/vllm/.venv/bin/python)
frame #48: _PyEval_EvalFrameDefault + 0x5eee (0x5dc36e in /workspace/vllm/.venv/bin/python)
frame #49: PyEval_EvalCode + 0x15b (0x5d543b in /workspace/vllm/.venv/bin/python)
frame #50: /workspace/vllm/.venv/bin/python() [0x5d322c]
frame #51: /workspace/vllm/.venv/bin/python() [0x581d1d]
frame #52: _PyEval_EvalFrameDefault + 0x4c3a (0x5db0ba in /workspace/vllm/.venv/bin/python)
frame #53: /workspace/vllm/.venv/bin/python() [0x549d47]
frame #54: PyObject_CallMethodObjArgs + 0xe3 (0x54b5c3 in /workspace/vllm/.venv/bin/python)
frame #55: PyImport_ImportModuleLevelObject + 0x395 (0x5fd805 in /workspace/vllm/.venv/bin/python)
frame #56: _PyEval_EvalFrameDefault + 0x5eee (0x5dc36e in /workspace/vllm/.venv/bin/python)
frame #57: PyEval_EvalCode + 0x15b (0x5d543b in /workspace/vllm/.venv/bin/python)
frame #58: /workspace/vllm/.venv/bin/python() [0x5d322c]
frame #59: /workspace/vllm/.venv/bin/python() [0x581d1d]
frame #60: _PyEval_EvalFrameDefault + 0x4c3a (0x5db0ba in /workspace/vllm/.venv/bin/python)
frame #61: /workspace/vllm/.venv/bin/python() [0x549d47]
frame #62: PyObject_CallMethodObjArgs + 0xe3 (0x54b5c3 in /workspace/vllm/.venv/bin/python)

[E709 13:22:20.594706652 shim_common.cpp:1458] Exception in aoti_torch: Tried to register an operator (_C::silu_and_mul_quant(Tensor($0! -> ) result, Tensor input, Tensor scale) -> ()) with the same name and overload name multiple times. Each overload's schema should only be registered with a single call to def(). Duplicate registration: registered at /workspace/csrc/libtorch_stable/torch_bindings.cpp:10. Original registration: registered at /workspace/csrc/torch_bindings.cpp:21
Exception raised from registerDef at /pytorch/aten/src/ATen/core/dispatch/Dispatcher.cpp:248 (most recent call first):
frame #0: c10::Error::Error(c10::SourceLocation, std::__cxx11::basic_string<char, std::char_traits<char>, std::allocator<char> >) + 0x9d (0x7ffff6b7205d in /workspace/vllm/.venv/lib/python3.12/site-packages/torch/lib/libc10.so)
frame #1: c10::detail::torchCheckFail(char const*, char const*, unsigned int, std::__cxx11::basic_string<char, std::char_traits<char>, std::allocator<char> > const&) + 0xc3 (0x7ffff6b066fd in /workspace/vllm/.venv/lib/python3.12/site-packages/torch/lib/libc10.so)
frame #2: c10::Dispatcher::registerDef(c10::FunctionSchema, std::__cxx11::basic_string<char, std::char_traits<char>, std::allocator<char> >, std::vector<at::Tag, std::allocator<at::Tag> >) + 0x35e (0x7fff0e6811fe in /workspace/vllm/.venv/lib/python3.12/site-packages/torch/lib/libtorch_cpu.so)
frame #3: torch::Library::_def(c10::FunctionSchema&&, c10::OperatorName*, std::vector<at::Tag, std::allocator<at::Tag> > const&, torch::_RegisterOrVerify) & + 0x514 (0x7fff0e6c2254 in /workspace/vllm/.venv/lib/python3.12/site-packages/torch/lib/libtorch_cpu.so)
frame #4: aoti_torch_library_def + 0x99 (0x7fff128d45b9 in /workspace/vllm/.venv/lib/python3.12/site-packages/torch/lib/libtorch_cpu.so)
frame #5: <unknown function> + 0x2bdb3c (0x7ffe8aebeb3c in /workspace/vllm/vllm/_C_stable_libtorch.abi3.so)
frame #6: <unknown function> + 0x2bf0ce (0x7ffe8aec00ce in /workspace/vllm/vllm/_C_stable_libtorch.abi3.so)
frame #7: <unknown function> + 0x279d92 (0x7ffe8ae7ad92 in /workspace/vllm/vllm/_C_stable_libtorch.abi3.so)
frame #8: <unknown function> + 0x571f (0x7ffff7fca71f in /lib64/ld-linux-x86-64.so.2)
frame #9: <unknown function> + 0x5824 (0x7ffff7fca824 in /lib64/ld-linux-x86-64.so.2)
frame #10: _dl_catch_exception + 0x132 (0x7ffff7fc65b2 in /lib64/ld-linux-x86-64.so.2)
frame #11: <unknown function> + 0xcd7c (0x7ffff7fd1d7c in /lib64/ld-linux-x86-64.so.2)
frame #12: _dl_catch_exception + 0x9c (0x7ffff7fc651c in /lib64/ld-linux-x86-64.so.2)
frame #13: <unknown function> + 0xd164 (0x7ffff7fd2164 in /lib64/ld-linux-x86-64.so.2)
frame #14: <unknown function> + 0x981a4 (0x7ffff7d0c1a4 in /usr/lib/x86_64-linux-gnu/libc.so.6)
frame #15: _dl_catch_exception + 0x9c (0x7ffff7fc651c in /lib64/ld-linux-x86-64.so.2)
frame #16: <unknown function> + 0x1669 (0x7ffff7fc6669 in /lib64/ld-linux-x86-64.so.2)
frame #17: <unknown function> + 0x97c83 (0x7ffff7d0bc83 in /usr/lib/x86_64-linux-gnu/libc.so.6)
frame #18: dlopen + 0x6f (0x7ffff7d0c25f in /usr/lib/x86_64-linux-gnu/libc.so.6)
frame #19: /workspace/vllm/.venv/bin/python() [0x6bc36c]
frame #20: /workspace/vllm/.venv/bin/python() [0x6a946a]
frame #21: /workspace/vllm/.venv/bin/python() [0x6a8bf2]
frame #22: /workspace/vllm/.venv/bin/python() [0x581f37]
frame #23: _PyEval_EvalFrameDefault + 0x4c3a (0x5db0ba in /workspace/vllm/.venv/bin/python)
frame #24: /workspace/vllm/.venv/bin/python() [0x549d47]
frame #25: PyObject_CallMethodObjArgs + 0xe3 (0x54b5c3 in /workspace/vllm/.venv/bin/python)
frame #26: PyImport_ImportModuleLevelObject + 0x395 (0x5fd805 in /workspace/vllm/.venv/bin/python)
frame #27: _PyEval_EvalFrameDefault + 0x5eee (0x5dc36e in /workspace/vllm/.venv/bin/python)
frame #28: PyEval_EvalCode + 0x15b (0x5d543b in /workspace/vllm/.venv/bin/python)
frame #29: /workspace/vllm/.venv/bin/python() [0x5d322c]
frame #30: /workspace/vllm/.venv/bin/python() [0x581d1d]
frame #31: _PyEval_EvalFrameDefault + 0x4c3a (0x5db0ba in /workspace/vllm/.venv/bin/python)
frame #32: PyObject_CallOneArg + 0x4d (0x54a65d in /workspace/vllm/.venv/bin/python)
frame #33: /workspace/vllm/.venv/bin/python() [0x582e84]
frame #34: _PyObject_LookupAttr + 0x7a (0x584bea in /workspace/vllm/.venv/bin/python)
frame #35: /workspace/vllm/.venv/bin/python() [0x5d2b8a]
frame #36: _PyEval_EvalFrameDefault + 0x207d (0x5d84fd in /workspace/vllm/.venv/bin/python)
frame #37: /workspace/vllm/.venv/bin/python() [0x549d47]
frame #38: PyObject_CallMethodObjArgs + 0xe3 (0x54b5c3 in /workspace/vllm/.venv/bin/python)
frame #39: PyImport_ImportModuleLevelObject + 0x5eb (0x5fda5b in /workspace/vllm/.venv/bin/python)
frame #40: _PyEval_EvalFrameDefault + 0x5eee (0x5dc36e in /workspace/vllm/.venv/bin/python)
frame #41: PyEval_EvalCode + 0x15b (0x5d543b in /workspace/vllm/.venv/bin/python)
frame #42: /workspace/vllm/.venv/bin/python() [0x5d322c]
frame #43: /workspace/vllm/.venv/bin/python() [0x581d1d]
frame #44: _PyEval_EvalFrameDefault + 0x4c3a (0x5db0ba in /workspace/vllm/.venv/bin/python)
frame #45: /workspace/vllm/.venv/bin/python() [0x549d47]
frame #46: PyObject_CallMethodObjArgs + 0xe3 (0x54b5c3 in /workspace/vllm/.venv/bin/python)
frame #47: PyImport_ImportModuleLevelObject + 0x395 (0x5fd805 in /workspace/vllm/.venv/bin/python)
frame #48: _PyEval_EvalFrameDefault + 0x5eee (0x5dc36e in /workspace/vllm/.venv/bin/python)
frame #49: PyEval_EvalCode + 0x15b (0x5d543b in /workspace/vllm/.venv/bin/python)
frame #50: /workspace/vllm/.venv/bin/python() [0x5d322c]
frame #51: /workspace/vllm/.venv/bin/python() [0x581d1d]
frame #52: _PyEval_EvalFrameDefault + 0x4c3a (0x5db0ba in /workspace/vllm/.venv/bin/python)
frame #53: /workspace/vllm/.venv/bin/python() [0x549d47]
frame #54: PyObject_CallMethodObjArgs + 0xe3 (0x54b5c3 in /workspace/vllm/.venv/bin/python)
frame #55: PyImport_ImportModuleLevelObject + 0x395 (0x5fd805 in /workspace/vllm/.venv/bin/python)
frame #56: _PyEval_EvalFrameDefault + 0x5eee (0x5dc36e in /workspace/vllm/.venv/bin/python)
frame #57: PyEval_EvalCode + 0x15b (0x5d543b in /workspace/vllm/.venv/bin/python)
frame #58: /workspace/vllm/.venv/bin/python() [0x5d322c]
frame #59: /workspace/vllm/.venv/bin/python() [0x581d1d]
frame #60: _PyEval_EvalFrameDefault + 0x4c3a (0x5db0ba in /workspace/vllm/.venv/bin/python)
frame #61: /workspace/vllm/.venv/bin/python() [0x549d47]
frame #62: PyObject_CallMethodObjArgs + 0xe3 (0x54b5c3 in /workspace/vllm/.venv/bin/python)

[E709 13:22:20.594751191 shim_common.cpp:1458] Exception in aoti_torch: Tried to register an operator (_C::silu_and_mul_quant(Tensor($0! -> ) result, Tensor input, Tensor scale) -> ()) with the same name and overload name multiple times. Each overload's schema should only be registered with a single call to def(). Duplicate registration: registered at /workspace/csrc/libtorch_stable/torch_bindings.cpp:10. Original registration: registered at /workspace/csrc/torch_bindings.cpp:21
Exception raised from registerDef at /pytorch/aten/src/ATen/core/dispatch/Dispatcher.cpp:248 (most recent call first):
frame #0: c10::Error::Error(c10::SourceLocation, std::__cxx11::basic_string<char, std::char_traits<char>, std::allocator<char> >) + 0x9d (0x7ffff6b7205d in /workspace/vllm/.venv/lib/python3.12/site-packages/torch/lib/libc10.so)
frame #1: c10::detail::torchCheckFail(char const*, char const*, unsigned int, std::__cxx11::basic_string<char, std::char_traits<char>, std::allocator<char> > const&) + 0xc3 (0x7ffff6b066fd in /workspace/vllm/.venv/lib/python3.12/site-packages/torch/lib/libc10.so)
frame #2: c10::Dispatcher::registerDef(c10::FunctionSchema, std::__cxx11::basic_string<char, std::char_traits<char>, std::allocator<char> >, std::vector<at::Tag, std::allocator<at::Tag> >) + 0x35e (0x7fff0e6811fe in /workspace/vllm/.venv/lib/python3.12/site-packages/torch/lib/libtorch_cpu.so)
frame #3: torch::Library::_def(c10::FunctionSchema&&, c10::OperatorName*, std::vector<at::Tag, std::allocator<at::Tag> > const&, torch::_RegisterOrVerify) & + 0x514 (0x7fff0e6c2254 in /workspace/vllm/.venv/lib/python3.12/site-packages/torch/lib/libtorch_cpu.so)
frame #4: aoti_torch_library_def + 0x99 (0x7fff128d45b9 in /workspace/vllm/.venv/lib/python3.12/site-packages/torch/lib/libtorch_cpu.so)
frame #5: <unknown function> + 0x2bdb3c (0x7ffe8aebeb3c in /workspace/vllm/vllm/_C_stable_libtorch.abi3.so)
frame #6: <unknown function> + 0x2bf0ce (0x7ffe8aec00ce in /workspace/vllm/vllm/_C_stable_libtorch.abi3.so)
frame #7: <unknown function> + 0x279d92 (0x7ffe8ae7ad92 in /workspace/vllm/vllm/_C_stable_libtorch.abi3.so)
frame #8: <unknown function> + 0x571f (0x7ffff7fca71f in /lib64/ld-linux-x86-64.so.2)
frame #9: <unknown function> + 0x5824 (0x7ffff7fca824 in /lib64/ld-linux-x86-64.so.2)
frame #10: _dl_catch_exception + 0x132 (0x7ffff7fc65b2 in /lib64/ld-linux-x86-64.so.2)
frame #11: <unknown function> + 0xcd7c (0x7ffff7fd1d7c in /lib64/ld-linux-x86-64.so.2)
frame #12: _dl_catch_exception + 0x9c (0x7ffff7fc651c in /lib64/ld-linux-x86-64.so.2)
frame #13: <unknown function> + 0xd164 (0x7ffff7fd2164 in /lib64/ld-linux-x86-64.so.2)
frame #14: <unknown function> + 0x981a4 (0x7ffff7d0c1a4 in /usr/lib/x86_64-linux-gnu/libc.so.6)
frame #15: _dl_catch_exception + 0x9c (0x7ffff7fc651c in /lib64/ld-linux-x86-64.so.2)
frame #16: <unknown function> + 0x1669 (0x7ffff7fc6669 in /lib64/ld-linux-x86-64.so.2)
frame #17: <unknown function> + 0x97c83 (0x7ffff7d0bc83 in /usr/lib/x86_64-linux-gnu/libc.so.6)
frame #18: dlopen + 0x6f (0x7ffff7d0c25f in /usr/lib/x86_64-linux-gnu/libc.so.6)
frame #19: /workspace/vllm/.venv/bin/python() [0x6bc36c]
frame #20: /workspace/vllm/.venv/bin/python() [0x6a946a]
frame #21: /workspace/vllm/.venv/bin/python() [0x6a8bf2]
frame #22: /workspace/vllm/.venv/bin/python() [0x581f37]
frame #23: _PyEval_EvalFrameDefault + 0x4c3a (0x5db0ba in /workspace/vllm/.venv/bin/python)
frame #24: /workspace/vllm/.venv/bin/python() [0x549d47]
frame #25: PyObject_CallMethodObjArgs + 0xe3 (0x54b5c3 in /workspace/vllm/.venv/bin/python)
frame #26: PyImport_ImportModuleLevelObject + 0x395 (0x5fd805 in /workspace/vllm/.venv/bin/python)
frame #27: _PyEval_EvalFrameDefault + 0x5eee (0x5dc36e in /workspace/vllm/.venv/bin/python)
frame #28: PyEval_EvalCode + 0x15b (0x5d543b in /workspace/vllm/.venv/bin/python)
frame #29: /workspace/vllm/.venv/bin/python() [0x5d322c]
frame #30: /workspace/vllm/.venv/bin/python() [0x581d1d]
frame #31: _PyEval_EvalFrameDefault + 0x4c3a (0x5db0ba in /workspace/vllm/.venv/bin/python)
frame #32: PyObject_CallOneArg + 0x4d (0x54a65d in /workspace/vllm/.venv/bin/python)
frame #33: /workspace/vllm/.venv/bin/python() [0x582e84]
frame #34: _PyObject_LookupAttr + 0x7a (0x584bea in /workspace/vllm/.venv/bin/python)
frame #35: /workspace/vllm/.venv/bin/python() [0x5d2b8a]
frame #36: _PyEval_EvalFrameDefault + 0x207d (0x5d84fd in /workspace/vllm/.venv/bin/python)
frame #37: /workspace/vllm/.venv/bin/python() [0x549d47]
frame #38: PyObject_CallMethodObjArgs + 0xe3 (0x54b5c3 in /workspace/vllm/.venv/bin/python)
frame #39: PyImport_ImportModuleLevelObject + 0x5eb (0x5fda5b in /workspace/vllm/.venv/bin/python)
frame #40: _PyEval_EvalFrameDefault + 0x5eee (0x5dc36e in /workspace/vllm/.venv/bin/python)
frame #41: PyEval_EvalCode + 0x15b (0x5d543b in /workspace/vllm/.venv/bin/python)
frame #42: /workspace/vllm/.venv/bin/python() [0x5d322c]
frame #43: /workspace/vllm/.venv/bin/python() [0x581d1d]
frame #44: _PyEval_EvalFrameDefault + 0x4c3a (0x5db0ba in /workspace/vllm/.venv/bin/python)
frame #45: /workspace/vllm/.venv/bin/python() [0x549d47]
frame #46: PyObject_CallMethodObjArgs + 0xe3 (0x54b5c3 in /workspace/vllm/.venv/bin/python)
frame #47: PyImport_ImportModuleLevelObject + 0x395 (0x5fd805 in /workspace/vllm/.venv/bin/python)
frame #48: _PyEval_EvalFrameDefault + 0x5eee (0x5dc36e in /workspace/vllm/.venv/bin/python)
frame #49: PyEval_EvalCode + 0x15b (0x5d543b in /workspace/vllm/.venv/bin/python)
frame #50: /workspace/vllm/.venv/bin/python() [0x5d322c]
frame #51: /workspace/vllm/.venv/bin/python() [0x581d1d]
frame #52: _PyEval_EvalFrameDefault + 0x4c3a (0x5db0ba in /workspace/vllm/.venv/bin/python)
frame #53: /workspace/vllm/.venv/bin/python() [0x549d47]
frame #54: PyObject_CallMethodObjArgs + 0xe3 (0x54b5c3 in /workspace/vllm/.venv/bin/python)
frame #55: PyImport_ImportModuleLevelObject + 0x395 (0x5fd805 in /workspace/vllm/.venv/bin/python)
frame #56: _PyEval_EvalFrameDefault + 0x5eee (0x5dc36e in /workspace/vllm/.venv/bin/python)
frame #57: PyEval_EvalCode + 0x15b (0x5d543b in /workspace/vllm/.venv/bin/python)
frame #58: /workspace/vllm/.venv/bin/python() [0x5d322c]
frame #59: /workspace/vllm/.venv/bin/python() [0x581d1d]
frame #60: _PyEval_EvalFrameDefault + 0x4c3a (0x5db0ba in /workspace/vllm/.venv/bin/python)
frame #61: /workspace/vllm/.venv/bin/python() [0x549d47]
frame #62: PyObject_CallMethodObjArgs + 0xe3 (0x54b5c3 in /workspace/vllm/.venv/bin/python)

[E709 13:22:20.594732075 shim_common.cpp:1458] Exception in aoti_torch: Tried to register an operator (_C::silu_and_mul_quant(Tensor($0! -> ) result, Tensor input, Tensor scale) -> ()) with the same name and overload name multiple times. Each overload's schema should only be registered with a single call to def(). Duplicate registration: registered at /workspace/csrc/libtorch_stable/torch_bindings.cpp:10. Original registration: registered at /workspace/csrc/torch_bindings.cpp:21
Exception raised from registerDef at /pytorch/aten/src/ATen/core/dispatch/Dispatcher.cpp:248 (most recent call first):
frame #0: c10::Error::Error(c10::SourceLocation, std::__cxx11::basic_string<char, std::char_traits<char>, std::allocator<char> >) + 0x9d (0x7ffff6b7205d in /workspace/vllm/.venv/lib/python3.12/site-packages/torch/lib/libc10.so)
frame #1: c10::detail::torchCheckFail(char const*, char const*, unsigned int, std::__cxx11::basic_string<char, std::char_traits<char>, std::allocator<char> > const&) + 0xc3 (0x7ffff6b066fd in /workspace/vllm/.venv/lib/python3.12/site-packages/torch/lib/libc10.so)
frame #2: c10::Dispatcher::registerDef(c10::FunctionSchema, std::__cxx11::basic_string<char, std::char_traits<char>, std::allocator<char> >, std::vector<at::Tag, std::allocator<at::Tag> >) + 0x35e (0x7fff0e6811fe in /workspace/vllm/.venv/lib/python3.12/site-packages/torch/lib/libtorch_cpu.so)
frame #3: torch::Library::_def(c10::FunctionSchema&&, c10::OperatorName*, std::vector<at::Tag, std::allocator<at::Tag> > const&, torch::_RegisterOrVerify) & + 0x514 (0x7fff0e6c2254 in /workspace/vllm/.venv/lib/python3.12/site-packages/torch/lib/libtorch_cpu.so)
frame #4: aoti_torch_library_def + 0x99 (0x7fff128d45b9 in /workspace/vllm/.venv/lib/python3.12/site-packages/torch/lib/libtorch_cpu.so)
frame #5: <unknown function> + 0x2bdb3c (0x7ffe8aebeb3c in /workspace/vllm/vllm/_C_stable_libtorch.abi3.so)
frame #6: <unknown function> + 0x2bf0ce (0x7ffe8aec00ce in /workspace/vllm/vllm/_C_stable_libtorch.abi3.so)
frame #7: <unknown function> + 0x279d92 (0x7ffe8ae7ad92 in /workspace/vllm/vllm/_C_stable_libtorch.abi3.so)
frame #8: <unknown function> + 0x571f (0x7ffff7fca71f in /lib64/ld-linux-x86-64.so.2)
frame #9: <unknown function> + 0x5824 (0x7ffff7fca824 in /lib64/ld-linux-x86-64.so.2)
frame #10: _dl_catch_exception + 0x132 (0x7ffff7fc65b2 in /lib64/ld-linux-x86-64.so.2)
frame #11: <unknown function> + 0xcd7c (0x7ffff7fd1d7c in /lib64/ld-linux-x86-64.so.2)
frame #12: _dl_catch_exception + 0x9c (0x7ffff7fc651c in /lib64/ld-linux-x86-64.so.2)
frame #13: <unknown function> + 0xd164 (0x7ffff7fd2164 in /lib64/ld-linux-x86-64.so.2)
frame #14: <unknown function> + 0x981a4 (0x7ffff7d0c1a4 in /usr/lib/x86_64-linux-gnu/libc.so.6)
frame #15: _dl_catch_exception + 0x9c (0x7ffff7fc651c in /lib64/ld-linux-x86-64.so.2)
frame #16: <unknown function> + 0x1669 (0x7ffff7fc6669 in /lib64/ld-linux-x86-64.so.2)
frame #17: <unknown function> + 0x97c83 (0x7ffff7d0bc83 in /usr/lib/x86_64-linux-gnu/libc.so.6)
frame #18: dlopen + 0x6f (0x7ffff7d0c25f in /usr/lib/x86_64-linux-gnu/libc.so.6)
frame #19: /workspace/vllm/.venv/bin/python() [0x6bc36c]
frame #20: /workspace/vllm/.venv/bin/python() [0x6a946a]
frame #21: /workspace/vllm/.venv/bin/python() [0x6a8bf2]
frame #22: /workspace/vllm/.venv/bin/python() [0x581f37]
frame #23: _PyEval_EvalFrameDefault + 0x4c3a (0x5db0ba in /workspace/vllm/.venv/bin/python)
frame #24: /workspace/vllm/.venv/bin/python() [0x549d47]
frame #25: PyObject_CallMethodObjArgs + 0xe3 (0x54b5c3 in /workspace/vllm/.venv/bin/python)
frame #26: PyImport_ImportModuleLevelObject + 0x395 (0x5fd805 in /workspace/vllm/.venv/bin/python)
frame #27: _PyEval_EvalFrameDefault + 0x5eee (0x5dc36e in /workspace/vllm/.venv/bin/python)
frame #28: PyEval_EvalCode + 0x15b (0x5d543b in /workspace/vllm/.venv/bin/python)
frame #29: /workspace/vllm/.venv/bin/python() [0x5d322c]
frame #30: /workspace/vllm/.venv/bin/python() [0x581d1d]
frame #31: _PyEval_EvalFrameDefault + 0x4c3a (0x5db0ba in /workspace/vllm/.venv/bin/python)
frame #32: PyObject_CallOneArg + 0x4d (0x54a65d in /workspace/vllm/.venv/bin/python)
frame #33: /workspace/vllm/.venv/bin/python() [0x582e84]
frame #34: _PyObject_LookupAttr + 0x7a (0x584bea in /workspace/vllm/.venv/bin/python)
frame #35: /workspace/vllm/.venv/bin/python() [0x5d2b8a]
frame #36: _PyEval_EvalFrameDefault + 0x207d (0x5d84fd in /workspace/vllm/.venv/bin/python)
frame #37: /workspace/vllm/.venv/bin/python() [0x549d47]
frame #38: PyObject_CallMethodObjArgs + 0xe3 (0x54b5c3 in /workspace/vllm/.venv/bin/python)
frame #39: PyImport_ImportModuleLevelObject + 0x5eb (0x5fda5b in /workspace/vllm/.venv/bin/python)
frame #40: _PyEval_EvalFrameDefault + 0x5eee (0x5dc36e in /workspace/vllm/.venv/bin/python)
frame #41: PyEval_EvalCode + 0x15b (0x5d543b in /workspace/vllm/.venv/bin/python)
frame #42: /workspace/vllm/.venv/bin/python() [0x5d322c]
frame #43: /workspace/vllm/.venv/bin/python() [0x581d1d]
frame #44: _PyEval_EvalFrameDefault + 0x4c3a (0x5db0ba in /workspace/vllm/.venv/bin/python)
frame #45: /workspace/vllm/.venv/bin/python() [0x549d47]
frame #46: PyObject_CallMethodObjArgs + 0xe3 (0x54b5c3 in /workspace/vllm/.venv/bin/python)
frame #47: PyImport_ImportModuleLevelObject + 0x395 (0x5fd805 in /workspace/vllm/.venv/bin/python)
frame #48: _PyEval_EvalFrameDefault + 0x5eee (0x5dc36e in /workspace/vllm/.venv/bin/python)
frame #49: PyEval_EvalCode + 0x15b (0x5d543b in /workspace/vllm/.venv/bin/python)
frame #50: /workspace/vllm/.venv/bin/python() [0x5d322c]
frame #51: /workspace/vllm/.venv/bin/python() [0x581d1d]
frame #52: _PyEval_EvalFrameDefault + 0x4c3a (0x5db0ba in /workspace/vllm/.venv/bin/python)
frame #53: /workspace/vllm/.venv/bin/python() [0x549d47]
frame #54: PyObject_CallMethodObjArgs + 0xe3 (0x54b5c3 in /workspace/vllm/.venv/bin/python)
frame #55: PyImport_ImportModuleLevelObject + 0x395 (0x5fd805 in /workspace/vllm/.venv/bin/python)
frame #56: _PyEval_EvalFrameDefault + 0x5eee (0x5dc36e in /workspace/vllm/.venv/bin/python)
frame #57: PyEval_EvalCode + 0x15b (0x5d543b in /workspace/vllm/.venv/bin/python)
frame #58: /workspace/vllm/.venv/bin/python() [0x5d322c]
frame #59: /workspace/vllm/.venv/bin/python() [0x581d1d]
frame #60: _PyEval_EvalFrameDefault + 0x4c3a (0x5db0ba in /workspace/vllm/.venv/bin/python)
frame #61: /workspace/vllm/.venv/bin/python() [0x549d47]
frame #62: PyObject_CallMethodObjArgs + 0xe3 (0x54b5c3 in /workspace/vllm/.venv/bin/python)

[W709 13:22:20.596846927 OperatorEntry.cpp:208] Warning: Warning only once for all operators,  other operators may also be overridden.
  Overriding a previously registered kernel for the same operator and the same dispatch key
  operator: _C::persistent_masked_m_silu_mul_quant(Tensor input, Tensor counts, Tensor($0! -> ) y_q, Tensor($1! -> ) y_s, bool use_ue8m0) -> ()
    registered at /workspace/csrc/torch_bindings.cpp:21
  dispatch key: CUDA
  previous kernel: registered at /workspace/csrc/torch_bindings.cpp:21
       new kernel: registered at /workspace/csrc/libtorch_stable/torch_bindings.cpp:603 (function operator())
[W709 13:22:20.596866542 OperatorEntry.cpp:208] Warning: Warning only once for all operators,  other operators may also be overridden.
  Overriding a previously registered kernel for the same operator and the same dispatch key
  operator: _C::persistent_masked_m_silu_mul_quant(Tensor input, Tensor counts, Tensor($0! -> ) y_q, Tensor($1! -> ) y_s, bool use_ue8m0) -> ()
    registered at /workspace/csrc/torch_bindings.cpp:21
  dispatch key: CUDA
  previous kernel: registered at /workspace/csrc/torch_bindings.cpp:21
       new kernel: registered at /workspace/csrc/libtorch_stable/torch_bindings.cpp:603 (function operator())
[W709 13:22:20.596891197 OperatorEntry.cpp:208] Warning: Warning only once for all operators,  other operators may also be overridden.
  Overriding a previously registered kernel for the same operator and the same dispatch key
  operator: _C::persistent_masked_m_silu_mul_quant(Tensor input, Tensor counts, Tensor($0! -> ) y_q, Tensor($1! -> ) y_s, bool use_ue8m0) -> ()
    registered at /workspace/csrc/torch_bindings.cpp:21
  dispatch key: CUDA
  previous kernel: registered at /workspace/csrc/torch_bindings.cpp:21
       new kernel: registered at /workspace/csrc/libtorch_stable/torch_bindings.cpp:603 (function operator())
[W709 13:22:20.596901351 OperatorEntry.cpp:208] Warning: Warning only once for all operators,  other operators may also be overridden.
  Overriding a previously registered kernel for the same operator and the same dispatch key
  operator: _C::persistent_masked_m_silu_mul_quant(Tensor input, Tensor counts, Tensor($0! -> ) y_q, Tensor($1! -> ) y_s, bool use_ue8m0) -> ()
    registered at /workspace/csrc/torch_bindings.cpp:21
  dispatch key: CUDA
  previous kernel: registered at /workspace/csrc/torch_bindings.cpp:21
       new kernel: registered at /workspace/csrc/libtorch_stable/torch_bindings.cpp:603 (function operator())
[E709 13:22:20.596643444 shim_common.cpp:1458] Exception in aoti_torch: Tried to register an operator (_C::silu_and_mul_quant(Tensor($0! -> ) result, Tensor input, Tensor scale) -> ()) with the same name and overload name multiple times. Each overload's schema should only be registered with a single call to def(). Duplicate registration: registered at /workspace/csrc/libtorch_stable/torch_bindings.cpp:10. Original registration: registered at /workspace/csrc/torch_bindings.cpp:21
Exception raised from registerDef at /pytorch/aten/src/ATen/core/dispatch/Dispatcher.cpp:248 (most recent call first):
frame #0: c10::Error::Error(c10::SourceLocation, std::__cxx11::basic_string<char, std::char_traits<char>, std::allocator<char> >) + 0x9d (0x7ffff6b7205d in /workspace/vllm/.venv/lib/python3.12/site-packages/torch/lib/libc10.so)
frame #1: c10::detail::torchCheckFail(char const*, char const*, unsigned int, std::__cxx11::basic_string<char, std::char_traits<char>, std::allocator<char> > const&) + 0xc3 (0x7ffff6b066fd in /workspace/vllm/.venv/lib/python3.12/site-packages/torch/lib/libc10.so)
frame #2: c10::Dispatcher::registerDef(c10::FunctionSchema, std::__cxx11::basic_string<char, std::char_traits<char>, std::allocator<char> >, std::vector<at::Tag, std::allocator<at::Tag> >) + 0x35e (0x7fff0e6811fe in /workspace/vllm/.venv/lib/python3.12/site-packages/torch/lib/libtorch_cpu.so)
frame #3: torch::Library::_def(c10::FunctionSchema&&, c10::OperatorName*, std::vector<at::Tag, std::allocator<at::Tag> > const&, torch::_RegisterOrVerify) & + 0x514 (0x7fff0e6c2254 in /workspace/vllm/.venv/lib/python3.12/site-packages/torch/lib/libtorch_cpu.so)
frame #4: aoti_torch_library_def + 0x99 (0x7fff128d45b9 in /workspace/vllm/.venv/lib/python3.12/site-packages/torch/lib/libtorch_cpu.so)
frame #5: <unknown function> + 0x2bdb3c (0x7ffe8aebeb3c in /workspace/vllm/vllm/_C_stable_libtorch.abi3.so)
frame #6: <unknown function> + 0x2bf0ce (0x7ffe8aec00ce in /workspace/vllm/vllm/_C_stable_libtorch.abi3.so)
frame #7: <unknown function> + 0x279d92 (0x7ffe8ae7ad92 in /workspace/vllm/vllm/_C_stable_libtorch.abi3.so)
frame #8: <unknown function> + 0x571f (0x7ffff7fca71f in /lib64/ld-linux-x86-64.so.2)
frame #9: <unknown function> + 0x5824 (0x7ffff7fca824 in /lib64/ld-linux-x86-64.so.2)
frame #10: _dl_catch_exception + 0x132 (0x7ffff7fc65b2 in /lib64/ld-linux-x86-64.so.2)
frame #11: <unknown function> + 0xcd7c (0x7ffff7fd1d7c in /lib64/ld-linux-x86-64.so.2)
frame #12: _dl_catch_exception + 0x9c (0x7ffff7fc651c in /lib64/ld-linux-x86-64.so.2)
frame #13: <unknown function> + 0xd164 (0x7ffff7fd2164 in /lib64/ld-linux-x86-64.so.2)
frame #14: <unknown function> + 0x981a4 (0x7ffff7d0c1a4 in /usr/lib/x86_64-linux-gnu/libc.so.6)
frame #15: _dl_catch_exception + 0x9c (0x7ffff7fc651c in /lib64/ld-linux-x86-64.so.2)
frame #16: <unknown function> + 0x1669 (0x7ffff7fc6669 in /lib64/ld-linux-x86-64.so.2)
frame #17: <unknown function> + 0x97c83 (0x7ffff7d0bc83 in /usr/lib/x86_64-linux-gnu/libc.so.6)
frame #18: dlopen + 0x6f (0x7ffff7d0c25f in /usr/lib/x86_64-linux-gnu/libc.so.6)
frame #19: /workspace/vllm/.venv/bin/python() [0x6bc36c]
frame #20: /workspace/vllm/.venv/bin/python() [0x6a946a]
frame #21: /workspace/vllm/.venv/bin/python() [0x6a8bf2]
frame #22: /workspace/vllm/.venv/bin/python() [0x581f37]
frame #23: _PyEval_EvalFrameDefault + 0x4c3a (0x5db0ba in /workspace/vllm/.venv/bin/python)
frame #24: /workspace/vllm/.venv/bin/python() [0x549d47]
frame #25: PyObject_CallMethodObjArgs + 0xe3 (0x54b5c3 in /workspace/vllm/.venv/bin/python)
frame #26: PyImport_ImportModuleLevelObject + 0x395 (0x5fd805 in /workspace/vllm/.venv/bin/python)
frame #27: _PyEval_EvalFrameDefault + 0x5eee (0x5dc36e in /workspace/vllm/.venv/bin/python)
frame #28: PyEval_EvalCode + 0x15b (0x5d543b in /workspace/vllm/.venv/bin/python)
frame #29: /workspace/vllm/.venv/bin/python() [0x5d322c]
frame #30: /workspace/vllm/.venv/bin/python() [0x581d1d]
frame #31: _PyEval_EvalFrameDefault + 0x4c3a (0x5db0ba in /workspace/vllm/.venv/bin/python)
frame #32: PyObject_CallOneArg + 0x4d (0x54a65d in /workspace/vllm/.venv/bin/python)
frame #33: /workspace/vllm/.venv/bin/python() [0x582e84]
frame #34: _PyObject_LookupAttr + 0x7a (0x584bea in /workspace/vllm/.venv/bin/python)
frame #35: /workspace/vllm/.venv/bin/python() [0x5d2b8a]
frame #36: _PyEval_EvalFrameDefault + 0x207d (0x5d84fd in /workspace/vllm/.venv/bin/python)
frame #37: /workspace/vllm/.venv/bin/python() [0x549d47]
frame #38: PyObject_CallMethodObjArgs + 0xe3 (0x54b5c3 in /workspace/vllm/.venv/bin/python)
frame #39: PyImport_ImportModuleLevelObject + 0x5eb (0x5fda5b in /workspace/vllm/.venv/bin/python)
frame #40: _PyEval_EvalFrameDefault + 0x5eee (0x5dc36e in /workspace/vllm/.venv/bin/python)
frame #41: PyEval_EvalCode + 0x15b (0x5d543b in /workspace/vllm/.venv/bin/python)
frame #42: /workspace/vllm/.venv/bin/python() [0x5d322c]
frame #43: /workspace/vllm/.venv/bin/python() [0x581d1d]
frame #44: _PyEval_EvalFrameDefault + 0x4c3a (0x5db0ba in /workspace/vllm/.venv/bin/python)
frame #45: /workspace/vllm/.venv/bin/python() [0x549d47]
frame #46: PyObject_CallMethodObjArgs + 0xe3 (0x54b5c3 in /workspace/vllm/.venv/bin/python)
frame #47: PyImport_ImportModuleLevelObject + 0x395 (0x5fd805 in /workspace/vllm/.venv/bin/python)
frame #48: _PyEval_EvalFrameDefault + 0x5eee (0x5dc36e in /workspace/vllm/.venv/bin/python)
frame #49: PyEval_EvalCode + 0x15b (0x5d543b in /workspace/vllm/.venv/bin/python)
frame #50: /workspace/vllm/.venv/bin/python() [0x5d322c]
frame #51: /workspace/vllm/.venv/bin/python() [0x581d1d]
frame #52: _PyEval_EvalFrameDefault + 0x4c3a (0x5db0ba in /workspace/vllm/.venv/bin/python)
frame #53: /workspace/vllm/.venv/bin/python() [0x549d47]
frame #54: PyObject_CallMethodObjArgs + 0xe3 (0x54b5c3 in /workspace/vllm/.venv/bin/python)
frame #55: PyImport_ImportModuleLevelObject + 0x395 (0x5fd805 in /workspace/vllm/.venv/bin/python)
frame #56: _PyEval_EvalFrameDefault + 0x5eee (0x5dc36e in /workspace/vllm/.venv/bin/python)
frame #57: PyEval_EvalCode + 0x15b (0x5d543b in /workspace/vllm/.venv/bin/python)
frame #58: /workspace/vllm/.venv/bin/python() [0x5d322c]
frame #59: /workspace/vllm/.venv/bin/python() [0x581d1d]
frame #60: _PyEval_EvalFrameDefault + 0x4c3a (0x5db0ba in /workspace/vllm/.venv/bin/python)
frame #61: /workspace/vllm/.venv/bin/python() [0x549d47]
frame #62: PyObject_CallMethodObjArgs + 0xe3 (0x54b5c3 in /workspace/vllm/.venv/bin/python)

[W709 13:22:20.598782122 OperatorEntry.cpp:208] Warning: Warning only once for all operators,  other operators may also be overridden.
  Overriding a previously registered kernel for the same operator and the same dispatch key
  operator: _C::persistent_masked_m_silu_mul_quant(Tensor input, Tensor counts, Tensor($0! -> ) y_q, Tensor($1! -> ) y_s, bool use_ue8m0) -> ()
    registered at /workspace/csrc/torch_bindings.cpp:21
  dispatch key: CUDA
  previous kernel: registered at /workspace/csrc/torch_bindings.cpp:21
       new kernel: registered at /workspace/csrc/libtorch_stable/torch_bindings.cpp:603 (function operator())
[E709 13:22:20.599820129 shim_common.cpp:1458] Exception in aoti_torch: Tried to register an operator (_C::persistent_masked_m_silu_mul_quant(Tensor input, Tensor counts, Tensor($0! -> ) y_q, Tensor($1! -> ) y_s, bool use_ue8m0) -> ()) with the same name and overload name multiple times. Each overload's schema should only be registered with a single call to def(). Duplicate registration: registered at /workspace/csrc/libtorch_stable/torch_bindings.cpp:10. Original registration: registered at /workspace/csrc/torch_bindings.cpp:21
Exception raised from registerDef at /pytorch/aten/src/ATen/core/dispatch/Dispatcher.cpp:248 (most recent call first):
frame #0: c10::Error::Error(c10::SourceLocation, std::__cxx11::basic_string<char, std::char_traits<char>, std::allocator<char> >) + 0x9d (0x7ffff6b7205d in /workspace/vllm/.venv/lib/python3.12/site-packages/torch/lib/libc10.so)
frame #1: c10::detail::torchCheckFail(char const*, char const*, unsigned int, std::__cxx11::basic_string<char, std::char_traits<char>, std::allocator<char> > const&) + 0xc3 (0x7ffff6b066fd in /workspace/vllm/.venv/lib/python3.12/site-packages/torch/lib/libc10.so)
frame #2: c10::Dispatcher::registerDef(c10::FunctionSchema, std::__cxx11::basic_string<char, std::char_traits<char>, std::allocator<char> >, std::vector<at::Tag, std::allocator<at::Tag> >) + 0x35e (0x7fff0e6811fe in /workspace/vllm/.venv/lib/python3.12/site-packages/torch/lib/libtorch_cpu.so)
frame #3: torch::Library::_def(c10::FunctionSchema&&, c10::OperatorName*, std::vector<at::Tag, std::allocator<at::Tag> > const&, torch::_RegisterOrVerify) & + 0x514 (0x7fff0e6c2254 in /workspace/vllm/.venv/lib/python3.12/site-packages/torch/lib/libtorch_cpu.so)
frame #4: aoti_torch_library_def + 0x99 (0x7fff128d45b9 in /workspace/vllm/.venv/lib/python3.12/site-packages/torch/lib/libtorch_cpu.so)
frame #5: <unknown function> + 0x2bdaf1 (0x7ffe8aebeaf1 in /workspace/vllm/vllm/_C_stable_libtorch.abi3.so)
frame #6: <unknown function> + 0x2bf0ce (0x7ffe8aec00ce in /workspace/vllm/vllm/_C_stable_libtorch.abi3.so)
frame #7: <unknown function> + 0x279d92 (0x7ffe8ae7ad92 in /workspace/vllm/vllm/_C_stable_libtorch.abi3.so)
frame #8: <unknown function> + 0x571f (0x7ffff7fca71f in /lib64/ld-linux-x86-64.so.2)
frame #9: <unknown function> + 0x5824 (0x7ffff7fca824 in /lib64/ld-linux-x86-64.so.2)
frame #10: _dl_catch_exception + 0x132 (0x7ffff7fc65b2 in /lib64/ld-linux-x86-64.so.2)
frame #11: <unknown function> + 0xcd7c (0x7ffff7fd1d7c in /lib64/ld-linux-x86-64.so.2)
frame #12: _dl_catch_exception + 0x9c (0x7ffff7fc651c in /lib64/ld-linux-x86-64.so.2)
frame #13: <unknown function> + 0xd164 (0x7ffff7fd2164 in /lib64/ld-linux-x86-64.so.2)
frame #14: <unknown function> + 0x981a4 (0x7ffff7d0c1a4 in /usr/lib/x86_64-linux-gnu/libc.so.6)
frame #15: _dl_catch_exception + 0x9c (0x7ffff7fc651c in /lib64/ld-linux-x86-64.so.2)
frame #16: <unknown function> + 0x1669 (0x7ffff7fc6669 in /lib64/ld-linux-x86-64.so.2)
frame #17: <unknown function> + 0x97c83 (0x7ffff7d0bc83 in /usr/lib/x86_64-linux-gnu/libc.so.6)
frame #18: dlopen + 0x6f (0x7ffff7d0c25f in /usr/lib/x86_64-linux-gnu/libc.so.6)
frame #19: /workspace/vllm/.venv/bin/python() [0x6bc36c]
frame #20: /workspace/vllm/.venv/bin/python() [0x6a946a]
frame #21: /workspace/vllm/.venv/bin/python() [0x6a8bf2]
frame #22: /workspace/vllm/.venv/bin/python() [0x581f37]
frame #23: _PyEval_EvalFrameDefault + 0x4c3a (0x5db0ba in /workspace/vllm/.venv/bin/python)
frame #24: /workspace/vllm/.venv/bin/python() [0x549d47]
frame #25: PyObject_CallMethodObjArgs + 0xe3 (0x54b5c3 in /workspace/vllm/.venv/bin/python)
frame #26: PyImport_ImportModuleLevelObject + 0x395 (0x5fd805 in /workspace/vllm/.venv/bin/python)
frame #27: _PyEval_EvalFrameDefault + 0x5eee (0x5dc36e in /workspace/vllm/.venv/bin/python)
frame #28: PyEval_EvalCode + 0x15b (0x5d543b in /workspace/vllm/.venv/bin/python)
frame #29: /workspace/vllm/.venv/bin/python() [0x5d322c]
frame #30: /workspace/vllm/.venv/bin/python() [0x581d1d]
frame #31: _PyEval_EvalFrameDefault + 0x4c3a (0x5db0ba in /workspace/vllm/.venv/bin/python)
frame #32: PyObject_CallOneArg + 0x4d (0x54a65d in /workspace/vllm/.venv/bin/python)
frame #33: /workspace/vllm/.venv/bin/python() [0x582e84]
frame #34: _PyObject_LookupAttr + 0x7a (0x584bea in /workspace/vllm/.venv/bin/python)
frame #35: /workspace/vllm/.venv/bin/python() [0x5d2b8a]
frame #36: _PyEval_EvalFrameDefault + 0x207d (0x5d84fd in /workspace/vllm/.venv/bin/python)
frame #37: /workspace/vllm/.venv/bin/python() [0x549d47]
frame #38: PyObject_CallMethodObjArgs + 0xe3 (0x54b5c3 in /workspace/vllm/.venv/bin/python)
frame #39: PyImport_ImportModuleLevelObject + 0x5eb (0x5fda5b in /workspace/vllm/.venv/bin/python)
frame #40: _PyEval_EvalFrameDefault + 0x5eee (0x5dc36e in /workspace/vllm/.venv/bin/python)
frame #41: PyEval_EvalCode + 0x15b (0x5d543b in /workspace/vllm/.venv/bin/python)
frame #42: /workspace/vllm/.venv/bin/python() [0x5d322c]
frame #43: /workspace/vllm/.venv/bin/python() [0x581d1d]
frame #44: _PyEval_EvalFrameDefault + 0x4c3a (0x5db0ba in /workspace/vllm/.venv/bin/python)
frame #45: /workspace/vllm/.venv/bin/python() [0x549d47]
frame #46: PyObject_CallMethodObjArgs + 0xe3 (0x54b5c3 in /workspace/vllm/.venv/bin/python)
frame #47: PyImport_ImportModuleLevelObject + 0x395 (0x5fd805 in /workspace/vllm/.venv/bin/python)
frame #48: _PyEval_EvalFrameDefault + 0x5eee (0x5dc36e in /workspace/vllm/.venv/bin/python)
frame #49: PyEval_EvalCode + 0x15b (0x5d543b in /workspace/vllm/.venv/bin/python)
frame #50: /workspace/vllm/.venv/bin/python() [0x5d322c]
frame #51: /workspace/vllm/.venv/bin/python() [0x581d1d]
frame #52: _PyEval_EvalFrameDefault + 0x4c3a (0x5db0ba in /workspace/vllm/.venv/bin/python)
frame #53: /workspace/vllm/.venv/bin/python() [0x549d47]
frame #54: PyObject_CallMethodObjArgs + 0xe3 (0x54b5c3 in /workspace/vllm/.venv/bin/python)
frame #55: PyImport_ImportModuleLevelObject + 0x395 (0x5fd805 in /workspace/vllm/.venv/bin/python)
frame #56: _PyEval_EvalFrameDefault + 0x5eee (0x5dc36e in /workspace/vllm/.venv/bin/python)
frame #57: PyEval_EvalCode + 0x15b (0x5d543b in /workspace/vllm/.venv/bin/python)
frame #58: /workspace/vllm/.venv/bin/python() [0x5d322c]
frame #59: /workspace/vllm/.venv/bin/python() [0x581d1d]
frame #60: _PyEval_EvalFrameDefault + 0x4c3a (0x5db0ba in /workspace/vllm/.venv/bin/python)
frame #61: /workspace/vllm/.venv/bin/python() [0x549d47]
frame #62: PyObject_CallMethodObjArgs + 0xe3 (0x54b5c3 in /workspace/vllm/.venv/bin/python)

[E709 13:22:20.601812281 shim_common.cpp:1458] Exception in aoti_torch: Tried to register an operator (_C::weak_ref_tensor(Tensor input) -> Tensor) with the same name and overload name multiple times. Each overload's schema should only be registered with a single call to def(). Duplicate registration: registered at /workspace/csrc/libtorch_stable/torch_bindings.cpp:10. Original registration: registered at /workspace/csrc/torch_bindings.cpp:21
Exception raised from registerDef at /pytorch/aten/src/ATen/core/dispatch/Dispatcher.cpp:248 (most recent call first):
frame #0: c10::Error::Error(c10::SourceLocation, std::__cxx11::basic_string<char, std::char_traits<char>, std::allocator<char> >) + 0x9d (0x7ffff6b7205d in /workspace/vllm/.venv/lib/python3.12/site-packages/torch/lib/libc10.so)
frame #1: c10::detail::torchCheckFail(char const*, char const*, unsigned int, std::__cxx11::basic_string<char, std::char_traits<char>, std::allocator<char> > const&) + 0xc3 (0x7ffff6b066fd in /workspace/vllm/.venv/lib/python3.12/site-packages/torch/lib/libc10.so)
frame #2: c10::Dispatcher::registerDef(c10::FunctionSchema, std::__cxx11::basic_string<char, std::char_traits<char>, std::allocator<char> >, std::vector<at::Tag, std::allocator<at::Tag> >) + 0x35e (0x7fff0e6811fe in /workspace/vllm/.venv/lib/python3.12/site-packages/torch/lib/libtorch_cpu.so)
frame #3: torch::Library::_def(c10::FunctionSchema&&, c10::OperatorName*, std::vector<at::Tag, std::allocator<at::Tag> > const&, torch::_RegisterOrVerify) & + 0x514 (0x7fff0e6c2254 in /workspace/vllm/.venv/lib/python3.12/site-packages/torch/lib/libtorch_cpu.so)
frame #4: aoti_torch_library_def + 0x99 (0x7fff128d45b9 in /workspace/vllm/.venv/lib/python3.12/site-packages/torch/lib/libtorch_cpu.so)
frame #5: <unknown function> + 0x2bdb00 (0x7ffe8aebeb00 in /workspace/vllm/vllm/_C_stable_libtorch.abi3.so)
frame #6: <unknown function> + 0x2bf0ce (0x7ffe8aec00ce in /workspace/vllm/vllm/_C_stable_libtorch.abi3.so)
frame #7: <unknown function> + 0x279d92 (0x7ffe8ae7ad92 in /workspace/vllm/vllm/_C_stable_libtorch.abi3.so)
frame #8: <unknown function> + 0x571f (0x7ffff7fca71f in /lib64/ld-linux-x86-64.so.2)
frame #9: <unknown function> + 0x5824 (0x7ffff7fca824 in /lib64/ld-linux-x86-64.so.2)
frame #10: _dl_catch_exception + 0x132 (0x7ffff7fc65b2 in /lib64/ld-linux-x86-64.so.2)
frame #11: <unknown function> + 0xcd7c (0x7ffff7fd1d7c in /lib64/ld-linux-x86-64.so.2)
frame #12: _dl_catch_exception + 0x9c (0x7ffff7fc651c in /lib64/ld-linux-x86-64.so.2)
frame #13: <unknown function> + 0xd164 (0x7ffff7fd2164 in /lib64/ld-linux-x86-64.so.2)
frame #14: <unknown function> + 0x981a4 (0x7ffff7d0c1a4 in /usr/lib/x86_64-linux-gnu/libc.so.6)
frame #15: _dl_catch_exception + 0x9c (0x7ffff7fc651c in /lib64/ld-linux-x86-64.so.2)
frame #16: <unknown function> + 0x1669 (0x7ffff7fc6669 in /lib64/ld-linux-x86-64.so.2)
frame #17: <unknown function> + 0x97c83 (0x7ffff7d0bc83 in /usr/lib/x86_64-linux-gnu/libc.so.6)
frame #18: dlopen + 0x6f (0x7ffff7d0c25f in /usr/lib/x86_64-linux-gnu/libc.so.6)
frame #19: /workspace/vllm/.venv/bin/python() [0x6bc36c]
frame #20: /workspace/vllm/.venv/bin/python() [0x6a946a]
frame #21: /workspace/vllm/.venv/bin/python() [0x6a8bf2]
frame #22: /workspace/vllm/.venv/bin/python() [0x581f37]
frame #23: _PyEval_EvalFrameDefault + 0x4c3a (0x5db0ba in /workspace/vllm/.venv/bin/python)
frame #24: /workspace/vllm/.venv/bin/python() [0x549d47]
frame #25: PyObject_CallMethodObjArgs + 0xe3 (0x54b5c3 in /workspace/vllm/.venv/bin/python)
frame #26: PyImport_ImportModuleLevelObject + 0x395 (0x5fd805 in /workspace/vllm/.venv/bin/python)
frame #27: _PyEval_EvalFrameDefault + 0x5eee (0x5dc36e in /workspace/vllm/.venv/bin/python)
frame #28: PyEval_EvalCode + 0x15b (0x5d543b in /workspace/vllm/.venv/bin/python)
frame #29: /workspace/vllm/.venv/bin/python() [0x5d322c]
frame #30: /workspace/vllm/.venv/bin/python() [0x581d1d]
frame #31: _PyEval_EvalFrameDefault + 0x4c3a (0x5db0ba in /workspace/vllm/.venv/bin/python)
frame #32: PyObject_CallOneArg + 0x4d (0x54a65d in /workspace/vllm/.venv/bin/python)
frame #33: /workspace/vllm/.venv/bin/python() [0x582e84]
frame #34: _PyObject_LookupAttr + 0x7a (0x584bea in /workspace/vllm/.venv/bin/python)
frame #35: /workspace/vllm/.venv/bin/python() [0x5d2b8a]
frame #36: _PyEval_EvalFrameDefault + 0x207d (0x5d84fd in /workspace/vllm/.venv/bin/python)
frame #37: /workspace/vllm/.venv/bin/python() [0x549d47]
frame #38: PyObject_CallMethodObjArgs + 0xe3 (0x54b5c3 in /workspace/vllm/.venv/bin/python)
frame #39: PyImport_ImportModuleLevelObject + 0x5eb (0x5fda5b in /workspace/vllm/.venv/bin/python)
frame #40: _PyEval_EvalFrameDefault + 0x5eee (0x5dc36e in /workspace/vllm/.venv/bin/python)
frame #41: PyEval_EvalCode + 0x15b (0x5d543b in /workspace/vllm/.venv/bin/python)
frame #42: /workspace/vllm/.venv/bin/python() [0x5d322c]
frame #43: /workspace/vllm/.venv/bin/python() [0x581d1d]
frame #44: _PyEval_EvalFrameDefault + 0x4c3a (0x5db0ba in /workspace/vllm/.venv/bin/python)
frame #45: /workspace/vllm/.venv/bin/python() [0x549d47]
frame #46: PyObject_CallMethodObjArgs + 0xe3 (0x54b5c3 in /workspace/vllm/.venv/bin/python)
frame #47: PyImport_ImportModuleLevelObject + 0x395 (0x5fd805 in /workspace/vllm/.venv/bin/python)
frame #48: _PyEval_EvalFrameDefault + 0x5eee (0x5dc36e in /workspace/vllm/.venv/bin/python)
frame #49: PyEval_EvalCode + 0x15b (0x5d543b in /workspace/vllm/.venv/bin/python)
frame #50: /workspace/vllm/.venv/bin/python() [0x5d322c]
frame #51: /workspace/vllm/.venv/bin/python() [0x581d1d]
frame #52: _PyEval_EvalFrameDefault + 0x4c3a (0x5db0ba in /workspace/vllm/.venv/bin/python)
frame #53: /workspace/vllm/.venv/bin/python() [0x549d47]
frame #54: PyObject_CallMethodObjArgs + 0xe3 (0x54b5c3 in /workspace/vllm/.venv/bin/python)
frame #55: PyImport_ImportModuleLevelObject + 0x395 (0x5fd805 in /workspace/vllm/.venv/bin/python)
frame #56: _PyEval_EvalFrameDefault + 0x5eee (0x5dc36e in /workspace/vllm/.venv/bin/python)
frame #57: PyEval_EvalCode + 0x15b (0x5d543b in /workspace/vllm/.venv/bin/python)
frame #58: /workspace/vllm/.venv/bin/python() [0x5d322c]
frame #59: /workspace/vllm/.venv/bin/python() [0x581d1d]
frame #60: _PyEval_EvalFrameDefault + 0x4c3a (0x5db0ba in /workspace/vllm/.venv/bin/python)
frame #61: /workspace/vllm/.venv/bin/python() [0x549d47]
frame #62: PyObject_CallMethodObjArgs + 0xe3 (0x54b5c3 in /workspace/vllm/.venv/bin/python)

[E709 13:22:20.603762241 shim_common.cpp:1458] Exception in aoti_torch: Tried to register an operator (_C::silu_and_mul_quant(Tensor($0! -> ) result, Tensor input, Tensor scale) -> ()) with the same name and overload name multiple times. Each overload's schema should only be registered with a single call to def(). Duplicate registration: registered at /workspace/csrc/libtorch_stable/torch_bindings.cpp:10. Original registration: registered at /workspace/csrc/torch_bindings.cpp:21
Exception raised from registerDef at /pytorch/aten/src/ATen/core/dispatch/Dispatcher.cpp:248 (most recent call first):
frame #0: c10::Error::Error(c10::SourceLocation, std::__cxx11::basic_string<char, std::char_traits<char>, std::allocator<char> >) + 0x9d (0x7ffff6b7205d in /workspace/vllm/.venv/lib/python3.12/site-packages/torch/lib/libc10.so)
frame #1: c10::detail::torchCheckFail(char const*, char const*, unsigned int, std::__cxx11::basic_string<char, std::char_traits<char>, std::allocator<char> > const&) + 0xc3 (0x7ffff6b066fd in /workspace/vllm/.venv/lib/python3.12/site-packages/torch/lib/libc10.so)
frame #2: c10::Dispatcher::registerDef(c10::FunctionSchema, std::__cxx11::basic_string<char, std::char_traits<char>, std::allocator<char> >, std::vector<at::Tag, std::allocator<at::Tag> >) + 0x35e (0x7fff0e6811fe in /workspace/vllm/.venv/lib/python3.12/site-packages/torch/lib/libtorch_cpu.so)
frame #3: torch::Library::_def(c10::FunctionSchema&&, c10::OperatorName*, std::vector<at::Tag, std::allocator<at::Tag> > const&, torch::_RegisterOrVerify) & + 0x514 (0x7fff0e6c2254 in /workspace/vllm/.venv/lib/python3.12/site-packages/torch/lib/libtorch_cpu.so)
frame #4: aoti_torch_library_def + 0x99 (0x7fff128d45b9 in /workspace/vllm/.venv/lib/python3.12/site-packages/torch/lib/libtorch_cpu.so)
frame #5: <unknown function> + 0x2bdb3c (0x7ffe8aebeb3c in /workspace/vllm/vllm/_C_stable_libtorch.abi3.so)
frame #6: <unknown function> + 0x2bf0ce (0x7ffe8aec00ce in /workspace/vllm/vllm/_C_stable_libtorch.abi3.so)
frame #7: <unknown function> + 0x279d92 (0x7ffe8ae7ad92 in /workspace/vllm/vllm/_C_stable_libtorch.abi3.so)
frame #8: <unknown function> + 0x571f (0x7ffff7fca71f in /lib64/ld-linux-x86-64.so.2)
frame #9: <unknown function> + 0x5824 (0x7ffff7fca824 in /lib64/ld-linux-x86-64.so.2)
frame #10: _dl_catch_exception + 0x132 (0x7ffff7fc65b2 in /lib64/ld-linux-x86-64.so.2)
frame #11: <unknown function> + 0xcd7c (0x7ffff7fd1d7c in /lib64/ld-linux-x86-64.so.2)
frame #12: _dl_catch_exception + 0x9c (0x7ffff7fc651c in /lib64/ld-linux-x86-64.so.2)
frame #13: <unknown function> + 0xd164 (0x7ffff7fd2164 in /lib64/ld-linux-x86-64.so.2)
frame #14: <unknown function> + 0x981a4 (0x7ffff7d0c1a4 in /usr/lib/x86_64-linux-gnu/libc.so.6)
frame #15: _dl_catch_exception + 0x9c (0x7ffff7fc651c in /lib64/ld-linux-x86-64.so.2)
frame #16: <unknown function> + 0x1669 (0x7ffff7fc6669 in /lib64/ld-linux-x86-64.so.2)
frame #17: <unknown function> + 0x97c83 (0x7ffff7d0bc83 in /usr/lib/x86_64-linux-gnu/libc.so.6)
frame #18: dlopen + 0x6f (0x7ffff7d0c25f in /usr/lib/x86_64-linux-gnu/libc.so.6)
frame #19: /workspace/vllm/.venv/bin/python() [0x6bc36c]
frame #20: /workspace/vllm/.venv/bin/python() [0x6a946a]
frame #21: /workspace/vllm/.venv/bin/python() [0x6a8bf2]
frame #22: /workspace/vllm/.venv/bin/python() [0x581f37]
frame #23: _PyEval_EvalFrameDefault + 0x4c3a (0x5db0ba in /workspace/vllm/.venv/bin/python)
frame #24: /workspace/vllm/.venv/bin/python() [0x549d47]
frame #25: PyObject_CallMethodObjArgs + 0xe3 (0x54b5c3 in /workspace/vllm/.venv/bin/python)
frame #26: PyImport_ImportModuleLevelObject + 0x395 (0x5fd805 in /workspace/vllm/.venv/bin/python)
frame #27: _PyEval_EvalFrameDefault + 0x5eee (0x5dc36e in /workspace/vllm/.venv/bin/python)
frame #28: PyEval_EvalCode + 0x15b (0x5d543b in /workspace/vllm/.venv/bin/python)
frame #29: /workspace/vllm/.venv/bin/python() [0x5d322c]
frame #30: /workspace/vllm/.venv/bin/python() [0x581d1d]
frame #31: _PyEval_EvalFrameDefault + 0x4c3a (0x5db0ba in /workspace/vllm/.venv/bin/python)
frame #32: PyObject_CallOneArg + 0x4d (0x54a65d in /workspace/vllm/.venv/bin/python)
frame #33: /workspace/vllm/.venv/bin/python() [0x582e84]
frame #34: _PyObject_LookupAttr + 0x7a (0x584bea in /workspace/vllm/.venv/bin/python)
frame #35: /workspace/vllm/.venv/bin/python() [0x5d2b8a]
frame #36: _PyEval_EvalFrameDefault + 0x207d (0x5d84fd in /workspace/vllm/.venv/bin/python)
frame #37: /workspace/vllm/.venv/bin/python() [0x549d47]
frame #38: PyObject_CallMethodObjArgs + 0xe3 (0x54b5c3 in /workspace/vllm/.venv/bin/python)
frame #39: PyImport_ImportModuleLevelObject + 0x5eb (0x5fda5b in /workspace/vllm/.venv/bin/python)
frame #40: _PyEval_EvalFrameDefault + 0x5eee (0x5dc36e in /workspace/vllm/.venv/bin/python)
frame #41: PyEval_EvalCode + 0x15b (0x5d543b in /workspace/vllm/.venv/bin/python)
frame #42: /workspace/vllm/.venv/bin/python() [0x5d322c]
frame #43: /workspace/vllm/.venv/bin/python() [0x581d1d]
frame #44: _PyEval_EvalFrameDefault + 0x4c3a (0x5db0ba in /workspace/vllm/.venv/bin/python)
frame #45: /workspace/vllm/.venv/bin/python() [0x549d47]
frame #46: PyObject_CallMethodObjArgs + 0xe3 (0x54b5c3 in /workspace/vllm/.venv/bin/python)
frame #47: PyImport_ImportModuleLevelObject + 0x395 (0x5fd805 in /workspace/vllm/.venv/bin/python)
frame #48: _PyEval_EvalFrameDefault + 0x5eee (0x5dc36e in /workspace/vllm/.venv/bin/python)
frame #49: PyEval_EvalCode + 0x15b (0x5d543b in /workspace/vllm/.venv/bin/python)
frame #50: /workspace/vllm/.venv/bin/python() [0x5d322c]
frame #51: /workspace/vllm/.venv/bin/python() [0x581d1d]
frame #52: _PyEval_EvalFrameDefault + 0x4c3a (0x5db0ba in /workspace/vllm/.venv/bin/python)
frame #53: /workspace/vllm/.venv/bin/python() [0x549d47]
frame #54: PyObject_CallMethodObjArgs + 0xe3 (0x54b5c3 in /workspace/vllm/.venv/bin/python)
frame #55: PyImport_ImportModuleLevelObject + 0x395 (0x5fd805 in /workspace/vllm/.venv/bin/python)
frame #56: _PyEval_EvalFrameDefault + 0x5eee (0x5dc36e in /workspace/vllm/.venv/bin/python)
frame #57: PyEval_EvalCode + 0x15b (0x5d543b in /workspace/vllm/.venv/bin/python)
frame #58: /workspace/vllm/.venv/bin/python() [0x5d322c]
frame #59: /workspace/vllm/.venv/bin/python() [0x581d1d]
frame #60: _PyEval_EvalFrameDefault + 0x4c3a (0x5db0ba in /workspace/vllm/.venv/bin/python)
frame #61: /workspace/vllm/.venv/bin/python() [0x549d47]
frame #62: PyObject_CallMethodObjArgs + 0xe3 (0x54b5c3 in /workspace/vllm/.venv/bin/python)

[W709 13:22:20.605914866 OperatorEntry.cpp:208] Warning: Warning only once for all operators,  other operators may also be overridden.
  Overriding a previously registered kernel for the same operator and the same dispatch key
  operator: _C::persistent_masked_m_silu_mul_quant(Tensor input, Tensor counts, Tensor($0! -> ) y_q, Tensor($1! -> ) y_s, bool use_ue8m0) -> ()
    registered at /workspace/csrc/torch_bindings.cpp:21
  dispatch key: CUDA
  previous kernel: registered at /workspace/csrc/torch_bindings.cpp:21
       new kernel: registered at /workspace/csrc/libtorch_stable/torch_bindings.cpp:603 (function operator())
(Worker pid=259778) INFO 07-09 13:22:29 [parallel_state.py:1422] world_size=8 rank=0 local_rank=0 distributed_init_method=tcp://127.0.0.1:56553 backend=nccl
(Worker pid=259782) INFO 07-09 13:22:29 [parallel_state.py:1422] world_size=8 rank=4 local_rank=4 distributed_init_method=tcp://127.0.0.1:56553 backend=nccl
(Worker pid=259784) INFO 07-09 13:22:29 [parallel_state.py:1422] world_size=8 rank=6 local_rank=6 distributed_init_method=tcp://127.0.0.1:56553 backend=nccl
(Worker pid=259783) INFO 07-09 13:22:29 [parallel_state.py:1422] world_size=8 rank=5 local_rank=5 distributed_init_method=tcp://127.0.0.1:56553 backend=nccl
(Worker pid=259781) INFO 07-09 13:22:30 [parallel_state.py:1422] world_size=8 rank=3 local_rank=3 distributed_init_method=tcp://127.0.0.1:56553 backend=nccl
(Worker pid=259779) INFO 07-09 13:22:30 [parallel_state.py:1422] world_size=8 rank=1 local_rank=1 distributed_init_method=tcp://127.0.0.1:56553 backend=nccl
(Worker pid=259780) INFO 07-09 13:22:30 [parallel_state.py:1422] world_size=8 rank=2 local_rank=2 distributed_init_method=tcp://127.0.0.1:56553 backend=nccl
(Worker pid=259785) INFO 07-09 13:22:30 [parallel_state.py:1422] world_size=8 rank=7 local_rank=7 distributed_init_method=tcp://127.0.0.1:56553 backend=nccl
(Worker pid=259785) <frozen importlib._bootstrap_external>:1297: FutureWarning: The cuda.cudart module is deprecated and will be removed in a future release, please switch to use the cuda.bindings.runtime module instead.
(Worker pid=259785) <frozen importlib._bootstrap_external>:1297: FutureWarning: The cuda.nvrtc module is deprecated and will be removed in a future release, please switch to use the cuda.bindings.nvrtc module instead.
(Worker pid=259778) <frozen importlib._bootstrap_external>:1297: FutureWarning: The cuda.cudart module is deprecated and will be removed in a future release, please switch to use the cuda.bindings.runtime module instead.
(Worker pid=259778) <frozen importlib._bootstrap_external>:1297: FutureWarning: The cuda.nvrtc module is deprecated and will be removed in a future release, please switch to use the cuda.bindings.nvrtc module instead.
(Worker pid=259782) <frozen importlib._bootstrap_external>:1297: FutureWarning: The cuda.cudart module is deprecated and will be removed in a future release, please switch to use the cuda.bindings.runtime module instead.
(Worker pid=259782) <frozen importlib._bootstrap_external>:1297: FutureWarning: The cuda.nvrtc module is deprecated and will be removed in a future release, please switch to use the cuda.bindings.nvrtc module instead.
(Worker pid=259783) <frozen importlib._bootstrap_external>:1297: FutureWarning: The cuda.cudart module is deprecated and will be removed in a future release, please switch to use the cuda.bindings.runtime module instead.
(Worker pid=259783) <frozen importlib._bootstrap_external>:1297: FutureWarning: The cuda.nvrtc module is deprecated and will be removed in a future release, please switch to use the cuda.bindings.nvrtc module instead.
(Worker pid=259780) <frozen importlib._bootstrap_external>:1297: FutureWarning: The cuda.cudart module is deprecated and will be removed in a future release, please switch to use the cuda.bindings.runtime module instead.
(Worker pid=259780) <frozen importlib._bootstrap_external>:1297: FutureWarning: The cuda.nvrtc module is deprecated and will be removed in a future release, please switch to use the cuda.bindings.nvrtc module instead.
(Worker pid=259781) <frozen importlib._bootstrap_external>:1297: FutureWarning: The cuda.cudart module is deprecated and will be removed in a future release, please switch to use the cuda.bindings.runtime module instead.
(Worker pid=259781) <frozen importlib._bootstrap_external>:1297: FutureWarning: The cuda.nvrtc module is deprecated and will be removed in a future release, please switch to use the cuda.bindings.nvrtc module instead.
(Worker pid=259784) <frozen importlib._bootstrap_external>:1297: FutureWarning: The cuda.cudart module is deprecated and will be removed in a future release, please switch to use the cuda.bindings.runtime module instead.
(Worker pid=259784) <frozen importlib._bootstrap_external>:1297: FutureWarning: The cuda.nvrtc module is deprecated and will be removed in a future release, please switch to use the cuda.bindings.nvrtc module instead.
(Worker pid=259779) <frozen importlib._bootstrap_external>:1297: FutureWarning: The cuda.cudart module is deprecated and will be removed in a future release, please switch to use the cuda.bindings.runtime module instead.
(Worker pid=259779) <frozen importlib._bootstrap_external>:1297: FutureWarning: The cuda.nvrtc module is deprecated and will be removed in a future release, please switch to use the cuda.bindings.nvrtc module instead.
(Worker pid=259778) INFO 07-09 13:22:31 [pynccl.py:113] vLLM is using nccl==2.28.9
(Worker pid=259778) INFO 07-09 13:22:35 [cuda_communicator.py:248] Using ['CUSTOM', 'PYNCCL'] all-reduce backends (in dispatch order) for group 'tp:0' out of potential backends: ['FT_NCCL', 'NCCL_SYMM_MEM', 'QUICK_REDUCE', 'FLASHINFER', 'CUSTOM', 'SYMM_MEM', 'PYNCCL'].
(Worker pid=259778) INFO 07-09 13:22:35 [parallel_state.py:1735] rank 0 in world size 8 is assigned as DP rank 0, PP rank 0, PCP rank 0, TP rank 0, EP rank N/A, EPLB rank N/A
(Worker pid=259778) INFO 07-09 13:22:36 [topk_topp_sampler.py:45] Using FlashInfer for top-p & top-k sampling.
(Worker_TP0 pid=259778) INFO 07-09 13:22:36 [gpu_model_runner.py:5037] Starting to load model Qwen/Qwen2.5-32B-Instruct...
(Worker_TP0 pid=259778) INFO 07-09 13:22:36 [cuda.py:378] Using FLASH_ATTN attention backend out of potential backends: ['FLASH_ATTN', 'FLASHINFER', 'TRITON_ATTN', 'FLEX_ATTENTION'].
(Worker_TP0 pid=259778) INFO 07-09 13:22:36 [flash_attn.py:636] Using FlashAttention version 3
(Worker_TP7 pid=259785) Warning: You are sending unauthenticated requests to the HF Hub. Please set a HF_TOKEN to enable higher rate limits and faster downloads.
(Worker_TP6 pid=259784) Warning: You are sending unauthenticated requests to the HF Hub. Please set a HF_TOKEN to enable higher rate limits and faster downloads.
(Worker_TP5 pid=259783) Warning: You are sending unauthenticated requests to the HF Hub. Please set a HF_TOKEN to enable higher rate limits and faster downloads.
(Worker_TP1 pid=259779) Warning: You are sending unauthenticated requests to the HF Hub. Please set a HF_TOKEN to enable higher rate limits and faster downloads.
(Worker_TP2 pid=259780) Warning: You are sending unauthenticated requests to the HF Hub. Please set a HF_TOKEN to enable higher rate limits and faster downloads.
(Worker_TP0 pid=259778) Warning: You are sending unauthenticated requests to the HF Hub. Please set a HF_TOKEN to enable higher rate limits and faster downloads.
(Worker_TP7 pid=259785) INFO 07-09 13:24:04 [weight_utils.py:603] Time spent downloading weights for Qwen/Qwen2.5-32B-Instruct: 87.001281 seconds
(Worker_TP4 pid=259782) Warning: You are sending unauthenticated requests to the HF Hub. Please set a HF_TOKEN to enable higher rate limits and faster downloads.
(Worker_TP3 pid=259781) Warning: You are sending unauthenticated requests to the HF Hub. Please set a HF_TOKEN to enable higher rate limits and faster downloads.
(Worker_TP0 pid=259778) INFO 07-09 13:24:05 [weight_utils.py:922] Filesystem type for checkpoints: TMPFS. Checkpoint size: 61.03 GiB. Available RAM: 1706.14 GiB.
(Worker_TP0 pid=259778) INFO 07-09 13:24:05 [weight_utils.py:945] Auto-prefetch is disabled because the filesystem (TMPFS) is not a recognized network FS (NFS/Lustre). If you want to force prefetching, start vLLM with --safetensors-load-strategy=prefetch.
(Worker_TP0 pid=259778) Loading safetensors checkpoint shards:   0% Completed | 0/17 [00:00<?, ?it/s]
(Worker_TP0 pid=259778) Loading safetensors checkpoint shards:   6% Completed | 1/17 [00:00<00:02,  5.76it/s]
(Worker_TP0 pid=259778) Loading safetensors checkpoint shards:  12% Completed | 2/17 [00:00<00:03,  4.80it/s]
(Worker_TP0 pid=259778) Loading safetensors checkpoint shards:  18% Completed | 3/17 [00:00<00:03,  4.33it/s]
(Worker_TP0 pid=259778) Loading safetensors checkpoint shards:  24% Completed | 4/17 [00:00<00:03,  4.11it/s]
(Worker_TP0 pid=259778) Loading safetensors checkpoint shards:  29% Completed | 5/17 [00:01<00:02,  4.18it/s]
(Worker_TP0 pid=259778) Loading safetensors checkpoint shards:  35% Completed | 6/17 [00:01<00:02,  4.00it/s]
(Worker_TP0 pid=259778) Loading safetensors checkpoint shards:  41% Completed | 7/17 [00:01<00:02,  3.82it/s]
(Worker_TP0 pid=259778) Loading safetensors checkpoint shards:  47% Completed | 8/17 [00:01<00:02,  3.90it/s]
(Worker_TP0 pid=259778) Loading safetensors checkpoint shards:  53% Completed | 9/17 [00:02<00:02,  3.68it/s]
(Worker_TP0 pid=259778) Loading safetensors checkpoint shards:  59% Completed | 10/17 [00:02<00:01,  3.91it/s]
(Worker_TP0 pid=259778) Loading safetensors checkpoint shards:  65% Completed | 11/17 [00:03<00:02,  2.72it/s]
(Worker_TP0 pid=259778) Loading safetensors checkpoint shards:  71% Completed | 12/17 [00:03<00:02,  2.15it/s]
(Worker_TP0 pid=259778) Loading safetensors checkpoint shards:  76% Completed | 13/17 [00:04<00:01,  2.09it/s]
(Worker_TP0 pid=259778) Loading safetensors checkpoint shards:  82% Completed | 14/17 [00:04<00:01,  1.93it/s]
(Worker_TP0 pid=259778) Loading safetensors checkpoint shards:  88% Completed | 15/17 [00:05<00:01,  1.81it/s]
(Worker_TP0 pid=259778) Loading safetensors checkpoint shards:  94% Completed | 16/17 [00:06<00:00,  1.72it/s]
(Worker_TP0 pid=259778) Loading safetensors checkpoint shards: 100% Completed | 17/17 [00:06<00:00,  1.67it/s]
(Worker_TP0 pid=259778) Loading safetensors checkpoint shards: 100% Completed | 17/17 [00:06<00:00,  2.49it/s]
(Worker_TP0 pid=259778) 
(Worker_TP0 pid=259778) INFO 07-09 13:24:12 [default_loader.py:397] Loading weights took 7.13 seconds
(Worker_TP0 pid=259778) INFO 07-09 13:24:13 [gpu_model_runner.py:5132] Model loading took 7.69 GiB memory and 96.122154 seconds
(Worker_TP0 pid=259778) INFO 07-09 13:24:21 [backends.py:1089] Using cache directory: /root/.cache/vllm/torch_compile_cache/1f0ee8d30c/rank_0_0/backbone for vLLM's torch.compile
(Worker_TP0 pid=259778) INFO 07-09 13:24:21 [backends.py:1148] Dynamo bytecode transform time: 7.26 s
(Worker_TP0 pid=259778) INFO 07-09 13:24:21 [flashinfer_all_reduce.py:111] Auto-selected flashinfer allreduce backend: trtllm
(Worker_TP0 pid=259778) /workspace/vllm/.venv/lib/python3.12/site-packages/torch/distributed/c10d_logger.py:83: UserWarning: barrier(): using the device under current context. You can specify `device_id` in `init_process_group` to mute this warning.
(Worker_TP0 pid=259778)   return func(*args, **kwargs)
[rank0]:[W709 13:24:22.731667408 ProcessGroupNCCL.cpp:5188] Guessing device ID based on global rank. This can cause a hang if rank to GPU mapping is heterogeneous. You can specify device_id in init_process_group()
(Worker_TP0 pid=259778) INFO 07-09 13:24:24 [flashinfer_all_reduce.py:151] Initialized FlashInfer Allreduce norm fusion workspace with backend=trtllm
(Worker_TP0 pid=259778) INFO 07-09 13:24:27 [backends.py:378] Cache the graph of compile range (1, 51) for later use
(Worker_TP0 pid=259778) INFO 07-09 13:24:29 [backends.py:378] Cache the graph of compile range (52, 4096) for later use
(Worker_TP0 pid=259778) INFO 07-09 13:24:35 [backends.py:393] Compiling a graph for compile range (1, 51) takes 7.75 s
(Worker_TP0 pid=259778) INFO 07-09 13:24:36 [backends.py:393] Compiling a graph for compile range (52, 4096) takes 8.49 s
(Worker_TP0 pid=259778) INFO 07-09 13:24:45 [decorators.py:708] saved AOT compiled function to /root/.cache/vllm/torch_compile_cache/torch_aot_compile/474f6c79946d2c4b1a9032b591f6e5ebf68bc17e0f3b5ef883eeca0aa02f6f67/rank_0_0/model
(Worker_TP0 pid=259778) INFO 07-09 13:24:45 [monitor.py:53] torch.compile took 31.66 s in total
(Worker_TP0 pid=259778) INFO 07-09 13:24:46 [monitor.py:81] Initial profiling/warmup run took 1.15 s
(Worker_TP5 pid=259783) INFO 07-09 13:24:52 [gpu_model_runner.py:6279] Profiling CUDA graph memory: PIECEWISE=51 (largest=512), FULL=51 (largest=512)
(Worker_TP6 pid=259784) INFO 07-09 13:24:52 [gpu_model_runner.py:6279] Profiling CUDA graph memory: PIECEWISE=51 (largest=512), FULL=51 (largest=512)
(Worker_TP0 pid=259778) INFO 07-09 13:24:52 [gpu_model_runner.py:6279] Profiling CUDA graph memory: PIECEWISE=51 (largest=512), FULL=51 (largest=512)
(Worker_TP7 pid=259785) INFO 07-09 13:24:52 [gpu_model_runner.py:6279] Profiling CUDA graph memory: PIECEWISE=51 (largest=512), FULL=51 (largest=512)
(Worker_TP4 pid=259782) INFO 07-09 13:24:52 [gpu_model_runner.py:6279] Profiling CUDA graph memory: PIECEWISE=51 (largest=512), FULL=51 (largest=512)
(Worker_TP3 pid=259781) INFO 07-09 13:24:53 [gpu_model_runner.py:6279] Profiling CUDA graph memory: PIECEWISE=51 (largest=512), FULL=51 (largest=512)
(Worker_TP5 pid=259783) INFO 07-09 13:24:53 [custom_all_reduce.py:215] Registering 516 cuda graph addresses
(Worker_TP1 pid=259779) INFO 07-09 13:24:53 [gpu_model_runner.py:6279] Profiling CUDA graph memory: PIECEWISE=51 (largest=512), FULL=51 (largest=512)
(Worker_TP6 pid=259784) INFO 07-09 13:24:53 [custom_all_reduce.py:215] Registering 516 cuda graph addresses
(Worker_TP2 pid=259780) INFO 07-09 13:24:53 [gpu_model_runner.py:6279] Profiling CUDA graph memory: PIECEWISE=51 (largest=512), FULL=51 (largest=512)
(Worker_TP0 pid=259778) INFO 07-09 13:24:53 [custom_all_reduce.py:215] Registering 516 cuda graph addresses
(Worker_TP7 pid=259785) INFO 07-09 13:24:53 [custom_all_reduce.py:215] Registering 516 cuda graph addresses
(Worker_TP4 pid=259782) INFO 07-09 13:24:53 [custom_all_reduce.py:215] Registering 516 cuda graph addresses
(Worker_TP3 pid=259781) INFO 07-09 13:24:54 [custom_all_reduce.py:215] Registering 516 cuda graph addresses
(Worker_TP1 pid=259779) INFO 07-09 13:24:54 [custom_all_reduce.py:215] Registering 516 cuda graph addresses
(Worker_TP2 pid=259780) INFO 07-09 13:24:54 [custom_all_reduce.py:215] Registering 516 cuda graph addresses
(Worker_TP5 pid=259783) INFO 07-09 13:24:55 [gpu_model_runner.py:6365] Estimated CUDA graph memory: 0.59 GiB total
(Worker_TP6 pid=259784) INFO 07-09 13:24:55 [gpu_model_runner.py:6365] Estimated CUDA graph memory: 0.59 GiB total
(Worker_TP7 pid=259785) INFO 07-09 13:24:55 [gpu_model_runner.py:6365] Estimated CUDA graph memory: 0.59 GiB total
(Worker_TP0 pid=259778) INFO 07-09 13:24:55 [gpu_model_runner.py:6365] Estimated CUDA graph memory: 0.59 GiB total
(Worker_TP4 pid=259782) INFO 07-09 13:24:55 [gpu_model_runner.py:6365] Estimated CUDA graph memory: 0.59 GiB total
(Worker_TP3 pid=259781) INFO 07-09 13:24:55 [gpu_model_runner.py:6365] Estimated CUDA graph memory: 0.59 GiB total
(Worker_TP2 pid=259780) INFO 07-09 13:24:55 [gpu_model_runner.py:6365] Estimated CUDA graph memory: 0.59 GiB total
(Worker_TP1 pid=259779) INFO 07-09 13:24:55 [gpu_model_runner.py:6365] Estimated CUDA graph memory: 0.59 GiB total
(Worker_TP5 pid=259783) INFO 07-09 13:24:55 [gpu_worker.py:481] CUDA graph memory profiling is enabled (default since v0.21.0). The current --gpu-memory-utilization=0.9000 is equivalent to --gpu-memory-utilization=0.8925 without CUDA graph memory profiling. To maintain the same effective KV cache size as before, increase --gpu-memory-utilization to 0.9075. To disable, set VLLM_MEMORY_PROFILER_ESTIMATE_CUDAGRAPHS=0.
(Worker_TP6 pid=259784) INFO 07-09 13:24:55 [gpu_worker.py:481] CUDA graph memory profiling is enabled (default since v0.21.0). The current --gpu-memory-utilization=0.9000 is equivalent to --gpu-memory-utilization=0.8925 without CUDA graph memory profiling. To maintain the same effective KV cache size as before, increase --gpu-memory-utilization to 0.9075. To disable, set VLLM_MEMORY_PROFILER_ESTIMATE_CUDAGRAPHS=0.
(Worker_TP7 pid=259785) INFO 07-09 13:24:55 [gpu_worker.py:481] CUDA graph memory profiling is enabled (default since v0.21.0). The current --gpu-memory-utilization=0.9000 is equivalent to --gpu-memory-utilization=0.8925 without CUDA graph memory profiling. To maintain the same effective KV cache size as before, increase --gpu-memory-utilization to 0.9075. To disable, set VLLM_MEMORY_PROFILER_ESTIMATE_CUDAGRAPHS=0.
(Worker_TP0 pid=259778) INFO 07-09 13:24:55 [gpu_worker.py:466] Available KV cache memory: 59.85 GiB
(Worker_TP0 pid=259778) INFO 07-09 13:24:55 [gpu_worker.py:481] CUDA graph memory profiling is enabled (default since v0.21.0). The current --gpu-memory-utilization=0.9000 is equivalent to --gpu-memory-utilization=0.8925 without CUDA graph memory profiling. To maintain the same effective KV cache size as before, increase --gpu-memory-utilization to 0.9075. To disable, set VLLM_MEMORY_PROFILER_ESTIMATE_CUDAGRAPHS=0.
(Worker_TP4 pid=259782) INFO 07-09 13:24:56 [gpu_worker.py:481] CUDA graph memory profiling is enabled (default since v0.21.0). The current --gpu-memory-utilization=0.9000 is equivalent to --gpu-memory-utilization=0.8925 without CUDA graph memory profiling. To maintain the same effective KV cache size as before, increase --gpu-memory-utilization to 0.9075. To disable, set VLLM_MEMORY_PROFILER_ESTIMATE_CUDAGRAPHS=0.
(Worker_TP3 pid=259781) INFO 07-09 13:24:56 [gpu_worker.py:481] CUDA graph memory profiling is enabled (default since v0.21.0). The current --gpu-memory-utilization=0.9000 is equivalent to --gpu-memory-utilization=0.8925 without CUDA graph memory profiling. To maintain the same effective KV cache size as before, increase --gpu-memory-utilization to 0.9075. To disable, set VLLM_MEMORY_PROFILER_ESTIMATE_CUDAGRAPHS=0.
(Worker_TP2 pid=259780) INFO 07-09 13:24:56 [gpu_worker.py:481] CUDA graph memory profiling is enabled (default since v0.21.0). The current --gpu-memory-utilization=0.9000 is equivalent to --gpu-memory-utilization=0.8925 without CUDA graph memory profiling. To maintain the same effective KV cache size as before, increase --gpu-memory-utilization to 0.9075. To disable, set VLLM_MEMORY_PROFILER_ESTIMATE_CUDAGRAPHS=0.
(Worker_TP1 pid=259779) INFO 07-09 13:24:56 [gpu_worker.py:481] CUDA graph memory profiling is enabled (default since v0.21.0). The current --gpu-memory-utilization=0.9000 is equivalent to --gpu-memory-utilization=0.8925 without CUDA graph memory profiling. To maintain the same effective KV cache size as before, increase --gpu-memory-utilization to 0.9075. To disable, set VLLM_MEMORY_PROFILER_ESTIMATE_CUDAGRAPHS=0.
(EngineCore pid=259504) INFO 07-09 13:24:56 [kv_cache_utils.py:1733] GPU KV cache size: 1,961,024 tokens
(EngineCore pid=259504) INFO 07-09 13:24:56 [kv_cache_utils.py:1734] Maximum concurrency for 4,096 tokens per request: 478.77x
(Worker_TP5 pid=259783) 2026-07-09 13:24:56,397 - INFO - autotuner.py:615 - flashinfer.jit: [Autotuner]: Autotuning process starts ...
(Worker_TP4 pid=259782) 2026-07-09 13:24:56,397 - INFO - autotuner.py:615 - flashinfer.jit: [Autotuner]: Autotuning process starts ...
(Worker_TP6 pid=259784) 2026-07-09 13:24:56,397 - INFO - autotuner.py:615 - flashinfer.jit: [Autotuner]: Autotuning process starts ...
(Worker_TP7 pid=259785) 2026-07-09 13:24:56,397 - INFO - autotuner.py:615 - flashinfer.jit: [Autotuner]: Autotuning process starts ...
(Worker_TP2 pid=259780) 2026-07-09 13:24:56,397 - INFO - autotuner.py:615 - flashinfer.jit: [Autotuner]: Autotuning process starts ...
(Worker_TP1 pid=259779) 2026-07-09 13:24:56,397 - INFO - autotuner.py:615 - flashinfer.jit: [Autotuner]: Autotuning process starts ...
(Worker_TP3 pid=259781) 2026-07-09 13:24:56,397 - INFO - autotuner.py:615 - flashinfer.jit: [Autotuner]: Autotuning process starts ...
(Worker_TP0 pid=259778) 2026-07-09 13:24:56,397 - INFO - autotuner.py:615 - flashinfer.jit: [Autotuner]: Autotuning process starts ...
(Worker_TP5 pid=259783) 2026-07-09 13:24:56,415 - INFO - autotuner.py:634 - flashinfer.jit: [Autotuner]: Autotuning process ends
(Worker_TP6 pid=259784) 2026-07-09 13:24:56,415 - INFO - autotuner.py:634 - flashinfer.jit: [Autotuner]: Autotuning process ends
(Worker_TP7 pid=259785) 2026-07-09 13:24:56,415 - INFO - autotuner.py:634 - flashinfer.jit: [Autotuner]: Autotuning process ends
(Worker_TP4 pid=259782) 2026-07-09 13:24:56,416 - INFO - autotuner.py:634 - flashinfer.jit: [Autotuner]: Autotuning process ends
(Worker_TP0 pid=259778) 2026-07-09 13:24:56,416 - INFO - autotuner.py:634 - flashinfer.jit: [Autotuner]: Autotuning process ends
(Worker_TP2 pid=259780) 2026-07-09 13:24:56,416 - INFO - autotuner.py:634 - flashinfer.jit: [Autotuner]: Autotuning process ends
(Worker_TP1 pid=259779) 2026-07-09 13:24:56,416 - INFO - autotuner.py:634 - flashinfer.jit: [Autotuner]: Autotuning process ends
(Worker_TP3 pid=259781) 2026-07-09 13:24:56,417 - INFO - autotuner.py:634 - flashinfer.jit: [Autotuner]: Autotuning process ends
(Worker_TP0 pid=259778) Capturing CUDA graphs (mixed prefill-decode, PIECEWISE):   0%|          | 0/51 [00:00<?, ?it/s]Capturing CUDA graphs (mixed prefill-decode, PIECEWISE):   6%|▌         | 3/51 [00:00<00:02, 21.82it/s]Capturing CUDA graphs (mixed prefill-decode, PIECEWISE):  12%|█▏        | 6/51 [00:00<00:02, 21.39it/s]Capturing CUDA graphs (mixed prefill-decode, PIECEWISE):  18%|█▊        | 9/51 [00:00<00:02, 20.70it/s]Capturing CUDA graphs (mixed prefill-decode, PIECEWISE):  24%|██▎       | 12/51 [00:00<00:01, 20.37it/s]Capturing CUDA graphs (mixed prefill-decode, PIECEWISE):  29%|██▉       | 15/51 [00:00<00:01, 19.93it/s]Capturing CUDA graphs (mixed prefill-decode, PIECEWISE):  33%|███▎      | 17/51 [00:00<00:01, 19.76it/s]Capturing CUDA graphs (mixed prefill-decode, PIECEWISE):  37%|███▋      | 19/51 [00:00<00:01, 19.77it/s]Capturing CUDA graphs (mixed prefill-decode, PIECEWISE):  43%|████▎     | 22/51 [00:01<00:01, 19.58it/s]Capturing CUDA graphs (mixed prefill-decode, PIECEWISE):  47%|████▋     | 24/51 [00:01<00:01, 19.45it/s]Capturing CUDA graphs (mixed prefill-decode, PIECEWISE):  51%|█████     | 26/51 [00:01<00:01, 19.24it/s]Capturing CUDA graphs (mixed prefill-decode, PIECEWISE):  55%|█████▍    | 28/51 [00:01<00:01, 19.15it/s]Capturing CUDA graphs (mixed prefill-decode, PIECEWISE):  59%|█████▉    | 30/51 [00:01<00:01, 18.88it/s]Capturing CUDA graphs (mixed prefill-decode, PIECEWISE):  63%|██████▎   | 32/51 [00:01<00:01, 18.58it/s]Capturing CUDA graphs (mixed prefill-decode, PIECEWISE):  67%|██████▋   | 34/51 [00:01<00:00, 18.45it/s]Capturing CUDA graphs (mixed prefill-decode, PIECEWISE):  71%|███████   | 36/51 [00:01<00:00, 18.23it/s]Capturing CUDA graphs (mixed prefill-decode, PIECEWISE):  75%|███████▍  | 38/51 [00:01<00:00, 17.60it/s]Capturing CUDA graphs (mixed prefill-decode, PIECEWISE):  78%|███████▊  | 40/51 [00:02<00:00, 17.43it/s]Capturing CUDA graphs (mixed prefill-decode, PIECEWISE):  82%|████████▏ | 42/51 [00:02<00:00, 17.29it/s]Capturing CUDA graphs (mixed prefill-decode, PIECEWISE):  86%|████████▋ | 44/51 [00:02<00:00,  9.77it/s]Capturing CUDA graphs (mixed prefill-decode, PIECEWISE):  90%|█████████ | 46/51 [00:02<00:00, 10.72it/s]Capturing CUDA graphs (mixed prefill-decode, PIECEWISE):  94%|█████████▍| 48/51 [00:02<00:00, 11.53it/s]Capturing CUDA graphs (mixed prefill-decode, PIECEWISE):  98%|█████████▊| 50/51 [00:03<00:00, 12.29it/s]Capturing CUDA graphs (mixed prefill-decode, PIECEWISE): 100%|██████████| 51/51 [00:03<00:00, 16.27it/s]
(Worker_TP0 pid=259778) Capturing CUDA graphs (decode, FULL):   0%|          | 0/51 [00:00<?, ?it/s]Capturing CUDA graphs (decode, FULL):   6%|▌         | 3/51 [00:00<00:01, 25.62it/s]Capturing CUDA graphs (decode, FULL):  12%|█▏        | 6/51 [00:00<00:01, 26.25it/s]Capturing CUDA graphs (decode, FULL):  18%|█▊        | 9/51 [00:00<00:01, 26.72it/s]Capturing CUDA graphs (decode, FULL):  24%|██▎       | 12/51 [00:00<00:01, 26.69it/s]Capturing CUDA graphs (decode, FULL):  29%|██▉       | 15/51 [00:00<00:01, 26.60it/s]Capturing CUDA graphs (decode, FULL):  35%|███▌      | 18/51 [00:00<00:01, 26.51it/s]Capturing CUDA graphs (decode, FULL):  41%|████      | 21/51 [00:00<00:01, 26.49it/s]Capturing CUDA graphs (decode, FULL):  47%|████▋     | 24/51 [00:00<00:01, 26.48it/s]Capturing CUDA graphs (decode, FULL):  53%|█████▎    | 27/51 [00:01<00:00, 26.63it/s]Capturing CUDA graphs (decode, FULL):  59%|█████▉    | 30/51 [00:01<00:00, 26.80it/s]Capturing CUDA graphs (decode, FULL):  65%|██████▍   | 33/51 [00:01<00:00, 26.84it/s]Capturing CUDA graphs (decode, FULL):  71%|███████   | 36/51 [00:01<00:00, 26.98it/s]Capturing CUDA graphs (decode, FULL):  76%|███████▋  | 39/51 [00:01<00:00, 26.76it/s]Capturing CUDA graphs (decode, FULL):  82%|████████▏ | 42/51 [00:01<00:00, 26.60it/s]Capturing CUDA graphs (decode, FULL):  88%|████████▊ | 45/51 [00:01<00:00, 20.95it/s]Capturing CUDA graphs (decode, FULL):  94%|█████████▍| 48/51 [00:01<00:00, 21.15it/s]Capturing CUDA graphs (decode, FULL): 100%|██████████| 51/51 [00:02<00:00, 21.26it/s]Capturing CUDA graphs (decode, FULL): 100%|██████████| 51/51 [00:02<00:00, 24.64it/s]
(Worker_TP2 pid=259780) INFO 07-09 13:25:02 [custom_all_reduce.py:215] Registering 10836 cuda graph addresses
(Worker_TP0 pid=259778) INFO 07-09 13:25:02 [custom_all_reduce.py:215] Registering 10836 cuda graph addresses
(Worker_TP5 pid=259783) INFO 07-09 13:25:02 [custom_all_reduce.py:215] Registering 10836 cuda graph addresses
(Worker_TP1 pid=259779) INFO 07-09 13:25:02 [custom_all_reduce.py:215] Registering 10836 cuda graph addresses
(Worker_TP6 pid=259784) INFO 07-09 13:25:02 [custom_all_reduce.py:215] Registering 10836 cuda graph addresses
(Worker_TP4 pid=259782) INFO 07-09 13:25:02 [custom_all_reduce.py:215] Registering 10836 cuda graph addresses
(Worker_TP3 pid=259781) INFO 07-09 13:25:02 [custom_all_reduce.py:215] Registering 10836 cuda graph addresses
(Worker_TP7 pid=259785) INFO 07-09 13:25:02 [custom_all_reduce.py:215] Registering 10836 cuda graph addresses
(Worker_TP5 pid=259783) INFO 07-09 13:25:03 [gpu_worker.py:619] CUDA graph pool memory: 0.63 GiB (actual), 0.59 GiB (estimated), difference: 0.04 GiB (5.9%).
(Worker_TP6 pid=259784) INFO 07-09 13:25:03 [gpu_worker.py:619] CUDA graph pool memory: 0.63 GiB (actual), 0.59 GiB (estimated), difference: 0.04 GiB (5.9%).
(Worker_TP7 pid=259785) INFO 07-09 13:25:03 [gpu_worker.py:619] CUDA graph pool memory: 0.63 GiB (actual), 0.59 GiB (estimated), difference: 0.04 GiB (5.9%).
(Worker_TP0 pid=259778) INFO 07-09 13:25:03 [gpu_model_runner.py:6456] Graph capturing finished in 7 secs, took 0.63 GiB
(Worker_TP0 pid=259778) INFO 07-09 13:25:03 [gpu_worker.py:619] CUDA graph pool memory: 0.63 GiB (actual), 0.59 GiB (estimated), difference: 0.04 GiB (5.9%).
(Worker_TP4 pid=259782) INFO 07-09 13:25:03 [gpu_worker.py:619] CUDA graph pool memory: 0.63 GiB (actual), 0.59 GiB (estimated), difference: 0.04 GiB (5.9%).
(Worker_TP3 pid=259781) INFO 07-09 13:25:03 [gpu_worker.py:619] CUDA graph pool memory: 0.63 GiB (actual), 0.59 GiB (estimated), difference: 0.04 GiB (5.9%).
(Worker_TP2 pid=259780) INFO 07-09 13:25:03 [gpu_worker.py:619] CUDA graph pool memory: 0.63 GiB (actual), 0.59 GiB (estimated), difference: 0.04 GiB (5.9%).
(Worker_TP1 pid=259779) INFO 07-09 13:25:03 [gpu_worker.py:619] CUDA graph pool memory: 0.63 GiB (actual), 0.59 GiB (estimated), difference: 0.04 GiB (5.9%).
(Worker_TP5 pid=259783) INFO 07-09 13:25:03 [jit_monitor.py:54] Kernel JIT monitor activated — Triton JIT compilations during inference will be logged as warnings.
(Worker_TP6 pid=259784) INFO 07-09 13:25:03 [jit_monitor.py:54] Kernel JIT monitor activated — Triton JIT compilations during inference will be logged as warnings.
(Worker_TP7 pid=259785) INFO 07-09 13:25:03 [jit_monitor.py:54] Kernel JIT monitor activated — Triton JIT compilations during inference will be logged as warnings.
(Worker_TP4 pid=259782) INFO 07-09 13:25:03 [jit_monitor.py:54] Kernel JIT monitor activated — Triton JIT compilations during inference will be logged as warnings.
(Worker_TP2 pid=259780) INFO 07-09 13:25:03 [jit_monitor.py:54] Kernel JIT monitor activated — Triton JIT compilations during inference will be logged as warnings.
(Worker_TP0 pid=259778) INFO 07-09 13:25:03 [jit_monitor.py:54] Kernel JIT monitor activated — Triton JIT compilations during inference will be logged as warnings.
(Worker_TP3 pid=259781) INFO 07-09 13:25:03 [jit_monitor.py:54] Kernel JIT monitor activated — Triton JIT compilations during inference will be logged as warnings.
(Worker_TP1 pid=259779) INFO 07-09 13:25:03 [jit_monitor.py:54] Kernel JIT monitor activated — Triton JIT compilations during inference will be logged as warnings.
(EngineCore pid=259504) INFO 07-09 13:25:03 [core.py:302] init engine (profile, create kv cache, warmup model) took 49.75 s (compilation: 32.32 s)
(EngineCore pid=259504) Warning: You are sending unauthenticated requests to the HF Hub. Please set a HF_TOKEN to enable higher rate limits and faster downloads.
(EngineCore pid=259504) INFO 07-09 13:25:05 [vllm.py:977] Asynchronous scheduling is enabled.
(EngineCore pid=259504) INFO 07-09 13:25:05 [kernel.py:270] Final IR op priority after setting platform defaults: IrOpPriorityConfig(rms_norm=['native'], fused_add_rms_norm=['native'])
(EngineCore pid=259504) <frozen importlib._bootstrap_external>:1297: FutureWarning: The cuda.cudart module is deprecated and will be removed in a future release, please switch to use the cuda.bindings.runtime module instead.
(EngineCore pid=259504) <frozen importlib._bootstrap_external>:1297: FutureWarning: The cuda.nvrtc module is deprecated and will be removed in a future release, please switch to use the cuda.bindings.nvrtc module instead.
(EngineCore pid=259504) INFO 07-09 13:25:06 [compilation.py:312] Enabled custom fusions: allreduce_rms
(APIServer pid=258451) INFO 07-09 13:25:06 [api_server.py:592] Supported tasks: ['generate']
(APIServer pid=258451) WARNING 07-09 13:25:06 [model.py:1509] Default vLLM sampling parameters have been overridden by the model's `generation_config.json`: `{'repetition_penalty': 1.05, 'temperature': 0.7, 'top_k': 20, 'top_p': 0.8}`. If this is not intended, please relaunch vLLM instance with `--generation-config vllm`.
(APIServer pid=258451) INFO 07-09 13:25:08 [hf.py:488] Detected the chat template content format to be 'string'. You can set `--chat-template-content-format` to override this.
(APIServer pid=258451) INFO 07-09 13:25:08 [api_server.py:596] Starting vLLM server on http://127.0.0.1:8000
(APIServer pid=258451) INFO 07-09 13:25:08 [launcher.py:37] Available routes are:
(APIServer pid=258451) INFO 07-09 13:25:08 [launcher.py:46] Route: /openapi.json, Methods: HEAD, GET
(APIServer pid=258451) INFO 07-09 13:25:08 [launcher.py:46] Route: /docs, Methods: HEAD, GET
(APIServer pid=258451) INFO 07-09 13:25:08 [launcher.py:46] Route: /docs/oauth2-redirect, Methods: HEAD, GET
(APIServer pid=258451) INFO 07-09 13:25:08 [launcher.py:46] Route: /redoc, Methods: HEAD, GET
(APIServer pid=258451) INFO 07-09 13:25:08 [launcher.py:46] Route: /tokenize, Methods: POST
(APIServer pid=258451) INFO 07-09 13:25:08 [launcher.py:46] Route: /detokenize, Methods: POST
(APIServer pid=258451) INFO 07-09 13:25:08 [launcher.py:46] Route: /load, Methods: GET
(APIServer pid=258451) INFO 07-09 13:25:08 [launcher.py:46] Route: /version, Methods: GET
(APIServer pid=258451) INFO 07-09 13:25:08 [launcher.py:46] Route: /health, Methods: GET
(APIServer pid=258451) INFO 07-09 13:25:08 [launcher.py:46] Route: /metrics, Methods: GET
(APIServer pid=258451) INFO 07-09 13:25:08 [launcher.py:46] Route: /v1/models, Methods: GET
(APIServer pid=258451) INFO 07-09 13:25:08 [launcher.py:46] Route: /ping, Methods: GET
(APIServer pid=258451) INFO 07-09 13:25:08 [launcher.py:46] Route: /ping, Methods: POST
(APIServer pid=258451) INFO 07-09 13:25:08 [launcher.py:46] Route: /invocations, Methods: POST
(APIServer pid=258451) INFO 07-09 13:25:08 [launcher.py:46] Route: /v1/chat/completions, Methods: POST
(APIServer pid=258451) INFO 07-09 13:25:08 [launcher.py:46] Route: /v1/chat/completions/batch, Methods: POST
(APIServer pid=258451) INFO 07-09 13:25:08 [launcher.py:46] Route: /v1/responses, Methods: POST
(APIServer pid=258451) INFO 07-09 13:25:08 [launcher.py:46] Route: /v1/responses/{response_id}, Methods: GET
(APIServer pid=258451) INFO 07-09 13:25:08 [launcher.py:46] Route: /v1/responses/{response_id}/cancel, Methods: POST
(APIServer pid=258451) INFO 07-09 13:25:08 [launcher.py:46] Route: /v1/completions, Methods: POST
(APIServer pid=258451) INFO 07-09 13:25:08 [launcher.py:46] Route: /v1/messages, Methods: POST
(APIServer pid=258451) INFO 07-09 13:25:08 [launcher.py:46] Route: /v1/messages/count_tokens, Methods: POST
(APIServer pid=258451) INFO 07-09 13:25:08 [launcher.py:46] Route: /inference/v1/generate, Methods: POST
(APIServer pid=258451) INFO 07-09 13:25:08 [launcher.py:46] Route: /scale_elastic_ep, Methods: POST
(APIServer pid=258451) INFO 07-09 13:25:08 [launcher.py:46] Route: /is_scaling_elastic_ep, Methods: POST
(APIServer pid=258451) INFO 07-09 13:25:08 [launcher.py:46] Route: /generative_scoring, Methods: POST
(APIServer pid=258451) INFO 07-09 13:25:08 [launcher.py:46] Route: /v1/chat/completions/render, Methods: POST
(APIServer pid=258451) INFO 07-09 13:25:08 [launcher.py:46] Route: /v1/completions/render, Methods: POST
(APIServer pid=258451) INFO:     Started server process [258451]
(APIServer pid=258451) INFO:     Waiting for application startup.
(APIServer pid=258451) INFO:     Application startup complete.
(APIServer pid=258451) INFO:     127.0.0.1:35518 - "POST /v1/completions HTTP/1.1" 200 OK
(Worker_TP0 pid=259778) WARNING 07-09 13:25:13 [jit_monitor.py:103] Triton kernel JIT compilation during inference: _compute_slot_mapping_kernel. This causes a latency spike; consider extending warmup to cover this shape/config.
(APIServer pid=258451) INFO 07-09 13:25:18 [loggers.py:271] Engine 000: Avg prompt throughput: 9.8 tokens/s, Avg generation throughput: 64.8 tokens/s, Running: 1 reqs, Waiting: 0 reqs, GPU KV cache usage: 0.0%, Prefix cache hit rate: 0.0%
(APIServer pid=258451) INFO:     127.0.0.1:35518 - "POST /v1/completions HTTP/1.1" 200 OK
(APIServer pid=258451) INFO:     127.0.0.1:54218 - "POST /v1/completions HTTP/1.1" 200 OK
(APIServer pid=258451) INFO:     127.0.0.1:54224 - "POST /v1/completions HTTP/1.1" 200 OK
(APIServer pid=258451) INFO:     127.0.0.1:54226 - "POST /v1/completions HTTP/1.1" 200 OK
(APIServer pid=258451) INFO:     127.0.0.1:54232 - "POST /v1/completions HTTP/1.1" 200 OK
(APIServer pid=258451) INFO:     127.0.0.1:54238 - "POST /v1/completions HTTP/1.1" 200 OK
(APIServer pid=258451) INFO:     127.0.0.1:54252 - "POST /v1/completions HTTP/1.1" 200 OK
(APIServer pid=258451) INFO:     127.0.0.1:54266 - "POST /v1/completions HTTP/1.1" 200 OK
(APIServer pid=258451) INFO:     127.0.0.1:54280 - "POST /v1/completions HTTP/1.1" 200 OK
(APIServer pid=258451) INFO:     127.0.0.1:54294 - "POST /v1/completions HTTP/1.1" 200 OK
(APIServer pid=258451) INFO:     127.0.0.1:54296 - "POST /v1/completions HTTP/1.1" 200 OK
(APIServer pid=258451) INFO:     127.0.0.1:54306 - "POST /v1/completions HTTP/1.1" 200 OK
(APIServer pid=258451) INFO:     127.0.0.1:54310 - "POST /v1/completions HTTP/1.1" 200 OK
(APIServer pid=258451) INFO:     127.0.0.1:54316 - "POST /v1/completions HTTP/1.1" 200 OK
(APIServer pid=258451) INFO:     127.0.0.1:54322 - "POST /v1/completions HTTP/1.1" 200 OK
(APIServer pid=258451) INFO:     127.0.0.1:54330 - "POST /v1/completions HTTP/1.1" 200 OK
(APIServer pid=258451) INFO:     127.0.0.1:54334 - "POST /v1/completions HTTP/1.1" 200 OK
(APIServer pid=258451) INFO:     127.0.0.1:54350 - "POST /v1/completions HTTP/1.1" 200 OK
(APIServer pid=258451) INFO:     127.0.0.1:54366 - "POST /v1/completions HTTP/1.1" 200 OK
(APIServer pid=258451) INFO:     127.0.0.1:54370 - "POST /v1/completions HTTP/1.1" 200 OK
(APIServer pid=258451) INFO:     127.0.0.1:54376 - "POST /v1/completions HTTP/1.1" 200 OK
(APIServer pid=258451) INFO:     127.0.0.1:54386 - "POST /v1/completions HTTP/1.1" 200 OK
(APIServer pid=258451) INFO:     127.0.0.1:54398 - "POST /v1/completions HTTP/1.1" 200 OK
(APIServer pid=258451) INFO:     127.0.0.1:54414 - "POST /v1/completions HTTP/1.1" 200 OK
(APIServer pid=258451) INFO:     127.0.0.1:54422 - "POST /v1/completions HTTP/1.1" 200 OK
(APIServer pid=258451) INFO:     127.0.0.1:54424 - "POST /v1/completions HTTP/1.1" 200 OK
(APIServer pid=258451) INFO:     127.0.0.1:54436 - "POST /v1/completions HTTP/1.1" 200 OK
(APIServer pid=258451) INFO:     127.0.0.1:54438 - "POST /v1/completions HTTP/1.1" 200 OK
(APIServer pid=258451) INFO:     127.0.0.1:54450 - "POST /v1/completions HTTP/1.1" 200 OK
(APIServer pid=258451) INFO:     127.0.0.1:54454 - "POST /v1/completions HTTP/1.1" 200 OK
(APIServer pid=258451) INFO:     127.0.0.1:54466 - "POST /v1/completions HTTP/1.1" 200 OK
(APIServer pid=258451) INFO:     127.0.0.1:54472 - "POST /v1/completions HTTP/1.1" 200 OK
(APIServer pid=258451) INFO:     127.0.0.1:54480 - "POST /v1/completions HTTP/1.1" 200 OK
(APIServer pid=258451) INFO:     127.0.0.1:54484 - "POST /v1/completions HTTP/1.1" 200 OK
(APIServer pid=258451) INFO:     127.0.0.1:54498 - "POST /v1/completions HTTP/1.1" 200 OK
(APIServer pid=258451) INFO:     127.0.0.1:54502 - "POST /v1/completions HTTP/1.1" 200 OK
(APIServer pid=258451) INFO:     127.0.0.1:54504 - "POST /v1/completions HTTP/1.1" 200 OK
(APIServer pid=258451) INFO:     127.0.0.1:54510 - "POST /v1/completions HTTP/1.1" 200 OK
(APIServer pid=258451) INFO:     127.0.0.1:54524 - "POST /v1/completions HTTP/1.1" 200 OK
(APIServer pid=258451) INFO:     127.0.0.1:54530 - "POST /v1/completions HTTP/1.1" 200 OK
(APIServer pid=258451) INFO:     127.0.0.1:54536 - "POST /v1/completions HTTP/1.1" 200 OK
(APIServer pid=258451) INFO:     127.0.0.1:54542 - "POST /v1/completions HTTP/1.1" 200 OK
(APIServer pid=258451) INFO:     127.0.0.1:54556 - "POST /v1/completions HTTP/1.1" 200 OK
(APIServer pid=258451) INFO:     127.0.0.1:54568 - "POST /v1/completions HTTP/1.1" 200 OK
(APIServer pid=258451) INFO:     127.0.0.1:54584 - "POST /v1/completions HTTP/1.1" 200 OK
(APIServer pid=258451) INFO:     127.0.0.1:54598 - "POST /v1/completions HTTP/1.1" 200 OK
(APIServer pid=258451) INFO:     127.0.0.1:54610 - "POST /v1/completions HTTP/1.1" 200 OK
(APIServer pid=258451) INFO:     127.0.0.1:54624 - "POST /v1/completions HTTP/1.1" 200 OK
(APIServer pid=258451) INFO:     127.0.0.1:54626 - "POST /v1/completions HTTP/1.1" 200 OK
(APIServer pid=258451) INFO:     127.0.0.1:54632 - "POST /v1/completions HTTP/1.1" 200 OK
(APIServer pid=258451) INFO:     127.0.0.1:54642 - "POST /v1/completions HTTP/1.1" 200 OK
(APIServer pid=258451) INFO:     127.0.0.1:54646 - "POST /v1/completions HTTP/1.1" 200 OK
(APIServer pid=258451) INFO:     127.0.0.1:54648 - "POST /v1/completions HTTP/1.1" 200 OK
(APIServer pid=258451) INFO:     127.0.0.1:54662 - "POST /v1/completions HTTP/1.1" 200 OK
(APIServer pid=258451) INFO:     127.0.0.1:54678 - "POST /v1/completions HTTP/1.1" 200 OK
(APIServer pid=258451) INFO:     127.0.0.1:54692 - "POST /v1/completions HTTP/1.1" 200 OK
(APIServer pid=258451) INFO:     127.0.0.1:54706 - "POST /v1/completions HTTP/1.1" 200 OK
(APIServer pid=258451) INFO:     127.0.0.1:54718 - "POST /v1/completions HTTP/1.1" 200 OK
(APIServer pid=258451) INFO:     127.0.0.1:54720 - "POST /v1/completions HTTP/1.1" 200 OK
(APIServer pid=258451) INFO:     127.0.0.1:54722 - "POST /v1/completions HTTP/1.1" 200 OK
(APIServer pid=258451) INFO:     127.0.0.1:54728 - "POST /v1/completions HTTP/1.1" 200 OK
(APIServer pid=258451) INFO:     127.0.0.1:54730 - "POST /v1/completions HTTP/1.1" 200 OK
(APIServer pid=258451) INFO:     127.0.0.1:54742 - "POST /v1/completions HTTP/1.1" 200 OK
(APIServer pid=258451) INFO:     127.0.0.1:54754 - "POST /v1/completions HTTP/1.1" 200 OK
(APIServer pid=258451) INFO:     127.0.0.1:35518 - "GET /metrics HTTP/1.1" 200 OK
(APIServer pid=258451) INFO 07-09 13:25:28 [loggers.py:271] Engine 000: Avg prompt throughput: 102.4 tokens/s, Avg generation throughput: 6571.1 tokens/s, Running: 0 reqs, Waiting: 0 reqs, GPU KV cache usage: 0.0%, Prefix cache hit rate: 86.2%
(APIServer pid=258451) INFO:     127.0.0.1:54218 - "POST /v1/completions HTTP/1.1" 200 OK
(APIServer pid=258451) INFO:     127.0.0.1:54224 - "POST /v1/completions HTTP/1.1" 200 OK
(APIServer pid=258451) INFO:     127.0.0.1:54252 - "POST /v1/completions HTTP/1.1" 200 OK
(APIServer pid=258451) INFO:     127.0.0.1:54366 - "POST /v1/completions HTTP/1.1" 200 OK
(APIServer pid=258451) INFO:     127.0.0.1:54350 - "POST /v1/completions HTTP/1.1" 200 OK
(APIServer pid=258451) INFO:     127.0.0.1:54334 - "POST /v1/completions HTTP/1.1" 200 OK
(APIServer pid=258451) INFO:     127.0.0.1:54330 - "POST /v1/completions HTTP/1.1" 200 OK
(APIServer pid=258451) INFO:     127.0.0.1:54322 - "POST /v1/completions HTTP/1.1" 200 OK
(APIServer pid=258451) INFO:     127.0.0.1:54316 - "POST /v1/completions HTTP/1.1" 200 OK
(APIServer pid=258451) INFO:     127.0.0.1:54310 - "POST /v1/completions HTTP/1.1" 200 OK
(APIServer pid=258451) INFO:     127.0.0.1:54306 - "POST /v1/completions HTTP/1.1" 200 OK
(APIServer pid=258451) INFO:     127.0.0.1:54226 - "POST /v1/completions HTTP/1.1" 200 OK
(APIServer pid=258451) INFO:     127.0.0.1:54296 - "POST /v1/completions HTTP/1.1" 200 OK
(APIServer pid=258451) INFO:     127.0.0.1:54294 - "POST /v1/completions HTTP/1.1" 200 OK
(APIServer pid=258451) INFO:     127.0.0.1:54280 - "POST /v1/completions HTTP/1.1" 200 OK
(APIServer pid=258451) INFO:     127.0.0.1:54232 - "POST /v1/completions HTTP/1.1" 200 OK
(APIServer pid=258451) INFO:     127.0.0.1:54238 - "POST /v1/completions HTTP/1.1" 200 OK
(APIServer pid=258451) INFO:     127.0.0.1:54266 - "POST /v1/completions HTTP/1.1" 200 OK
(APIServer pid=258451) INFO:     127.0.0.1:54568 - "POST /v1/completions HTTP/1.1" 200 OK
(APIServer pid=258451) INFO:     127.0.0.1:54662 - "POST /v1/completions HTTP/1.1" 200 OK
(APIServer pid=258451) INFO:     127.0.0.1:54648 - "POST /v1/completions HTTP/1.1" 200 OK
(APIServer pid=258451) INFO:     127.0.0.1:54646 - "POST /v1/completions HTTP/1.1" 200 OK
(APIServer pid=258451) INFO:     127.0.0.1:54642 - "POST /v1/completions HTTP/1.1" 200 OK
(APIServer pid=258451) INFO:     127.0.0.1:54632 - "POST /v1/completions HTTP/1.1" 200 OK
(APIServer pid=258451) INFO:     127.0.0.1:54626 - "POST /v1/completions HTTP/1.1" 200 OK
(APIServer pid=258451) INFO:     127.0.0.1:54624 - "POST /v1/completions HTTP/1.1" 200 OK
(APIServer pid=258451) INFO:     127.0.0.1:54610 - "POST /v1/completions HTTP/1.1" 200 OK
(APIServer pid=258451) INFO:     127.0.0.1:54598 - "POST /v1/completions HTTP/1.1" 200 OK
(APIServer pid=258451) INFO:     127.0.0.1:54584 - "POST /v1/completions HTTP/1.1" 200 OK
(APIServer pid=258451) INFO:     127.0.0.1:54718 - "POST /v1/completions HTTP/1.1" 200 OK
(APIServer pid=258451) INFO:     127.0.0.1:54720 - "POST /v1/completions HTTP/1.1" 200 OK
(APIServer pid=258451) INFO:     127.0.0.1:54722 - "POST /v1/completions HTTP/1.1" 200 OK
(APIServer pid=258451) INFO:     127.0.0.1:54730 - "POST /v1/completions HTTP/1.1" 200 OK
(APIServer pid=258451) INFO:     127.0.0.1:54742 - "POST /v1/completions HTTP/1.1" 200 OK
(APIServer pid=258451) INFO:     127.0.0.1:54754 - "POST /v1/completions HTTP/1.1" 200 OK
(APIServer pid=258451) INFO:     127.0.0.1:54466 - "POST /v1/completions HTTP/1.1" 200 OK
(APIServer pid=258451) INFO:     127.0.0.1:54454 - "POST /v1/completions HTTP/1.1" 200 OK
(APIServer pid=258451) INFO:     127.0.0.1:54450 - "POST /v1/completions HTTP/1.1" 200 OK
(APIServer pid=258451) INFO:     127.0.0.1:54436 - "POST /v1/completions HTTP/1.1" 200 OK
(APIServer pid=258451) INFO:     127.0.0.1:54424 - "POST /v1/completions HTTP/1.1" 200 OK
(APIServer pid=258451) INFO:     127.0.0.1:54422 - "POST /v1/completions HTTP/1.1" 200 OK
(APIServer pid=258451) INFO:     127.0.0.1:54386 - "POST /v1/completions HTTP/1.1" 200 OK
(APIServer pid=258451) INFO:     127.0.0.1:54398 - "POST /v1/completions HTTP/1.1" 200 OK
(APIServer pid=258451) INFO:     127.0.0.1:54376 - "POST /v1/completions HTTP/1.1" 200 OK
(APIServer pid=258451) INFO:     127.0.0.1:54370 - "POST /v1/completions HTTP/1.1" 200 OK
(APIServer pid=258451) INFO:     127.0.0.1:54414 - "POST /v1/completions HTTP/1.1" 200 OK
(APIServer pid=258451) INFO:     127.0.0.1:54542 - "POST /v1/completions HTTP/1.1" 200 OK
(APIServer pid=258451) INFO:     127.0.0.1:54536 - "POST /v1/completions HTTP/1.1" 200 OK
(APIServer pid=258451) INFO:     127.0.0.1:54530 - "POST /v1/completions HTTP/1.1" 200 OK
(APIServer pid=258451) INFO:     127.0.0.1:54524 - "POST /v1/completions HTTP/1.1" 200 OK
(APIServer pid=258451) INFO:     127.0.0.1:54510 - "POST /v1/completions HTTP/1.1" 200 OK
(APIServer pid=258451) INFO:     127.0.0.1:54504 - "POST /v1/completions HTTP/1.1" 200 OK
(APIServer pid=258451) INFO:     127.0.0.1:54502 - "POST /v1/completions HTTP/1.1" 200 OK
(APIServer pid=258451) INFO:     127.0.0.1:54498 - "POST /v1/completions HTTP/1.1" 200 OK
(APIServer pid=258451) INFO:     127.0.0.1:54484 - "POST /v1/completions HTTP/1.1" 200 OK
(APIServer pid=258451) INFO:     127.0.0.1:54480 - "POST /v1/completions HTTP/1.1" 200 OK
(APIServer pid=258451) INFO:     127.0.0.1:54472 - "POST /v1/completions HTTP/1.1" 200 OK
(APIServer pid=258451) INFO:     127.0.0.1:54556 - "POST /v1/completions HTTP/1.1" 200 OK
(APIServer pid=258451) INFO:     127.0.0.1:54706 - "POST /v1/completions HTTP/1.1" 200 OK
(APIServer pid=258451) INFO:     127.0.0.1:54692 - "POST /v1/completions HTTP/1.1" 200 OK
(APIServer pid=258451) INFO:     127.0.0.1:54678 - "POST /v1/completions HTTP/1.1" 200 OK
(APIServer pid=258451) INFO:     127.0.0.1:54728 - "POST /v1/completions HTTP/1.1" 200 OK
(APIServer pid=258451) INFO:     127.0.0.1:54438 - "POST /v1/completions HTTP/1.1" 200 OK
(APIServer pid=258451) INFO:     127.0.0.1:35518 - "POST /v1/completions HTTP/1.1" 200 OK
(APIServer pid=258451) INFO:     127.0.0.1:51074 - "POST /v1/completions HTTP/1.1" 200 OK
(APIServer pid=258451) INFO:     127.0.0.1:51088 - "POST /v1/completions HTTP/1.1" 200 OK
(APIServer pid=258451) INFO:     127.0.0.1:51090 - "POST /v1/completions HTTP/1.1" 200 OK
(APIServer pid=258451) INFO:     127.0.0.1:51094 - "POST /v1/completions HTTP/1.1" 200 OK
(APIServer pid=258451) INFO:     127.0.0.1:51100 - "POST /v1/completions HTTP/1.1" 200 OK
(APIServer pid=258451) INFO:     127.0.0.1:51108 - "POST /v1/completions HTTP/1.1" 200 OK
(APIServer pid=258451) INFO:     127.0.0.1:51110 - "POST /v1/completions HTTP/1.1" 200 OK
(APIServer pid=258451) INFO:     127.0.0.1:51118 - "POST /v1/completions HTTP/1.1" 200 OK
(APIServer pid=258451) INFO:     127.0.0.1:51130 - "POST /v1/completions HTTP/1.1" 200 OK
(APIServer pid=258451) INFO:     127.0.0.1:51138 - "POST /v1/completions HTTP/1.1" 200 OK
(APIServer pid=258451) INFO:     127.0.0.1:51154 - "POST /v1/completions HTTP/1.1" 200 OK
(APIServer pid=258451) INFO:     127.0.0.1:51170 - "POST /v1/completions HTTP/1.1" 200 OK
(APIServer pid=258451) INFO:     127.0.0.1:51186 - "POST /v1/completions HTTP/1.1" 200 OK
(APIServer pid=258451) INFO:     127.0.0.1:51200 - "POST /v1/completions HTTP/1.1" 200 OK
(APIServer pid=258451) INFO:     127.0.0.1:51202 - "POST /v1/completions HTTP/1.1" 200 OK
(APIServer pid=258451) INFO:     127.0.0.1:51204 - "POST /v1/completions HTTP/1.1" 200 OK
(APIServer pid=258451) INFO:     127.0.0.1:51208 - "POST /v1/completions HTTP/1.1" 200 OK
(APIServer pid=258451) INFO:     127.0.0.1:51212 - "POST /v1/completions HTTP/1.1" 200 OK
(APIServer pid=258451) INFO:     127.0.0.1:51228 - "POST /v1/completions HTTP/1.1" 200 OK
(APIServer pid=258451) INFO:     127.0.0.1:51240 - "POST /v1/completions HTTP/1.1" 200 OK
(APIServer pid=258451) INFO:     127.0.0.1:51250 - "POST /v1/completions HTTP/1.1" 200 OK
(APIServer pid=258451) INFO:     127.0.0.1:51266 - "POST /v1/completions HTTP/1.1" 200 OK
(APIServer pid=258451) INFO:     127.0.0.1:51274 - "POST /v1/completions HTTP/1.1" 200 OK
(APIServer pid=258451) INFO:     127.0.0.1:51284 - "POST /v1/completions HTTP/1.1" 200 OK
(APIServer pid=258451) INFO:     127.0.0.1:51286 - "POST /v1/completions HTTP/1.1" 200 OK
(APIServer pid=258451) INFO:     127.0.0.1:51290 - "POST /v1/completions HTTP/1.1" 200 OK
(APIServer pid=258451) INFO:     127.0.0.1:51302 - "POST /v1/completions HTTP/1.1" 200 OK
(APIServer pid=258451) INFO:     127.0.0.1:51306 - "POST /v1/completions HTTP/1.1" 200 OK
(APIServer pid=258451) INFO:     127.0.0.1:51316 - "POST /v1/completions HTTP/1.1" 200 OK
(APIServer pid=258451) INFO:     127.0.0.1:51326 - "POST /v1/completions HTTP/1.1" 200 OK
(APIServer pid=258451) INFO:     127.0.0.1:51328 - "POST /v1/completions HTTP/1.1" 200 OK
(APIServer pid=258451) INFO:     127.0.0.1:51336 - "POST /v1/completions HTTP/1.1" 200 OK
(APIServer pid=258451) INFO:     127.0.0.1:51340 - "POST /v1/completions HTTP/1.1" 200 OK
(APIServer pid=258451) INFO:     127.0.0.1:51352 - "POST /v1/completions HTTP/1.1" 200 OK
(APIServer pid=258451) INFO:     127.0.0.1:51362 - "POST /v1/completions HTTP/1.1" 200 OK
(APIServer pid=258451) INFO:     127.0.0.1:51368 - "POST /v1/completions HTTP/1.1" 200 OK
(APIServer pid=258451) INFO:     127.0.0.1:51374 - "POST /v1/completions HTTP/1.1" 200 OK
(APIServer pid=258451) INFO:     127.0.0.1:51390 - "POST /v1/completions HTTP/1.1" 200 OK
(APIServer pid=258451) INFO:     127.0.0.1:51394 - "POST /v1/completions HTTP/1.1" 200 OK
(APIServer pid=258451) INFO:     127.0.0.1:51408 - "POST /v1/completions HTTP/1.1" 200 OK
(APIServer pid=258451) INFO:     127.0.0.1:51414 - "POST /v1/completions HTTP/1.1" 200 OK
(APIServer pid=258451) INFO:     127.0.0.1:51424 - "POST /v1/completions HTTP/1.1" 200 OK
(APIServer pid=258451) INFO:     127.0.0.1:51434 - "POST /v1/completions HTTP/1.1" 200 OK
(APIServer pid=258451) INFO:     127.0.0.1:51438 - "POST /v1/completions HTTP/1.1" 200 OK
(APIServer pid=258451) INFO:     127.0.0.1:51444 - "POST /v1/completions HTTP/1.1" 200 OK
(APIServer pid=258451) INFO:     127.0.0.1:51458 - "POST /v1/completions HTTP/1.1" 200 OK
(APIServer pid=258451) INFO:     127.0.0.1:51460 - "POST /v1/completions HTTP/1.1" 200 OK
(APIServer pid=258451) INFO:     127.0.0.1:51474 - "POST /v1/completions HTTP/1.1" 200 OK
(APIServer pid=258451) INFO:     127.0.0.1:51480 - "POST /v1/completions HTTP/1.1" 200 OK
(APIServer pid=258451) INFO:     127.0.0.1:51486 - "POST /v1/completions HTTP/1.1" 200 OK
(APIServer pid=258451) INFO:     127.0.0.1:51492 - "POST /v1/completions HTTP/1.1" 200 OK
(APIServer pid=258451) INFO:     127.0.0.1:51502 - "POST /v1/completions HTTP/1.1" 200 OK
(APIServer pid=258451) INFO:     127.0.0.1:51514 - "POST /v1/completions HTTP/1.1" 200 OK
(APIServer pid=258451) INFO:     127.0.0.1:51522 - "POST /v1/completions HTTP/1.1" 200 OK
(APIServer pid=258451) INFO:     127.0.0.1:51526 - "POST /v1/completions HTTP/1.1" 200 OK
(APIServer pid=258451) INFO:     127.0.0.1:51534 - "POST /v1/completions HTTP/1.1" 200 OK
(APIServer pid=258451) INFO:     127.0.0.1:51536 - "POST /v1/completions HTTP/1.1" 200 OK
(APIServer pid=258451) INFO:     127.0.0.1:51542 - "POST /v1/completions HTTP/1.1" 200 OK
(APIServer pid=258451) INFO:     127.0.0.1:51558 - "POST /v1/completions HTTP/1.1" 200 OK
(APIServer pid=258451) INFO:     127.0.0.1:51566 - "POST /v1/completions HTTP/1.1" 200 OK
(APIServer pid=258451) INFO:     127.0.0.1:51572 - "POST /v1/completions HTTP/1.1" 200 OK
(APIServer pid=258451) INFO:     127.0.0.1:51582 - "POST /v1/completions HTTP/1.1" 200 OK
(APIServer pid=258451) INFO:     127.0.0.1:51590 - "POST /v1/completions HTTP/1.1" 200 OK
(APIServer pid=258451) INFO:     127.0.0.1:51592 - "POST /v1/completions HTTP/1.1" 200 OK
(APIServer pid=258451) INFO:     127.0.0.1:51598 - "POST /v1/completions HTTP/1.1" 200 OK
(APIServer pid=258451) INFO:     127.0.0.1:51606 - "POST /v1/completions HTTP/1.1" 200 OK
(APIServer pid=258451) INFO:     127.0.0.1:51610 - "POST /v1/completions HTTP/1.1" 200 OK
(APIServer pid=258451) INFO:     127.0.0.1:51618 - "POST /v1/completions HTTP/1.1" 200 OK
(APIServer pid=258451) INFO:     127.0.0.1:51624 - "POST /v1/completions HTTP/1.1" 200 OK
(APIServer pid=258451) INFO:     127.0.0.1:51626 - "POST /v1/completions HTTP/1.1" 200 OK
(APIServer pid=258451) INFO:     127.0.0.1:51628 - "POST /v1/completions HTTP/1.1" 200 OK
(APIServer pid=258451) INFO:     127.0.0.1:51644 - "POST /v1/completions HTTP/1.1" 200 OK
(APIServer pid=258451) INFO:     127.0.0.1:51648 - "POST /v1/completions HTTP/1.1" 200 OK
(APIServer pid=258451) INFO:     127.0.0.1:51656 - "POST /v1/completions HTTP/1.1" 200 OK
(APIServer pid=258451) INFO:     127.0.0.1:51670 - "POST /v1/completions HTTP/1.1" 200 OK
(APIServer pid=258451) INFO:     127.0.0.1:51672 - "POST /v1/completions HTTP/1.1" 200 OK
(APIServer pid=258451) INFO:     127.0.0.1:51688 - "POST /v1/completions HTTP/1.1" 200 OK
(APIServer pid=258451) INFO:     127.0.0.1:51700 - "POST /v1/completions HTTP/1.1" 200 OK
(APIServer pid=258451) INFO:     127.0.0.1:51712 - "POST /v1/completions HTTP/1.1" 200 OK
(APIServer pid=258451) INFO:     127.0.0.1:51714 - "POST /v1/completions HTTP/1.1" 200 OK
(APIServer pid=258451) INFO:     127.0.0.1:51722 - "POST /v1/completions HTTP/1.1" 200 OK
(APIServer pid=258451) INFO:     127.0.0.1:51728 - "POST /v1/completions HTTP/1.1" 200 OK
(APIServer pid=258451) INFO:     127.0.0.1:51738 - "POST /v1/completions HTTP/1.1" 200 OK
(APIServer pid=258451) INFO:     127.0.0.1:51752 - "POST /v1/completions HTTP/1.1" 200 OK
(APIServer pid=258451) INFO:     127.0.0.1:51764 - "POST /v1/completions HTTP/1.1" 200 OK
(APIServer pid=258451) INFO:     127.0.0.1:51768 - "POST /v1/completions HTTP/1.1" 200 OK
(APIServer pid=258451) INFO:     127.0.0.1:51776 - "POST /v1/completions HTTP/1.1" 200 OK
(APIServer pid=258451) INFO:     127.0.0.1:51782 - "POST /v1/completions HTTP/1.1" 200 OK
(APIServer pid=258451) INFO:     127.0.0.1:51790 - "POST /v1/completions HTTP/1.1" 200 OK
(APIServer pid=258451) INFO:     127.0.0.1:51798 - "POST /v1/completions HTTP/1.1" 200 OK
(APIServer pid=258451) INFO:     127.0.0.1:51804 - "POST /v1/completions HTTP/1.1" 200 OK
(APIServer pid=258451) INFO:     127.0.0.1:51816 - "POST /v1/completions HTTP/1.1" 200 OK
(APIServer pid=258451) INFO:     127.0.0.1:51832 - "POST /v1/completions HTTP/1.1" 200 OK
(APIServer pid=258451) INFO:     127.0.0.1:51836 - "POST /v1/completions HTTP/1.1" 200 OK
(APIServer pid=258451) INFO:     127.0.0.1:51844 - "POST /v1/completions HTTP/1.1" 200 OK
(APIServer pid=258451) INFO:     127.0.0.1:51854 - "POST /v1/completions HTTP/1.1" 200 OK
(APIServer pid=258451) INFO:     127.0.0.1:51870 - "POST /v1/completions HTTP/1.1" 200 OK
(APIServer pid=258451) INFO:     127.0.0.1:51874 - "POST /v1/completions HTTP/1.1" 200 OK
(APIServer pid=258451) INFO:     127.0.0.1:51888 - "POST /v1/completions HTTP/1.1" 200 OK
(APIServer pid=258451) INFO:     127.0.0.1:51898 - "POST /v1/completions HTTP/1.1" 200 OK
(APIServer pid=258451) INFO:     127.0.0.1:51900 - "POST /v1/completions HTTP/1.1" 200 OK
(APIServer pid=258451) INFO:     127.0.0.1:51910 - "POST /v1/completions HTTP/1.1" 200 OK
(APIServer pid=258451) INFO:     127.0.0.1:51922 - "POST /v1/completions HTTP/1.1" 200 OK
(APIServer pid=258451) INFO:     127.0.0.1:51932 - "POST /v1/completions HTTP/1.1" 200 OK
(APIServer pid=258451) INFO:     127.0.0.1:51944 - "POST /v1/completions HTTP/1.1" 200 OK
(APIServer pid=258451) INFO:     127.0.0.1:51960 - "POST /v1/completions HTTP/1.1" 200 OK
(APIServer pid=258451) INFO:     127.0.0.1:51964 - "POST /v1/completions HTTP/1.1" 200 OK
(APIServer pid=258451) INFO:     127.0.0.1:51968 - "POST /v1/completions HTTP/1.1" 200 OK
(APIServer pid=258451) INFO:     127.0.0.1:51972 - "POST /v1/completions HTTP/1.1" 200 OK
(APIServer pid=258451) INFO:     127.0.0.1:51978 - "POST /v1/completions HTTP/1.1" 200 OK
(APIServer pid=258451) INFO:     127.0.0.1:51980 - "POST /v1/completions HTTP/1.1" 200 OK
(APIServer pid=258451) INFO:     127.0.0.1:51984 - "POST /v1/completions HTTP/1.1" 200 OK
(APIServer pid=258451) INFO:     127.0.0.1:51994 - "POST /v1/completions HTTP/1.1" 200 OK
(APIServer pid=258451) INFO:     127.0.0.1:52000 - "POST /v1/completions HTTP/1.1" 200 OK
(APIServer pid=258451) INFO:     127.0.0.1:52010 - "POST /v1/completions HTTP/1.1" 200 OK
(APIServer pid=258451) INFO:     127.0.0.1:52014 - "POST /v1/completions HTTP/1.1" 200 OK
(APIServer pid=258451) INFO:     127.0.0.1:52022 - "POST /v1/completions HTTP/1.1" 200 OK
(APIServer pid=258451) INFO:     127.0.0.1:52032 - "POST /v1/completions HTTP/1.1" 200 OK
(APIServer pid=258451) INFO:     127.0.0.1:52038 - "POST /v1/completions HTTP/1.1" 200 OK
(APIServer pid=258451) INFO:     127.0.0.1:52050 - "POST /v1/completions HTTP/1.1" 200 OK
(APIServer pid=258451) INFO:     127.0.0.1:52066 - "POST /v1/completions HTTP/1.1" 200 OK
(APIServer pid=258451) INFO:     127.0.0.1:52080 - "POST /v1/completions HTTP/1.1" 200 OK
(APIServer pid=258451) INFO:     127.0.0.1:52090 - "POST /v1/completions HTTP/1.1" 200 OK
(APIServer pid=258451) INFO:     127.0.0.1:52096 - "POST /v1/completions HTTP/1.1" 200 OK
(APIServer pid=258451) INFO:     127.0.0.1:52106 - "POST /v1/completions HTTP/1.1" 200 OK
(APIServer pid=258451) INFO:     127.0.0.1:52122 - "POST /v1/completions HTTP/1.1" 200 OK
(APIServer pid=258451) INFO:     127.0.0.1:52130 - "POST /v1/completions HTTP/1.1" 200 OK
(APIServer pid=258451) INFO:     127.0.0.1:52146 - "POST /v1/completions HTTP/1.1" 200 OK
(APIServer pid=258451) INFO:     127.0.0.1:52158 - "POST /v1/completions HTTP/1.1" 200 OK
(APIServer pid=258451) INFO:     127.0.0.1:52166 - "POST /v1/completions HTTP/1.1" 200 OK
(APIServer pid=258451) INFO:     127.0.0.1:52180 - "POST /v1/completions HTTP/1.1" 200 OK
(APIServer pid=258451) INFO:     127.0.0.1:52190 - "POST /v1/completions HTTP/1.1" 200 OK
(APIServer pid=258451) INFO:     127.0.0.1:52196 - "POST /v1/completions HTTP/1.1" 200 OK
(APIServer pid=258451) INFO:     127.0.0.1:52204 - "POST /v1/completions HTTP/1.1" 200 OK
(APIServer pid=258451) INFO:     127.0.0.1:52210 - "POST /v1/completions HTTP/1.1" 200 OK
(APIServer pid=258451) INFO:     127.0.0.1:52214 - "POST /v1/completions HTTP/1.1" 200 OK
(APIServer pid=258451) INFO:     127.0.0.1:52228 - "POST /v1/completions HTTP/1.1" 200 OK
(APIServer pid=258451) INFO:     127.0.0.1:52230 - "POST /v1/completions HTTP/1.1" 200 OK
(APIServer pid=258451) INFO:     127.0.0.1:52236 - "POST /v1/completions HTTP/1.1" 200 OK
(APIServer pid=258451) INFO:     127.0.0.1:52240 - "POST /v1/completions HTTP/1.1" 200 OK
(APIServer pid=258451) INFO:     127.0.0.1:52246 - "POST /v1/completions HTTP/1.1" 200 OK
(APIServer pid=258451) INFO:     127.0.0.1:52256 - "POST /v1/completions HTTP/1.1" 200 OK
(APIServer pid=258451) INFO:     127.0.0.1:52266 - "POST /v1/completions HTTP/1.1" 200 OK
(APIServer pid=258451) INFO:     127.0.0.1:52282 - "POST /v1/completions HTTP/1.1" 200 OK
(APIServer pid=258451) INFO:     127.0.0.1:52286 - "POST /v1/completions HTTP/1.1" 200 OK
(APIServer pid=258451) INFO:     127.0.0.1:52298 - "POST /v1/completions HTTP/1.1" 200 OK
(APIServer pid=258451) INFO:     127.0.0.1:52304 - "POST /v1/completions HTTP/1.1" 200 OK
(APIServer pid=258451) INFO:     127.0.0.1:52316 - "POST /v1/completions HTTP/1.1" 200 OK
(APIServer pid=258451) INFO:     127.0.0.1:52328 - "POST /v1/completions HTTP/1.1" 200 OK
(APIServer pid=258451) INFO:     127.0.0.1:52340 - "POST /v1/completions HTTP/1.1" 200 OK
(APIServer pid=258451) INFO:     127.0.0.1:52346 - "POST /v1/completions HTTP/1.1" 200 OK
(APIServer pid=258451) INFO:     127.0.0.1:52354 - "POST /v1/completions HTTP/1.1" 200 OK
(APIServer pid=258451) INFO:     127.0.0.1:52358 - "POST /v1/completions HTTP/1.1" 200 OK
(APIServer pid=258451) INFO:     127.0.0.1:52360 - "POST /v1/completions HTTP/1.1" 200 OK
(APIServer pid=258451) INFO:     127.0.0.1:52366 - "POST /v1/completions HTTP/1.1" 200 OK
(APIServer pid=258451) INFO:     127.0.0.1:52378 - "POST /v1/completions HTTP/1.1" 200 OK
(APIServer pid=258451) INFO:     127.0.0.1:52388 - "POST /v1/completions HTTP/1.1" 200 OK
(APIServer pid=258451) INFO:     127.0.0.1:52398 - "POST /v1/completions HTTP/1.1" 200 OK
(APIServer pid=258451) INFO:     127.0.0.1:52412 - "POST /v1/completions HTTP/1.1" 200 OK
(APIServer pid=258451) INFO:     127.0.0.1:52424 - "POST /v1/completions HTTP/1.1" 200 OK
(APIServer pid=258451) INFO:     127.0.0.1:52428 - "POST /v1/completions HTTP/1.1" 200 OK
(APIServer pid=258451) INFO:     127.0.0.1:52444 - "POST /v1/completions HTTP/1.1" 200 OK
(APIServer pid=258451) INFO:     127.0.0.1:52460 - "POST /v1/completions HTTP/1.1" 200 OK
(APIServer pid=258451) INFO:     127.0.0.1:52466 - "POST /v1/completions HTTP/1.1" 200 OK
(APIServer pid=258451) INFO:     127.0.0.1:52470 - "POST /v1/completions HTTP/1.1" 200 OK
(APIServer pid=258451) INFO:     127.0.0.1:52474 - "POST /v1/completions HTTP/1.1" 200 OK
(APIServer pid=258451) INFO:     127.0.0.1:52484 - "POST /v1/completions HTTP/1.1" 200 OK
(APIServer pid=258451) INFO:     127.0.0.1:52486 - "POST /v1/completions HTTP/1.1" 200 OK
(APIServer pid=258451) INFO:     127.0.0.1:52494 - "POST /v1/completions HTTP/1.1" 200 OK
(APIServer pid=258451) INFO:     127.0.0.1:52498 - "POST /v1/completions HTTP/1.1" 200 OK
(APIServer pid=258451) INFO:     127.0.0.1:52510 - "POST /v1/completions HTTP/1.1" 200 OK
(APIServer pid=258451) INFO:     127.0.0.1:52514 - "POST /v1/completions HTTP/1.1" 200 OK
(APIServer pid=258451) INFO:     127.0.0.1:52516 - "POST /v1/completions HTTP/1.1" 200 OK
(APIServer pid=258451) INFO:     127.0.0.1:52528 - "POST /v1/completions HTTP/1.1" 200 OK
(APIServer pid=258451) INFO:     127.0.0.1:52538 - "POST /v1/completions HTTP/1.1" 200 OK
(APIServer pid=258451) INFO:     127.0.0.1:52554 - "POST /v1/completions HTTP/1.1" 200 OK
(APIServer pid=258451) INFO:     127.0.0.1:52560 - "POST /v1/completions HTTP/1.1" 200 OK
(APIServer pid=258451) INFO:     127.0.0.1:52562 - "POST /v1/completions HTTP/1.1" 200 OK
(APIServer pid=258451) INFO:     127.0.0.1:52566 - "POST /v1/completions HTTP/1.1" 200 OK
(APIServer pid=258451) INFO:     127.0.0.1:52582 - "POST /v1/completions HTTP/1.1" 200 OK
(APIServer pid=258451) INFO:     127.0.0.1:52586 - "POST /v1/completions HTTP/1.1" 200 OK
(APIServer pid=258451) INFO:     127.0.0.1:52590 - "POST /v1/completions HTTP/1.1" 200 OK
(APIServer pid=258451) INFO:     127.0.0.1:52592 - "POST /v1/completions HTTP/1.1" 200 OK
(APIServer pid=258451) INFO:     127.0.0.1:52598 - "POST /v1/completions HTTP/1.1" 200 OK
(APIServer pid=258451) INFO:     127.0.0.1:52606 - "POST /v1/completions HTTP/1.1" 200 OK
(APIServer pid=258451) INFO:     127.0.0.1:52622 - "POST /v1/completions HTTP/1.1" 200 OK
(APIServer pid=258451) INFO:     127.0.0.1:52628 - "POST /v1/completions HTTP/1.1" 200 OK
(APIServer pid=258451) INFO:     127.0.0.1:52644 - "POST /v1/completions HTTP/1.1" 200 OK
(APIServer pid=258451) INFO:     127.0.0.1:52652 - "POST /v1/completions HTTP/1.1" 200 OK
(APIServer pid=258451) INFO:     127.0.0.1:52656 - "POST /v1/completions HTTP/1.1" 200 OK
(APIServer pid=258451) INFO:     127.0.0.1:52658 - "POST /v1/completions HTTP/1.1" 200 OK
(APIServer pid=258451) INFO:     127.0.0.1:52674 - "POST /v1/completions HTTP/1.1" 200 OK
(APIServer pid=258451) INFO 07-09 13:25:38 [loggers.py:271] Engine 000: Avg prompt throughput: 3253.4 tokens/s, Avg generation throughput: 17276.0 tokens/s, Running: 256 reqs, Waiting: 0 reqs, GPU KV cache usage: 10.6%, Prefix cache hit rate: 18.0%
(APIServer pid=258451) INFO:     127.0.0.1:54218 - "POST /v1/completions HTTP/1.1" 200 OK
(APIServer pid=258451) INFO:     127.0.0.1:54224 - "POST /v1/completions HTTP/1.1" 200 OK
(APIServer pid=258451) INFO:     127.0.0.1:54252 - "POST /v1/completions HTTP/1.1" 200 OK
(APIServer pid=258451) INFO:     127.0.0.1:54366 - "POST /v1/completions HTTP/1.1" 200 OK
(APIServer pid=258451) INFO:     127.0.0.1:54350 - "POST /v1/completions HTTP/1.1" 200 OK
(APIServer pid=258451) INFO:     127.0.0.1:54334 - "POST /v1/completions HTTP/1.1" 200 OK
(APIServer pid=258451) INFO:     127.0.0.1:54642 - "POST /v1/completions HTTP/1.1" 200 OK
(APIServer pid=258451) INFO:     127.0.0.1:54720 - "POST /v1/completions HTTP/1.1" 200 OK
(APIServer pid=258451) INFO:     127.0.0.1:54610 - "POST /v1/completions HTTP/1.1" 200 OK
(APIServer pid=258451) INFO:     127.0.0.1:54330 - "POST /v1/completions HTTP/1.1" 200 OK
(APIServer pid=258451) INFO:     127.0.0.1:54742 - "POST /v1/completions HTTP/1.1" 200 OK
(APIServer pid=258451) INFO:     127.0.0.1:54306 - "POST /v1/completions HTTP/1.1" 200 OK
(APIServer pid=258451) INFO:     127.0.0.1:54280 - "POST /v1/completions HTTP/1.1" 200 OK
(APIServer pid=258451) INFO:     127.0.0.1:54238 - "POST /v1/completions HTTP/1.1" 200 OK
(APIServer pid=258451) INFO:     127.0.0.1:54646 - "POST /v1/completions HTTP/1.1" 200 OK
(APIServer pid=258451) INFO:     127.0.0.1:54722 - "POST /v1/completions HTTP/1.1" 200 OK
(APIServer pid=258451) INFO:     127.0.0.1:54624 - "POST /v1/completions HTTP/1.1" 200 OK
(APIServer pid=258451) INFO:     127.0.0.1:54754 - "POST /v1/completions HTTP/1.1" 200 OK
(APIServer pid=258451) INFO:     127.0.0.1:54310 - "POST /v1/completions HTTP/1.1" 200 OK
(APIServer pid=258451) INFO:     127.0.0.1:54294 - "POST /v1/completions HTTP/1.1" 200 OK
(APIServer pid=258451) INFO:     127.0.0.1:54232 - "POST /v1/completions HTTP/1.1" 200 OK
(APIServer pid=258451) INFO:     127.0.0.1:54648 - "POST /v1/completions HTTP/1.1" 200 OK
(APIServer pid=258451) INFO:     127.0.0.1:54626 - "POST /v1/completions HTTP/1.1" 200 OK
(APIServer pid=258451) INFO:     127.0.0.1:54584 - "POST /v1/completions HTTP/1.1" 200 OK
(APIServer pid=258451) INFO:     127.0.0.1:54316 - "POST /v1/completions HTTP/1.1" 200 OK
(APIServer pid=258451) INFO:     127.0.0.1:54226 - "POST /v1/completions HTTP/1.1" 200 OK
(APIServer pid=258451) INFO:     127.0.0.1:54454 - "POST /v1/completions HTTP/1.1" 200 OK
(APIServer pid=258451) INFO:     127.0.0.1:54568 - "POST /v1/completions HTTP/1.1" 200 OK
(APIServer pid=258451) INFO:     127.0.0.1:54662 - "POST /v1/completions HTTP/1.1" 200 OK
(APIServer pid=258451) INFO:     127.0.0.1:54632 - "POST /v1/completions HTTP/1.1" 200 OK
(APIServer pid=258451) INFO:     127.0.0.1:54718 - "POST /v1/completions HTTP/1.1" 200 OK
(APIServer pid=258451) INFO:     127.0.0.1:54598 - "POST /v1/completions HTTP/1.1" 200 OK
(APIServer pid=258451) INFO:     127.0.0.1:54322 - "POST /v1/completions HTTP/1.1" 200 OK
(APIServer pid=258451) INFO:     127.0.0.1:54730 - "POST /v1/completions HTTP/1.1" 200 OK
(APIServer pid=258451) INFO:     127.0.0.1:54466 - "POST /v1/completions HTTP/1.1" 200 OK
(APIServer pid=258451) INFO:     127.0.0.1:54296 - "POST /v1/completions HTTP/1.1" 200 OK
(APIServer pid=258451) INFO:     127.0.0.1:54266 - "POST /v1/completions HTTP/1.1" 200 OK
(APIServer pid=258451) INFO:     127.0.0.1:54450 - "POST /v1/completions HTTP/1.1" 200 OK
(APIServer pid=258451) INFO:     127.0.0.1:54414 - "POST /v1/completions HTTP/1.1" 200 OK
(APIServer pid=258451) INFO:     127.0.0.1:54370 - "POST /v1/completions HTTP/1.1" 200 OK
(APIServer pid=258451) INFO:     127.0.0.1:54556 - "POST /v1/completions HTTP/1.1" 200 OK
(APIServer pid=258451) INFO:     127.0.0.1:54524 - "POST /v1/completions HTTP/1.1" 200 OK
(APIServer pid=258451) INFO:     127.0.0.1:54498 - "POST /v1/completions HTTP/1.1" 200 OK
(APIServer pid=258451) INFO:     127.0.0.1:54692 - "POST /v1/completions HTTP/1.1" 200 OK
(APIServer pid=258451) INFO:     127.0.0.1:35518 - "POST /v1/completions HTTP/1.1" 200 OK
(APIServer pid=258451) INFO:     127.0.0.1:51094 - "POST /v1/completions HTTP/1.1" 200 OK
(APIServer pid=258451) INFO:     127.0.0.1:54422 - "POST /v1/completions HTTP/1.1" 200 OK
(APIServer pid=258451) INFO:     127.0.0.1:54376 - "POST /v1/completions HTTP/1.1" 200 OK
(APIServer pid=258451) INFO:     127.0.0.1:54530 - "POST /v1/completions HTTP/1.1" 200 OK
(APIServer pid=258451) INFO:     127.0.0.1:54502 - "POST /v1/completions HTTP/1.1" 200 OK
(APIServer pid=258451) INFO:     127.0.0.1:54472 - "POST /v1/completions HTTP/1.1" 200 OK
(APIServer pid=258451) INFO:     127.0.0.1:51074 - "POST /v1/completions HTTP/1.1" 200 OK
(APIServer pid=258451) INFO:     127.0.0.1:54706 - "POST /v1/completions HTTP/1.1" 200 OK
(APIServer pid=258451) INFO:     127.0.0.1:54728 - "POST /v1/completions HTTP/1.1" 200 OK
(APIServer pid=258451) INFO:     127.0.0.1:51088 - "POST /v1/completions HTTP/1.1" 200 OK
(APIServer pid=258451) INFO:     127.0.0.1:54424 - "POST /v1/completions HTTP/1.1" 200 OK
(APIServer pid=258451) INFO:     127.0.0.1:54386 - "POST /v1/completions HTTP/1.1" 200 OK
(APIServer pid=258451) INFO:     127.0.0.1:54536 - "POST /v1/completions HTTP/1.1" 200 OK
(APIServer pid=258451) INFO:     127.0.0.1:54504 - "POST /v1/completions HTTP/1.1" 200 OK
(APIServer pid=258451) INFO:     127.0.0.1:54480 - "POST /v1/completions HTTP/1.1" 200 OK
(APIServer pid=258451) INFO:     127.0.0.1:51090 - "POST /v1/completions HTTP/1.1" 200 OK
(APIServer pid=258451) INFO:     127.0.0.1:54438 - "POST /v1/completions HTTP/1.1" 200 OK
(APIServer pid=258451) INFO:     127.0.0.1:51100 - "POST /v1/completions HTTP/1.1" 200 OK
(APIServer pid=258451) INFO:     127.0.0.1:54436 - "POST /v1/completions HTTP/1.1" 200 OK
(APIServer pid=258451) INFO:     127.0.0.1:54398 - "POST /v1/completions HTTP/1.1" 200 OK
(APIServer pid=258451) INFO:     127.0.0.1:54542 - "POST /v1/completions HTTP/1.1" 200 OK
(APIServer pid=258451) INFO:     127.0.0.1:54510 - "POST /v1/completions HTTP/1.1" 200 OK
(APIServer pid=258451) INFO:     127.0.0.1:54484 - "POST /v1/completions HTTP/1.1" 200 OK
(APIServer pid=258451) INFO:     127.0.0.1:54678 - "POST /v1/completions HTTP/1.1" 200 OK
(APIServer pid=258451) INFO:     127.0.0.1:51138 - "POST /v1/completions HTTP/1.1" 200 OK
(APIServer pid=258451) INFO:     127.0.0.1:51170 - "POST /v1/completions HTTP/1.1" 200 OK
(APIServer pid=258451) INFO:     127.0.0.1:51266 - "POST /v1/completions HTTP/1.1" 200 OK
(APIServer pid=258451) INFO:     127.0.0.1:51284 - "POST /v1/completions HTTP/1.1" 200 OK
(APIServer pid=258451) INFO:     127.0.0.1:51316 - "POST /v1/completions HTTP/1.1" 200 OK
(APIServer pid=258451) INFO:     127.0.0.1:51340 - "POST /v1/completions HTTP/1.1" 200 OK
(APIServer pid=258451) INFO:     127.0.0.1:51290 - "POST /v1/completions HTTP/1.1" 200 OK
(APIServer pid=258451) INFO:     127.0.0.1:51208 - "POST /v1/completions HTTP/1.1" 200 OK
(APIServer pid=258451) INFO:     127.0.0.1:51274 - "POST /v1/completions HTTP/1.1" 200 OK
(APIServer pid=258451) INFO:     127.0.0.1:51186 - "POST /v1/completions HTTP/1.1" 200 OK
(APIServer pid=258451) INFO:     127.0.0.1:51286 - "POST /v1/completions HTTP/1.1" 200 OK
(APIServer pid=258451) INFO:     127.0.0.1:51154 - "POST /v1/completions HTTP/1.1" 200 OK
(APIServer pid=258451) INFO:     127.0.0.1:51326 - "POST /v1/completions HTTP/1.1" 200 OK
(APIServer pid=258451) INFO:     127.0.0.1:51118 - "POST /v1/completions HTTP/1.1" 200 OK
(APIServer pid=258451) INFO:     127.0.0.1:51352 - "POST /v1/completions HTTP/1.1" 200 OK
(APIServer pid=258451) INFO:     127.0.0.1:51202 - "POST /v1/completions HTTP/1.1" 200 OK
(APIServer pid=258451) INFO:     127.0.0.1:51302 - "POST /v1/completions HTTP/1.1" 200 OK
(APIServer pid=258451) INFO:     127.0.0.1:51110 - "POST /v1/completions HTTP/1.1" 200 OK
(APIServer pid=258451) INFO:     127.0.0.1:51212 - "POST /v1/completions HTTP/1.1" 200 OK
(APIServer pid=258451) INFO:     127.0.0.1:51328 - "POST /v1/completions HTTP/1.1" 200 OK
(APIServer pid=258451) INFO:     127.0.0.1:51362 - "POST /v1/completions HTTP/1.1" 200 OK
(APIServer pid=258451) INFO:     127.0.0.1:51368 - "POST /v1/completions HTTP/1.1" 200 OK
(APIServer pid=258451) INFO:     127.0.0.1:51204 - "POST /v1/completions HTTP/1.1" 200 OK
(APIServer pid=258451) INFO:     127.0.0.1:51108 - "POST /v1/completions HTTP/1.1" 200 OK
(APIServer pid=258451) INFO:     127.0.0.1:51228 - "POST /v1/completions HTTP/1.1" 200 OK
(APIServer pid=258451) INFO:     127.0.0.1:51250 - "POST /v1/completions HTTP/1.1" 200 OK
(APIServer pid=258451) INFO:     127.0.0.1:51130 - "POST /v1/completions HTTP/1.1" 200 OK
(APIServer pid=258451) INFO:     127.0.0.1:51306 - "POST /v1/completions HTTP/1.1" 200 OK
(APIServer pid=258451) INFO:     127.0.0.1:51200 - "POST /v1/completions HTTP/1.1" 200 OK
(APIServer pid=258451) INFO:     127.0.0.1:51374 - "POST /v1/completions HTTP/1.1" 200 OK
(APIServer pid=258451) INFO:     127.0.0.1:51336 - "POST /v1/completions HTTP/1.1" 200 OK
(APIServer pid=258451) INFO:     127.0.0.1:51240 - "POST /v1/completions HTTP/1.1" 200 OK
(APIServer pid=258451) INFO:     127.0.0.1:51536 - "POST /v1/completions HTTP/1.1" 200 OK
(APIServer pid=258451) INFO:     127.0.0.1:51514 - "POST /v1/completions HTTP/1.1" 200 OK
(APIServer pid=258451) INFO:     127.0.0.1:51444 - "POST /v1/completions HTTP/1.1" 200 OK
(APIServer pid=258451) INFO:     127.0.0.1:51414 - "POST /v1/completions HTTP/1.1" 200 OK
(APIServer pid=258451) INFO:     127.0.0.1:51590 - "POST /v1/completions HTTP/1.1" 200 OK
(APIServer pid=258451) INFO:     127.0.0.1:51474 - "POST /v1/completions HTTP/1.1" 200 OK
(APIServer pid=258451) INFO:     127.0.0.1:51558 - "POST /v1/completions HTTP/1.1" 200 OK
(APIServer pid=258451) INFO:     127.0.0.1:51390 - "POST /v1/completions HTTP/1.1" 200 OK
(APIServer pid=258451) INFO:     127.0.0.1:51610 - "POST /v1/completions HTTP/1.1" 200 OK
(APIServer pid=258451) INFO:     127.0.0.1:51522 - "POST /v1/completions HTTP/1.1" 200 OK
(APIServer pid=258451) INFO:     127.0.0.1:51424 - "POST /v1/completions HTTP/1.1" 200 OK
(APIServer pid=258451) INFO:     127.0.0.1:51592 - "POST /v1/completions HTTP/1.1" 200 OK
(APIServer pid=258451) INFO:     127.0.0.1:51480 - "POST /v1/completions HTTP/1.1" 200 OK
(APIServer pid=258451) INFO:     127.0.0.1:51566 - "POST /v1/completions HTTP/1.1" 200 OK
(APIServer pid=258451) INFO:     127.0.0.1:51394 - "POST /v1/completions HTTP/1.1" 200 OK
(APIServer pid=258451) INFO:     127.0.0.1:51618 - "POST /v1/completions HTTP/1.1" 200 OK
(APIServer pid=258451) INFO:     127.0.0.1:51526 - "POST /v1/completions HTTP/1.1" 200 OK
(APIServer pid=258451) INFO:     127.0.0.1:51492 - "POST /v1/completions HTTP/1.1" 200 OK
(APIServer pid=258451) INFO:     127.0.0.1:51434 - "POST /v1/completions HTTP/1.1" 200 OK
(APIServer pid=258451) INFO:     127.0.0.1:51598 - "POST /v1/completions HTTP/1.1" 200 OK
(APIServer pid=258451) INFO:     127.0.0.1:51486 - "POST /v1/completions HTTP/1.1" 200 OK
(APIServer pid=258451) INFO:     127.0.0.1:51572 - "POST /v1/completions HTTP/1.1" 200 OK
(APIServer pid=258451) INFO:     127.0.0.1:51458 - "POST /v1/completions HTTP/1.1" 200 OK
(APIServer pid=258451) INFO:     127.0.0.1:51408 - "POST /v1/completions HTTP/1.1" 200 OK
(APIServer pid=258451) INFO:     127.0.0.1:51534 - "POST /v1/completions HTTP/1.1" 200 OK
(APIServer pid=258451) INFO:     127.0.0.1:51502 - "POST /v1/completions HTTP/1.1" 200 OK
(APIServer pid=258451) INFO:     127.0.0.1:51438 - "POST /v1/completions HTTP/1.1" 200 OK
(APIServer pid=258451) INFO:     127.0.0.1:51582 - "POST /v1/completions HTTP/1.1" 200 OK
(APIServer pid=258451) INFO:     127.0.0.1:51460 - "POST /v1/completions HTTP/1.1" 200 OK
(APIServer pid=258451) INFO:     127.0.0.1:51542 - "POST /v1/completions HTTP/1.1" 200 OK
(APIServer pid=258451) INFO:     127.0.0.1:51606 - "POST /v1/completions HTTP/1.1" 200 OK
(APIServer pid=258451) INFO:     127.0.0.1:51782 - "POST /v1/completions HTTP/1.1" 200 OK
(APIServer pid=258451) INFO:     127.0.0.1:51752 - "POST /v1/completions HTTP/1.1" 200 OK
(APIServer pid=258451) INFO:     127.0.0.1:51656 - "POST /v1/completions HTTP/1.1" 200 OK
(APIServer pid=258451) INFO:     127.0.0.1:51844 - "POST /v1/completions HTTP/1.1" 200 OK
(APIServer pid=258451) INFO:     127.0.0.1:51816 - "POST /v1/completions HTTP/1.1" 200 OK
(APIServer pid=258451) INFO:     127.0.0.1:51870 - "POST /v1/completions HTTP/1.1" 200 OK
(APIServer pid=258451) INFO:     127.0.0.1:51628 - "POST /v1/completions HTTP/1.1" 200 OK
(APIServer pid=258451) INFO:     127.0.0.1:51888 - "POST /v1/completions HTTP/1.1" 200 OK
(APIServer pid=258451) INFO:     127.0.0.1:51712 - "POST /v1/completions HTTP/1.1" 200 OK
(APIServer pid=258451) INFO:     127.0.0.1:51670 - "POST /v1/completions HTTP/1.1" 200 OK
(APIServer pid=258451) INFO:     127.0.0.1:51790 - "POST /v1/completions HTTP/1.1" 200 OK
(APIServer pid=258451) INFO:     127.0.0.1:51764 - "POST /v1/completions HTTP/1.1" 200 OK
(APIServer pid=258451) INFO:     127.0.0.1:51854 - "POST /v1/completions HTTP/1.1" 200 OK
(APIServer pid=258451) INFO:     127.0.0.1:51644 - "POST /v1/completions HTTP/1.1" 200 OK
(APIServer pid=258451) INFO:     127.0.0.1:51714 - "POST /v1/completions HTTP/1.1" 200 OK
(APIServer pid=258451) INFO:     127.0.0.1:51672 - "POST /v1/completions HTTP/1.1" 200 OK
(APIServer pid=258451) INFO:     127.0.0.1:51798 - "POST /v1/completions HTTP/1.1" 200 OK
(APIServer pid=258451) INFO:     127.0.0.1:51768 - "POST /v1/completions HTTP/1.1" 200 OK
(APIServer pid=258451) INFO:     127.0.0.1:51874 - "POST /v1/completions HTTP/1.1" 200 OK
(APIServer pid=258451) INFO:     127.0.0.1:51648 - "POST /v1/completions HTTP/1.1" 200 OK
(APIServer pid=258451) INFO:     127.0.0.1:51624 - "POST /v1/completions HTTP/1.1" 200 OK
(APIServer pid=258451) INFO:     127.0.0.1:51722 - "POST /v1/completions HTTP/1.1" 200 OK
(APIServer pid=258451) INFO:     127.0.0.1:51688 - "POST /v1/completions HTTP/1.1" 200 OK
(APIServer pid=258451) INFO:     127.0.0.1:51804 - "POST /v1/completions HTTP/1.1" 200 OK
(APIServer pid=258451) INFO:     127.0.0.1:51776 - "POST /v1/completions HTTP/1.1" 200 OK
(APIServer pid=258451) INFO:     127.0.0.1:51738 - "POST /v1/completions HTTP/1.1" 200 OK
(APIServer pid=258451) INFO:     127.0.0.1:51626 - "POST /v1/completions HTTP/1.1" 200 OK
(APIServer pid=258451) INFO:     127.0.0.1:51832 - "POST /v1/completions HTTP/1.1" 200 OK
(APIServer pid=258451) INFO:     127.0.0.1:51728 - "POST /v1/completions HTTP/1.1" 200 OK
(APIServer pid=258451) INFO:     127.0.0.1:51700 - "POST /v1/completions HTTP/1.1" 200 OK
(APIServer pid=258451) INFO:     127.0.0.1:51836 - "POST /v1/completions HTTP/1.1" 200 OK
(APIServer pid=258451) INFO:     127.0.0.1:51898 - "POST /v1/completions HTTP/1.1" 200 OK
(APIServer pid=258451) INFO:     127.0.0.1:52378 - "POST /v1/completions HTTP/1.1" 200 OK
(APIServer pid=258451) INFO:     127.0.0.1:51900 - "POST /v1/completions HTTP/1.1" 200 OK
(APIServer pid=258451) INFO:     127.0.0.1:52022 - "POST /v1/completions HTTP/1.1" 200 OK
(APIServer pid=258451) INFO:     127.0.0.1:52050 - "POST /v1/completions HTTP/1.1" 200 OK
(APIServer pid=258451) INFO:     127.0.0.1:52146 - "POST /v1/completions HTTP/1.1" 200 OK
(APIServer pid=258451) INFO:     127.0.0.1:52298 - "POST /v1/completions HTTP/1.1" 200 OK
(APIServer pid=258451) INFO:     127.0.0.1:52230 - "POST /v1/completions HTTP/1.1" 200 OK
(APIServer pid=258451) INFO:     127.0.0.1:51910 - "POST /v1/completions HTTP/1.1" 200 OK
(APIServer pid=258451) INFO:     127.0.0.1:52130 - "POST /v1/completions HTTP/1.1" 200 OK
(APIServer pid=258451) INFO:     127.0.0.1:51968 - "POST /v1/completions HTTP/1.1" 200 OK
(APIServer pid=258451) INFO:     127.0.0.1:52256 - "POST /v1/completions HTTP/1.1" 200 OK
(APIServer pid=258451) INFO:     127.0.0.1:52328 - "POST /v1/completions HTTP/1.1" 200 OK
(APIServer pid=258451) INFO:     127.0.0.1:52096 - "POST /v1/completions HTTP/1.1" 200 OK
(APIServer pid=258451) INFO:     127.0.0.1:52032 - "POST /v1/completions HTTP/1.1" 200 OK
(APIServer pid=258451) INFO:     127.0.0.1:52066 - "POST /v1/completions HTTP/1.1" 200 OK
(APIServer pid=258451) INFO:     127.0.0.1:52228 - "POST /v1/completions HTTP/1.1" 200 OK
(APIServer pid=258451) INFO:     127.0.0.1:52398 - "POST /v1/completions HTTP/1.1" 200 OK
(APIServer pid=258451) INFO:     127.0.0.1:51944 - "POST /v1/completions HTTP/1.1" 200 OK
(APIServer pid=258451) INFO:     127.0.0.1:52210 - "POST /v1/completions HTTP/1.1" 200 OK
(APIServer pid=258451) INFO:     127.0.0.1:52412 - "POST /v1/completions HTTP/1.1" 200 OK
(APIServer pid=258451) INFO:     127.0.0.1:52180 - "POST /v1/completions HTTP/1.1" 200 OK
(APIServer pid=258451) INFO:     127.0.0.1:51922 - "POST /v1/completions HTTP/1.1" 200 OK
(APIServer pid=258451) INFO:     127.0.0.1:52122 - "POST /v1/completions HTTP/1.1" 200 OK
(APIServer pid=258451) INFO:     127.0.0.1:52090 - "POST /v1/completions HTTP/1.1" 200 OK
(APIServer pid=258451) INFO:     127.0.0.1:52000 - "POST /v1/completions HTTP/1.1" 200 OK
(APIServer pid=258451) INFO:     127.0.0.1:52266 - "POST /v1/completions HTTP/1.1" 200 OK
(APIServer pid=258451) INFO:     127.0.0.1:52214 - "POST /v1/completions HTTP/1.1" 200 OK
(APIServer pid=258451) INFO:     127.0.0.1:51960 - "POST /v1/completions HTTP/1.1" 200 OK
(APIServer pid=258451) INFO:     127.0.0.1:52428 - "POST /v1/completions HTTP/1.1" 200 OK
(APIServer pid=258451) INFO:     127.0.0.1:51994 - "POST /v1/completions HTTP/1.1" 200 OK
(APIServer pid=258451) INFO:     127.0.0.1:51984 - "POST /v1/completions HTTP/1.1" 200 OK
(APIServer pid=258451) INFO:     127.0.0.1:52424 - "POST /v1/completions HTTP/1.1" 200 OK
(APIServer pid=258451) INFO:     127.0.0.1:51972 - "POST /v1/completions HTTP/1.1" 200 OK
(APIServer pid=258451) INFO:     127.0.0.1:52358 - "POST /v1/completions HTTP/1.1" 200 OK
(APIServer pid=258451) INFO:     127.0.0.1:52346 - "POST /v1/completions HTTP/1.1" 200 OK
(APIServer pid=258451) INFO:     127.0.0.1:52190 - "POST /v1/completions HTTP/1.1" 200 OK
(APIServer pid=258451) INFO:     127.0.0.1:51932 - "POST /v1/completions HTTP/1.1" 200 OK
(APIServer pid=258451) INFO:     127.0.0.1:52282 - "POST /v1/completions HTTP/1.1" 200 OK
(APIServer pid=258451) INFO:     127.0.0.1:52354 - "POST /v1/completions HTTP/1.1" 200 OK
(APIServer pid=258451) INFO:     127.0.0.1:52246 - "POST /v1/completions HTTP/1.1" 200 OK
(APIServer pid=258451) INFO:     127.0.0.1:51980 - "POST /v1/completions HTTP/1.1" 200 OK
(APIServer pid=258451) INFO:     127.0.0.1:52106 - "POST /v1/completions HTTP/1.1" 200 OK
(APIServer pid=258451) INFO:     127.0.0.1:52388 - "POST /v1/completions HTTP/1.1" 200 OK
(APIServer pid=258451) INFO:     127.0.0.1:52204 - "POST /v1/completions HTTP/1.1" 200 OK
(APIServer pid=258451) INFO:     127.0.0.1:52360 - "POST /v1/completions HTTP/1.1" 200 OK
(APIServer pid=258451) INFO:     127.0.0.1:52240 - "POST /v1/completions HTTP/1.1" 200 OK
(APIServer pid=258451) INFO:     127.0.0.1:52080 - "POST /v1/completions HTTP/1.1" 200 OK
(APIServer pid=258451) INFO:     127.0.0.1:52158 - "POST /v1/completions HTTP/1.1" 200 OK
(APIServer pid=258451) INFO:     127.0.0.1:52014 - "POST /v1/completions HTTP/1.1" 200 OK
(APIServer pid=258451) INFO:     127.0.0.1:52304 - "POST /v1/completions HTTP/1.1" 200 OK
(APIServer pid=258451) INFO:     127.0.0.1:52316 - "POST /v1/completions HTTP/1.1" 200 OK
(APIServer pid=258451) INFO:     127.0.0.1:52236 - "POST /v1/completions HTTP/1.1" 200 OK
(APIServer pid=258451) INFO:     127.0.0.1:52010 - "POST /v1/completions HTTP/1.1" 200 OK
(APIServer pid=258451) INFO:     127.0.0.1:52038 - "POST /v1/completions HTTP/1.1" 200 OK
(APIServer pid=258451) INFO:     127.0.0.1:51964 - "POST /v1/completions HTTP/1.1" 200 OK
(APIServer pid=258451) INFO:     127.0.0.1:51978 - "POST /v1/completions HTTP/1.1" 200 OK
(APIServer pid=258451) INFO:     127.0.0.1:52340 - "POST /v1/completions HTTP/1.1" 200 OK
(APIServer pid=258451) INFO:     127.0.0.1:52166 - "POST /v1/completions HTTP/1.1" 200 OK
(APIServer pid=258451) INFO:     127.0.0.1:52196 - "POST /v1/completions HTTP/1.1" 200 OK
(APIServer pid=258451) INFO:     127.0.0.1:52366 - "POST /v1/completions HTTP/1.1" 200 OK
(APIServer pid=258451) INFO:     127.0.0.1:52286 - "POST /v1/completions HTTP/1.1" 200 OK
(APIServer pid=258451) INFO:     127.0.0.1:52656 - "POST /v1/completions HTTP/1.1" 200 OK
(APIServer pid=258451) INFO:     127.0.0.1:52674 - "POST /v1/completions HTTP/1.1" 200 OK
(APIServer pid=258451) INFO:     127.0.0.1:52560 - "POST /v1/completions HTTP/1.1" 200 OK
(APIServer pid=258451) INFO:     127.0.0.1:52582 - "POST /v1/completions HTTP/1.1" 200 OK
(APIServer pid=258451) INFO:     127.0.0.1:52644 - "POST /v1/completions HTTP/1.1" 200 OK
(APIServer pid=258451) INFO:     127.0.0.1:52592 - "POST /v1/completions HTTP/1.1" 200 OK
(APIServer pid=258451) INFO:     127.0.0.1:52566 - "POST /v1/completions HTTP/1.1" 200 OK
(APIServer pid=258451) INFO:     127.0.0.1:52598 - "POST /v1/completions HTTP/1.1" 200 OK
(APIServer pid=258451) INFO:     127.0.0.1:52466 - "POST /v1/completions HTTP/1.1" 200 OK
(APIServer pid=258451) INFO:     127.0.0.1:52484 - "POST /v1/completions HTTP/1.1" 200 OK
(APIServer pid=258451) INFO:     127.0.0.1:52460 - "POST /v1/completions HTTP/1.1" 200 OK
(APIServer pid=258451) INFO:     127.0.0.1:52562 - "POST /v1/completions HTTP/1.1" 200 OK
(APIServer pid=258451) INFO:     127.0.0.1:52528 - "POST /v1/completions HTTP/1.1" 200 OK
(APIServer pid=258451) INFO:     127.0.0.1:52510 - "POST /v1/completions HTTP/1.1" 200 OK
(APIServer pid=258451) INFO:     127.0.0.1:52590 - "POST /v1/completions HTTP/1.1" 200 OK
(APIServer pid=258451) INFO:     127.0.0.1:52474 - "POST /v1/completions HTTP/1.1" 200 OK
(APIServer pid=258451) INFO:     127.0.0.1:52486 - "POST /v1/completions HTTP/1.1" 200 OK
(APIServer pid=258451) INFO:     127.0.0.1:52554 - "POST /v1/completions HTTP/1.1" 200 OK
(APIServer pid=258451) INFO:     127.0.0.1:52586 - "POST /v1/completions HTTP/1.1" 200 OK
(APIServer pid=258451) INFO:     127.0.0.1:52498 - "POST /v1/completions HTTP/1.1" 200 OK
(APIServer pid=258451) INFO:     127.0.0.1:52622 - "POST /v1/completions HTTP/1.1" 200 OK
(APIServer pid=258451) INFO:     127.0.0.1:52494 - "POST /v1/completions HTTP/1.1" 200 OK
(APIServer pid=258451) INFO:     127.0.0.1:52652 - "POST /v1/completions HTTP/1.1" 200 OK
(APIServer pid=258451) INFO:     127.0.0.1:52444 - "POST /v1/completions HTTP/1.1" 200 OK
(APIServer pid=258451) INFO:     127.0.0.1:52470 - "POST /v1/completions HTTP/1.1" 200 OK
(APIServer pid=258451) INFO:     127.0.0.1:52658 - "POST /v1/completions HTTP/1.1" 200 OK
(APIServer pid=258451) INFO:     127.0.0.1:52538 - "POST /v1/completions HTTP/1.1" 200 OK
(APIServer pid=258451) INFO:     127.0.0.1:52628 - "POST /v1/completions HTTP/1.1" 200 OK
(APIServer pid=258451) INFO:     127.0.0.1:52606 - "POST /v1/completions HTTP/1.1" 200 OK
(APIServer pid=258451) INFO:     127.0.0.1:52514 - "POST /v1/completions HTTP/1.1" 200 OK
(APIServer pid=258451) INFO:     127.0.0.1:52516 - "POST /v1/completions HTTP/1.1" 200 OK
(APIServer pid=258451) INFO 07-09 13:25:48 [loggers.py:271] Engine 000: Avg prompt throughput: 3254.0 tokens/s, Avg generation throughput: 16800.4 tokens/s, Running: 256 reqs, Waiting: 0 reqs, GPU KV cache usage: 5.8%, Prefix cache hit rate: 10.3%
(APIServer pid=258451) INFO 07-09 13:25:58 [loggers.py:271] Engine 000: Avg prompt throughput: 0.0 tokens/s, Avg generation throughput: 17657.8 tokens/s, Running: 251 reqs, Waiting: 0 reqs, GPU KV cache usage: 14.5%, Prefix cache hit rate: 10.3%
(APIServer pid=258451) INFO:     127.0.0.1:54218 - "GET /metrics HTTP/1.1" 200 OK
(APIServer pid=258451) INFO 07-09 13:26:08 [loggers.py:271] Engine 000: Avg prompt throughput: 0.0 tokens/s, Avg generation throughput: 681.7 tokens/s, Running: 0 reqs, Waiting: 0 reqs, GPU KV cache usage: 0.0%, Prefix cache hit rate: 10.3%
(APIServer pid=258451) INFO:     127.0.0.1:55174 - "POST /v1/completions HTTP/1.1" 200 OK
(APIServer pid=258451) INFO:     127.0.0.1:55174 - "POST /v1/completions HTTP/1.1" 200 OK
(APIServer pid=258451) INFO:     127.0.0.1:58498 - "POST /v1/completions HTTP/1.1" 200 OK
(APIServer pid=258451) INFO:     127.0.0.1:58514 - "POST /v1/completions HTTP/1.1" 200 OK
(APIServer pid=258451) INFO:     127.0.0.1:58518 - "POST /v1/completions HTTP/1.1" 200 OK
(APIServer pid=258451) INFO:     127.0.0.1:58530 - "POST /v1/completions HTTP/1.1" 200 OK
(APIServer pid=258451) INFO:     127.0.0.1:58534 - "POST /v1/completions HTTP/1.1" 200 OK
(APIServer pid=258451) INFO:     127.0.0.1:58546 - "POST /v1/completions HTTP/1.1" 200 OK
(APIServer pid=258451) INFO:     127.0.0.1:58548 - "POST /v1/completions HTTP/1.1" 200 OK
(APIServer pid=258451) INFO:     127.0.0.1:58550 - "POST /v1/completions HTTP/1.1" 200 OK
(APIServer pid=258451) INFO:     127.0.0.1:58552 - "POST /v1/completions HTTP/1.1" 200 OK
(APIServer pid=258451) INFO:     127.0.0.1:58568 - "POST /v1/completions HTTP/1.1" 200 OK
(APIServer pid=258451) INFO:     127.0.0.1:58572 - "POST /v1/completions HTTP/1.1" 200 OK
(APIServer pid=258451) INFO:     127.0.0.1:58582 - "POST /v1/completions HTTP/1.1" 200 OK
(APIServer pid=258451) INFO:     127.0.0.1:58596 - "POST /v1/completions HTTP/1.1" 200 OK
(APIServer pid=258451) INFO:     127.0.0.1:58600 - "POST /v1/completions HTTP/1.1" 200 OK
(APIServer pid=258451) INFO:     127.0.0.1:58606 - "POST /v1/completions HTTP/1.1" 200 OK
(APIServer pid=258451) INFO:     127.0.0.1:58614 - "POST /v1/completions HTTP/1.1" 200 OK
(APIServer pid=258451) INFO:     127.0.0.1:58626 - "POST /v1/completions HTTP/1.1" 200 OK
(APIServer pid=258451) INFO:     127.0.0.1:58642 - "POST /v1/completions HTTP/1.1" 200 OK
(APIServer pid=258451) INFO:     127.0.0.1:58644 - "POST /v1/completions HTTP/1.1" 200 OK
(APIServer pid=258451) INFO:     127.0.0.1:58656 - "POST /v1/completions HTTP/1.1" 200 OK
(APIServer pid=258451) INFO:     127.0.0.1:58672 - "POST /v1/completions HTTP/1.1" 200 OK
(APIServer pid=258451) INFO:     127.0.0.1:58686 - "POST /v1/completions HTTP/1.1" 200 OK
(APIServer pid=258451) INFO:     127.0.0.1:58702 - "POST /v1/completions HTTP/1.1" 200 OK
(APIServer pid=258451) INFO:     127.0.0.1:58708 - "POST /v1/completions HTTP/1.1" 200 OK
(APIServer pid=258451) INFO:     127.0.0.1:58710 - "POST /v1/completions HTTP/1.1" 200 OK
(APIServer pid=258451) INFO:     127.0.0.1:58724 - "POST /v1/completions HTTP/1.1" 200 OK
(APIServer pid=258451) INFO:     127.0.0.1:58726 - "POST /v1/completions HTTP/1.1" 200 OK
(APIServer pid=258451) INFO:     127.0.0.1:58732 - "POST /v1/completions HTTP/1.1" 200 OK
(APIServer pid=258451) INFO:     127.0.0.1:58740 - "POST /v1/completions HTTP/1.1" 200 OK
(APIServer pid=258451) INFO:     127.0.0.1:58748 - "POST /v1/completions HTTP/1.1" 200 OK
(APIServer pid=258451) INFO:     127.0.0.1:58758 - "POST /v1/completions HTTP/1.1" 200 OK
(APIServer pid=258451) INFO:     127.0.0.1:58770 - "POST /v1/completions HTTP/1.1" 200 OK
(APIServer pid=258451) INFO:     127.0.0.1:58784 - "POST /v1/completions HTTP/1.1" 200 OK
(APIServer pid=258451) INFO:     127.0.0.1:58798 - "POST /v1/completions HTTP/1.1" 200 OK
(APIServer pid=258451) INFO:     127.0.0.1:58802 - "POST /v1/completions HTTP/1.1" 200 OK
(APIServer pid=258451) INFO:     127.0.0.1:58816 - "POST /v1/completions HTTP/1.1" 200 OK
(APIServer pid=258451) INFO:     127.0.0.1:58832 - "POST /v1/completions HTTP/1.1" 200 OK
(APIServer pid=258451) INFO:     127.0.0.1:58838 - "POST /v1/completions HTTP/1.1" 200 OK
(APIServer pid=258451) INFO:     127.0.0.1:58846 - "POST /v1/completions HTTP/1.1" 200 OK
(APIServer pid=258451) INFO:     127.0.0.1:58862 - "POST /v1/completions HTTP/1.1" 200 OK
(APIServer pid=258451) INFO:     127.0.0.1:58878 - "POST /v1/completions HTTP/1.1" 200 OK
(APIServer pid=258451) INFO:     127.0.0.1:58882 - "POST /v1/completions HTTP/1.1" 200 OK
(APIServer pid=258451) INFO:     127.0.0.1:58888 - "POST /v1/completions HTTP/1.1" 200 OK
(APIServer pid=258451) INFO:     127.0.0.1:58898 - "POST /v1/completions HTTP/1.1" 200 OK
(APIServer pid=258451) INFO:     127.0.0.1:58900 - "POST /v1/completions HTTP/1.1" 200 OK
(APIServer pid=258451) INFO:     127.0.0.1:58902 - "POST /v1/completions HTTP/1.1" 200 OK
(APIServer pid=258451) INFO:     127.0.0.1:58918 - "POST /v1/completions HTTP/1.1" 200 OK
(APIServer pid=258451) INFO:     127.0.0.1:58932 - "POST /v1/completions HTTP/1.1" 200 OK
(APIServer pid=258451) INFO:     127.0.0.1:58934 - "POST /v1/completions HTTP/1.1" 200 OK
(APIServer pid=258451) INFO:     127.0.0.1:58942 - "POST /v1/completions HTTP/1.1" 200 OK
(APIServer pid=258451) INFO:     127.0.0.1:58954 - "POST /v1/completions HTTP/1.1" 200 OK
(APIServer pid=258451) INFO:     127.0.0.1:58966 - "POST /v1/completions HTTP/1.1" 200 OK
(APIServer pid=258451) INFO:     127.0.0.1:58978 - "POST /v1/completions HTTP/1.1" 200 OK
(APIServer pid=258451) INFO:     127.0.0.1:58980 - "POST /v1/completions HTTP/1.1" 200 OK
(APIServer pid=258451) INFO:     127.0.0.1:58994 - "POST /v1/completions HTTP/1.1" 200 OK
(APIServer pid=258451) INFO:     127.0.0.1:59002 - "POST /v1/completions HTTP/1.1" 200 OK
(APIServer pid=258451) INFO:     127.0.0.1:59008 - "POST /v1/completions HTTP/1.1" 200 OK
(APIServer pid=258451) INFO:     127.0.0.1:59012 - "POST /v1/completions HTTP/1.1" 200 OK
(APIServer pid=258451) INFO:     127.0.0.1:59026 - "POST /v1/completions HTTP/1.1" 200 OK
(APIServer pid=258451) INFO:     127.0.0.1:59040 - "POST /v1/completions HTTP/1.1" 200 OK
(APIServer pid=258451) INFO:     127.0.0.1:59048 - "POST /v1/completions HTTP/1.1" 200 OK
(APIServer pid=258451) INFO:     127.0.0.1:59058 - "POST /v1/completions HTTP/1.1" 200 OK
(APIServer pid=258451) INFO:     127.0.0.1:59060 - "POST /v1/completions HTTP/1.1" 200 OK
(APIServer pid=258451) INFO:     127.0.0.1:55174 - "GET /metrics HTTP/1.1" 200 OK
(APIServer pid=258451) INFO:     127.0.0.1:58514 - "POST /v1/completions HTTP/1.1" 200 OK
(APIServer pid=258451) INFO:     127.0.0.1:58596 - "POST /v1/completions HTTP/1.1" 200 OK
(APIServer pid=258451) INFO:     127.0.0.1:58552 - "POST /v1/completions HTTP/1.1" 200 OK
(APIServer pid=258451) INFO:     127.0.0.1:58518 - "POST /v1/completions HTTP/1.1" 200 OK
(APIServer pid=258451) INFO:     127.0.0.1:58550 - "POST /v1/completions HTTP/1.1" 200 OK
(APIServer pid=258451) INFO:     127.0.0.1:58498 - "POST /v1/completions HTTP/1.1" 200 OK
(APIServer pid=258451) INFO:     127.0.0.1:58530 - "POST /v1/completions HTTP/1.1" 200 OK
(APIServer pid=258451) INFO:     127.0.0.1:58546 - "POST /v1/completions HTTP/1.1" 200 OK
(APIServer pid=258451) INFO:     127.0.0.1:58582 - "POST /v1/completions HTTP/1.1" 200 OK
(APIServer pid=258451) INFO:     127.0.0.1:58572 - "POST /v1/completions HTTP/1.1" 200 OK
(APIServer pid=258451) INFO:     127.0.0.1:58548 - "POST /v1/completions HTTP/1.1" 200 OK
(APIServer pid=258451) INFO:     127.0.0.1:58568 - "POST /v1/completions HTTP/1.1" 200 OK
(APIServer pid=258451) INFO:     127.0.0.1:58534 - "POST /v1/completions HTTP/1.1" 200 OK
(APIServer pid=258451) INFO:     127.0.0.1:58626 - "POST /v1/completions HTTP/1.1" 200 OK
(APIServer pid=258451) INFO:     127.0.0.1:58686 - "POST /v1/completions HTTP/1.1" 200 OK
(APIServer pid=258451) INFO:     127.0.0.1:58672 - "POST /v1/completions HTTP/1.1" 200 OK
(APIServer pid=258451) INFO:     127.0.0.1:58600 - "POST /v1/completions HTTP/1.1" 200 OK
(APIServer pid=258451) INFO:     127.0.0.1:58656 - "POST /v1/completions HTTP/1.1" 200 OK
(APIServer pid=258451) INFO:     127.0.0.1:58606 - "POST /v1/completions HTTP/1.1" 200 OK
(APIServer pid=258451) INFO:     127.0.0.1:58614 - "POST /v1/completions HTTP/1.1" 200 OK
(APIServer pid=258451) INFO:     127.0.0.1:58642 - "POST /v1/completions HTTP/1.1" 200 OK
(APIServer pid=258451) INFO:     127.0.0.1:58644 - "POST /v1/completions HTTP/1.1" 200 OK
(APIServer pid=258451) INFO:     127.0.0.1:58724 - "POST /v1/completions HTTP/1.1" 200 OK
(APIServer pid=258451) INFO:     127.0.0.1:58758 - "POST /v1/completions HTTP/1.1" 200 OK
(APIServer pid=258451) INFO:     127.0.0.1:58708 - "POST /v1/completions HTTP/1.1" 200 OK
(APIServer pid=258451) INFO:     127.0.0.1:58710 - "POST /v1/completions HTTP/1.1" 200 OK
(APIServer pid=258451) INFO:     127.0.0.1:58802 - "POST /v1/completions HTTP/1.1" 200 OK
(APIServer pid=258451) INFO:     127.0.0.1:58748 - "POST /v1/completions HTTP/1.1" 200 OK
(APIServer pid=258451) INFO:     127.0.0.1:58846 - "POST /v1/completions HTTP/1.1" 200 OK
(APIServer pid=258451) INFO:     127.0.0.1:58732 - "POST /v1/completions HTTP/1.1" 200 OK
(APIServer pid=258451) INFO:     127.0.0.1:58770 - "POST /v1/completions HTTP/1.1" 200 OK
(APIServer pid=258451) INFO:     127.0.0.1:58726 - "POST /v1/completions HTTP/1.1" 200 OK
(APIServer pid=258451) INFO:     127.0.0.1:58816 - "POST /v1/completions HTTP/1.1" 200 OK
(APIServer pid=258451) INFO:     127.0.0.1:58838 - "POST /v1/completions HTTP/1.1" 200 OK
(APIServer pid=258451) INFO:     127.0.0.1:58832 - "POST /v1/completions HTTP/1.1" 200 OK
(APIServer pid=258451) INFO:     127.0.0.1:58702 - "POST /v1/completions HTTP/1.1" 200 OK
(APIServer pid=258451) INFO:     127.0.0.1:58798 - "POST /v1/completions HTTP/1.1" 200 OK
(APIServer pid=258451) INFO:     127.0.0.1:58784 - "POST /v1/completions HTTP/1.1" 200 OK
(APIServer pid=258451) INFO:     127.0.0.1:58740 - "POST /v1/completions HTTP/1.1" 200 OK
(APIServer pid=258451) INFO:     127.0.0.1:58882 - "POST /v1/completions HTTP/1.1" 200 OK
(APIServer pid=258451) INFO:     127.0.0.1:58862 - "POST /v1/completions HTTP/1.1" 200 OK
(APIServer pid=258451) INFO:     127.0.0.1:58888 - "POST /v1/completions HTTP/1.1" 200 OK
(APIServer pid=258451) INFO:     127.0.0.1:58898 - "POST /v1/completions HTTP/1.1" 200 OK
(APIServer pid=258451) INFO:     127.0.0.1:58878 - "POST /v1/completions HTTP/1.1" 200 OK
(APIServer pid=258451) INFO:     127.0.0.1:58900 - "POST /v1/completions HTTP/1.1" 200 OK
(APIServer pid=258451) INFO:     127.0.0.1:58932 - "POST /v1/completions HTTP/1.1" 200 OK
(APIServer pid=258451) INFO:     127.0.0.1:58978 - "POST /v1/completions HTTP/1.1" 200 OK
(APIServer pid=258451) INFO:     127.0.0.1:58980 - "POST /v1/completions HTTP/1.1" 200 OK
(APIServer pid=258451) INFO:     127.0.0.1:59060 - "POST /v1/completions HTTP/1.1" 200 OK
(APIServer pid=258451) INFO:     127.0.0.1:58918 - "POST /v1/completions HTTP/1.1" 200 OK
(APIServer pid=258451) INFO:     127.0.0.1:59008 - "POST /v1/completions HTTP/1.1" 200 OK
(APIServer pid=258451) INFO:     127.0.0.1:59048 - "POST /v1/completions HTTP/1.1" 200 OK
(APIServer pid=258451) INFO:     127.0.0.1:58954 - "POST /v1/completions HTTP/1.1" 200 OK
(APIServer pid=258451) INFO:     127.0.0.1:58942 - "POST /v1/completions HTTP/1.1" 200 OK
(APIServer pid=258451) INFO:     127.0.0.1:58934 - "POST /v1/completions HTTP/1.1" 200 OK
(APIServer pid=258451) INFO:     127.0.0.1:59012 - "POST /v1/completions HTTP/1.1" 200 OK
(APIServer pid=258451) INFO:     127.0.0.1:59026 - "POST /v1/completions HTTP/1.1" 200 OK
(APIServer pid=258451) INFO:     127.0.0.1:59040 - "POST /v1/completions HTTP/1.1" 200 OK
(APIServer pid=258451) INFO:     127.0.0.1:59058 - "POST /v1/completions HTTP/1.1" 200 OK
(APIServer pid=258451) INFO:     127.0.0.1:58902 - "POST /v1/completions HTTP/1.1" 200 OK
(APIServer pid=258451) INFO:     127.0.0.1:58994 - "POST /v1/completions HTTP/1.1" 200 OK
(APIServer pid=258451) INFO:     127.0.0.1:59002 - "POST /v1/completions HTTP/1.1" 200 OK
(APIServer pid=258451) INFO:     127.0.0.1:58966 - "POST /v1/completions HTTP/1.1" 200 OK
(APIServer pid=258451) INFO:     127.0.0.1:55174 - "POST /v1/completions HTTP/1.1" 200 OK
(APIServer pid=258451) INFO:     127.0.0.1:59066 - "POST /v1/completions HTTP/1.1" 200 OK
(APIServer pid=258451) INFO:     127.0.0.1:59082 - "POST /v1/completions HTTP/1.1" 200 OK
(APIServer pid=258451) INFO:     127.0.0.1:59090 - "POST /v1/completions HTTP/1.1" 200 OK
(APIServer pid=258451) INFO:     127.0.0.1:59098 - "POST /v1/completions HTTP/1.1" 200 OK
(APIServer pid=258451) INFO:     127.0.0.1:59108 - "POST /v1/completions HTTP/1.1" 200 OK
(APIServer pid=258451) INFO:     127.0.0.1:59112 - "POST /v1/completions HTTP/1.1" 200 OK
(APIServer pid=258451) INFO:     127.0.0.1:59120 - "POST /v1/completions HTTP/1.1" 200 OK
(APIServer pid=258451) INFO:     127.0.0.1:59124 - "POST /v1/completions HTTP/1.1" 200 OK
(APIServer pid=258451) INFO:     127.0.0.1:59136 - "POST /v1/completions HTTP/1.1" 200 OK
(APIServer pid=258451) INFO:     127.0.0.1:59150 - "POST /v1/completions HTTP/1.1" 200 OK
(APIServer pid=258451) INFO:     127.0.0.1:59154 - "POST /v1/completions HTTP/1.1" 200 OK
(APIServer pid=258451) INFO:     127.0.0.1:59160 - "POST /v1/completions HTTP/1.1" 200 OK
(APIServer pid=258451) INFO:     127.0.0.1:59164 - "POST /v1/completions HTTP/1.1" 200 OK
(APIServer pid=258451) INFO:     127.0.0.1:59168 - "POST /v1/completions HTTP/1.1" 200 OK
(APIServer pid=258451) INFO:     127.0.0.1:59172 - "POST /v1/completions HTTP/1.1" 200 OK
(APIServer pid=258451) INFO:     127.0.0.1:59188 - "POST /v1/completions HTTP/1.1" 200 OK
(APIServer pid=258451) INFO:     127.0.0.1:59190 - "POST /v1/completions HTTP/1.1" 200 OK
(APIServer pid=258451) INFO:     127.0.0.1:59192 - "POST /v1/completions HTTP/1.1" 200 OK
(APIServer pid=258451) INFO:     127.0.0.1:59206 - "POST /v1/completions HTTP/1.1" 200 OK
(APIServer pid=258451) INFO:     127.0.0.1:59222 - "POST /v1/completions HTTP/1.1" 200 OK
(APIServer pid=258451) INFO:     127.0.0.1:59226 - "POST /v1/completions HTTP/1.1" 200 OK
(APIServer pid=258451) INFO:     127.0.0.1:59242 - "POST /v1/completions HTTP/1.1" 200 OK
(APIServer pid=258451) INFO:     127.0.0.1:59248 - "POST /v1/completions HTTP/1.1" 200 OK
(APIServer pid=258451) INFO:     127.0.0.1:59260 - "POST /v1/completions HTTP/1.1" 200 OK
(APIServer pid=258451) INFO:     127.0.0.1:59270 - "POST /v1/completions HTTP/1.1" 200 OK
(APIServer pid=258451) INFO:     127.0.0.1:59276 - "POST /v1/completions HTTP/1.1" 200 OK
(APIServer pid=258451) INFO:     127.0.0.1:59290 - "POST /v1/completions HTTP/1.1" 200 OK
(APIServer pid=258451) INFO:     127.0.0.1:59298 - "POST /v1/completions HTTP/1.1" 200 OK
(APIServer pid=258451) INFO:     127.0.0.1:59314 - "POST /v1/completions HTTP/1.1" 200 OK
(APIServer pid=258451) INFO:     127.0.0.1:59328 - "POST /v1/completions HTTP/1.1" 200 OK
(APIServer pid=258451) INFO:     127.0.0.1:59336 - "POST /v1/completions HTTP/1.1" 200 OK
(APIServer pid=258451) INFO:     127.0.0.1:59340 - "POST /v1/completions HTTP/1.1" 200 OK
(APIServer pid=258451) INFO:     127.0.0.1:59342 - "POST /v1/completions HTTP/1.1" 200 OK
(APIServer pid=258451) INFO:     127.0.0.1:59346 - "POST /v1/completions HTTP/1.1" 200 OK
(APIServer pid=258451) INFO:     127.0.0.1:59362 - "POST /v1/completions HTTP/1.1" 200 OK
(APIServer pid=258451) INFO:     127.0.0.1:59370 - "POST /v1/completions HTTP/1.1" 200 OK
(APIServer pid=258451) INFO:     127.0.0.1:59386 - "POST /v1/completions HTTP/1.1" 200 OK
(APIServer pid=258451) INFO:     127.0.0.1:59398 - "POST /v1/completions HTTP/1.1" 200 OK
(APIServer pid=258451) INFO:     127.0.0.1:59408 - "POST /v1/completions HTTP/1.1" 200 OK
(APIServer pid=258451) INFO:     127.0.0.1:59414 - "POST /v1/completions HTTP/1.1" 200 OK
(APIServer pid=258451) INFO:     127.0.0.1:59422 - "POST /v1/completions HTTP/1.1" 200 OK
(APIServer pid=258451) INFO:     127.0.0.1:59426 - "POST /v1/completions HTTP/1.1" 200 OK
(APIServer pid=258451) INFO:     127.0.0.1:59430 - "POST /v1/completions HTTP/1.1" 200 OK
(APIServer pid=258451) INFO:     127.0.0.1:59446 - "POST /v1/completions HTTP/1.1" 200 OK
(APIServer pid=258451) INFO:     127.0.0.1:59448 - "POST /v1/completions HTTP/1.1" 200 OK
(APIServer pid=258451) INFO:     127.0.0.1:59458 - "POST /v1/completions HTTP/1.1" 200 OK
(APIServer pid=258451) INFO:     127.0.0.1:59474 - "POST /v1/completions HTTP/1.1" 200 OK
(APIServer pid=258451) INFO:     127.0.0.1:59478 - "POST /v1/completions HTTP/1.1" 200 OK
(APIServer pid=258451) INFO:     127.0.0.1:59490 - "POST /v1/completions HTTP/1.1" 200 OK
(APIServer pid=258451) INFO:     127.0.0.1:59492 - "POST /v1/completions HTTP/1.1" 200 OK
(APIServer pid=258451) INFO:     127.0.0.1:59506 - "POST /v1/completions HTTP/1.1" 200 OK
(APIServer pid=258451) INFO:     127.0.0.1:59510 - "POST /v1/completions HTTP/1.1" 200 OK
(APIServer pid=258451) INFO:     127.0.0.1:59512 - "POST /v1/completions HTTP/1.1" 200 OK
(APIServer pid=258451) INFO:     127.0.0.1:59516 - "POST /v1/completions HTTP/1.1" 200 OK
(APIServer pid=258451) INFO:     127.0.0.1:59520 - "POST /v1/completions HTTP/1.1" 200 OK
(APIServer pid=258451) INFO:     127.0.0.1:59522 - "POST /v1/completions HTTP/1.1" 200 OK
(APIServer pid=258451) INFO:     127.0.0.1:59532 - "POST /v1/completions HTTP/1.1" 200 OK
(APIServer pid=258451) INFO:     127.0.0.1:59536 - "POST /v1/completions HTTP/1.1" 200 OK
(APIServer pid=258451) INFO:     127.0.0.1:59546 - "POST /v1/completions HTTP/1.1" 200 OK
(APIServer pid=258451) INFO:     127.0.0.1:59558 - "POST /v1/completions HTTP/1.1" 200 OK
(APIServer pid=258451) INFO:     127.0.0.1:59570 - "POST /v1/completions HTTP/1.1" 200 OK
(APIServer pid=258451) INFO:     127.0.0.1:59586 - "POST /v1/completions HTTP/1.1" 200 OK
(APIServer pid=258451) INFO:     127.0.0.1:59598 - "POST /v1/completions HTTP/1.1" 200 OK
(APIServer pid=258451) INFO:     127.0.0.1:59604 - "POST /v1/completions HTTP/1.1" 200 OK
(APIServer pid=258451) INFO:     127.0.0.1:59610 - "POST /v1/completions HTTP/1.1" 200 OK
(APIServer pid=258451) INFO:     127.0.0.1:59620 - "POST /v1/completions HTTP/1.1" 200 OK
(APIServer pid=258451) INFO:     127.0.0.1:59622 - "POST /v1/completions HTTP/1.1" 200 OK
(APIServer pid=258451) INFO:     127.0.0.1:59636 - "POST /v1/completions HTTP/1.1" 200 OK
(APIServer pid=258451) INFO:     127.0.0.1:59640 - "POST /v1/completions HTTP/1.1" 200 OK
(APIServer pid=258451) INFO:     127.0.0.1:59654 - "POST /v1/completions HTTP/1.1" 200 OK
(APIServer pid=258451) INFO:     127.0.0.1:59666 - "POST /v1/completions HTTP/1.1" 200 OK
(APIServer pid=258451) INFO:     127.0.0.1:59670 - "POST /v1/completions HTTP/1.1" 200 OK
(APIServer pid=258451) INFO:     127.0.0.1:59672 - "POST /v1/completions HTTP/1.1" 200 OK
(APIServer pid=258451) INFO:     127.0.0.1:59682 - "POST /v1/completions HTTP/1.1" 200 OK
(APIServer pid=258451) INFO:     127.0.0.1:59694 - "POST /v1/completions HTTP/1.1" 200 OK
(APIServer pid=258451) INFO:     127.0.0.1:59698 - "POST /v1/completions HTTP/1.1" 200 OK
(APIServer pid=258451) INFO:     127.0.0.1:59708 - "POST /v1/completions HTTP/1.1" 200 OK
(APIServer pid=258451) INFO:     127.0.0.1:59716 - "POST /v1/completions HTTP/1.1" 200 OK
(APIServer pid=258451) INFO:     127.0.0.1:59718 - "POST /v1/completions HTTP/1.1" 200 OK
(APIServer pid=258451) INFO:     127.0.0.1:59720 - "POST /v1/completions HTTP/1.1" 200 OK
(APIServer pid=258451) INFO:     127.0.0.1:59734 - "POST /v1/completions HTTP/1.1" 200 OK
(APIServer pid=258451) INFO:     127.0.0.1:59736 - "POST /v1/completions HTTP/1.1" 200 OK
(APIServer pid=258451) INFO:     127.0.0.1:59744 - "POST /v1/completions HTTP/1.1" 200 OK
(APIServer pid=258451) INFO:     127.0.0.1:59752 - "POST /v1/completions HTTP/1.1" 200 OK
(APIServer pid=258451) INFO:     127.0.0.1:59754 - "POST /v1/completions HTTP/1.1" 200 OK
(APIServer pid=258451) INFO:     127.0.0.1:59770 - "POST /v1/completions HTTP/1.1" 200 OK
(APIServer pid=258451) INFO:     127.0.0.1:59774 - "POST /v1/completions HTTP/1.1" 200 OK
(APIServer pid=258451) INFO:     127.0.0.1:59776 - "POST /v1/completions HTTP/1.1" 200 OK
(APIServer pid=258451) INFO:     127.0.0.1:59782 - "POST /v1/completions HTTP/1.1" 200 OK
(APIServer pid=258451) INFO:     127.0.0.1:59798 - "POST /v1/completions HTTP/1.1" 200 OK
(APIServer pid=258451) INFO:     127.0.0.1:59804 - "POST /v1/completions HTTP/1.1" 200 OK
(APIServer pid=258451) INFO:     127.0.0.1:59816 - "POST /v1/completions HTTP/1.1" 200 OK
(APIServer pid=258451) INFO:     127.0.0.1:59820 - "POST /v1/completions HTTP/1.1" 200 OK
(APIServer pid=258451) INFO:     127.0.0.1:59834 - "POST /v1/completions HTTP/1.1" 200 OK
(APIServer pid=258451) INFO:     127.0.0.1:59850 - "POST /v1/completions HTTP/1.1" 200 OK
(APIServer pid=258451) INFO:     127.0.0.1:59852 - "POST /v1/completions HTTP/1.1" 200 OK
(APIServer pid=258451) INFO:     127.0.0.1:59868 - "POST /v1/completions HTTP/1.1" 200 OK
(APIServer pid=258451) INFO:     127.0.0.1:59876 - "POST /v1/completions HTTP/1.1" 200 OK
(APIServer pid=258451) INFO:     127.0.0.1:59878 - "POST /v1/completions HTTP/1.1" 200 OK
(APIServer pid=258451) INFO:     127.0.0.1:59892 - "POST /v1/completions HTTP/1.1" 200 OK
(APIServer pid=258451) INFO:     127.0.0.1:59900 - "POST /v1/completions HTTP/1.1" 200 OK
(APIServer pid=258451) INFO:     127.0.0.1:59912 - "POST /v1/completions HTTP/1.1" 200 OK
(APIServer pid=258451) INFO:     127.0.0.1:59922 - "POST /v1/completions HTTP/1.1" 200 OK
(APIServer pid=258451) INFO:     127.0.0.1:59926 - "POST /v1/completions HTTP/1.1" 200 OK
(APIServer pid=258451) INFO:     127.0.0.1:59932 - "POST /v1/completions HTTP/1.1" 200 OK
(APIServer pid=258451) INFO:     127.0.0.1:59940 - "POST /v1/completions HTTP/1.1" 200 OK
(APIServer pid=258451) INFO:     127.0.0.1:59944 - "POST /v1/completions HTTP/1.1" 200 OK
(APIServer pid=258451) INFO:     127.0.0.1:59952 - "POST /v1/completions HTTP/1.1" 200 OK
(APIServer pid=258451) INFO:     127.0.0.1:59964 - "POST /v1/completions HTTP/1.1" 200 OK
(APIServer pid=258451) INFO:     127.0.0.1:59974 - "POST /v1/completions HTTP/1.1" 200 OK
(APIServer pid=258451) INFO:     127.0.0.1:59978 - "POST /v1/completions HTTP/1.1" 200 OK
(APIServer pid=258451) INFO:     127.0.0.1:59986 - "POST /v1/completions HTTP/1.1" 200 OK
(APIServer pid=258451) INFO:     127.0.0.1:60000 - "POST /v1/completions HTTP/1.1" 200 OK
(APIServer pid=258451) INFO:     127.0.0.1:60014 - "POST /v1/completions HTTP/1.1" 200 OK
(APIServer pid=258451) INFO:     127.0.0.1:60028 - "POST /v1/completions HTTP/1.1" 200 OK
(APIServer pid=258451) INFO:     127.0.0.1:60040 - "POST /v1/completions HTTP/1.1" 200 OK
(APIServer pid=258451) INFO:     127.0.0.1:60054 - "POST /v1/completions HTTP/1.1" 200 OK
(APIServer pid=258451) INFO:     127.0.0.1:60068 - "POST /v1/completions HTTP/1.1" 200 OK
(APIServer pid=258451) INFO:     127.0.0.1:60072 - "POST /v1/completions HTTP/1.1" 200 OK
(APIServer pid=258451) INFO:     127.0.0.1:60074 - "POST /v1/completions HTTP/1.1" 200 OK
(APIServer pid=258451) INFO:     127.0.0.1:60082 - "POST /v1/completions HTTP/1.1" 200 OK
(APIServer pid=258451) INFO:     127.0.0.1:60084 - "POST /v1/completions HTTP/1.1" 200 OK
(APIServer pid=258451) INFO:     127.0.0.1:60092 - "POST /v1/completions HTTP/1.1" 200 OK
(APIServer pid=258451) INFO:     127.0.0.1:60104 - "POST /v1/completions HTTP/1.1" 200 OK
(APIServer pid=258451) INFO:     127.0.0.1:60108 - "POST /v1/completions HTTP/1.1" 200 OK
(APIServer pid=258451) INFO:     127.0.0.1:60112 - "POST /v1/completions HTTP/1.1" 200 OK
(APIServer pid=258451) INFO:     127.0.0.1:60128 - "POST /v1/completions HTTP/1.1" 200 OK
(APIServer pid=258451) INFO:     127.0.0.1:60132 - "POST /v1/completions HTTP/1.1" 200 OK
(APIServer pid=258451) INFO:     127.0.0.1:60144 - "POST /v1/completions HTTP/1.1" 200 OK
(APIServer pid=258451) INFO:     127.0.0.1:60156 - "POST /v1/completions HTTP/1.1" 200 OK
(APIServer pid=258451) INFO:     127.0.0.1:60160 - "POST /v1/completions HTTP/1.1" 200 OK
(APIServer pid=258451) INFO:     127.0.0.1:60164 - "POST /v1/completions HTTP/1.1" 200 OK
(APIServer pid=258451) INFO:     127.0.0.1:60178 - "POST /v1/completions HTTP/1.1" 200 OK
(APIServer pid=258451) INFO:     127.0.0.1:60190 - "POST /v1/completions HTTP/1.1" 200 OK
(APIServer pid=258451) INFO:     127.0.0.1:60196 - "POST /v1/completions HTTP/1.1" 200 OK
(APIServer pid=258451) INFO:     127.0.0.1:60212 - "POST /v1/completions HTTP/1.1" 200 OK
(APIServer pid=258451) INFO:     127.0.0.1:60222 - "POST /v1/completions HTTP/1.1" 200 OK
(APIServer pid=258451) INFO:     127.0.0.1:60228 - "POST /v1/completions HTTP/1.1" 200 OK
(APIServer pid=258451) INFO:     127.0.0.1:60234 - "POST /v1/completions HTTP/1.1" 200 OK
(APIServer pid=258451) INFO:     127.0.0.1:60246 - "POST /v1/completions HTTP/1.1" 200 OK
(APIServer pid=258451) INFO:     127.0.0.1:60258 - "POST /v1/completions HTTP/1.1" 200 OK
(APIServer pid=258451) INFO:     127.0.0.1:60260 - "POST /v1/completions HTTP/1.1" 200 OK
(APIServer pid=258451) INFO:     127.0.0.1:60268 - "POST /v1/completions HTTP/1.1" 200 OK
(APIServer pid=258451) INFO:     127.0.0.1:60278 - "POST /v1/completions HTTP/1.1" 200 OK
(APIServer pid=258451) INFO:     127.0.0.1:60288 - "POST /v1/completions HTTP/1.1" 200 OK
(APIServer pid=258451) INFO:     127.0.0.1:60298 - "POST /v1/completions HTTP/1.1" 200 OK
(APIServer pid=258451) INFO:     127.0.0.1:60306 - "POST /v1/completions HTTP/1.1" 200 OK
(APIServer pid=258451) INFO:     127.0.0.1:60310 - "POST /v1/completions HTTP/1.1" 200 OK
(APIServer pid=258451) INFO:     127.0.0.1:60326 - "POST /v1/completions HTTP/1.1" 200 OK
(APIServer pid=258451) INFO:     127.0.0.1:60338 - "POST /v1/completions HTTP/1.1" 200 OK
(APIServer pid=258451) INFO:     127.0.0.1:60346 - "POST /v1/completions HTTP/1.1" 200 OK
(APIServer pid=258451) INFO:     127.0.0.1:60358 - "POST /v1/completions HTTP/1.1" 200 OK
(APIServer pid=258451) INFO:     127.0.0.1:60366 - "POST /v1/completions HTTP/1.1" 200 OK
(APIServer pid=258451) INFO:     127.0.0.1:60368 - "POST /v1/completions HTTP/1.1" 200 OK
(APIServer pid=258451) INFO:     127.0.0.1:60372 - "POST /v1/completions HTTP/1.1" 200 OK
(APIServer pid=258451) INFO:     127.0.0.1:60382 - "POST /v1/completions HTTP/1.1" 200 OK
(APIServer pid=258451) INFO:     127.0.0.1:60392 - "POST /v1/completions HTTP/1.1" 200 OK
(APIServer pid=258451) INFO:     127.0.0.1:60408 - "POST /v1/completions HTTP/1.1" 200 OK
(APIServer pid=258451) INFO:     127.0.0.1:60410 - "POST /v1/completions HTTP/1.1" 200 OK
(APIServer pid=258451) INFO:     127.0.0.1:60418 - "POST /v1/completions HTTP/1.1" 200 OK
(APIServer pid=258451) INFO:     127.0.0.1:60434 - "POST /v1/completions HTTP/1.1" 200 OK
(APIServer pid=258451) INFO:     127.0.0.1:60444 - "POST /v1/completions HTTP/1.1" 200 OK
(APIServer pid=258451) INFO:     127.0.0.1:60454 - "POST /v1/completions HTTP/1.1" 200 OK
(APIServer pid=258451) INFO:     127.0.0.1:60458 - "POST /v1/completions HTTP/1.1" 200 OK
(APIServer pid=258451) INFO:     127.0.0.1:60460 - "POST /v1/completions HTTP/1.1" 200 OK
(APIServer pid=258451) INFO:     127.0.0.1:60472 - "POST /v1/completions HTTP/1.1" 200 OK
(APIServer pid=258451) INFO:     127.0.0.1:60476 - "POST /v1/completions HTTP/1.1" 200 OK
(APIServer pid=258451) INFO:     127.0.0.1:60484 - "POST /v1/completions HTTP/1.1" 200 OK
(APIServer pid=258451) INFO:     127.0.0.1:60494 - "POST /v1/completions HTTP/1.1" 200 OK
(APIServer pid=258451) INFO:     127.0.0.1:60502 - "POST /v1/completions HTTP/1.1" 200 OK
(APIServer pid=258451) INFO:     127.0.0.1:60504 - "POST /v1/completions HTTP/1.1" 200 OK
(APIServer pid=258451) INFO:     127.0.0.1:60508 - "POST /v1/completions HTTP/1.1" 200 OK
(APIServer pid=258451) INFO:     127.0.0.1:60516 - "POST /v1/completions HTTP/1.1" 200 OK
(APIServer pid=258451) INFO:     127.0.0.1:60532 - "POST /v1/completions HTTP/1.1" 200 OK
(APIServer pid=258451) INFO:     127.0.0.1:60546 - "POST /v1/completions HTTP/1.1" 200 OK
(APIServer pid=258451) INFO:     127.0.0.1:60554 - "POST /v1/completions HTTP/1.1" 200 OK
(APIServer pid=258451) INFO:     127.0.0.1:60570 - "POST /v1/completions HTTP/1.1" 200 OK
(APIServer pid=258451) INFO:     127.0.0.1:60584 - "POST /v1/completions HTTP/1.1" 200 OK
(APIServer pid=258451) INFO:     127.0.0.1:60588 - "POST /v1/completions HTTP/1.1" 200 OK
(APIServer pid=258451) INFO:     127.0.0.1:60602 - "POST /v1/completions HTTP/1.1" 200 OK
(APIServer pid=258451) INFO:     127.0.0.1:60608 - "POST /v1/completions HTTP/1.1" 200 OK
(APIServer pid=258451) INFO:     127.0.0.1:60614 - "POST /v1/completions HTTP/1.1" 200 OK
(APIServer pid=258451) INFO:     127.0.0.1:60618 - "POST /v1/completions HTTP/1.1" 200 OK
(APIServer pid=258451) INFO:     127.0.0.1:60634 - "POST /v1/completions HTTP/1.1" 200 OK
(APIServer pid=258451) INFO:     127.0.0.1:60644 - "POST /v1/completions HTTP/1.1" 200 OK
(APIServer pid=258451) INFO:     127.0.0.1:60658 - "POST /v1/completions HTTP/1.1" 200 OK
(APIServer pid=258451) INFO:     127.0.0.1:60672 - "POST /v1/completions HTTP/1.1" 200 OK
(APIServer pid=258451) INFO:     127.0.0.1:60688 - "POST /v1/completions HTTP/1.1" 200 OK
(APIServer pid=258451) INFO:     127.0.0.1:60700 - "POST /v1/completions HTTP/1.1" 200 OK
(APIServer pid=258451) INFO:     127.0.0.1:60710 - "POST /v1/completions HTTP/1.1" 200 OK
(APIServer pid=258451) INFO:     127.0.0.1:60714 - "POST /v1/completions HTTP/1.1" 200 OK
(APIServer pid=258451) INFO:     127.0.0.1:60724 - "POST /v1/completions HTTP/1.1" 200 OK
(APIServer pid=258451) INFO 07-09 13:26:18 [loggers.py:271] Engine 000: Avg prompt throughput: 12012.1 tokens/s, Avg generation throughput: 930.6 tokens/s, Running: 65 reqs, Waiting: 191 reqs, GPU KV cache usage: 6.8%, Prefix cache hit rate: 43.5%
(APIServer pid=258451) INFO:     127.0.0.1:58514 - "POST /v1/completions HTTP/1.1" 200 OK
(APIServer pid=258451) INFO:     127.0.0.1:58596 - "POST /v1/completions HTTP/1.1" 200 OK
(APIServer pid=258451) INFO:     127.0.0.1:58552 - "POST /v1/completions HTTP/1.1" 200 OK
(APIServer pid=258451) INFO:     127.0.0.1:58518 - "POST /v1/completions HTTP/1.1" 200 OK
(APIServer pid=258451) INFO:     127.0.0.1:58550 - "POST /v1/completions HTTP/1.1" 200 OK
(APIServer pid=258451) INFO:     127.0.0.1:58530 - "POST /v1/completions HTTP/1.1" 200 OK
(APIServer pid=258451) INFO:     127.0.0.1:58498 - "POST /v1/completions HTTP/1.1" 200 OK
(APIServer pid=258451) INFO:     127.0.0.1:58546 - "POST /v1/completions HTTP/1.1" 200 OK
(APIServer pid=258451) INFO:     127.0.0.1:58582 - "POST /v1/completions HTTP/1.1" 200 OK
(APIServer pid=258451) INFO:     127.0.0.1:58572 - "POST /v1/completions HTTP/1.1" 200 OK
(APIServer pid=258451) INFO:     127.0.0.1:58548 - "POST /v1/completions HTTP/1.1" 200 OK
(APIServer pid=258451) INFO:     127.0.0.1:58568 - "POST /v1/completions HTTP/1.1" 200 OK
(APIServer pid=258451) INFO:     127.0.0.1:58534 - "POST /v1/completions HTTP/1.1" 200 OK
(APIServer pid=258451) INFO:     127.0.0.1:58686 - "POST /v1/completions HTTP/1.1" 200 OK
(APIServer pid=258451) INFO:     127.0.0.1:58626 - "POST /v1/completions HTTP/1.1" 200 OK
(APIServer pid=258451) INFO:     127.0.0.1:58600 - "POST /v1/completions HTTP/1.1" 200 OK
(APIServer pid=258451) INFO:     127.0.0.1:58672 - "POST /v1/completions HTTP/1.1" 200 OK
(APIServer pid=258451) INFO:     127.0.0.1:58656 - "POST /v1/completions HTTP/1.1" 200 OK
(APIServer pid=258451) INFO:     127.0.0.1:58606 - "POST /v1/completions HTTP/1.1" 200 OK
(APIServer pid=258451) INFO:     127.0.0.1:58614 - "POST /v1/completions HTTP/1.1" 200 OK
(APIServer pid=258451) INFO:     127.0.0.1:58642 - "POST /v1/completions HTTP/1.1" 200 OK
(APIServer pid=258451) INFO:     127.0.0.1:58644 - "POST /v1/completions HTTP/1.1" 200 OK
(APIServer pid=258451) INFO:     127.0.0.1:58758 - "POST /v1/completions HTTP/1.1" 200 OK
(APIServer pid=258451) INFO:     127.0.0.1:58724 - "POST /v1/completions HTTP/1.1" 200 OK
(APIServer pid=258451) INFO:     127.0.0.1:58708 - "POST /v1/completions HTTP/1.1" 200 OK
(APIServer pid=258451) INFO:     127.0.0.1:58710 - "POST /v1/completions HTTP/1.1" 200 OK
(APIServer pid=258451) INFO:     127.0.0.1:58802 - "POST /v1/completions HTTP/1.1" 200 OK
(APIServer pid=258451) INFO:     127.0.0.1:58748 - "POST /v1/completions HTTP/1.1" 200 OK
(APIServer pid=258451) INFO:     127.0.0.1:58732 - "POST /v1/completions HTTP/1.1" 200 OK
(APIServer pid=258451) INFO:     127.0.0.1:58846 - "POST /v1/completions HTTP/1.1" 200 OK
(APIServer pid=258451) INFO:     127.0.0.1:58726 - "POST /v1/completions HTTP/1.1" 200 OK
(APIServer pid=258451) INFO:     127.0.0.1:58770 - "POST /v1/completions HTTP/1.1" 200 OK
(APIServer pid=258451) INFO:     127.0.0.1:58816 - "POST /v1/completions HTTP/1.1" 200 OK
(APIServer pid=258451) INFO:     127.0.0.1:58838 - "POST /v1/completions HTTP/1.1" 200 OK
(APIServer pid=258451) INFO:     127.0.0.1:58832 - "POST /v1/completions HTTP/1.1" 200 OK
(APIServer pid=258451) INFO:     127.0.0.1:58702 - "POST /v1/completions HTTP/1.1" 200 OK
(APIServer pid=258451) INFO 07-09 13:26:28 [loggers.py:271] Engine 000: Avg prompt throughput: 42216.1 tokens/s, Avg generation throughput: 2052.0 tokens/s, Running: 247 reqs, Waiting: 4 reqs, GPU KV cache usage: 26.5%, Prefix cache hit rate: 22.5%
(APIServer pid=258451) INFO:     127.0.0.1:58784 - "POST /v1/completions HTTP/1.1" 200 OK
(APIServer pid=258451) INFO:     127.0.0.1:58740 - "POST /v1/completions HTTP/1.1" 200 OK
(APIServer pid=258451) INFO:     127.0.0.1:58798 - "POST /v1/completions HTTP/1.1" 200 OK
(APIServer pid=258451) INFO:     127.0.0.1:58862 - "POST /v1/completions HTTP/1.1" 200 OK
(APIServer pid=258451) INFO:     127.0.0.1:58882 - "POST /v1/completions HTTP/1.1" 200 OK
(APIServer pid=258451) INFO:     127.0.0.1:58898 - "POST /v1/completions HTTP/1.1" 200 OK
(APIServer pid=258451) INFO:     127.0.0.1:58888 - "POST /v1/completions HTTP/1.1" 200 OK
(APIServer pid=258451) INFO:     127.0.0.1:58900 - "POST /v1/completions HTTP/1.1" 200 OK
(APIServer pid=258451) INFO:     127.0.0.1:58878 - "POST /v1/completions HTTP/1.1" 200 OK
(APIServer pid=258451) INFO:     127.0.0.1:58932 - "POST /v1/completions HTTP/1.1" 200 OK
(APIServer pid=258451) INFO:     127.0.0.1:58978 - "POST /v1/completions HTTP/1.1" 200 OK
(APIServer pid=258451) INFO:     127.0.0.1:58980 - "POST /v1/completions HTTP/1.1" 200 OK
(APIServer pid=258451) INFO:     127.0.0.1:59060 - "POST /v1/completions HTTP/1.1" 200 OK
(APIServer pid=258451) INFO:     127.0.0.1:58918 - "POST /v1/completions HTTP/1.1" 200 OK
(APIServer pid=258451) INFO:     127.0.0.1:59008 - "POST /v1/completions HTTP/1.1" 200 OK
(APIServer pid=258451) INFO:     127.0.0.1:58954 - "POST /v1/completions HTTP/1.1" 200 OK
(APIServer pid=258451) INFO:     127.0.0.1:59048 - "POST /v1/completions HTTP/1.1" 200 OK
(APIServer pid=258451) INFO:     127.0.0.1:58934 - "POST /v1/completions HTTP/1.1" 200 OK
(APIServer pid=258451) INFO:     127.0.0.1:58942 - "POST /v1/completions HTTP/1.1" 200 OK
(APIServer pid=258451) INFO:     127.0.0.1:59026 - "POST /v1/completions HTTP/1.1" 200 OK
(APIServer pid=258451) INFO:     127.0.0.1:59040 - "POST /v1/completions HTTP/1.1" 200 OK
(APIServer pid=258451) INFO:     127.0.0.1:59012 - "POST /v1/completions HTTP/1.1" 200 OK
(APIServer pid=258451) INFO:     127.0.0.1:58902 - "POST /v1/completions HTTP/1.1" 200 OK
(APIServer pid=258451) INFO:     127.0.0.1:59058 - "POST /v1/completions HTTP/1.1" 200 OK
(APIServer pid=258451) INFO:     127.0.0.1:58994 - "POST /v1/completions HTTP/1.1" 200 OK
(APIServer pid=258451) INFO:     127.0.0.1:59002 - "POST /v1/completions HTTP/1.1" 200 OK
(APIServer pid=258451) INFO:     127.0.0.1:58966 - "POST /v1/completions HTTP/1.1" 200 OK
(APIServer pid=258451) INFO:     127.0.0.1:55174 - "POST /v1/completions HTTP/1.1" 200 OK
(APIServer pid=258451) INFO:     127.0.0.1:59066 - "POST /v1/completions HTTP/1.1" 200 OK
(APIServer pid=258451) INFO:     127.0.0.1:59082 - "POST /v1/completions HTTP/1.1" 200 OK
(APIServer pid=258451) INFO:     127.0.0.1:59098 - "POST /v1/completions HTTP/1.1" 200 OK
(APIServer pid=258451) INFO:     127.0.0.1:59090 - "POST /v1/completions HTTP/1.1" 200 OK
(APIServer pid=258451) INFO:     127.0.0.1:59112 - "POST /v1/completions HTTP/1.1" 200 OK
(APIServer pid=258451) INFO:     127.0.0.1:59108 - "POST /v1/completions HTTP/1.1" 200 OK
(APIServer pid=258451) INFO:     127.0.0.1:59124 - "POST /v1/completions HTTP/1.1" 200 OK
(APIServer pid=258451) INFO:     127.0.0.1:59120 - "POST /v1/completions HTTP/1.1" 200 OK
(APIServer pid=258451) INFO:     127.0.0.1:59136 - "POST /v1/completions HTTP/1.1" 200 OK
(APIServer pid=258451) INFO:     127.0.0.1:59150 - "POST /v1/completions HTTP/1.1" 200 OK
(APIServer pid=258451) INFO:     127.0.0.1:59154 - "POST /v1/completions HTTP/1.1" 200 OK
(APIServer pid=258451) INFO:     127.0.0.1:59160 - "POST /v1/completions HTTP/1.1" 200 OK
(APIServer pid=258451) INFO:     127.0.0.1:59172 - "POST /v1/completions HTTP/1.1" 200 OK
(APIServer pid=258451) INFO:     127.0.0.1:59164 - "POST /v1/completions HTTP/1.1" 200 OK
(APIServer pid=258451) INFO:     127.0.0.1:59168 - "POST /v1/completions HTTP/1.1" 200 OK
(APIServer pid=258451) INFO:     127.0.0.1:59188 - "POST /v1/completions HTTP/1.1" 200 OK
(APIServer pid=258451) INFO:     127.0.0.1:59190 - "POST /v1/completions HTTP/1.1" 200 OK
(APIServer pid=258451) INFO:     127.0.0.1:59192 - "POST /v1/completions HTTP/1.1" 200 OK
(APIServer pid=258451) INFO:     127.0.0.1:59206 - "POST /v1/completions HTTP/1.1" 200 OK
(APIServer pid=258451) INFO:     127.0.0.1:59222 - "POST /v1/completions HTTP/1.1" 200 OK
(APIServer pid=258451) INFO:     127.0.0.1:59226 - "POST /v1/completions HTTP/1.1" 200 OK
(APIServer pid=258451) INFO:     127.0.0.1:59242 - "POST /v1/completions HTTP/1.1" 200 OK
(APIServer pid=258451) INFO:     127.0.0.1:59248 - "POST /v1/completions HTTP/1.1" 200 OK
(APIServer pid=258451) INFO:     127.0.0.1:59270 - "POST /v1/completions HTTP/1.1" 200 OK
(APIServer pid=258451) INFO:     127.0.0.1:59260 - "POST /v1/completions HTTP/1.1" 200 OK
(APIServer pid=258451) INFO:     127.0.0.1:59290 - "POST /v1/completions HTTP/1.1" 200 OK
(APIServer pid=258451) INFO:     127.0.0.1:59276 - "POST /v1/completions HTTP/1.1" 200 OK
(APIServer pid=258451) INFO:     127.0.0.1:59298 - "POST /v1/completions HTTP/1.1" 200 OK
(APIServer pid=258451) INFO:     127.0.0.1:59314 - "POST /v1/completions HTTP/1.1" 200 OK
(APIServer pid=258451) INFO:     127.0.0.1:59328 - "POST /v1/completions HTTP/1.1" 200 OK
(APIServer pid=258451) INFO:     127.0.0.1:59336 - "POST /v1/completions HTTP/1.1" 200 OK
(APIServer pid=258451) INFO:     127.0.0.1:59340 - "POST /v1/completions HTTP/1.1" 200 OK
(APIServer pid=258451) INFO:     127.0.0.1:59342 - "POST /v1/completions HTTP/1.1" 200 OK
(APIServer pid=258451) INFO:     127.0.0.1:59362 - "POST /v1/completions HTTP/1.1" 200 OK
(APIServer pid=258451) INFO:     127.0.0.1:59346 - "POST /v1/completions HTTP/1.1" 200 OK
(APIServer pid=258451) INFO:     127.0.0.1:59370 - "POST /v1/completions HTTP/1.1" 200 OK
(APIServer pid=258451) INFO:     127.0.0.1:59386 - "POST /v1/completions HTTP/1.1" 200 OK
(APIServer pid=258451) INFO:     127.0.0.1:59414 - "POST /v1/completions HTTP/1.1" 200 OK
(APIServer pid=258451) INFO:     127.0.0.1:59398 - "POST /v1/completions HTTP/1.1" 200 OK
(APIServer pid=258451) INFO:     127.0.0.1:59408 - "POST /v1/completions HTTP/1.1" 200 OK
(APIServer pid=258451) INFO:     127.0.0.1:59422 - "POST /v1/completions HTTP/1.1" 200 OK
(APIServer pid=258451) INFO:     127.0.0.1:59426 - "POST /v1/completions HTTP/1.1" 200 OK
(APIServer pid=258451) INFO:     127.0.0.1:59430 - "POST /v1/completions HTTP/1.1" 200 OK
(APIServer pid=258451) INFO:     127.0.0.1:59446 - "POST /v1/completions HTTP/1.1" 200 OK
(APIServer pid=258451) INFO:     127.0.0.1:59458 - "POST /v1/completions HTTP/1.1" 200 OK
(APIServer pid=258451) INFO:     127.0.0.1:59448 - "POST /v1/completions HTTP/1.1" 200 OK
(APIServer pid=258451) INFO:     127.0.0.1:59474 - "POST /v1/completions HTTP/1.1" 200 OK
(APIServer pid=258451) INFO:     127.0.0.1:59478 - "POST /v1/completions HTTP/1.1" 200 OK
(APIServer pid=258451) INFO:     127.0.0.1:59492 - "POST /v1/completions HTTP/1.1" 200 OK
(APIServer pid=258451) INFO:     127.0.0.1:59490 - "POST /v1/completions HTTP/1.1" 200 OK
(APIServer pid=258451) INFO:     127.0.0.1:59506 - "POST /v1/completions HTTP/1.1" 200 OK
(APIServer pid=258451) INFO:     127.0.0.1:59510 - "POST /v1/completions HTTP/1.1" 200 OK
(APIServer pid=258451) INFO:     127.0.0.1:59516 - "POST /v1/completions HTTP/1.1" 200 OK
(APIServer pid=258451) INFO:     127.0.0.1:59512 - "POST /v1/completions HTTP/1.1" 200 OK
(APIServer pid=258451) INFO:     127.0.0.1:59520 - "POST /v1/completions HTTP/1.1" 200 OK
(APIServer pid=258451) INFO:     127.0.0.1:59522 - "POST /v1/completions HTTP/1.1" 200 OK
(APIServer pid=258451) INFO:     127.0.0.1:59532 - "POST /v1/completions HTTP/1.1" 200 OK
(APIServer pid=258451) INFO:     127.0.0.1:59536 - "POST /v1/completions HTTP/1.1" 200 OK
(APIServer pid=258451) INFO:     127.0.0.1:59558 - "POST /v1/completions HTTP/1.1" 200 OK
(APIServer pid=258451) INFO:     127.0.0.1:59546 - "POST /v1/completions HTTP/1.1" 200 OK
(APIServer pid=258451) INFO:     127.0.0.1:59586 - "POST /v1/completions HTTP/1.1" 200 OK
(APIServer pid=258451) INFO:     127.0.0.1:59570 - "POST /v1/completions HTTP/1.1" 200 OK
(APIServer pid=258451) INFO:     127.0.0.1:59598 - "POST /v1/completions HTTP/1.1" 200 OK
(APIServer pid=258451) INFO:     127.0.0.1:59604 - "POST /v1/completions HTTP/1.1" 200 OK
(APIServer pid=258451) INFO:     127.0.0.1:59620 - "POST /v1/completions HTTP/1.1" 200 OK
(APIServer pid=258451) INFO:     127.0.0.1:59622 - "POST /v1/completions HTTP/1.1" 200 OK
(APIServer pid=258451) INFO:     127.0.0.1:59610 - "POST /v1/completions HTTP/1.1" 200 OK
(APIServer pid=258451) INFO:     127.0.0.1:59636 - "POST /v1/completions HTTP/1.1" 200 OK
(APIServer pid=258451) INFO:     127.0.0.1:59640 - "POST /v1/completions HTTP/1.1" 200 OK
(APIServer pid=258451) INFO:     127.0.0.1:59666 - "POST /v1/completions HTTP/1.1" 200 OK
(APIServer pid=258451) INFO:     127.0.0.1:59654 - "POST /v1/completions HTTP/1.1" 200 OK
(APIServer pid=258451) INFO:     127.0.0.1:59670 - "POST /v1/completions HTTP/1.1" 200 OK
(APIServer pid=258451) INFO:     127.0.0.1:59672 - "POST /v1/completions HTTP/1.1" 200 OK
(APIServer pid=258451) INFO:     127.0.0.1:59682 - "POST /v1/completions HTTP/1.1" 200 OK
(APIServer pid=258451) INFO:     127.0.0.1:59694 - "POST /v1/completions HTTP/1.1" 200 OK
(APIServer pid=258451) INFO:     127.0.0.1:59698 - "POST /v1/completions HTTP/1.1" 200 OK
(APIServer pid=258451) INFO:     127.0.0.1:59708 - "POST /v1/completions HTTP/1.1" 200 OK
(APIServer pid=258451) INFO:     127.0.0.1:59716 - "POST /v1/completions HTTP/1.1" 200 OK
(APIServer pid=258451) INFO:     127.0.0.1:59718 - "POST /v1/completions HTTP/1.1" 200 OK
(APIServer pid=258451) INFO:     127.0.0.1:59734 - "POST /v1/completions HTTP/1.1" 200 OK
(APIServer pid=258451) INFO:     127.0.0.1:59720 - "POST /v1/completions HTTP/1.1" 200 OK
(APIServer pid=258451) INFO:     127.0.0.1:59736 - "POST /v1/completions HTTP/1.1" 200 OK
(APIServer pid=258451) INFO:     127.0.0.1:59744 - "POST /v1/completions HTTP/1.1" 200 OK
(APIServer pid=258451) INFO:     127.0.0.1:59752 - "POST /v1/completions HTTP/1.1" 200 OK
(APIServer pid=258451) INFO:     127.0.0.1:59754 - "POST /v1/completions HTTP/1.1" 200 OK
(APIServer pid=258451) INFO:     127.0.0.1:59774 - "POST /v1/completions HTTP/1.1" 200 OK
(APIServer pid=258451) INFO:     127.0.0.1:59770 - "POST /v1/completions HTTP/1.1" 200 OK
(APIServer pid=258451) INFO:     127.0.0.1:59776 - "POST /v1/completions HTTP/1.1" 200 OK
(APIServer pid=258451) INFO:     127.0.0.1:59782 - "POST /v1/completions HTTP/1.1" 200 OK
(APIServer pid=258451) INFO:     127.0.0.1:59798 - "POST /v1/completions HTTP/1.1" 200 OK
(APIServer pid=258451) INFO:     127.0.0.1:59804 - "POST /v1/completions HTTP/1.1" 200 OK
(APIServer pid=258451) INFO:     127.0.0.1:59816 - "POST /v1/completions HTTP/1.1" 200 OK
(APIServer pid=258451) INFO:     127.0.0.1:59820 - "POST /v1/completions HTTP/1.1" 200 OK
(APIServer pid=258451) INFO:     127.0.0.1:59834 - "POST /v1/completions HTTP/1.1" 200 OK
(APIServer pid=258451) INFO:     127.0.0.1:59850 - "POST /v1/completions HTTP/1.1" 200 OK
(APIServer pid=258451) INFO:     127.0.0.1:59852 - "POST /v1/completions HTTP/1.1" 200 OK
(APIServer pid=258451) INFO:     127.0.0.1:59868 - "POST /v1/completions HTTP/1.1" 200 OK
(APIServer pid=258451) INFO:     127.0.0.1:59878 - "POST /v1/completions HTTP/1.1" 200 OK
(APIServer pid=258451) INFO:     127.0.0.1:59876 - "POST /v1/completions HTTP/1.1" 200 OK
(APIServer pid=258451) INFO:     127.0.0.1:59900 - "POST /v1/completions HTTP/1.1" 200 OK
(APIServer pid=258451) INFO:     127.0.0.1:59892 - "POST /v1/completions HTTP/1.1" 200 OK
(APIServer pid=258451) INFO:     127.0.0.1:59926 - "POST /v1/completions HTTP/1.1" 200 OK
(APIServer pid=258451) INFO:     127.0.0.1:59912 - "POST /v1/completions HTTP/1.1" 200 OK
(APIServer pid=258451) INFO:     127.0.0.1:59922 - "POST /v1/completions HTTP/1.1" 200 OK
(APIServer pid=258451) INFO:     127.0.0.1:59932 - "POST /v1/completions HTTP/1.1" 200 OK
(APIServer pid=258451) INFO:     127.0.0.1:59940 - "POST /v1/completions HTTP/1.1" 200 OK
(APIServer pid=258451) INFO:     127.0.0.1:59944 - "POST /v1/completions HTTP/1.1" 200 OK
(APIServer pid=258451) INFO:     127.0.0.1:59952 - "POST /v1/completions HTTP/1.1" 200 OK
(APIServer pid=258451) INFO:     127.0.0.1:59974 - "POST /v1/completions HTTP/1.1" 200 OK
(APIServer pid=258451) INFO:     127.0.0.1:59964 - "POST /v1/completions HTTP/1.1" 200 OK
(APIServer pid=258451) INFO:     127.0.0.1:59978 - "POST /v1/completions HTTP/1.1" 200 OK
(APIServer pid=258451) INFO:     127.0.0.1:59986 - "POST /v1/completions HTTP/1.1" 200 OK
(APIServer pid=258451) INFO:     127.0.0.1:60014 - "POST /v1/completions HTTP/1.1" 200 OK
(APIServer pid=258451) INFO:     127.0.0.1:60000 - "POST /v1/completions HTTP/1.1" 200 OK
(APIServer pid=258451) INFO:     127.0.0.1:60028 - "POST /v1/completions HTTP/1.1" 200 OK
(APIServer pid=258451) INFO:     127.0.0.1:60040 - "POST /v1/completions HTTP/1.1" 200 OK
(APIServer pid=258451) INFO:     127.0.0.1:60054 - "POST /v1/completions HTTP/1.1" 200 OK
(APIServer pid=258451) INFO:     127.0.0.1:60068 - "POST /v1/completions HTTP/1.1" 200 OK
(APIServer pid=258451) INFO:     127.0.0.1:60072 - "POST /v1/completions HTTP/1.1" 200 OK
(APIServer pid=258451) INFO:     127.0.0.1:60074 - "POST /v1/completions HTTP/1.1" 200 OK
(APIServer pid=258451) INFO:     127.0.0.1:60082 - "POST /v1/completions HTTP/1.1" 200 OK
(APIServer pid=258451) INFO:     127.0.0.1:60084 - "POST /v1/completions HTTP/1.1" 200 OK
(APIServer pid=258451) INFO:     127.0.0.1:60092 - "POST /v1/completions HTTP/1.1" 200 OK
(APIServer pid=258451) INFO:     127.0.0.1:60104 - "POST /v1/completions HTTP/1.1" 200 OK
(APIServer pid=258451) INFO:     127.0.0.1:60108 - "POST /v1/completions HTTP/1.1" 200 OK
(APIServer pid=258451) INFO:     127.0.0.1:60112 - "POST /v1/completions HTTP/1.1" 200 OK
(APIServer pid=258451) INFO:     127.0.0.1:60128 - "POST /v1/completions HTTP/1.1" 200 OK
(APIServer pid=258451) INFO:     127.0.0.1:60144 - "POST /v1/completions HTTP/1.1" 200 OK
(APIServer pid=258451) INFO:     127.0.0.1:60132 - "POST /v1/completions HTTP/1.1" 200 OK
(APIServer pid=258451) INFO:     127.0.0.1:60156 - "POST /v1/completions HTTP/1.1" 200 OK
(APIServer pid=258451) INFO:     127.0.0.1:60160 - "POST /v1/completions HTTP/1.1" 200 OK
(APIServer pid=258451) INFO:     127.0.0.1:60164 - "POST /v1/completions HTTP/1.1" 200 OK
(APIServer pid=258451) INFO:     127.0.0.1:60178 - "POST /v1/completions HTTP/1.1" 200 OK
(APIServer pid=258451) INFO:     127.0.0.1:60190 - "POST /v1/completions HTTP/1.1" 200 OK
(APIServer pid=258451) INFO:     127.0.0.1:60196 - "POST /v1/completions HTTP/1.1" 200 OK
(APIServer pid=258451) INFO:     127.0.0.1:60222 - "POST /v1/completions HTTP/1.1" 200 OK
(APIServer pid=258451) INFO:     127.0.0.1:60212 - "POST /v1/completions HTTP/1.1" 200 OK
(APIServer pid=258451) INFO:     127.0.0.1:60228 - "POST /v1/completions HTTP/1.1" 200 OK
(APIServer pid=258451) INFO:     127.0.0.1:60234 - "POST /v1/completions HTTP/1.1" 200 OK
(APIServer pid=258451) INFO:     127.0.0.1:60246 - "POST /v1/completions HTTP/1.1" 200 OK
(APIServer pid=258451) INFO:     127.0.0.1:60258 - "POST /v1/completions HTTP/1.1" 200 OK
(APIServer pid=258451) INFO:     127.0.0.1:60260 - "POST /v1/completions HTTP/1.1" 200 OK
(APIServer pid=258451) INFO:     127.0.0.1:60268 - "POST /v1/completions HTTP/1.1" 200 OK
(APIServer pid=258451) INFO:     127.0.0.1:60278 - "POST /v1/completions HTTP/1.1" 200 OK
(APIServer pid=258451) INFO:     127.0.0.1:60288 - "POST /v1/completions HTTP/1.1" 200 OK
(APIServer pid=258451) INFO:     127.0.0.1:60298 - "POST /v1/completions HTTP/1.1" 200 OK
(APIServer pid=258451) INFO:     127.0.0.1:60306 - "POST /v1/completions HTTP/1.1" 200 OK
(APIServer pid=258451) INFO:     127.0.0.1:60326 - "POST /v1/completions HTTP/1.1" 200 OK
(APIServer pid=258451) INFO:     127.0.0.1:60310 - "POST /v1/completions HTTP/1.1" 200 OK
(APIServer pid=258451) INFO:     127.0.0.1:60338 - "POST /v1/completions HTTP/1.1" 200 OK
(APIServer pid=258451) INFO:     127.0.0.1:60346 - "POST /v1/completions HTTP/1.1" 200 OK
(APIServer pid=258451) INFO:     127.0.0.1:60358 - "POST /v1/completions HTTP/1.1" 200 OK
(APIServer pid=258451) INFO:     127.0.0.1:60366 - "POST /v1/completions HTTP/1.1" 200 OK
(APIServer pid=258451) INFO:     127.0.0.1:60368 - "POST /v1/completions HTTP/1.1" 200 OK
(APIServer pid=258451) INFO:     127.0.0.1:60372 - "POST /v1/completions HTTP/1.1" 200 OK
(APIServer pid=258451) INFO:     127.0.0.1:60382 - "POST /v1/completions HTTP/1.1" 200 OK
(APIServer pid=258451) INFO:     127.0.0.1:60392 - "POST /v1/completions HTTP/1.1" 200 OK
(APIServer pid=258451) INFO:     127.0.0.1:60408 - "POST /v1/completions HTTP/1.1" 200 OK
(APIServer pid=258451) INFO:     127.0.0.1:60410 - "POST /v1/completions HTTP/1.1" 200 OK
(APIServer pid=258451) INFO:     127.0.0.1:60418 - "POST /v1/completions HTTP/1.1" 200 OK
(APIServer pid=258451) INFO:     127.0.0.1:60434 - "POST /v1/completions HTTP/1.1" 200 OK
(APIServer pid=258451) INFO:     127.0.0.1:60444 - "POST /v1/completions HTTP/1.1" 200 OK
(APIServer pid=258451) INFO:     127.0.0.1:60454 - "POST /v1/completions HTTP/1.1" 200 OK
(APIServer pid=258451) INFO:     127.0.0.1:60458 - "POST /v1/completions HTTP/1.1" 200 OK
(APIServer pid=258451) INFO:     127.0.0.1:60460 - "POST /v1/completions HTTP/1.1" 200 OK
(APIServer pid=258451) INFO:     127.0.0.1:60472 - "POST /v1/completions HTTP/1.1" 200 OK
(APIServer pid=258451) INFO:     127.0.0.1:60476 - "POST /v1/completions HTTP/1.1" 200 OK
(APIServer pid=258451) INFO:     127.0.0.1:60484 - "POST /v1/completions HTTP/1.1" 200 OK
(APIServer pid=258451) INFO:     127.0.0.1:60494 - "POST /v1/completions HTTP/1.1" 200 OK
(APIServer pid=258451) INFO:     127.0.0.1:60502 - "POST /v1/completions HTTP/1.1" 200 OK
(APIServer pid=258451) INFO:     127.0.0.1:60504 - "POST /v1/completions HTTP/1.1" 200 OK
(APIServer pid=258451) INFO:     127.0.0.1:60508 - "POST /v1/completions HTTP/1.1" 200 OK
(APIServer pid=258451) INFO:     127.0.0.1:60516 - "POST /v1/completions HTTP/1.1" 200 OK
(APIServer pid=258451) INFO:     127.0.0.1:60532 - "POST /v1/completions HTTP/1.1" 200 OK
(APIServer pid=258451) INFO:     127.0.0.1:60546 - "POST /v1/completions HTTP/1.1" 200 OK
(APIServer pid=258451) INFO:     127.0.0.1:60554 - "POST /v1/completions HTTP/1.1" 200 OK
(APIServer pid=258451) INFO:     127.0.0.1:60570 - "POST /v1/completions HTTP/1.1" 200 OK
(APIServer pid=258451) INFO:     127.0.0.1:60588 - "POST /v1/completions HTTP/1.1" 200 OK
(APIServer pid=258451) INFO:     127.0.0.1:60584 - "POST /v1/completions HTTP/1.1" 200 OK
(APIServer pid=258451) INFO:     127.0.0.1:60602 - "POST /v1/completions HTTP/1.1" 200 OK
(APIServer pid=258451) INFO:     127.0.0.1:60608 - "POST /v1/completions HTTP/1.1" 200 OK
(APIServer pid=258451) INFO:     127.0.0.1:60614 - "POST /v1/completions HTTP/1.1" 200 OK
(APIServer pid=258451) INFO:     127.0.0.1:60618 - "POST /v1/completions HTTP/1.1" 200 OK
(APIServer pid=258451) INFO:     127.0.0.1:60634 - "POST /v1/completions HTTP/1.1" 200 OK
(APIServer pid=258451) INFO:     127.0.0.1:60644 - "POST /v1/completions HTTP/1.1" 200 OK
(APIServer pid=258451) INFO:     127.0.0.1:60658 - "POST /v1/completions HTTP/1.1" 200 OK
(APIServer pid=258451) INFO:     127.0.0.1:60672 - "POST /v1/completions HTTP/1.1" 200 OK
(APIServer pid=258451) INFO:     127.0.0.1:60688 - "POST /v1/completions HTTP/1.1" 200 OK
(APIServer pid=258451) INFO:     127.0.0.1:60710 - "POST /v1/completions HTTP/1.1" 200 OK
(APIServer pid=258451) INFO:     127.0.0.1:60700 - "POST /v1/completions HTTP/1.1" 200 OK
(APIServer pid=258451) INFO:     127.0.0.1:60714 - "POST /v1/completions HTTP/1.1" 200 OK
(APIServer pid=258451) INFO:     127.0.0.1:60724 - "POST /v1/completions HTTP/1.1" 200 OK
(APIServer pid=258451) INFO 07-09 13:26:38 [loggers.py:271] Engine 000: Avg prompt throughput: 40721.5 tokens/s, Avg generation throughput: 2579.8 tokens/s, Running: 242 reqs, Waiting: 10 reqs, GPU KV cache usage: 26.1%, Prefix cache hit rate: 16.7%
(APIServer pid=258451) INFO:     127.0.0.1:58514 - "GET /metrics HTTP/1.1" 200 OK
(EngineCore pid=259504) INFO 07-09 13:26:41 [core.py:1266] Shutdown initiated (timeout=0)
(EngineCore pid=259504) INFO 07-09 13:26:41 [core.py:1289] Shutdown complete
(Worker_TP0 pid=259778) INFO 07-09 13:26:41 [multiproc_executor.py:775] Parent process exited, terminating worker queues
(Worker_TP7 pid=259785) INFO 07-09 13:26:41 [multiproc_executor.py:872] WorkerProc shutting down.
(Worker_TP2 pid=259780) INFO 07-09 13:26:41 [multiproc_executor.py:872] WorkerProc shutting down.
(Worker_TP1 pid=259779) INFO 07-09 13:26:41 [multiproc_executor.py:872] WorkerProc shutting down.
(Worker_TP0 pid=259778) INFO 07-09 13:26:41 [multiproc_executor.py:872] WorkerProc shutting down.
(Worker_TP3 pid=259781) INFO 07-09 13:26:41 [multiproc_executor.py:872] WorkerProc shutting down.
(Worker_TP4 pid=259782) INFO 07-09 13:26:41 [multiproc_executor.py:872] WorkerProc shutting down.
(Worker_TP5 pid=259783) INFO 07-09 13:26:41 [multiproc_executor.py:872] WorkerProc shutting down.
(Worker_TP6 pid=259784) INFO 07-09 13:26:41 [multiproc_executor.py:872] WorkerProc shutting down.
(APIServer pid=258451) INFO:     Shutting down
(APIServer pid=258451) INFO 07-09 13:26:41 [launcher.py:137] Shutting down FastAPI HTTP server.
(APIServer pid=258451) INFO:     Shutting down
(APIServer pid=258451) INFO:     Waiting for application shutdown.
(APIServer pid=258451) INFO:     Application shutdown complete.
/usr/lib/python3.12/multiprocessing/resource_tracker.py:254: UserWarning: resource_tracker: There appear to be 8 leaked semaphore objects to clean up at shutdown
  warnings.warn('resource_tracker: There appear to be %d '
/usr/lib/python3.12/multiprocessing/resource_tracker.py:254: UserWarning: resource_tracker: There appear to be 10 leaked shared_memory objects to clean up at shutdown
  warnings.warn('resource_tracker: There appear to be %d '
