Starting custom TP server: model=Qwen/Qwen2.5-32B-Instruct tp=8 port=8000
[E708 11:01:36.770076801 shim_common.cpp:1458] Exception in aoti_torch: Tried to register an operator (_C::persistent_masked_m_silu_mul_quant(Tensor input, Tensor counts, Tensor($0! -> ) y_q, Tensor($1! -> ) y_s, bool use_ue8m0) -> ()) with the same name and overload name multiple times. Each overload's schema should only be registered with a single call to def(). Duplicate registration: registered at /workspace/csrc/libtorch_stable/torch_bindings.cpp:10. Original registration: registered at /workspace/csrc/torch_bindings.cpp:21
Exception raised from registerDef at /pytorch/aten/src/ATen/core/dispatch/Dispatcher.cpp:248 (most recent call first):
frame #0: c10::Error::Error(c10::SourceLocation, std::__cxx11::basic_string<char, std::char_traits<char>, std::allocator<char> >) + 0x9d (0x7ffff6d7205d in /workspace/vllm/.venv/lib/python3.12/site-packages/torch/lib/libc10.so)
frame #1: c10::detail::torchCheckFail(char const*, char const*, unsigned int, std::__cxx11::basic_string<char, std::char_traits<char>, std::allocator<char> > const&) + 0xc3 (0x7ffff6d066fd in /workspace/vllm/.venv/lib/python3.12/site-packages/torch/lib/libc10.so)
frame #2: c10::Dispatcher::registerDef(c10::FunctionSchema, std::__cxx11::basic_string<char, std::char_traits<char>, std::allocator<char> >, std::vector<at::Tag, std::allocator<at::Tag> >) + 0x35e (0x7fff0e8811fe in /workspace/vllm/.venv/lib/python3.12/site-packages/torch/lib/libtorch_cpu.so)
frame #3: torch::Library::_def(c10::FunctionSchema&&, c10::OperatorName*, std::vector<at::Tag, std::allocator<at::Tag> > const&, torch::_RegisterOrVerify) & + 0x514 (0x7fff0e8c2254 in /workspace/vllm/.venv/lib/python3.12/site-packages/torch/lib/libtorch_cpu.so)
frame #4: aoti_torch_library_def + 0x99 (0x7fff12ad45b9 in /workspace/vllm/.venv/lib/python3.12/site-packages/torch/lib/libtorch_cpu.so)
frame #5: <unknown function> + 0x2bdaf1 (0x7ffded2beaf1 in /workspace/vllm/vllm/_C_stable_libtorch.abi3.so)
frame #6: <unknown function> + 0x2bf0ce (0x7ffded2c00ce in /workspace/vllm/vllm/_C_stable_libtorch.abi3.so)
frame #7: <unknown function> + 0x279d92 (0x7ffded27ad92 in /workspace/vllm/vllm/_C_stable_libtorch.abi3.so)
frame #8: <unknown function> + 0x571f (0x7ffff7fca71f in /lib64/ld-linux-x86-64.so.2)
frame #9: <unknown function> + 0x5824 (0x7ffff7fca824 in /lib64/ld-linux-x86-64.so.2)
frame #10: _dl_catch_exception + 0x132 (0x7ffff7fc65b2 in /lib64/ld-linux-x86-64.so.2)
frame #11: <unknown function> + 0xcd7c (0x7ffff7fd1d7c in /lib64/ld-linux-x86-64.so.2)
frame #12: _dl_catch_exception + 0x9c (0x7ffff7fc651c in /lib64/ld-linux-x86-64.so.2)
frame #13: <unknown function> + 0xd164 (0x7ffff7fd2164 in /lib64/ld-linux-x86-64.so.2)
frame #14: <unknown function> + 0x981a4 (0x7ffff7d0c1a4 in /usr/lib/x86_64-linux-gnu/libc.so.6)
frame #15: _dl_catch_exception + 0x9c (0x7ffff7fc651c in /lib64/ld-linux-x86-64.so.2)
frame #16: <unknown function> + 0x1669 (0x7ffff7fc6669 in /lib64/ld-linux-x86-64.so.2)
frame #17: <unknown function> + 0x97c83 (0x7ffff7d0bc83 in /usr/lib/x86_64-linux-gnu/libc.so.6)
frame #18: dlopen + 0x6f (0x7ffff7d0c25f in /usr/lib/x86_64-linux-gnu/libc.so.6)
frame #19: /workspace/vllm/.venv/bin/python() [0x6bc36c]
frame #20: /workspace/vllm/.venv/bin/python() [0x6a946a]
frame #21: /workspace/vllm/.venv/bin/python() [0x6a8bf2]
frame #22: /workspace/vllm/.venv/bin/python() [0x581f37]
frame #23: _PyEval_EvalFrameDefault + 0x4c3a (0x5db0ba in /workspace/vllm/.venv/bin/python)
frame #24: /workspace/vllm/.venv/bin/python() [0x549d47]
frame #25: PyObject_CallMethodObjArgs + 0xe3 (0x54b5c3 in /workspace/vllm/.venv/bin/python)
frame #26: PyImport_ImportModuleLevelObject + 0x395 (0x5fd805 in /workspace/vllm/.venv/bin/python)
frame #27: _PyEval_EvalFrameDefault + 0x5eee (0x5dc36e in /workspace/vllm/.venv/bin/python)
frame #28: PyEval_EvalCode + 0x15b (0x5d543b in /workspace/vllm/.venv/bin/python)
frame #29: /workspace/vllm/.venv/bin/python() [0x5d322c]
frame #30: /workspace/vllm/.venv/bin/python() [0x581d1d]
frame #31: _PyEval_EvalFrameDefault + 0x4c3a (0x5db0ba in /workspace/vllm/.venv/bin/python)
frame #32: PyObject_CallOneArg + 0x4d (0x54a65d in /workspace/vllm/.venv/bin/python)
frame #33: /workspace/vllm/.venv/bin/python() [0x582e84]
frame #34: _PyObject_LookupAttr + 0x7a (0x584bea in /workspace/vllm/.venv/bin/python)
frame #35: /workspace/vllm/.venv/bin/python() [0x5d2b8a]
frame #36: _PyEval_EvalFrameDefault + 0x207d (0x5d84fd in /workspace/vllm/.venv/bin/python)
frame #37: /workspace/vllm/.venv/bin/python() [0x549d47]
frame #38: PyObject_CallMethodObjArgs + 0xe3 (0x54b5c3 in /workspace/vllm/.venv/bin/python)
frame #39: PyImport_ImportModuleLevelObject + 0x5eb (0x5fda5b in /workspace/vllm/.venv/bin/python)
frame #40: _PyEval_EvalFrameDefault + 0x5eee (0x5dc36e in /workspace/vllm/.venv/bin/python)
frame #41: PyEval_EvalCode + 0x15b (0x5d543b in /workspace/vllm/.venv/bin/python)
frame #42: /workspace/vllm/.venv/bin/python() [0x5d322c]
frame #43: /workspace/vllm/.venv/bin/python() [0x581d1d]
frame #44: _PyEval_EvalFrameDefault + 0x4c3a (0x5db0ba in /workspace/vllm/.venv/bin/python)
frame #45: /workspace/vllm/.venv/bin/python() [0x549d47]
frame #46: PyObject_CallMethodObjArgs + 0xe3 (0x54b5c3 in /workspace/vllm/.venv/bin/python)
frame #47: PyImport_ImportModuleLevelObject + 0x395 (0x5fd805 in /workspace/vllm/.venv/bin/python)
frame #48: _PyEval_EvalFrameDefault + 0x5eee (0x5dc36e in /workspace/vllm/.venv/bin/python)
frame #49: PyEval_EvalCode + 0x15b (0x5d543b in /workspace/vllm/.venv/bin/python)
frame #50: /workspace/vllm/.venv/bin/python() [0x5d322c]
frame #51: /workspace/vllm/.venv/bin/python() [0x581d1d]
frame #52: _PyEval_EvalFrameDefault + 0x4c3a (0x5db0ba in /workspace/vllm/.venv/bin/python)
frame #53: /workspace/vllm/.venv/bin/python() [0x549d47]
frame #54: PyObject_CallMethodObjArgs + 0xe3 (0x54b5c3 in /workspace/vllm/.venv/bin/python)
frame #55: PyImport_ImportModuleLevelObject + 0x395 (0x5fd805 in /workspace/vllm/.venv/bin/python)
frame #56: _PyEval_EvalFrameDefault + 0x5eee (0x5dc36e in /workspace/vllm/.venv/bin/python)
frame #57: PyEval_EvalCode + 0x15b (0x5d543b in /workspace/vllm/.venv/bin/python)
frame #58: /workspace/vllm/.venv/bin/python() [0x5d322c]
frame #59: /workspace/vllm/.venv/bin/python() [0x581d1d]
frame #60: _PyEval_EvalFrameDefault + 0x4c3a (0x5db0ba in /workspace/vllm/.venv/bin/python)
frame #61: /workspace/vllm/.venv/bin/python() [0x549d47]
frame #62: PyObject_CallMethodObjArgs + 0xe3 (0x54b5c3 in /workspace/vllm/.venv/bin/python)

[E708 11:01:36.772159195 shim_common.cpp:1458] Exception in aoti_torch: Tried to register an operator (_C::weak_ref_tensor(Tensor input) -> Tensor) with the same name and overload name multiple times. Each overload's schema should only be registered with a single call to def(). Duplicate registration: registered at /workspace/csrc/libtorch_stable/torch_bindings.cpp:10. Original registration: registered at /workspace/csrc/torch_bindings.cpp:21
Exception raised from registerDef at /pytorch/aten/src/ATen/core/dispatch/Dispatcher.cpp:248 (most recent call first):
frame #0: c10::Error::Error(c10::SourceLocation, std::__cxx11::basic_string<char, std::char_traits<char>, std::allocator<char> >) + 0x9d (0x7ffff6d7205d in /workspace/vllm/.venv/lib/python3.12/site-packages/torch/lib/libc10.so)
frame #1: c10::detail::torchCheckFail(char const*, char const*, unsigned int, std::__cxx11::basic_string<char, std::char_traits<char>, std::allocator<char> > const&) + 0xc3 (0x7ffff6d066fd in /workspace/vllm/.venv/lib/python3.12/site-packages/torch/lib/libc10.so)
frame #2: c10::Dispatcher::registerDef(c10::FunctionSchema, std::__cxx11::basic_string<char, std::char_traits<char>, std::allocator<char> >, std::vector<at::Tag, std::allocator<at::Tag> >) + 0x35e (0x7fff0e8811fe in /workspace/vllm/.venv/lib/python3.12/site-packages/torch/lib/libtorch_cpu.so)
frame #3: torch::Library::_def(c10::FunctionSchema&&, c10::OperatorName*, std::vector<at::Tag, std::allocator<at::Tag> > const&, torch::_RegisterOrVerify) & + 0x514 (0x7fff0e8c2254 in /workspace/vllm/.venv/lib/python3.12/site-packages/torch/lib/libtorch_cpu.so)
frame #4: aoti_torch_library_def + 0x99 (0x7fff12ad45b9 in /workspace/vllm/.venv/lib/python3.12/site-packages/torch/lib/libtorch_cpu.so)
frame #5: <unknown function> + 0x2bdb00 (0x7ffded2beb00 in /workspace/vllm/vllm/_C_stable_libtorch.abi3.so)
frame #6: <unknown function> + 0x2bf0ce (0x7ffded2c00ce in /workspace/vllm/vllm/_C_stable_libtorch.abi3.so)
frame #7: <unknown function> + 0x279d92 (0x7ffded27ad92 in /workspace/vllm/vllm/_C_stable_libtorch.abi3.so)
frame #8: <unknown function> + 0x571f (0x7ffff7fca71f in /lib64/ld-linux-x86-64.so.2)
frame #9: <unknown function> + 0x5824 (0x7ffff7fca824 in /lib64/ld-linux-x86-64.so.2)
frame #10: _dl_catch_exception + 0x132 (0x7ffff7fc65b2 in /lib64/ld-linux-x86-64.so.2)
frame #11: <unknown function> + 0xcd7c (0x7ffff7fd1d7c in /lib64/ld-linux-x86-64.so.2)
frame #12: _dl_catch_exception + 0x9c (0x7ffff7fc651c in /lib64/ld-linux-x86-64.so.2)
frame #13: <unknown function> + 0xd164 (0x7ffff7fd2164 in /lib64/ld-linux-x86-64.so.2)
frame #14: <unknown function> + 0x981a4 (0x7ffff7d0c1a4 in /usr/lib/x86_64-linux-gnu/libc.so.6)
frame #15: _dl_catch_exception + 0x9c (0x7ffff7fc651c in /lib64/ld-linux-x86-64.so.2)
frame #16: <unknown function> + 0x1669 (0x7ffff7fc6669 in /lib64/ld-linux-x86-64.so.2)
frame #17: <unknown function> + 0x97c83 (0x7ffff7d0bc83 in /usr/lib/x86_64-linux-gnu/libc.so.6)
frame #18: dlopen + 0x6f (0x7ffff7d0c25f in /usr/lib/x86_64-linux-gnu/libc.so.6)
frame #19: /workspace/vllm/.venv/bin/python() [0x6bc36c]
frame #20: /workspace/vllm/.venv/bin/python() [0x6a946a]
frame #21: /workspace/vllm/.venv/bin/python() [0x6a8bf2]
frame #22: /workspace/vllm/.venv/bin/python() [0x581f37]
frame #23: _PyEval_EvalFrameDefault + 0x4c3a (0x5db0ba in /workspace/vllm/.venv/bin/python)
frame #24: /workspace/vllm/.venv/bin/python() [0x549d47]
frame #25: PyObject_CallMethodObjArgs + 0xe3 (0x54b5c3 in /workspace/vllm/.venv/bin/python)
frame #26: PyImport_ImportModuleLevelObject + 0x395 (0x5fd805 in /workspace/vllm/.venv/bin/python)
frame #27: _PyEval_EvalFrameDefault + 0x5eee (0x5dc36e in /workspace/vllm/.venv/bin/python)
frame #28: PyEval_EvalCode + 0x15b (0x5d543b in /workspace/vllm/.venv/bin/python)
frame #29: /workspace/vllm/.venv/bin/python() [0x5d322c]
frame #30: /workspace/vllm/.venv/bin/python() [0x581d1d]
frame #31: _PyEval_EvalFrameDefault + 0x4c3a (0x5db0ba in /workspace/vllm/.venv/bin/python)
frame #32: PyObject_CallOneArg + 0x4d (0x54a65d in /workspace/vllm/.venv/bin/python)
frame #33: /workspace/vllm/.venv/bin/python() [0x582e84]
frame #34: _PyObject_LookupAttr + 0x7a (0x584bea in /workspace/vllm/.venv/bin/python)
frame #35: /workspace/vllm/.venv/bin/python() [0x5d2b8a]
frame #36: _PyEval_EvalFrameDefault + 0x207d (0x5d84fd in /workspace/vllm/.venv/bin/python)
frame #37: /workspace/vllm/.venv/bin/python() [0x549d47]
frame #38: PyObject_CallMethodObjArgs + 0xe3 (0x54b5c3 in /workspace/vllm/.venv/bin/python)
frame #39: PyImport_ImportModuleLevelObject + 0x5eb (0x5fda5b in /workspace/vllm/.venv/bin/python)
frame #40: _PyEval_EvalFrameDefault + 0x5eee (0x5dc36e in /workspace/vllm/.venv/bin/python)
frame #41: PyEval_EvalCode + 0x15b (0x5d543b in /workspace/vllm/.venv/bin/python)
frame #42: /workspace/vllm/.venv/bin/python() [0x5d322c]
frame #43: /workspace/vllm/.venv/bin/python() [0x581d1d]
frame #44: _PyEval_EvalFrameDefault + 0x4c3a (0x5db0ba in /workspace/vllm/.venv/bin/python)
frame #45: /workspace/vllm/.venv/bin/python() [0x549d47]
frame #46: PyObject_CallMethodObjArgs + 0xe3 (0x54b5c3 in /workspace/vllm/.venv/bin/python)
frame #47: PyImport_ImportModuleLevelObject + 0x395 (0x5fd805 in /workspace/vllm/.venv/bin/python)
frame #48: _PyEval_EvalFrameDefault + 0x5eee (0x5dc36e in /workspace/vllm/.venv/bin/python)
frame #49: PyEval_EvalCode + 0x15b (0x5d543b in /workspace/vllm/.venv/bin/python)
frame #50: /workspace/vllm/.venv/bin/python() [0x5d322c]
frame #51: /workspace/vllm/.venv/bin/python() [0x581d1d]
frame #52: _PyEval_EvalFrameDefault + 0x4c3a (0x5db0ba in /workspace/vllm/.venv/bin/python)
frame #53: /workspace/vllm/.venv/bin/python() [0x549d47]
frame #54: PyObject_CallMethodObjArgs + 0xe3 (0x54b5c3 in /workspace/vllm/.venv/bin/python)
frame #55: PyImport_ImportModuleLevelObject + 0x395 (0x5fd805 in /workspace/vllm/.venv/bin/python)
frame #56: _PyEval_EvalFrameDefault + 0x5eee (0x5dc36e in /workspace/vllm/.venv/bin/python)
frame #57: PyEval_EvalCode + 0x15b (0x5d543b in /workspace/vllm/.venv/bin/python)
frame #58: /workspace/vllm/.venv/bin/python() [0x5d322c]
frame #59: /workspace/vllm/.venv/bin/python() [0x581d1d]
frame #60: _PyEval_EvalFrameDefault + 0x4c3a (0x5db0ba in /workspace/vllm/.venv/bin/python)
frame #61: /workspace/vllm/.venv/bin/python() [0x549d47]
frame #62: PyObject_CallMethodObjArgs + 0xe3 (0x54b5c3 in /workspace/vllm/.venv/bin/python)

[E708 11:01:36.774136777 shim_common.cpp:1458] Exception in aoti_torch: Tried to register an operator (_C::silu_and_mul_quant(Tensor($0! -> ) result, Tensor input, Tensor scale) -> ()) with the same name and overload name multiple times. Each overload's schema should only be registered with a single call to def(). Duplicate registration: registered at /workspace/csrc/libtorch_stable/torch_bindings.cpp:10. Original registration: registered at /workspace/csrc/torch_bindings.cpp:21
Exception raised from registerDef at /pytorch/aten/src/ATen/core/dispatch/Dispatcher.cpp:248 (most recent call first):
frame #0: c10::Error::Error(c10::SourceLocation, std::__cxx11::basic_string<char, std::char_traits<char>, std::allocator<char> >) + 0x9d (0x7ffff6d7205d in /workspace/vllm/.venv/lib/python3.12/site-packages/torch/lib/libc10.so)
frame #1: c10::detail::torchCheckFail(char const*, char const*, unsigned int, std::__cxx11::basic_string<char, std::char_traits<char>, std::allocator<char> > const&) + 0xc3 (0x7ffff6d066fd in /workspace/vllm/.venv/lib/python3.12/site-packages/torch/lib/libc10.so)
frame #2: c10::Dispatcher::registerDef(c10::FunctionSchema, std::__cxx11::basic_string<char, std::char_traits<char>, std::allocator<char> >, std::vector<at::Tag, std::allocator<at::Tag> >) + 0x35e (0x7fff0e8811fe in /workspace/vllm/.venv/lib/python3.12/site-packages/torch/lib/libtorch_cpu.so)
frame #3: torch::Library::_def(c10::FunctionSchema&&, c10::OperatorName*, std::vector<at::Tag, std::allocator<at::Tag> > const&, torch::_RegisterOrVerify) & + 0x514 (0x7fff0e8c2254 in /workspace/vllm/.venv/lib/python3.12/site-packages/torch/lib/libtorch_cpu.so)
frame #4: aoti_torch_library_def + 0x99 (0x7fff12ad45b9 in /workspace/vllm/.venv/lib/python3.12/site-packages/torch/lib/libtorch_cpu.so)
frame #5: <unknown function> + 0x2bdb3c (0x7ffded2beb3c in /workspace/vllm/vllm/_C_stable_libtorch.abi3.so)
frame #6: <unknown function> + 0x2bf0ce (0x7ffded2c00ce in /workspace/vllm/vllm/_C_stable_libtorch.abi3.so)
frame #7: <unknown function> + 0x279d92 (0x7ffded27ad92 in /workspace/vllm/vllm/_C_stable_libtorch.abi3.so)
frame #8: <unknown function> + 0x571f (0x7ffff7fca71f in /lib64/ld-linux-x86-64.so.2)
frame #9: <unknown function> + 0x5824 (0x7ffff7fca824 in /lib64/ld-linux-x86-64.so.2)
frame #10: _dl_catch_exception + 0x132 (0x7ffff7fc65b2 in /lib64/ld-linux-x86-64.so.2)
frame #11: <unknown function> + 0xcd7c (0x7ffff7fd1d7c in /lib64/ld-linux-x86-64.so.2)
frame #12: _dl_catch_exception + 0x9c (0x7ffff7fc651c in /lib64/ld-linux-x86-64.so.2)
frame #13: <unknown function> + 0xd164 (0x7ffff7fd2164 in /lib64/ld-linux-x86-64.so.2)
frame #14: <unknown function> + 0x981a4 (0x7ffff7d0c1a4 in /usr/lib/x86_64-linux-gnu/libc.so.6)
frame #15: _dl_catch_exception + 0x9c (0x7ffff7fc651c in /lib64/ld-linux-x86-64.so.2)
frame #16: <unknown function> + 0x1669 (0x7ffff7fc6669 in /lib64/ld-linux-x86-64.so.2)
frame #17: <unknown function> + 0x97c83 (0x7ffff7d0bc83 in /usr/lib/x86_64-linux-gnu/libc.so.6)
frame #18: dlopen + 0x6f (0x7ffff7d0c25f in /usr/lib/x86_64-linux-gnu/libc.so.6)
frame #19: /workspace/vllm/.venv/bin/python() [0x6bc36c]
frame #20: /workspace/vllm/.venv/bin/python() [0x6a946a]
frame #21: /workspace/vllm/.venv/bin/python() [0x6a8bf2]
frame #22: /workspace/vllm/.venv/bin/python() [0x581f37]
frame #23: _PyEval_EvalFrameDefault + 0x4c3a (0x5db0ba in /workspace/vllm/.venv/bin/python)
frame #24: /workspace/vllm/.venv/bin/python() [0x549d47]
frame #25: PyObject_CallMethodObjArgs + 0xe3 (0x54b5c3 in /workspace/vllm/.venv/bin/python)
frame #26: PyImport_ImportModuleLevelObject + 0x395 (0x5fd805 in /workspace/vllm/.venv/bin/python)
frame #27: _PyEval_EvalFrameDefault + 0x5eee (0x5dc36e in /workspace/vllm/.venv/bin/python)
frame #28: PyEval_EvalCode + 0x15b (0x5d543b in /workspace/vllm/.venv/bin/python)
frame #29: /workspace/vllm/.venv/bin/python() [0x5d322c]
frame #30: /workspace/vllm/.venv/bin/python() [0x581d1d]
frame #31: _PyEval_EvalFrameDefault + 0x4c3a (0x5db0ba in /workspace/vllm/.venv/bin/python)
frame #32: PyObject_CallOneArg + 0x4d (0x54a65d in /workspace/vllm/.venv/bin/python)
frame #33: /workspace/vllm/.venv/bin/python() [0x582e84]
frame #34: _PyObject_LookupAttr + 0x7a (0x584bea in /workspace/vllm/.venv/bin/python)
frame #35: /workspace/vllm/.venv/bin/python() [0x5d2b8a]
frame #36: _PyEval_EvalFrameDefault + 0x207d (0x5d84fd in /workspace/vllm/.venv/bin/python)
frame #37: /workspace/vllm/.venv/bin/python() [0x549d47]
frame #38: PyObject_CallMethodObjArgs + 0xe3 (0x54b5c3 in /workspace/vllm/.venv/bin/python)
frame #39: PyImport_ImportModuleLevelObject + 0x5eb (0x5fda5b in /workspace/vllm/.venv/bin/python)
frame #40: _PyEval_EvalFrameDefault + 0x5eee (0x5dc36e in /workspace/vllm/.venv/bin/python)
frame #41: PyEval_EvalCode + 0x15b (0x5d543b in /workspace/vllm/.venv/bin/python)
frame #42: /workspace/vllm/.venv/bin/python() [0x5d322c]
frame #43: /workspace/vllm/.venv/bin/python() [0x581d1d]
frame #44: _PyEval_EvalFrameDefault + 0x4c3a (0x5db0ba in /workspace/vllm/.venv/bin/python)
frame #45: /workspace/vllm/.venv/bin/python() [0x549d47]
frame #46: PyObject_CallMethodObjArgs + 0xe3 (0x54b5c3 in /workspace/vllm/.venv/bin/python)
frame #47: PyImport_ImportModuleLevelObject + 0x395 (0x5fd805 in /workspace/vllm/.venv/bin/python)
frame #48: _PyEval_EvalFrameDefault + 0x5eee (0x5dc36e in /workspace/vllm/.venv/bin/python)
frame #49: PyEval_EvalCode + 0x15b (0x5d543b in /workspace/vllm/.venv/bin/python)
frame #50: /workspace/vllm/.venv/bin/python() [0x5d322c]
frame #51: /workspace/vllm/.venv/bin/python() [0x581d1d]
frame #52: _PyEval_EvalFrameDefault + 0x4c3a (0x5db0ba in /workspace/vllm/.venv/bin/python)
frame #53: /workspace/vllm/.venv/bin/python() [0x549d47]
frame #54: PyObject_CallMethodObjArgs + 0xe3 (0x54b5c3 in /workspace/vllm/.venv/bin/python)
frame #55: PyImport_ImportModuleLevelObject + 0x395 (0x5fd805 in /workspace/vllm/.venv/bin/python)
frame #56: _PyEval_EvalFrameDefault + 0x5eee (0x5dc36e in /workspace/vllm/.venv/bin/python)
frame #57: PyEval_EvalCode + 0x15b (0x5d543b in /workspace/vllm/.venv/bin/python)
frame #58: /workspace/vllm/.venv/bin/python() [0x5d322c]
frame #59: /workspace/vllm/.venv/bin/python() [0x581d1d]
frame #60: _PyEval_EvalFrameDefault + 0x4c3a (0x5db0ba in /workspace/vllm/.venv/bin/python)
frame #61: /workspace/vllm/.venv/bin/python() [0x549d47]
frame #62: PyObject_CallMethodObjArgs + 0xe3 (0x54b5c3 in /workspace/vllm/.venv/bin/python)

[W708 11:01:36.776310394 OperatorEntry.cpp:208] Warning: Warning only once for all operators,  other operators may also be overridden.
  Overriding a previously registered kernel for the same operator and the same dispatch key
  operator: _C::persistent_masked_m_silu_mul_quant(Tensor input, Tensor counts, Tensor($0! -> ) y_q, Tensor($1! -> ) y_s, bool use_ue8m0) -> ()
    registered at /workspace/csrc/torch_bindings.cpp:21
  dispatch key: CUDA
  previous kernel: registered at /workspace/csrc/torch_bindings.cpp:21
       new kernel: registered at /workspace/csrc/libtorch_stable/torch_bindings.cpp:603 (function operator())
(APIServer pid=3194721) INFO 07-08 11:01:41 [utils.py:344] 
(APIServer pid=3194721) INFO 07-08 11:01:41 [utils.py:344]        █     █     █▄   ▄█
(APIServer pid=3194721) INFO 07-08 11:01:41 [utils.py:344]  ▄▄ ▄█ █     █     █ ▀▄▀ █  version 0.22.1.dev4+g431701083
(APIServer pid=3194721) INFO 07-08 11:01:41 [utils.py:344]   █▄█▀ █     █     █     █  model   Qwen/Qwen2.5-32B-Instruct
(APIServer pid=3194721) INFO 07-08 11:01:41 [utils.py:344]    ▀▀  ▀▀▀▀▀ ▀▀▀▀▀ ▀     ▀
(APIServer pid=3194721) INFO 07-08 11:01:41 [utils.py:344] 
(APIServer pid=3194721) INFO 07-08 11:01:41 [utils.py:278] non-default args: {'model_tag': 'Qwen/Qwen2.5-32B-Instruct', 'host': '127.0.0.1', 'model': 'Qwen/Qwen2.5-32B-Instruct', 'dtype': 'bfloat16', 'max_model_len': 4096, 'tensor_parallel_size': 8, 'gpu_memory_utilization': 0.9, 'max_num_batched_tokens': 4096}
(APIServer pid=3194721) WARNING 07-08 11:01:41 [system_utils.py:299] Found ulimit of 51200 and failed to automatically increase with error current limit exceeds maximum limit. This can cause fd limit errors like `OSError: [Errno 24] Too many open files`. Consider increasing with ulimit -n
(APIServer pid=3194721) WARNING 07-08 11:01:41 [envs.py:2057] Unknown vLLM environment variable detected: VLLM_USE_FT_NCCL_COMMUNICATOR
(APIServer pid=3194721) WARNING 07-08 11:01:41 [envs.py:2057] Unknown vLLM environment variable detected: VLLM_USE_FT_NCCL_TP
(APIServer pid=3194721) Warning: You are sending unauthenticated requests to the HF Hub. Please set a HF_TOKEN to enable higher rate limits and faster downloads.
(APIServer pid=3194721) INFO 07-08 11:01:42 [model.py:617] Resolved architecture: Qwen2ForCausalLM
(APIServer pid=3194721) INFO 07-08 11:01:42 [model.py:1752] Using max model len 4096
(APIServer pid=3194721) INFO 07-08 11:01:42 [scheduler.py:239] Chunked prefill is enabled with max_num_batched_tokens=4096.
(APIServer pid=3194721) INFO 07-08 11:01:42 [vllm.py:977] Asynchronous scheduling is enabled.
(APIServer pid=3194721) INFO 07-08 11:01:42 [kernel.py:270] Final IR op priority after setting platform defaults: IrOpPriorityConfig(rms_norm=['native'], fused_add_rms_norm=['native'])
(APIServer pid=3194721) <frozen importlib._bootstrap_external>:1297: FutureWarning: The cuda.cudart module is deprecated and will be removed in a future release, please switch to use the cuda.bindings.runtime module instead.
(APIServer pid=3194721) <frozen importlib._bootstrap_external>:1297: FutureWarning: The cuda.nvrtc module is deprecated and will be removed in a future release, please switch to use the cuda.bindings.nvrtc module instead.
(APIServer pid=3194721) INFO 07-08 11:01:46 [compilation.py:312] Enabled custom fusions: allreduce_rms
[E708 11:01:53.703552439 shim_common.cpp:1458] Exception in aoti_torch: Tried to register an operator (_C::persistent_masked_m_silu_mul_quant(Tensor input, Tensor counts, Tensor($0! -> ) y_q, Tensor($1! -> ) y_s, bool use_ue8m0) -> ()) with the same name and overload name multiple times. Each overload's schema should only be registered with a single call to def(). Duplicate registration: registered at /workspace/csrc/libtorch_stable/torch_bindings.cpp:10. Original registration: registered at /workspace/csrc/torch_bindings.cpp:21
Exception raised from registerDef at /pytorch/aten/src/ATen/core/dispatch/Dispatcher.cpp:248 (most recent call first):
frame #0: c10::Error::Error(c10::SourceLocation, std::__cxx11::basic_string<char, std::char_traits<char>, std::allocator<char> >) + 0x9d (0x7ffff6b7205d in /workspace/vllm/.venv/lib/python3.12/site-packages/torch/lib/libc10.so)
frame #1: c10::detail::torchCheckFail(char const*, char const*, unsigned int, std::__cxx11::basic_string<char, std::char_traits<char>, std::allocator<char> > const&) + 0xc3 (0x7ffff6b066fd in /workspace/vllm/.venv/lib/python3.12/site-packages/torch/lib/libc10.so)
frame #2: c10::Dispatcher::registerDef(c10::FunctionSchema, std::__cxx11::basic_string<char, std::char_traits<char>, std::allocator<char> >, std::vector<at::Tag, std::allocator<at::Tag> >) + 0x35e (0x7fff0e6811fe in /workspace/vllm/.venv/lib/python3.12/site-packages/torch/lib/libtorch_cpu.so)
frame #3: torch::Library::_def(c10::FunctionSchema&&, c10::OperatorName*, std::vector<at::Tag, std::allocator<at::Tag> > const&, torch::_RegisterOrVerify) & + 0x514 (0x7fff0e6c2254 in /workspace/vllm/.venv/lib/python3.12/site-packages/torch/lib/libtorch_cpu.so)
frame #4: aoti_torch_library_def + 0x99 (0x7fff128d45b9 in /workspace/vllm/.venv/lib/python3.12/site-packages/torch/lib/libtorch_cpu.so)
frame #5: <unknown function> + 0x2bdaf1 (0x7ff8ec4beaf1 in /workspace/vllm/vllm/_C_stable_libtorch.abi3.so)
frame #6: <unknown function> + 0x2bf0ce (0x7ff8ec4c00ce in /workspace/vllm/vllm/_C_stable_libtorch.abi3.so)
frame #7: <unknown function> + 0x279d92 (0x7ff8ec47ad92 in /workspace/vllm/vllm/_C_stable_libtorch.abi3.so)
frame #8: <unknown function> + 0x571f (0x7ffff7fca71f in /lib64/ld-linux-x86-64.so.2)
frame #9: <unknown function> + 0x5824 (0x7ffff7fca824 in /lib64/ld-linux-x86-64.so.2)
frame #10: _dl_catch_exception + 0x132 (0x7ffff7fc65b2 in /lib64/ld-linux-x86-64.so.2)
frame #11: <unknown function> + 0xcd7c (0x7ffff7fd1d7c in /lib64/ld-linux-x86-64.so.2)
frame #12: _dl_catch_exception + 0x9c (0x7ffff7fc651c in /lib64/ld-linux-x86-64.so.2)
frame #13: <unknown function> + 0xd164 (0x7ffff7fd2164 in /lib64/ld-linux-x86-64.so.2)
frame #14: <unknown function> + 0x981a4 (0x7ffff7d0c1a4 in /usr/lib/x86_64-linux-gnu/libc.so.6)
frame #15: _dl_catch_exception + 0x9c (0x7ffff7fc651c in /lib64/ld-linux-x86-64.so.2)
frame #16: <unknown function> + 0x1669 (0x7ffff7fc6669 in /lib64/ld-linux-x86-64.so.2)
frame #17: <unknown function> + 0x97c83 (0x7ffff7d0bc83 in /usr/lib/x86_64-linux-gnu/libc.so.6)
frame #18: dlopen + 0x6f (0x7ffff7d0c25f in /usr/lib/x86_64-linux-gnu/libc.so.6)
frame #19: /workspace/vllm/.venv/bin/python() [0x6bc36c]
frame #20: /workspace/vllm/.venv/bin/python() [0x6a946a]
frame #21: /workspace/vllm/.venv/bin/python() [0x6a8bf2]
frame #22: /workspace/vllm/.venv/bin/python() [0x581f37]
frame #23: _PyEval_EvalFrameDefault + 0x4c3a (0x5db0ba in /workspace/vllm/.venv/bin/python)
frame #24: /workspace/vllm/.venv/bin/python() [0x549d47]
frame #25: PyObject_CallMethodObjArgs + 0xe3 (0x54b5c3 in /workspace/vllm/.venv/bin/python)
frame #26: PyImport_ImportModuleLevelObject + 0x395 (0x5fd805 in /workspace/vllm/.venv/bin/python)
frame #27: _PyEval_EvalFrameDefault + 0x5eee (0x5dc36e in /workspace/vllm/.venv/bin/python)
frame #28: PyEval_EvalCode + 0x15b (0x5d543b in /workspace/vllm/.venv/bin/python)
frame #29: /workspace/vllm/.venv/bin/python() [0x5d322c]
frame #30: /workspace/vllm/.venv/bin/python() [0x581d1d]
frame #31: _PyEval_EvalFrameDefault + 0x4c3a (0x5db0ba in /workspace/vllm/.venv/bin/python)
frame #32: PyObject_CallOneArg + 0x4d (0x54a65d in /workspace/vllm/.venv/bin/python)
frame #33: /workspace/vllm/.venv/bin/python() [0x582e84]
frame #34: _PyObject_LookupAttr + 0x7a (0x584bea in /workspace/vllm/.venv/bin/python)
frame #35: /workspace/vllm/.venv/bin/python() [0x5d2b8a]
frame #36: _PyEval_EvalFrameDefault + 0x207d (0x5d84fd in /workspace/vllm/.venv/bin/python)
frame #37: /workspace/vllm/.venv/bin/python() [0x549d47]
frame #38: PyObject_CallMethodObjArgs + 0xe3 (0x54b5c3 in /workspace/vllm/.venv/bin/python)
frame #39: PyImport_ImportModuleLevelObject + 0x5eb (0x5fda5b in /workspace/vllm/.venv/bin/python)
frame #40: _PyEval_EvalFrameDefault + 0x5eee (0x5dc36e in /workspace/vllm/.venv/bin/python)
frame #41: PyEval_EvalCode + 0x15b (0x5d543b in /workspace/vllm/.venv/bin/python)
frame #42: /workspace/vllm/.venv/bin/python() [0x5d322c]
frame #43: /workspace/vllm/.venv/bin/python() [0x581d1d]
frame #44: _PyEval_EvalFrameDefault + 0x4c3a (0x5db0ba in /workspace/vllm/.venv/bin/python)
frame #45: /workspace/vllm/.venv/bin/python() [0x549d47]
frame #46: PyObject_CallMethodObjArgs + 0xe3 (0x54b5c3 in /workspace/vllm/.venv/bin/python)
frame #47: PyImport_ImportModuleLevelObject + 0x395 (0x5fd805 in /workspace/vllm/.venv/bin/python)
frame #48: _PyEval_EvalFrameDefault + 0x5eee (0x5dc36e in /workspace/vllm/.venv/bin/python)
frame #49: PyEval_EvalCode + 0x15b (0x5d543b in /workspace/vllm/.venv/bin/python)
frame #50: /workspace/vllm/.venv/bin/python() [0x5d322c]
frame #51: /workspace/vllm/.venv/bin/python() [0x581d1d]
frame #52: _PyEval_EvalFrameDefault + 0x4c3a (0x5db0ba in /workspace/vllm/.venv/bin/python)
frame #53: /workspace/vllm/.venv/bin/python() [0x549d47]
frame #54: PyObject_CallMethodObjArgs + 0xe3 (0x54b5c3 in /workspace/vllm/.venv/bin/python)
frame #55: PyImport_ImportModuleLevelObject + 0x395 (0x5fd805 in /workspace/vllm/.venv/bin/python)
frame #56: _PyEval_EvalFrameDefault + 0x5eee (0x5dc36e in /workspace/vllm/.venv/bin/python)
frame #57: PyEval_EvalCode + 0x15b (0x5d543b in /workspace/vllm/.venv/bin/python)
frame #58: /workspace/vllm/.venv/bin/python() [0x5d322c]
frame #59: /workspace/vllm/.venv/bin/python() [0x581d1d]
frame #60: _PyEval_EvalFrameDefault + 0x4c3a (0x5db0ba in /workspace/vllm/.venv/bin/python)
frame #61: /workspace/vllm/.venv/bin/python() [0x549d47]
frame #62: PyObject_CallMethodObjArgs + 0xe3 (0x54b5c3 in /workspace/vllm/.venv/bin/python)

[E708 11:01:53.705662151 shim_common.cpp:1458] Exception in aoti_torch: Tried to register an operator (_C::weak_ref_tensor(Tensor input) -> Tensor) with the same name and overload name multiple times. Each overload's schema should only be registered with a single call to def(). Duplicate registration: registered at /workspace/csrc/libtorch_stable/torch_bindings.cpp:10. Original registration: registered at /workspace/csrc/torch_bindings.cpp:21
Exception raised from registerDef at /pytorch/aten/src/ATen/core/dispatch/Dispatcher.cpp:248 (most recent call first):
frame #0: c10::Error::Error(c10::SourceLocation, std::__cxx11::basic_string<char, std::char_traits<char>, std::allocator<char> >) + 0x9d (0x7ffff6b7205d in /workspace/vllm/.venv/lib/python3.12/site-packages/torch/lib/libc10.so)
frame #1: c10::detail::torchCheckFail(char const*, char const*, unsigned int, std::__cxx11::basic_string<char, std::char_traits<char>, std::allocator<char> > const&) + 0xc3 (0x7ffff6b066fd in /workspace/vllm/.venv/lib/python3.12/site-packages/torch/lib/libc10.so)
frame #2: c10::Dispatcher::registerDef(c10::FunctionSchema, std::__cxx11::basic_string<char, std::char_traits<char>, std::allocator<char> >, std::vector<at::Tag, std::allocator<at::Tag> >) + 0x35e (0x7fff0e6811fe in /workspace/vllm/.venv/lib/python3.12/site-packages/torch/lib/libtorch_cpu.so)
frame #3: torch::Library::_def(c10::FunctionSchema&&, c10::OperatorName*, std::vector<at::Tag, std::allocator<at::Tag> > const&, torch::_RegisterOrVerify) & + 0x514 (0x7fff0e6c2254 in /workspace/vllm/.venv/lib/python3.12/site-packages/torch/lib/libtorch_cpu.so)
frame #4: aoti_torch_library_def + 0x99 (0x7fff128d45b9 in /workspace/vllm/.venv/lib/python3.12/site-packages/torch/lib/libtorch_cpu.so)
frame #5: <unknown function> + 0x2bdb00 (0x7ff8ec4beb00 in /workspace/vllm/vllm/_C_stable_libtorch.abi3.so)
frame #6: <unknown function> + 0x2bf0ce (0x7ff8ec4c00ce in /workspace/vllm/vllm/_C_stable_libtorch.abi3.so)
frame #7: <unknown function> + 0x279d92 (0x7ff8ec47ad92 in /workspace/vllm/vllm/_C_stable_libtorch.abi3.so)
frame #8: <unknown function> + 0x571f (0x7ffff7fca71f in /lib64/ld-linux-x86-64.so.2)
frame #9: <unknown function> + 0x5824 (0x7ffff7fca824 in /lib64/ld-linux-x86-64.so.2)
frame #10: _dl_catch_exception + 0x132 (0x7ffff7fc65b2 in /lib64/ld-linux-x86-64.so.2)
frame #11: <unknown function> + 0xcd7c (0x7ffff7fd1d7c in /lib64/ld-linux-x86-64.so.2)
frame #12: _dl_catch_exception + 0x9c (0x7ffff7fc651c in /lib64/ld-linux-x86-64.so.2)
frame #13: <unknown function> + 0xd164 (0x7ffff7fd2164 in /lib64/ld-linux-x86-64.so.2)
frame #14: <unknown function> + 0x981a4 (0x7ffff7d0c1a4 in /usr/lib/x86_64-linux-gnu/libc.so.6)
frame #15: _dl_catch_exception + 0x9c (0x7ffff7fc651c in /lib64/ld-linux-x86-64.so.2)
frame #16: <unknown function> + 0x1669 (0x7ffff7fc6669 in /lib64/ld-linux-x86-64.so.2)
frame #17: <unknown function> + 0x97c83 (0x7ffff7d0bc83 in /usr/lib/x86_64-linux-gnu/libc.so.6)
frame #18: dlopen + 0x6f (0x7ffff7d0c25f in /usr/lib/x86_64-linux-gnu/libc.so.6)
frame #19: /workspace/vllm/.venv/bin/python() [0x6bc36c]
frame #20: /workspace/vllm/.venv/bin/python() [0x6a946a]
frame #21: /workspace/vllm/.venv/bin/python() [0x6a8bf2]
frame #22: /workspace/vllm/.venv/bin/python() [0x581f37]
frame #23: _PyEval_EvalFrameDefault + 0x4c3a (0x5db0ba in /workspace/vllm/.venv/bin/python)
frame #24: /workspace/vllm/.venv/bin/python() [0x549d47]
frame #25: PyObject_CallMethodObjArgs + 0xe3 (0x54b5c3 in /workspace/vllm/.venv/bin/python)
frame #26: PyImport_ImportModuleLevelObject + 0x395 (0x5fd805 in /workspace/vllm/.venv/bin/python)
frame #27: _PyEval_EvalFrameDefault + 0x5eee (0x5dc36e in /workspace/vllm/.venv/bin/python)
frame #28: PyEval_EvalCode + 0x15b (0x5d543b in /workspace/vllm/.venv/bin/python)
frame #29: /workspace/vllm/.venv/bin/python() [0x5d322c]
frame #30: /workspace/vllm/.venv/bin/python() [0x581d1d]
frame #31: _PyEval_EvalFrameDefault + 0x4c3a (0x5db0ba in /workspace/vllm/.venv/bin/python)
frame #32: PyObject_CallOneArg + 0x4d (0x54a65d in /workspace/vllm/.venv/bin/python)
frame #33: /workspace/vllm/.venv/bin/python() [0x582e84]
frame #34: _PyObject_LookupAttr + 0x7a (0x584bea in /workspace/vllm/.venv/bin/python)
frame #35: /workspace/vllm/.venv/bin/python() [0x5d2b8a]
frame #36: _PyEval_EvalFrameDefault + 0x207d (0x5d84fd in /workspace/vllm/.venv/bin/python)
frame #37: /workspace/vllm/.venv/bin/python() [0x549d47]
frame #38: PyObject_CallMethodObjArgs + 0xe3 (0x54b5c3 in /workspace/vllm/.venv/bin/python)
frame #39: PyImport_ImportModuleLevelObject + 0x5eb (0x5fda5b in /workspace/vllm/.venv/bin/python)
frame #40: _PyEval_EvalFrameDefault + 0x5eee (0x5dc36e in /workspace/vllm/.venv/bin/python)
frame #41: PyEval_EvalCode + 0x15b (0x5d543b in /workspace/vllm/.venv/bin/python)
frame #42: /workspace/vllm/.venv/bin/python() [0x5d322c]
frame #43: /workspace/vllm/.venv/bin/python() [0x581d1d]
frame #44: _PyEval_EvalFrameDefault + 0x4c3a (0x5db0ba in /workspace/vllm/.venv/bin/python)
frame #45: /workspace/vllm/.venv/bin/python() [0x549d47]
frame #46: PyObject_CallMethodObjArgs + 0xe3 (0x54b5c3 in /workspace/vllm/.venv/bin/python)
frame #47: PyImport_ImportModuleLevelObject + 0x395 (0x5fd805 in /workspace/vllm/.venv/bin/python)
frame #48: _PyEval_EvalFrameDefault + 0x5eee (0x5dc36e in /workspace/vllm/.venv/bin/python)
frame #49: PyEval_EvalCode + 0x15b (0x5d543b in /workspace/vllm/.venv/bin/python)
frame #50: /workspace/vllm/.venv/bin/python() [0x5d322c]
frame #51: /workspace/vllm/.venv/bin/python() [0x581d1d]
frame #52: _PyEval_EvalFrameDefault + 0x4c3a (0x5db0ba in /workspace/vllm/.venv/bin/python)
frame #53: /workspace/vllm/.venv/bin/python() [0x549d47]
frame #54: PyObject_CallMethodObjArgs + 0xe3 (0x54b5c3 in /workspace/vllm/.venv/bin/python)
frame #55: PyImport_ImportModuleLevelObject + 0x395 (0x5fd805 in /workspace/vllm/.venv/bin/python)
frame #56: _PyEval_EvalFrameDefault + 0x5eee (0x5dc36e in /workspace/vllm/.venv/bin/python)
frame #57: PyEval_EvalCode + 0x15b (0x5d543b in /workspace/vllm/.venv/bin/python)
frame #58: /workspace/vllm/.venv/bin/python() [0x5d322c]
frame #59: /workspace/vllm/.venv/bin/python() [0x581d1d]
frame #60: _PyEval_EvalFrameDefault + 0x4c3a (0x5db0ba in /workspace/vllm/.venv/bin/python)
frame #61: /workspace/vllm/.venv/bin/python() [0x549d47]
frame #62: PyObject_CallMethodObjArgs + 0xe3 (0x54b5c3 in /workspace/vllm/.venv/bin/python)

[E708 11:01:53.707655258 shim_common.cpp:1458] Exception in aoti_torch: Tried to register an operator (_C::silu_and_mul_quant(Tensor($0! -> ) result, Tensor input, Tensor scale) -> ()) with the same name and overload name multiple times. Each overload's schema should only be registered with a single call to def(). Duplicate registration: registered at /workspace/csrc/libtorch_stable/torch_bindings.cpp:10. Original registration: registered at /workspace/csrc/torch_bindings.cpp:21
Exception raised from registerDef at /pytorch/aten/src/ATen/core/dispatch/Dispatcher.cpp:248 (most recent call first):
frame #0: c10::Error::Error(c10::SourceLocation, std::__cxx11::basic_string<char, std::char_traits<char>, std::allocator<char> >) + 0x9d (0x7ffff6b7205d in /workspace/vllm/.venv/lib/python3.12/site-packages/torch/lib/libc10.so)
frame #1: c10::detail::torchCheckFail(char const*, char const*, unsigned int, std::__cxx11::basic_string<char, std::char_traits<char>, std::allocator<char> > const&) + 0xc3 (0x7ffff6b066fd in /workspace/vllm/.venv/lib/python3.12/site-packages/torch/lib/libc10.so)
frame #2: c10::Dispatcher::registerDef(c10::FunctionSchema, std::__cxx11::basic_string<char, std::char_traits<char>, std::allocator<char> >, std::vector<at::Tag, std::allocator<at::Tag> >) + 0x35e (0x7fff0e6811fe in /workspace/vllm/.venv/lib/python3.12/site-packages/torch/lib/libtorch_cpu.so)
frame #3: torch::Library::_def(c10::FunctionSchema&&, c10::OperatorName*, std::vector<at::Tag, std::allocator<at::Tag> > const&, torch::_RegisterOrVerify) & + 0x514 (0x7fff0e6c2254 in /workspace/vllm/.venv/lib/python3.12/site-packages/torch/lib/libtorch_cpu.so)
frame #4: aoti_torch_library_def + 0x99 (0x7fff128d45b9 in /workspace/vllm/.venv/lib/python3.12/site-packages/torch/lib/libtorch_cpu.so)
frame #5: <unknown function> + 0x2bdb3c (0x7ff8ec4beb3c in /workspace/vllm/vllm/_C_stable_libtorch.abi3.so)
frame #6: <unknown function> + 0x2bf0ce (0x7ff8ec4c00ce in /workspace/vllm/vllm/_C_stable_libtorch.abi3.so)
frame #7: <unknown function> + 0x279d92 (0x7ff8ec47ad92 in /workspace/vllm/vllm/_C_stable_libtorch.abi3.so)
frame #8: <unknown function> + 0x571f (0x7ffff7fca71f in /lib64/ld-linux-x86-64.so.2)
frame #9: <unknown function> + 0x5824 (0x7ffff7fca824 in /lib64/ld-linux-x86-64.so.2)
frame #10: _dl_catch_exception + 0x132 (0x7ffff7fc65b2 in /lib64/ld-linux-x86-64.so.2)
frame #11: <unknown function> + 0xcd7c (0x7ffff7fd1d7c in /lib64/ld-linux-x86-64.so.2)
frame #12: _dl_catch_exception + 0x9c (0x7ffff7fc651c in /lib64/ld-linux-x86-64.so.2)
frame #13: <unknown function> + 0xd164 (0x7ffff7fd2164 in /lib64/ld-linux-x86-64.so.2)
frame #14: <unknown function> + 0x981a4 (0x7ffff7d0c1a4 in /usr/lib/x86_64-linux-gnu/libc.so.6)
frame #15: _dl_catch_exception + 0x9c (0x7ffff7fc651c in /lib64/ld-linux-x86-64.so.2)
frame #16: <unknown function> + 0x1669 (0x7ffff7fc6669 in /lib64/ld-linux-x86-64.so.2)
frame #17: <unknown function> + 0x97c83 (0x7ffff7d0bc83 in /usr/lib/x86_64-linux-gnu/libc.so.6)
frame #18: dlopen + 0x6f (0x7ffff7d0c25f in /usr/lib/x86_64-linux-gnu/libc.so.6)
frame #19: /workspace/vllm/.venv/bin/python() [0x6bc36c]
frame #20: /workspace/vllm/.venv/bin/python() [0x6a946a]
frame #21: /workspace/vllm/.venv/bin/python() [0x6a8bf2]
frame #22: /workspace/vllm/.venv/bin/python() [0x581f37]
frame #23: _PyEval_EvalFrameDefault + 0x4c3a (0x5db0ba in /workspace/vllm/.venv/bin/python)
frame #24: /workspace/vllm/.venv/bin/python() [0x549d47]
frame #25: PyObject_CallMethodObjArgs + 0xe3 (0x54b5c3 in /workspace/vllm/.venv/bin/python)
frame #26: PyImport_ImportModuleLevelObject + 0x395 (0x5fd805 in /workspace/vllm/.venv/bin/python)
frame #27: _PyEval_EvalFrameDefault + 0x5eee (0x5dc36e in /workspace/vllm/.venv/bin/python)
frame #28: PyEval_EvalCode + 0x15b (0x5d543b in /workspace/vllm/.venv/bin/python)
frame #29: /workspace/vllm/.venv/bin/python() [0x5d322c]
frame #30: /workspace/vllm/.venv/bin/python() [0x581d1d]
frame #31: _PyEval_EvalFrameDefault + 0x4c3a (0x5db0ba in /workspace/vllm/.venv/bin/python)
frame #32: PyObject_CallOneArg + 0x4d (0x54a65d in /workspace/vllm/.venv/bin/python)
frame #33: /workspace/vllm/.venv/bin/python() [0x582e84]
frame #34: _PyObject_LookupAttr + 0x7a (0x584bea in /workspace/vllm/.venv/bin/python)
frame #35: /workspace/vllm/.venv/bin/python() [0x5d2b8a]
frame #36: _PyEval_EvalFrameDefault + 0x207d (0x5d84fd in /workspace/vllm/.venv/bin/python)
frame #37: /workspace/vllm/.venv/bin/python() [0x549d47]
frame #38: PyObject_CallMethodObjArgs + 0xe3 (0x54b5c3 in /workspace/vllm/.venv/bin/python)
frame #39: PyImport_ImportModuleLevelObject + 0x5eb (0x5fda5b in /workspace/vllm/.venv/bin/python)
frame #40: _PyEval_EvalFrameDefault + 0x5eee (0x5dc36e in /workspace/vllm/.venv/bin/python)
frame #41: PyEval_EvalCode + 0x15b (0x5d543b in /workspace/vllm/.venv/bin/python)
frame #42: /workspace/vllm/.venv/bin/python() [0x5d322c]
frame #43: /workspace/vllm/.venv/bin/python() [0x581d1d]
frame #44: _PyEval_EvalFrameDefault + 0x4c3a (0x5db0ba in /workspace/vllm/.venv/bin/python)
frame #45: /workspace/vllm/.venv/bin/python() [0x549d47]
frame #46: PyObject_CallMethodObjArgs + 0xe3 (0x54b5c3 in /workspace/vllm/.venv/bin/python)
frame #47: PyImport_ImportModuleLevelObject + 0x395 (0x5fd805 in /workspace/vllm/.venv/bin/python)
frame #48: _PyEval_EvalFrameDefault + 0x5eee (0x5dc36e in /workspace/vllm/.venv/bin/python)
frame #49: PyEval_EvalCode + 0x15b (0x5d543b in /workspace/vllm/.venv/bin/python)
frame #50: /workspace/vllm/.venv/bin/python() [0x5d322c]
frame #51: /workspace/vllm/.venv/bin/python() [0x581d1d]
frame #52: _PyEval_EvalFrameDefault + 0x4c3a (0x5db0ba in /workspace/vllm/.venv/bin/python)
frame #53: /workspace/vllm/.venv/bin/python() [0x549d47]
frame #54: PyObject_CallMethodObjArgs + 0xe3 (0x54b5c3 in /workspace/vllm/.venv/bin/python)
frame #55: PyImport_ImportModuleLevelObject + 0x395 (0x5fd805 in /workspace/vllm/.venv/bin/python)
frame #56: _PyEval_EvalFrameDefault + 0x5eee (0x5dc36e in /workspace/vllm/.venv/bin/python)
frame #57: PyEval_EvalCode + 0x15b (0x5d543b in /workspace/vllm/.venv/bin/python)
frame #58: /workspace/vllm/.venv/bin/python() [0x5d322c]
frame #59: /workspace/vllm/.venv/bin/python() [0x581d1d]
frame #60: _PyEval_EvalFrameDefault + 0x4c3a (0x5db0ba in /workspace/vllm/.venv/bin/python)
frame #61: /workspace/vllm/.venv/bin/python() [0x549d47]
frame #62: PyObject_CallMethodObjArgs + 0xe3 (0x54b5c3 in /workspace/vllm/.venv/bin/python)

[W708 11:01:53.709819620 OperatorEntry.cpp:208] Warning: Warning only once for all operators,  other operators may also be overridden.
  Overriding a previously registered kernel for the same operator and the same dispatch key
  operator: _C::persistent_masked_m_silu_mul_quant(Tensor input, Tensor counts, Tensor($0! -> ) y_q, Tensor($1! -> ) y_s, bool use_ue8m0) -> ()
    registered at /workspace/csrc/torch_bindings.cpp:21
  dispatch key: CUDA
  previous kernel: registered at /workspace/csrc/torch_bindings.cpp:21
       new kernel: registered at /workspace/csrc/libtorch_stable/torch_bindings.cpp:603 (function operator())
(EngineCore pid=3195936) INFO 07-08 11:01:54 [core.py:112] Initializing a V1 LLM engine (v0.22.1.dev4+g431701083) with config: model='Qwen/Qwen2.5-32B-Instruct', speculative_config=None, tokenizer='Qwen/Qwen2.5-32B-Instruct', skip_tokenizer_init=False, tokenizer_mode=auto, revision=None, tokenizer_revision=None, trust_remote_code=False, dtype=torch.bfloat16, max_seq_len=4096, download_dir=None, load_format=auto, tensor_parallel_size=8, pipeline_parallel_size=1, data_parallel_size=1, decode_context_parallel_size=1, dcp_comm_backend=ag_rs, disable_custom_all_reduce=False, quantization=None, quantization_config=None, enforce_eager=False, enable_return_routed_experts=False, kv_cache_dtype=auto, device_config=cuda, structured_outputs_config=StructuredOutputsConfig(backend='auto', disable_any_whitespace=False, disable_additional_properties=False, reasoning_parser='', reasoning_parser_plugin='', enable_in_reasoning=False), observability_config=ObservabilityConfig(show_hidden_metrics_for_version=None, otlp_traces_endpoint=None, collect_detailed_traces=None, kv_cache_metrics=False, kv_cache_metrics_sample=0.01, cudagraph_metrics=False, enable_layerwise_nvtx_tracing=False, enable_mfu_metrics=False, enable_mm_processor_stats=False, enable_logging_iteration_details=False), seed=0, served_model_name=Qwen/Qwen2.5-32B-Instruct, enable_prefix_caching=True, enable_chunked_prefill=True, pooler_config=None, compilation_config={'mode': <CompilationMode.VLLM_COMPILE: 3>, 'debug_dump_path': None, 'cache_dir': '', 'compile_cache_save_format': 'binary', 'backend': 'inductor', 'custom_ops': ['none'], 'ir_enable_torch_wrap': True, 'splitting_ops': ['vllm::unified_attention_with_output', 'vllm::unified_mla_attention_with_output', 'vllm::mamba_mixer2', 'vllm::mamba_mixer', 'vllm::short_conv', 'vllm::linear_attention', 'vllm::plamo2_mamba_mixer', 'vllm::qwen_gdn_attention_core', 'vllm::gdn_attention_core_xpu', 'vllm::olmo_hybrid_gdn_full_forward', 'vllm::kda_attention', 'vllm::sparse_attn_indexer', 'vllm::rocm_aiter_sparse_attn_indexer', 'vllm::deepseek_v4_attention', 'vllm::unified_kv_cache_update', 'vllm::unified_mla_kv_cache_update'], 'compile_mm_encoder': False, 'cudagraph_mm_encoder': False, 'encoder_cudagraph_token_budgets': [], 'encoder_cudagraph_max_vision_items_per_batch': 0, 'encoder_cudagraph_max_frames_per_batch': None, 'compile_sizes': [], 'compile_ranges_endpoints': [51, 4096], 'inductor_compile_config': {'enable_auto_functionalized_v2': False, 'size_asserts': False, 'alignment_asserts': False, 'scalar_asserts': False, 'combo_kernels': True, 'benchmark_combo_kernel': True}, 'inductor_passes': {}, 'cudagraph_mode': <CUDAGraphMode.FULL_AND_PIECEWISE: (2, 1)>, 'cudagraph_num_of_warmups': 1, 'cudagraph_capture_sizes': [1, 2, 4, 8, 16, 24, 32, 40, 48, 56, 64, 72, 80, 88, 96, 104, 112, 120, 128, 136, 144, 152, 160, 168, 176, 184, 192, 200, 208, 216, 224, 232, 240, 248, 256, 272, 288, 304, 320, 336, 352, 368, 384, 400, 416, 432, 448, 464, 480, 496, 512], 'cudagraph_copy_inputs': False, 'cudagraph_specialize_lora': True, 'use_inductor_graph_partition': False, 'pass_config': {'fuse_norm_quant': False, 'fuse_act_quant': False, 'fuse_attn_quant': False, 'enable_sp': False, 'fuse_gemm_comms': False, 'fuse_allreduce_rms': True, 'fuse_rope_kvcache_cat_mla': False, 'fuse_act_padding': False}, 'max_cudagraph_capture_size': 512, 'dynamic_shapes_config': {'type': <DynamicShapesType.BACKED: 'backed'>, 'evaluate_guards': False, 'assume_32_bit_indexing': False}, 'local_cache_dir': None, 'fast_moe_cold_start': False, 'static_all_moe_layers': []}, kernel_config=KernelConfig(ir_op_priority=IrOpPriorityConfig(rms_norm=['native'], fused_add_rms_norm=['native']), enable_flashinfer_autotune=True, moe_backend='auto', linear_backend='auto')
(EngineCore pid=3195936) WARNING 07-08 11:01:54 [multiproc_executor.py:1029] Reducing Torch parallelism from 112 threads to 1 to avoid unnecessary CPU contention. Set OMP_NUM_THREADS in the external environment to tune this value as needed.
(EngineCore pid=3195936) INFO 07-08 11:01:54 [multiproc_executor.py:139] DP group leader: node_rank=0, node_rank_within_dp=0, master_addr=127.0.0.1, mq_connect_ip=10.52.48.194 (local), world_size=8, local_world_size=8
[E708 11:01:57.686096931 shim_common.cpp:1458] Exception in aoti_torch: Tried to register an operator (_C::persistent_masked_m_silu_mul_quant(Tensor input, Tensor counts, Tensor($0! -> ) y_q, Tensor($1! -> ) y_s, bool use_ue8m0) -> ()) with the same name and overload name multiple times. Each overload's schema should only be registered with a single call to def(). Duplicate registration: registered at /workspace/csrc/libtorch_stable/torch_bindings.cpp:10. Original registration: registered at /workspace/csrc/torch_bindings.cpp:21
Exception raised from registerDef at /pytorch/aten/src/ATen/core/dispatch/Dispatcher.cpp:248 (most recent call first):
frame #0: c10::Error::Error(c10::SourceLocation, std::__cxx11::basic_string<char, std::char_traits<char>, std::allocator<char> >) + 0x9d (0x7ffff6b7205d in /workspace/vllm/.venv/lib/python3.12/site-packages/torch/lib/libc10.so)
frame #1: c10::detail::torchCheckFail(char const*, char const*, unsigned int, std::__cxx11::basic_string<char, std::char_traits<char>, std::allocator<char> > const&) + 0xc3 (0x7ffff6b066fd in /workspace/vllm/.venv/lib/python3.12/site-packages/torch/lib/libc10.so)
frame #2: c10::Dispatcher::registerDef(c10::FunctionSchema, std::__cxx11::basic_string<char, std::char_traits<char>, std::allocator<char> >, std::vector<at::Tag, std::allocator<at::Tag> >) + 0x35e (0x7fff0e6811fe in /workspace/vllm/.venv/lib/python3.12/site-packages/torch/lib/libtorch_cpu.so)
frame #3: torch::Library::_def(c10::FunctionSchema&&, c10::OperatorName*, std::vector<at::Tag, std::allocator<at::Tag> > const&, torch::_RegisterOrVerify) & + 0x514 (0x7fff0e6c2254 in /workspace/vllm/.venv/lib/python3.12/site-packages/torch/lib/libtorch_cpu.so)
frame #4: aoti_torch_library_def + 0x99 (0x7fff128d45b9 in /workspace/vllm/.venv/lib/python3.12/site-packages/torch/lib/libtorch_cpu.so)
frame #5: <unknown function> + 0x2bdaf1 (0x7ffe8aebeaf1 in /workspace/vllm/vllm/_C_stable_libtorch.abi3.so)
frame #6: <unknown function> + 0x2bf0ce (0x7ffe8aec00ce in /workspace/vllm/vllm/_C_stable_libtorch.abi3.so)
frame #7: <unknown function> + 0x279d92 (0x7ffe8ae7ad92 in /workspace/vllm/vllm/_C_stable_libtorch.abi3.so)
frame #8: <unknown function> + 0x571f (0x7ffff7fca71f in /lib64/ld-linux-x86-64.so.2)
frame #9: <unknown function> + 0x5824 (0x7ffff7fca824 in /lib64/ld-linux-x86-64.so.2)
frame #10: _dl_catch_exception + 0x132 (0x7ffff7fc65b2 in /lib64/ld-linux-x86-64.so.2)
frame #11: <unknown function> + 0xcd7c (0x7ffff7fd1d7c in /lib64/ld-linux-x86-64.so.2)
frame #12: _dl_catch_exception + 0x9c (0x7ffff7fc651c in /lib64/ld-linux-x86-64.so.2)
frame #13: <unknown function> + 0xd164 (0x7ffff7fd2164 in /lib64/ld-linux-x86-64.so.2)
frame #14: <unknown function> + 0x981a4 (0x7ffff7d0c1a4 in /usr/lib/x86_64-linux-gnu/libc.so.6)
frame #15: _dl_catch_exception + 0x9c (0x7ffff7fc651c in /lib64/ld-linux-x86-64.so.2)
frame #16: <unknown function> + 0x1669 (0x7ffff7fc6669 in /lib64/ld-linux-x86-64.so.2)
frame #17: <unknown function> + 0x97c83 (0x7ffff7d0bc83 in /usr/lib/x86_64-linux-gnu/libc.so.6)
frame #18: dlopen + 0x6f (0x7ffff7d0c25f in /usr/lib/x86_64-linux-gnu/libc.so.6)
frame #19: /workspace/vllm/.venv/bin/python() [0x6bc36c]
frame #20: /workspace/vllm/.venv/bin/python() [0x6a946a]
frame #21: /workspace/vllm/.venv/bin/python() [0x6a8bf2]
frame #22: /workspace/vllm/.venv/bin/python() [0x581f37]
frame #23: _PyEval_EvalFrameDefault + 0x4c3a (0x5db0ba in /workspace/vllm/.venv/bin/python)
frame #24: /workspace/vllm/.venv/bin/python() [0x549d47]
frame #25: PyObject_CallMethodObjArgs + 0xe3 (0x54b5c3 in /workspace/vllm/.venv/bin/python)
frame #26: PyImport_ImportModuleLevelObject + 0x395 (0x5fd805 in /workspace/vllm/.venv/bin/python)
frame #27: _PyEval_EvalFrameDefault + 0x5eee (0x5dc36e in /workspace/vllm/.venv/bin/python)
frame #28: PyEval_EvalCode + 0x15b (0x5d543b in /workspace/vllm/.venv/bin/python)
frame #29: /workspace/vllm/.venv/bin/python() [0x5d322c]
frame #30: /workspace/vllm/.venv/bin/python() [0x581d1d]
frame #31: _PyEval_EvalFrameDefault + 0x4c3a (0x5db0ba in /workspace/vllm/.venv/bin/python)
frame #32: PyObject_CallOneArg + 0x4d (0x54a65d in /workspace/vllm/.venv/bin/python)
frame #33: /workspace/vllm/.venv/bin/python() [0x582e84]
frame #34: _PyObject_LookupAttr + 0x7a (0x584bea in /workspace/vllm/.venv/bin/python)
frame #35: /workspace/vllm/.venv/bin/python() [0x5d2b8a]
frame #36: _PyEval_EvalFrameDefault + 0x207d (0x5d84fd in /workspace/vllm/.venv/bin/python)
frame #37: /workspace/vllm/.venv/bin/python() [0x549d47]
frame #38: PyObject_CallMethodObjArgs + 0xe3 (0x54b5c3 in /workspace/vllm/.venv/bin/python)
frame #39: PyImport_ImportModuleLevelObject + 0x5eb (0x5fda5b in /workspace/vllm/.venv/bin/python)
frame #40: _PyEval_EvalFrameDefault + 0x5eee (0x5dc36e in /workspace/vllm/.venv/bin/python)
frame #41: PyEval_EvalCode + 0x15b (0x5d543b in /workspace/vllm/.venv/bin/python)
frame #42: /workspace/vllm/.venv/bin/python() [0x5d322c]
frame #43: /workspace/vllm/.venv/bin/python() [0x581d1d]
frame #44: _PyEval_EvalFrameDefault + 0x4c3a (0x5db0ba in /workspace/vllm/.venv/bin/python)
frame #45: /workspace/vllm/.venv/bin/python() [0x549d47]
frame #46: PyObject_CallMethodObjArgs + 0xe3 (0x54b5c3 in /workspace/vllm/.venv/bin/python)
frame #47: PyImport_ImportModuleLevelObject + 0x395 (0x5fd805 in /workspace/vllm/.venv/bin/python)
frame #48: _PyEval_EvalFrameDefault + 0x5eee (0x5dc36e in /workspace/vllm/.venv/bin/python)
frame #49: PyEval_EvalCode + 0x15b (0x5d543b in /workspace/vllm/.venv/bin/python)
frame #50: /workspace/vllm/.venv/bin/python() [0x5d322c]
frame #51: /workspace/vllm/.venv/bin/python() [0x581d1d]
frame #52: _PyEval_EvalFrameDefault + 0x4c3a (0x5db0ba in /workspace/vllm/.venv/bin/python)
frame #53: /workspace/vllm/.venv/bin/python() [0x549d47]
frame #54: PyObject_CallMethodObjArgs + 0xe3 (0x54b5c3 in /workspace/vllm/.venv/bin/python)
frame #55: PyImport_ImportModuleLevelObject + 0x395 (0x5fd805 in /workspace/vllm/.venv/bin/python)
frame #56: _PyEval_EvalFrameDefault + 0x5eee (0x5dc36e in /workspace/vllm/.venv/bin/python)
frame #57: PyEval_EvalCode + 0x15b (0x5d543b in /workspace/vllm/.venv/bin/python)
frame #58: /workspace/vllm/.venv/bin/python() [0x5d322c]
frame #59: /workspace/vllm/.venv/bin/python() [0x581d1d]
frame #60: _PyEval_EvalFrameDefault + 0x4c3a (0x5db0ba in /workspace/vllm/.venv/bin/python)
frame #61: /workspace/vllm/.venv/bin/python() [0x549d47]
frame #62: PyObject_CallMethodObjArgs + 0xe3 (0x54b5c3 in /workspace/vllm/.venv/bin/python)

[E708 11:01:57.688122754 shim_common.cpp:1458] Exception in aoti_torch: Tried to register an operator (_C::weak_ref_tensor(Tensor input) -> Tensor) with the same name and overload name multiple times. Each overload's schema should only be registered with a single call to def(). Duplicate registration: registered at /workspace/csrc/libtorch_stable/torch_bindings.cpp:10. Original registration: registered at /workspace/csrc/torch_bindings.cpp:21
Exception raised from registerDef at /pytorch/aten/src/ATen/core/dispatch/Dispatcher.cpp:248 (most recent call first):
frame #0: c10::Error::Error(c10::SourceLocation, std::__cxx11::basic_string<char, std::char_traits<char>, std::allocator<char> >) + 0x9d (0x7ffff6b7205d in /workspace/vllm/.venv/lib/python3.12/site-packages/torch/lib/libc10.so)
frame #1: c10::detail::torchCheckFail(char const*, char const*, unsigned int, std::__cxx11::basic_string<char, std::char_traits<char>, std::allocator<char> > const&) + 0xc3 (0x7ffff6b066fd in /workspace/vllm/.venv/lib/python3.12/site-packages/torch/lib/libc10.so)
frame #2: c10::Dispatcher::registerDef(c10::FunctionSchema, std::__cxx11::basic_string<char, std::char_traits<char>, std::allocator<char> >, std::vector<at::Tag, std::allocator<at::Tag> >) + 0x35e (0x7fff0e6811fe in /workspace/vllm/.venv/lib/python3.12/site-packages/torch/lib/libtorch_cpu.so)
frame #3: torch::Library::_def(c10::FunctionSchema&&, c10::OperatorName*, std::vector<at::Tag, std::allocator<at::Tag> > const&, torch::_RegisterOrVerify) & + 0x514 (0x7fff0e6c2254 in /workspace/vllm/.venv/lib/python3.12/site-packages/torch/lib/libtorch_cpu.so)
frame #4: aoti_torch_library_def + 0x99 (0x7fff128d45b9 in /workspace/vllm/.venv/lib/python3.12/site-packages/torch/lib/libtorch_cpu.so)
frame #5: <unknown function> + 0x2bdb00 (0x7ffe8aebeb00 in /workspace/vllm/vllm/_C_stable_libtorch.abi3.so)
frame #6: <unknown function> + 0x2bf0ce (0x7ffe8aec00ce in /workspace/vllm/vllm/_C_stable_libtorch.abi3.so)
frame #7: <unknown function> + 0x279d92 (0x7ffe8ae7ad92 in /workspace/vllm/vllm/_C_stable_libtorch.abi3.so)
frame #8: <unknown function> + 0x571f (0x7ffff7fca71f in /lib64/ld-linux-x86-64.so.2)
frame #9: <unknown function> + 0x5824 (0x7ffff7fca824 in /lib64/ld-linux-x86-64.so.2)
frame #10: _dl_catch_exception + 0x132 (0x7ffff7fc65b2 in /lib64/ld-linux-x86-64.so.2)
frame #11: <unknown function> + 0xcd7c (0x7ffff7fd1d7c in /lib64/ld-linux-x86-64.so.2)
frame #12: _dl_catch_exception + 0x9c (0x7ffff7fc651c in /lib64/ld-linux-x86-64.so.2)
frame #13: <unknown function> + 0xd164 (0x7ffff7fd2164 in /lib64/ld-linux-x86-64.so.2)
frame #14: <unknown function> + 0x981a4 (0x7ffff7d0c1a4 in /usr/lib/x86_64-linux-gnu/libc.so.6)
frame #15: _dl_catch_exception + 0x9c (0x7ffff7fc651c in /lib64/ld-linux-x86-64.so.2)
frame #16: <unknown function> + 0x1669 (0x7ffff7fc6669 in /lib64/ld-linux-x86-64.so.2)
frame #17: <unknown function> + 0x97c83 (0x7ffff7d0bc83 in /usr/lib/x86_64-linux-gnu/libc.so.6)
frame #18: dlopen + 0x6f (0x7ffff7d0c25f in /usr/lib/x86_64-linux-gnu/libc.so.6)
frame #19: /workspace/vllm/.venv/bin/python() [0x6bc36c]
frame #20: /workspace/vllm/.venv/bin/python() [0x6a946a]
frame #21: /workspace/vllm/.venv/bin/python() [0x6a8bf2]
frame #22: /workspace/vllm/.venv/bin/python() [0x581f37]
frame #23: _PyEval_EvalFrameDefault + 0x4c3a (0x5db0ba in /workspace/vllm/.venv/bin/python)
frame #24: /workspace/vllm/.venv/bin/python() [0x549d47]
frame #25: PyObject_CallMethodObjArgs + 0xe3 (0x54b5c3 in /workspace/vllm/.venv/bin/python)
frame #26: PyImport_ImportModuleLevelObject + 0x395 (0x5fd805 in /workspace/vllm/.venv/bin/python)
frame #27: _PyEval_EvalFrameDefault + 0x5eee (0x5dc36e in /workspace/vllm/.venv/bin/python)
frame #28: PyEval_EvalCode + 0x15b (0x5d543b in /workspace/vllm/.venv/bin/python)
frame #29: /workspace/vllm/.venv/bin/python() [0x5d322c]
frame #30: /workspace/vllm/.venv/bin/python() [0x581d1d]
frame #31: _PyEval_EvalFrameDefault + 0x4c3a (0x5db0ba in /workspace/vllm/.venv/bin/python)
frame #32: PyObject_CallOneArg + 0x4d (0x54a65d in /workspace/vllm/.venv/bin/python)
frame #33: /workspace/vllm/.venv/bin/python() [0x582e84]
frame #34: _PyObject_LookupAttr + 0x7a (0x584bea in /workspace/vllm/.venv/bin/python)
frame #35: /workspace/vllm/.venv/bin/python() [0x5d2b8a]
frame #36: _PyEval_EvalFrameDefault + 0x207d (0x5d84fd in /workspace/vllm/.venv/bin/python)
frame #37: /workspace/vllm/.venv/bin/python() [0x549d47]
frame #38: PyObject_CallMethodObjArgs + 0xe3 (0x54b5c3 in /workspace/vllm/.venv/bin/python)
frame #39: PyImport_ImportModuleLevelObject + 0x5eb (0x5fda5b in /workspace/vllm/.venv/bin/python)
frame #40: _PyEval_EvalFrameDefault + 0x5eee (0x5dc36e in /workspace/vllm/.venv/bin/python)
frame #41: PyEval_EvalCode + 0x15b (0x5d543b in /workspace/vllm/.venv/bin/python)
frame #42: /workspace/vllm/.venv/bin/python() [0x5d322c]
frame #43: /workspace/vllm/.venv/bin/python() [0x581d1d]
frame #44: _PyEval_EvalFrameDefault + 0x4c3a (0x5db0ba in /workspace/vllm/.venv/bin/python)
frame #45: /workspace/vllm/.venv/bin/python() [0x549d47]
frame #46: PyObject_CallMethodObjArgs + 0xe3 (0x54b5c3 in /workspace/vllm/.venv/bin/python)
frame #47: PyImport_ImportModuleLevelObject + 0x395 (0x5fd805 in /workspace/vllm/.venv/bin/python)
frame #48: _PyEval_EvalFrameDefault + 0x5eee (0x5dc36e in /workspace/vllm/.venv/bin/python)
frame #49: PyEval_EvalCode + 0x15b (0x5d543b in /workspace/vllm/.venv/bin/python)
frame #50: /workspace/vllm/.venv/bin/python() [0x5d322c]
frame #51: /workspace/vllm/.venv/bin/python() [0x581d1d]
frame #52: _PyEval_EvalFrameDefault + 0x4c3a (0x5db0ba in /workspace/vllm/.venv/bin/python)
frame #53: /workspace/vllm/.venv/bin/python() [0x549d47]
frame #54: PyObject_CallMethodObjArgs + 0xe3 (0x54b5c3 in /workspace/vllm/.venv/bin/python)
frame #55: PyImport_ImportModuleLevelObject + 0x395 (0x5fd805 in /workspace/vllm/.venv/bin/python)
frame #56: _PyEval_EvalFrameDefault + 0x5eee (0x5dc36e in /workspace/vllm/.venv/bin/python)
frame #57: PyEval_EvalCode + 0x15b (0x5d543b in /workspace/vllm/.venv/bin/python)
frame #58: /workspace/vllm/.venv/bin/python() [0x5d322c]
frame #59: /workspace/vllm/.venv/bin/python() [0x581d1d]
frame #60: _PyEval_EvalFrameDefault + 0x4c3a (0x5db0ba in /workspace/vllm/.venv/bin/python)
frame #61: /workspace/vllm/.venv/bin/python() [0x549d47]
frame #62: PyObject_CallMethodObjArgs + 0xe3 (0x54b5c3 in /workspace/vllm/.venv/bin/python)

[E708 11:01:57.690015936 shim_common.cpp:1458] Exception in aoti_torch: Tried to register an operator (_C::silu_and_mul_quant(Tensor($0! -> ) result, Tensor input, Tensor scale) -> ()) with the same name and overload name multiple times. Each overload's schema should only be registered with a single call to def(). Duplicate registration: registered at /workspace/csrc/libtorch_stable/torch_bindings.cpp:10. Original registration: registered at /workspace/csrc/torch_bindings.cpp:21
Exception raised from registerDef at /pytorch/aten/src/ATen/core/dispatch/Dispatcher.cpp:248 (most recent call first):
frame #0: c10::Error::Error(c10::SourceLocation, std::__cxx11::basic_string<char, std::char_traits<char>, std::allocator<char> >) + 0x9d (0x7ffff6b7205d in /workspace/vllm/.venv/lib/python3.12/site-packages/torch/lib/libc10.so)
frame #1: c10::detail::torchCheckFail(char const*, char const*, unsigned int, std::__cxx11::basic_string<char, std::char_traits<char>, std::allocator<char> > const&) + 0xc3 (0x7ffff6b066fd in /workspace/vllm/.venv/lib/python3.12/site-packages/torch/lib/libc10.so)
frame #2: c10::Dispatcher::registerDef(c10::FunctionSchema, std::__cxx11::basic_string<char, std::char_traits<char>, std::allocator<char> >, std::vector<at::Tag, std::allocator<at::Tag> >) + 0x35e (0x7fff0e6811fe in /workspace/vllm/.venv/lib/python3.12/site-packages/torch/lib/libtorch_cpu.so)
frame #3: torch::Library::_def(c10::FunctionSchema&&, c10::OperatorName*, std::vector<at::Tag, std::allocator<at::Tag> > const&, torch::_RegisterOrVerify) & + 0x514 (0x7fff0e6c2254 in /workspace/vllm/.venv/lib/python3.12/site-packages/torch/lib/libtorch_cpu.so)
frame #4: aoti_torch_library_def + 0x99 (0x7fff128d45b9 in /workspace/vllm/.venv/lib/python3.12/site-packages/torch/lib/libtorch_cpu.so)
frame #5: <unknown function> + 0x2bdb3c (0x7ffe8aebeb3c in /workspace/vllm/vllm/_C_stable_libtorch.abi3.so)
frame #6: <unknown function> + 0x2bf0ce (0x7ffe8aec00ce in /workspace/vllm/vllm/_C_stable_libtorch.abi3.so)
frame #7: <unknown function> + 0x279d92 (0x7ffe8ae7ad92 in /workspace/vllm/vllm/_C_stable_libtorch.abi3.so)
frame #8: <unknown function> + 0x571f (0x7ffff7fca71f in /lib64/ld-linux-x86-64.so.2)
frame #9: <unknown function> + 0x5824 (0x7ffff7fca824 in /lib64/ld-linux-x86-64.so.2)
frame #10: _dl_catch_exception + 0x132 (0x7ffff7fc65b2 in /lib64/ld-linux-x86-64.so.2)
frame #11: <unknown function> + 0xcd7c (0x7ffff7fd1d7c in /lib64/ld-linux-x86-64.so.2)
frame #12: _dl_catch_exception + 0x9c (0x7ffff7fc651c in /lib64/ld-linux-x86-64.so.2)
frame #13: <unknown function> + 0xd164 (0x7ffff7fd2164 in /lib64/ld-linux-x86-64.so.2)
frame #14: <unknown function> + 0x981a4 (0x7ffff7d0c1a4 in /usr/lib/x86_64-linux-gnu/libc.so.6)
frame #15: _dl_catch_exception + 0x9c (0x7ffff7fc651c in /lib64/ld-linux-x86-64.so.2)
frame #16: <unknown function> + 0x1669 (0x7ffff7fc6669 in /lib64/ld-linux-x86-64.so.2)
frame #17: <unknown function> + 0x97c83 (0x7ffff7d0bc83 in /usr/lib/x86_64-linux-gnu/libc.so.6)
frame #18: dlopen + 0x6f (0x7ffff7d0c25f in /usr/lib/x86_64-linux-gnu/libc.so.6)
frame #19: /workspace/vllm/.venv/bin/python() [0x6bc36c]
frame #20: /workspace/vllm/.venv/bin/python() [0x6a946a]
frame #21: /workspace/vllm/.venv/bin/python() [0x6a8bf2]
frame #22: /workspace/vllm/.venv/bin/python() [0x581f37]
frame #23: _PyEval_EvalFrameDefault + 0x4c3a (0x5db0ba in /workspace/vllm/.venv/bin/python)
frame #24: /workspace/vllm/.venv/bin/python() [0x549d47]
frame #25: PyObject_CallMethodObjArgs + 0xe3 (0x54b5c3 in /workspace/vllm/.venv/bin/python)
frame #26: PyImport_ImportModuleLevelObject + 0x395 (0x5fd805 in /workspace/vllm/.venv/bin/python)
frame #27: _PyEval_EvalFrameDefault + 0x5eee (0x5dc36e in /workspace/vllm/.venv/bin/python)
frame #28: PyEval_EvalCode + 0x15b (0x5d543b in /workspace/vllm/.venv/bin/python)
frame #29: /workspace/vllm/.venv/bin/python() [0x5d322c]
frame #30: /workspace/vllm/.venv/bin/python() [0x581d1d]
frame #31: _PyEval_EvalFrameDefault + 0x4c3a (0x5db0ba in /workspace/vllm/.venv/bin/python)
frame #32: PyObject_CallOneArg + 0x4d (0x54a65d in /workspace/vllm/.venv/bin/python)
frame #33: /workspace/vllm/.venv/bin/python() [0x582e84]
frame #34: _PyObject_LookupAttr + 0x7a (0x584bea in /workspace/vllm/.venv/bin/python)
frame #35: /workspace/vllm/.venv/bin/python() [0x5d2b8a]
frame #36: _PyEval_EvalFrameDefault + 0x207d (0x5d84fd in /workspace/vllm/.venv/bin/python)
frame #37: /workspace/vllm/.venv/bin/python() [0x549d47]
frame #38: PyObject_CallMethodObjArgs + 0xe3 (0x54b5c3 in /workspace/vllm/.venv/bin/python)
frame #39: PyImport_ImportModuleLevelObject + 0x5eb (0x5fda5b in /workspace/vllm/.venv/bin/python)
frame #40: _PyEval_EvalFrameDefault + 0x5eee (0x5dc36e in /workspace/vllm/.venv/bin/python)
frame #41: PyEval_EvalCode + 0x15b (0x5d543b in /workspace/vllm/.venv/bin/python)
frame #42: /workspace/vllm/.venv/bin/python() [0x5d322c]
frame #43: /workspace/vllm/.venv/bin/python() [0x581d1d]
frame #44: _PyEval_EvalFrameDefault + 0x4c3a (0x5db0ba in /workspace/vllm/.venv/bin/python)
frame #45: /workspace/vllm/.venv/bin/python() [0x549d47]
frame #46: PyObject_CallMethodObjArgs + 0xe3 (0x54b5c3 in /workspace/vllm/.venv/bin/python)
frame #47: PyImport_ImportModuleLevelObject + 0x395 (0x5fd805 in /workspace/vllm/.venv/bin/python)
frame #48: _PyEval_EvalFrameDefault + 0x5eee (0x5dc36e in /workspace/vllm/.venv/bin/python)
frame #49: PyEval_EvalCode + 0x15b (0x5d543b in /workspace/vllm/.venv/bin/python)
frame #50: /workspace/vllm/.venv/bin/python() [0x5d322c]
frame #51: /workspace/vllm/.venv/bin/python() [0x581d1d]
frame #52: _PyEval_EvalFrameDefault + 0x4c3a (0x5db0ba in /workspace/vllm/.venv/bin/python)
frame #53: /workspace/vllm/.venv/bin/python() [0x549d47]
frame #54: PyObject_CallMethodObjArgs + 0xe3 (0x54b5c3 in /workspace/vllm/.venv/bin/python)
frame #55: PyImport_ImportModuleLevelObject + 0x395 (0x5fd805 in /workspace/vllm/.venv/bin/python)
frame #56: _PyEval_EvalFrameDefault + 0x5eee (0x5dc36e in /workspace/vllm/.venv/bin/python)
frame #57: PyEval_EvalCode + 0x15b (0x5d543b in /workspace/vllm/.venv/bin/python)
frame #58: /workspace/vllm/.venv/bin/python() [0x5d322c]
frame #59: /workspace/vllm/.venv/bin/python() [0x581d1d]
frame #60: _PyEval_EvalFrameDefault + 0x4c3a (0x5db0ba in /workspace/vllm/.venv/bin/python)
frame #61: /workspace/vllm/.venv/bin/python() [0x549d47]
frame #62: PyObject_CallMethodObjArgs + 0xe3 (0x54b5c3 in /workspace/vllm/.venv/bin/python)

[W708 11:01:57.692140067 OperatorEntry.cpp:208] Warning: Warning only once for all operators,  other operators may also be overridden.
  Overriding a previously registered kernel for the same operator and the same dispatch key
  operator: _C::persistent_masked_m_silu_mul_quant(Tensor input, Tensor counts, Tensor($0! -> ) y_q, Tensor($1! -> ) y_s, bool use_ue8m0) -> ()
    registered at /workspace/csrc/torch_bindings.cpp:21
  dispatch key: CUDA
  previous kernel: registered at /workspace/csrc/torch_bindings.cpp:21
       new kernel: registered at /workspace/csrc/libtorch_stable/torch_bindings.cpp:603 (function operator())
[E708 11:01:57.230764350 shim_common.cpp:1458] Exception in aoti_torch: Tried to register an operator (_C::persistent_masked_m_silu_mul_quant(Tensor input, Tensor counts, Tensor($0! -> ) y_q, Tensor($1! -> ) y_s, bool use_ue8m0) -> ()) with the same name and overload name multiple times. Each overload's schema should only be registered with a single call to def(). Duplicate registration: registered at /workspace/csrc/libtorch_stable/torch_bindings.cpp:10. Original registration: registered at /workspace/csrc/torch_bindings.cpp:21
Exception raised from registerDef at /pytorch/aten/src/ATen/core/dispatch/Dispatcher.cpp:248 (most recent call first):
frame #0: c10::Error::Error(c10::SourceLocation, std::__cxx11::basic_string<char, std::char_traits<char>, std::allocator<char> >) + 0x9d (0x7ffff6b7205d in /workspace/vllm/.venv/lib/python3.12/site-packages/torch/lib/libc10.so)
frame #1: c10::detail::torchCheckFail(char const*, char const*, unsigned int, std::__cxx11::basic_string<char, std::char_traits<char>, std::allocator<char> > const&) + 0xc3 (0x7ffff6b066fd in /workspace/vllm/.venv/lib/python3.12/site-packages/torch/lib/libc10.so)
frame #2: c10::Dispatcher::registerDef(c10::FunctionSchema, std::__cxx11::basic_string<char, std::char_traits<char>, std::allocator<char> >, std::vector<at::Tag, std::allocator<at::Tag> >) + 0x35e (0x7fff0e6811fe in /workspace/vllm/.venv/lib/python3.12/site-packages/torch/lib/libtorch_cpu.so)
frame #3: torch::Library::_def(c10::FunctionSchema&&, c10::OperatorName*, std::vector<at::Tag, std::allocator<at::Tag> > const&, torch::_RegisterOrVerify) & + 0x514 (0x7fff0e6c2254 in /workspace/vllm/.venv/lib/python3.12/site-packages/torch/lib/libtorch_cpu.so)
frame #4: aoti_torch_library_def + 0x99 (0x7fff128d45b9 in /workspace/vllm/.venv/lib/python3.12/site-packages/torch/lib/libtorch_cpu.so)
frame #5: <unknown function> + 0x2bdaf1 (0x7ffe8aebeaf1 in /workspace/vllm/vllm/_C_stable_libtorch.abi3.so)
frame #6: <unknown function> + 0x2bf0ce (0x7ffe8aec00ce in /workspace/vllm/vllm/_C_stable_libtorch.abi3.so)
frame #7: <unknown function> + 0x279d92 (0x7ffe8ae7ad92 in /workspace/vllm/vllm/_C_stable_libtorch.abi3.so)
frame #8: <unknown function> + 0x571f (0x7ffff7fca71f in /lib64/ld-linux-x86-64.so.2)
frame #9: <unknown function> + 0x5824 (0x7ffff7fca824 in /lib64/ld-linux-x86-64.so.2)
frame #10: _dl_catch_exception + 0x132 (0x7ffff7fc65b2 in /lib64/ld-linux-x86-64.so.2)
frame #11: <unknown function> + 0xcd7c (0x7ffff7fd1d7c in /lib64/ld-linux-x86-64.so.2)
frame #12: _dl_catch_exception + 0x9c (0x7ffff7fc651c in /lib64/ld-linux-x86-64.so.2)
frame #13: <unknown function> + 0xd164 (0x7ffff7fd2164 in /lib64/ld-linux-x86-64.so.2)
frame #14: <unknown function> + 0x981a4 (0x7ffff7d0c1a4 in /usr/lib/x86_64-linux-gnu/libc.so.6)
frame #15: _dl_catch_exception + 0x9c (0x7ffff7fc651c in /lib64/ld-linux-x86-64.so.2)
frame #16: <unknown function> + 0x1669 (0x7ffff7fc6669 in /lib64/ld-linux-x86-64.so.2)
frame #17: <unknown function> + 0x97c83 (0x7ffff7d0bc83 in /usr/lib/x86_64-linux-gnu/libc.so.6)
frame #18: dlopen + 0x6f (0x7ffff7d0c25f in /usr/lib/x86_64-linux-gnu/libc.so.6)
frame #19: /workspace/vllm/.venv/bin/python() [0x6bc36c]
frame #20: /workspace/vllm/.venv/bin/python() [0x6a946a]
frame #21: /workspace/vllm/.venv/bin/python() [0x6a8bf2]
frame #22: /workspace/vllm/.venv/bin/python() [0x581f37]
frame #23: _PyEval_EvalFrameDefault + 0x4c3a (0x5db0ba in /workspace/vllm/.venv/bin/python)
frame #24: /workspace/vllm/.venv/bin/python() [0x549d47]
frame #25: PyObject_CallMethodObjArgs + 0xe3 (0x54b5c3 in /workspace/vllm/.venv/bin/python)
frame #26: PyImport_ImportModuleLevelObject + 0x395 (0x5fd805 in /workspace/vllm/.venv/bin/python)
frame #27: _PyEval_EvalFrameDefault + 0x5eee (0x5dc36e in /workspace/vllm/.venv/bin/python)
frame #28: PyEval_EvalCode + 0x15b (0x5d543b in /workspace/vllm/.venv/bin/python)
frame #29: /workspace/vllm/.venv/bin/python() [0x5d322c]
frame #30: /workspace/vllm/.venv/bin/python() [0x581d1d]
frame #31: _PyEval_EvalFrameDefault + 0x4c3a (0x5db0ba in /workspace/vllm/.venv/bin/python)
frame #32: PyObject_CallOneArg + 0x4d (0x54a65d in /workspace/vllm/.venv/bin/python)
frame #33: /workspace/vllm/.venv/bin/python() [0x582e84]
frame #34: _PyObject_LookupAttr + 0x7a (0x584bea in /workspace/vllm/.venv/bin/python)
frame #35: /workspace/vllm/.venv/bin/python() [0x5d2b8a]
frame #36: _PyEval_EvalFrameDefault + 0x207d (0x5d84fd in /workspace/vllm/.venv/bin/python)
frame #37: /workspace/vllm/.venv/bin/python() [0x549d47]
frame #38: PyObject_CallMethodObjArgs + 0xe3 (0x54b5c3 in /workspace/vllm/.venv/bin/python)
frame #39: PyImport_ImportModuleLevelObject + 0x5eb (0x5fda5b in /workspace/vllm/.venv/bin/python)
frame #40: _PyEval_EvalFrameDefault + 0x5eee (0x5dc36e in /workspace/vllm/.venv/bin/python)
frame #41: PyEval_EvalCode + 0x15b (0x5d543b in /workspace/vllm/.venv/bin/python)
frame #42: /workspace/vllm/.venv/bin/python() [0x5d322c]
frame #43: /workspace/vllm/.venv/bin/python() [0x581d1d]
frame #44: _PyEval_EvalFrameDefault + 0x4c3a (0x5db0ba in /workspace/vllm/.venv/bin/python)
frame #45: /workspace/vllm/.venv/bin/python() [0x549d47]
frame #46: PyObject_CallMethodObjArgs + 0xe3 (0x54b5c3 in /workspace/vllm/.venv/bin/python)
frame #47: PyImport_ImportModuleLevelObject + 0x395 (0x5fd805 in /workspace/vllm/.venv/bin/python)
frame #48: _PyEval_EvalFrameDefault + 0x5eee (0x5dc36e in /workspace/vllm/.venv/bin/python)
frame #49: PyEval_EvalCode + 0x15b (0x5d543b in /workspace/vllm/.venv/bin/python)
frame #50: /workspace/vllm/.venv/bin/python() [0x5d322c]
frame #51: /workspace/vllm/.venv/bin/python() [0x581d1d]
frame #52: _PyEval_EvalFrameDefault + 0x4c3a (0x5db0ba in /workspace/vllm/.venv/bin/python)
frame #53: /workspace/vllm/.venv/bin/python() [0x549d47]
frame #54: PyObject_CallMethodObjArgs + 0xe3 (0x54b5c3 in /workspace/vllm/.venv/bin/python)
frame #55: PyImport_ImportModuleLevelObject + 0x395 (0x5fd805 in /workspace/vllm/.venv/bin/python)
frame #56: _PyEval_EvalFrameDefault + 0x5eee (0x5dc36e in /workspace/vllm/.venv/bin/python)
frame #57: PyEval_EvalCode + 0x15b (0x5d543b in /workspace/vllm/.venv/bin/python)
frame #58: /workspace/vllm/.venv/bin/python() [0x5d322c]
frame #59: /workspace/vllm/.venv/bin/python() [0x581d1d]
frame #60: _PyEval_EvalFrameDefault + 0x4c3a (0x5db0ba in /workspace/vllm/.venv/bin/python)
frame #61: /workspace/vllm/.venv/bin/python() [0x549d47]
frame #62: PyObject_CallMethodObjArgs + 0xe3 (0x54b5c3 in /workspace/vllm/.venv/bin/python)

[E708 11:01:57.232984751 shim_common.cpp:1458] Exception in aoti_torch: Tried to register an operator (_C::weak_ref_tensor(Tensor input) -> Tensor) with the same name and overload name multiple times. Each overload's schema should only be registered with a single call to def(). Duplicate registration: registered at /workspace/csrc/libtorch_stable/torch_bindings.cpp:10. Original registration: registered at /workspace/csrc/torch_bindings.cpp:21
Exception raised from registerDef at /pytorch/aten/src/ATen/core/dispatch/Dispatcher.cpp:248 (most recent call first):
frame #0: c10::Error::Error(c10::SourceLocation, std::__cxx11::basic_string<char, std::char_traits<char>, std::allocator<char> >) + 0x9d (0x7ffff6b7205d in /workspace/vllm/.venv/lib/python3.12/site-packages/torch/lib/libc10.so)
frame #1: c10::detail::torchCheckFail(char const*, char const*, unsigned int, std::__cxx11::basic_string<char, std::char_traits<char>, std::allocator<char> > const&) + 0xc3 (0x7ffff6b066fd in /workspace/vllm/.venv/lib/python3.12/site-packages/torch/lib/libc10.so)
frame #2: c10::Dispatcher::registerDef(c10::FunctionSchema, std::__cxx11::basic_string<char, std::char_traits<char>, std::allocator<char> >, std::vector<at::Tag, std::allocator<at::Tag> >) + 0x35e (0x7fff0e6811fe in /workspace/vllm/.venv/lib/python3.12/site-packages/torch/lib/libtorch_cpu.so)
frame #3: torch::Library::_def(c10::FunctionSchema&&, c10::OperatorName*, std::vector<at::Tag, std::allocator<at::Tag> > const&, torch::_RegisterOrVerify) & + 0x514 (0x7fff0e6c2254 in /workspace/vllm/.venv/lib/python3.12/site-packages/torch/lib/libtorch_cpu.so)
frame #4: aoti_torch_library_def + 0x99 (0x7fff128d45b9 in /workspace/vllm/.venv/lib/python3.12/site-packages/torch/lib/libtorch_cpu.so)
frame #5: <unknown function> + 0x2bdb00 (0x7ffe8aebeb00 in /workspace/vllm/vllm/_C_stable_libtorch.abi3.so)
frame #6: <unknown function> + 0x2bf0ce (0x7ffe8aec00ce in /workspace/vllm/vllm/_C_stable_libtorch.abi3.so)
frame #7: <unknown function> + 0x279d92 (0x7ffe8ae7ad92 in /workspace/vllm/vllm/_C_stable_libtorch.abi3.so)
frame #8: <unknown function> + 0x571f (0x7ffff7fca71f in /lib64/ld-linux-x86-64.so.2)
frame #9: <unknown function> + 0x5824 (0x7ffff7fca824 in /lib64/ld-linux-x86-64.so.2)
frame #10: _dl_catch_exception + 0x132 (0x7ffff7fc65b2 in /lib64/ld-linux-x86-64.so.2)
frame #11: <unknown function> + 0xcd7c (0x7ffff7fd1d7c in /lib64/ld-linux-x86-64.so.2)
frame #12: _dl_catch_exception + 0x9c (0x7ffff7fc651c in /lib64/ld-linux-x86-64.so.2)
frame #13: <unknown function> + 0xd164 (0x7ffff7fd2164 in /lib64/ld-linux-x86-64.so.2)
frame #14: <unknown function> + 0x981a4 (0x7ffff7d0c1a4 in /usr/lib/x86_64-linux-gnu/libc.so.6)
frame #15: _dl_catch_exception + 0x9c (0x7ffff7fc651c in /lib64/ld-linux-x86-64.so.2)
frame #16: <unknown function> + 0x1669 (0x7ffff7fc6669 in /lib64/ld-linux-x86-64.so.2)
frame #17: <unknown function> + 0x97c83 (0x7ffff7d0bc83 in /usr/lib/x86_64-linux-gnu/libc.so.6)
frame #18: dlopen + 0x6f (0x7ffff7d0c25f in /usr/lib/x86_64-linux-gnu/libc.so.6)
frame #19: /workspace/vllm/.venv/bin/python() [0x6bc36c]
frame #20: /workspace/vllm/.venv/bin/python() [0x6a946a]
frame #21: /workspace/vllm/.venv/bin/python() [0x6a8bf2]
frame #22: /workspace/vllm/.venv/bin/python() [0x581f37]
frame #23: _PyEval_EvalFrameDefault + 0x4c3a (0x5db0ba in /workspace/vllm/.venv/bin/python)
frame #24: /workspace/vllm/.venv/bin/python() [0x549d47]
frame #25: PyObject_CallMethodObjArgs + 0xe3 (0x54b5c3 in /workspace/vllm/.venv/bin/python)
frame #26: PyImport_ImportModuleLevelObject + 0x395 (0x5fd805 in /workspace/vllm/.venv/bin/python)
frame #27: _PyEval_EvalFrameDefault + 0x5eee (0x5dc36e in /workspace/vllm/.venv/bin/python)
frame #28: PyEval_EvalCode + 0x15b (0x5d543b in /workspace/vllm/.venv/bin/python)
frame #29: /workspace/vllm/.venv/bin/python() [0x5d322c]
frame #30: /workspace/vllm/.venv/bin/python() [0x581d1d]
frame #31: _PyEval_EvalFrameDefault + 0x4c3a (0x5db0ba in /workspace/vllm/.venv/bin/python)
frame #32: PyObject_CallOneArg + 0x4d (0x54a65d in /workspace/vllm/.venv/bin/python)
frame #33: /workspace/vllm/.venv/bin/python() [0x582e84]
frame #34: _PyObject_LookupAttr + 0x7a (0x584bea in /workspace/vllm/.venv/bin/python)
frame #35: /workspace/vllm/.venv/bin/python() [0x5d2b8a]
frame #36: _PyEval_EvalFrameDefault + 0x207d (0x5d84fd in /workspace/vllm/.venv/bin/python)
frame #37: /workspace/vllm/.venv/bin/python() [0x549d47]
frame #38: PyObject_CallMethodObjArgs + 0xe3 (0x54b5c3 in /workspace/vllm/.venv/bin/python)
frame #39: PyImport_ImportModuleLevelObject + 0x5eb (0x5fda5b in /workspace/vllm/.venv/bin/python)
frame #40: _PyEval_EvalFrameDefault + 0x5eee (0x5dc36e in /workspace/vllm/.venv/bin/python)
frame #41: PyEval_EvalCode + 0x15b (0x5d543b in /workspace/vllm/.venv/bin/python)
frame #42: /workspace/vllm/.venv/bin/python() [0x5d322c]
frame #43: /workspace/vllm/.venv/bin/python() [0x581d1d]
frame #44: _PyEval_EvalFrameDefault + 0x4c3a (0x5db0ba in /workspace/vllm/.venv/bin/python)
frame #45: /workspace/vllm/.venv/bin/python() [0x549d47]
frame #46: PyObject_CallMethodObjArgs + 0xe3 (0x54b5c3 in /workspace/vllm/.venv/bin/python)
frame #47: PyImport_ImportModuleLevelObject + 0x395 (0x5fd805 in /workspace/vllm/.venv/bin/python)
frame #48: _PyEval_EvalFrameDefault + 0x5eee (0x5dc36e in /workspace/vllm/.venv/bin/python)
frame #49: PyEval_EvalCode + 0x15b (0x5d543b in /workspace/vllm/.venv/bin/python)
frame #50: /workspace/vllm/.venv/bin/python() [0x5d322c]
frame #51: /workspace/vllm/.venv/bin/python() [0x581d1d]
frame #52: _PyEval_EvalFrameDefault + 0x4c3a (0x5db0ba in /workspace/vllm/.venv/bin/python)
frame #53: /workspace/vllm/.venv/bin/python() [0x549d47]
frame #54: PyObject_CallMethodObjArgs + 0xe3 (0x54b5c3 in /workspace/vllm/.venv/bin/python)
frame #55: PyImport_ImportModuleLevelObject + 0x395 (0x5fd805 in /workspace/vllm/.venv/bin/python)
frame #56: _PyEval_EvalFrameDefault + 0x5eee (0x5dc36e in /workspace/vllm/.venv/bin/python)
frame #57: PyEval_EvalCode + 0x15b (0x5d543b in /workspace/vllm/.venv/bin/python)
frame #58: /workspace/vllm/.venv/bin/python() [0x5d322c]
frame #59: /workspace/vllm/.venv/bin/python() [0x581d1d]
frame #60: _PyEval_EvalFrameDefault + 0x4c3a (0x5db0ba in /workspace/vllm/.venv/bin/python)
frame #61: /workspace/vllm/.venv/bin/python() [0x549d47]
frame #62: PyObject_CallMethodObjArgs + 0xe3 (0x54b5c3 in /workspace/vllm/.venv/bin/python)

[E708 11:01:57.235134518 shim_common.cpp:1458] Exception in aoti_torch: Tried to register an operator (_C::silu_and_mul_quant(Tensor($0! -> ) result, Tensor input, Tensor scale) -> ()) with the same name and overload name multiple times. Each overload's schema should only be registered with a single call to def(). Duplicate registration: registered at /workspace/csrc/libtorch_stable/torch_bindings.cpp:10. Original registration: registered at /workspace/csrc/torch_bindings.cpp:21
Exception raised from registerDef at /pytorch/aten/src/ATen/core/dispatch/Dispatcher.cpp:248 (most recent call first):
frame #0: c10::Error::Error(c10::SourceLocation, std::__cxx11::basic_string<char, std::char_traits<char>, std::allocator<char> >) + 0x9d (0x7ffff6b7205d in /workspace/vllm/.venv/lib/python3.12/site-packages/torch/lib/libc10.so)
frame #1: c10::detail::torchCheckFail(char const*, char const*, unsigned int, std::__cxx11::basic_string<char, std::char_traits<char>, std::allocator<char> > const&) + 0xc3 (0x7ffff6b066fd in /workspace/vllm/.venv/lib/python3.12/site-packages/torch/lib/libc10.so)
frame #2: c10::Dispatcher::registerDef(c10::FunctionSchema, std::__cxx11::basic_string<char, std::char_traits<char>, std::allocator<char> >, std::vector<at::Tag, std::allocator<at::Tag> >) + 0x35e (0x7fff0e6811fe in /workspace/vllm/.venv/lib/python3.12/site-packages/torch/lib/libtorch_cpu.so)
frame #3: torch::Library::_def(c10::FunctionSchema&&, c10::OperatorName*, std::vector<at::Tag, std::allocator<at::Tag> > const&, torch::_RegisterOrVerify) & + 0x514 (0x7fff0e6c2254 in /workspace/vllm/.venv/lib/python3.12/site-packages/torch/lib/libtorch_cpu.so)
frame #4: aoti_torch_library_def + 0x99 (0x7fff128d45b9 in /workspace/vllm/.venv/lib/python3.12/site-packages/torch/lib/libtorch_cpu.so)
frame #5: <unknown function> + 0x2bdb3c (0x7ffe8aebeb3c in /workspace/vllm/vllm/_C_stable_libtorch.abi3.so)
frame #6: <unknown function> + 0x2bf0ce (0x7ffe8aec00ce in /workspace/vllm/vllm/_C_stable_libtorch.abi3.so)
frame #7: <unknown function> + 0x279d92 (0x7ffe8ae7ad92 in /workspace/vllm/vllm/_C_stable_libtorch.abi3.so)
frame #8: <unknown function> + 0x571f (0x7ffff7fca71f in /lib64/ld-linux-x86-64.so.2)
frame #9: <unknown function> + 0x5824 (0x7ffff7fca824 in /lib64/ld-linux-x86-64.so.2)
frame #10: _dl_catch_exception + 0x132 (0x7ffff7fc65b2 in /lib64/ld-linux-x86-64.so.2)
frame #11: <unknown function> + 0xcd7c (0x7ffff7fd1d7c in /lib64/ld-linux-x86-64.so.2)
frame #12: _dl_catch_exception + 0x9c (0x7ffff7fc651c in /lib64/ld-linux-x86-64.so.2)
frame #13: <unknown function> + 0xd164 (0x7ffff7fd2164 in /lib64/ld-linux-x86-64.so.2)
frame #14: <unknown function> + 0x981a4 (0x7ffff7d0c1a4 in /usr/lib/x86_64-linux-gnu/libc.so.6)
frame #15: _dl_catch_exception + 0x9c (0x7ffff7fc651c in /lib64/ld-linux-x86-64.so.2)
frame #16: <unknown function> + 0x1669 (0x7ffff7fc6669 in /lib64/ld-linux-x86-64.so.2)
frame #17: <unknown function> + 0x97c83 (0x7ffff7d0bc83 in /usr/lib/x86_64-linux-gnu/libc.so.6)
frame #18: dlopen + 0x6f (0x7ffff7d0c25f in /usr/lib/x86_64-linux-gnu/libc.so.6)
frame #19: /workspace/vllm/.venv/bin/python() [0x6bc36c]
frame #20: /workspace/vllm/.venv/bin/python() [0x6a946a]
frame #21: /workspace/vllm/.venv/bin/python() [0x6a8bf2]
frame #22: /workspace/vllm/.venv/bin/python() [0x581f37]
frame #23: _PyEval_EvalFrameDefault + 0x4c3a (0x5db0ba in /workspace/vllm/.venv/bin/python)
frame #24: /workspace/vllm/.venv/bin/python() [0x549d47]
frame #25: PyObject_CallMethodObjArgs + 0xe3 (0x54b5c3 in /workspace/vllm/.venv/bin/python)
frame #26: PyImport_ImportModuleLevelObject + 0x395 (0x5fd805 in /workspace/vllm/.venv/bin/python)
frame #27: _PyEval_EvalFrameDefault + 0x5eee (0x5dc36e in /workspace/vllm/.venv/bin/python)
frame #28: PyEval_EvalCode + 0x15b (0x5d543b in /workspace/vllm/.venv/bin/python)
frame #29: /workspace/vllm/.venv/bin/python() [0x5d322c]
frame #30: /workspace/vllm/.venv/bin/python() [0x581d1d]
frame #31: _PyEval_EvalFrameDefault + 0x4c3a (0x5db0ba in /workspace/vllm/.venv/bin/python)
frame #32: PyObject_CallOneArg + 0x4d (0x54a65d in /workspace/vllm/.venv/bin/python)
frame #33: /workspace/vllm/.venv/bin/python() [0x582e84]
frame #34: _PyObject_LookupAttr + 0x7a (0x584bea in /workspace/vllm/.venv/bin/python)
frame #35: /workspace/vllm/.venv/bin/python() [0x5d2b8a]
frame #36: _PyEval_EvalFrameDefault + 0x207d (0x5d84fd in /workspace/vllm/.venv/bin/python)
frame #37: /workspace/vllm/.venv/bin/python() [0x549d47]
frame #38: PyObject_CallMethodObjArgs + 0xe3 (0x54b5c3 in /workspace/vllm/.venv/bin/python)
frame #39: PyImport_ImportModuleLevelObject + 0x5eb (0x5fda5b in /workspace/vllm/.venv/bin/python)
frame #40: _PyEval_EvalFrameDefault + 0x5eee (0x5dc36e in /workspace/vllm/.venv/bin/python)
frame #41: PyEval_EvalCode + 0x15b (0x5d543b in /workspace/vllm/.venv/bin/python)
frame #42: /workspace/vllm/.venv/bin/python() [0x5d322c]
frame #43: /workspace/vllm/.venv/bin/python() [0x581d1d]
frame #44: _PyEval_EvalFrameDefault + 0x4c3a (0x5db0ba in /workspace/vllm/.venv/bin/python)
frame #45: /workspace/vllm/.venv/bin/python() [0x549d47]
frame #46: PyObject_CallMethodObjArgs + 0xe3 (0x54b5c3 in /workspace/vllm/.venv/bin/python)
frame #47: PyImport_ImportModuleLevelObject + 0x395 (0x5fd805 in /workspace/vllm/.venv/bin/python)
frame #48: _PyEval_EvalFrameDefault + 0x5eee (0x5dc36e in /workspace/vllm/.venv/bin/python)
frame #49: PyEval_EvalCode + 0x15b (0x5d543b in /workspace/vllm/.venv/bin/python)
frame #50: /workspace/vllm/.venv/bin/python() [0x5d322c]
frame #51: /workspace/vllm/.venv/bin/python() [0x581d1d]
frame #52: _PyEval_EvalFrameDefault + 0x4c3a (0x5db0ba in /workspace/vllm/.venv/bin/python)
frame #53: /workspace/vllm/.venv/bin/python() [0x549d47]
frame #54: PyObject_CallMethodObjArgs + 0xe3 (0x54b5c3 in /workspace/vllm/.venv/bin/python)
frame #55: PyImport_ImportModuleLevelObject + 0x395 (0x5fd805 in /workspace/vllm/.venv/bin/python)
frame #56: _PyEval_EvalFrameDefault + 0x5eee (0x5dc36e in /workspace/vllm/.venv/bin/python)
frame #57: PyEval_EvalCode + 0x15b (0x5d543b in /workspace/vllm/.venv/bin/python)
frame #58: /workspace/vllm/.venv/bin/python() [0x5d322c]
frame #59: /workspace/vllm/.venv/bin/python() [0x581d1d]
frame #60: _PyEval_EvalFrameDefault + 0x4c3a (0x5db0ba in /workspace/vllm/.venv/bin/python)
frame #61: /workspace/vllm/.venv/bin/python() [0x549d47]
frame #62: PyObject_CallMethodObjArgs + 0xe3 (0x54b5c3 in /workspace/vllm/.venv/bin/python)

[W708 11:01:57.237528318 OperatorEntry.cpp:208] Warning: Warning only once for all operators,  other operators may also be overridden.
  Overriding a previously registered kernel for the same operator and the same dispatch key
  operator: _C::persistent_masked_m_silu_mul_quant(Tensor input, Tensor counts, Tensor($0! -> ) y_q, Tensor($1! -> ) y_s, bool use_ue8m0) -> ()
    registered at /workspace/csrc/torch_bindings.cpp:21
  dispatch key: CUDA
  previous kernel: registered at /workspace/csrc/torch_bindings.cpp:21
       new kernel: registered at /workspace/csrc/libtorch_stable/torch_bindings.cpp:603 (function operator())
[E708 11:01:57.237853058 shim_common.cpp:1458] Exception in aoti_torch: Tried to register an operator (_C::persistent_masked_m_silu_mul_quant(Tensor input, Tensor counts, Tensor($0! -> ) y_q, Tensor($1! -> ) y_s, bool use_ue8m0) -> ()) with the same name and overload name multiple times. Each overload's schema should only be registered with a single call to def(). Duplicate registration: registered at /workspace/csrc/libtorch_stable/torch_bindings.cpp:10. Original registration: registered at /workspace/csrc/torch_bindings.cpp:21
Exception raised from registerDef at /pytorch/aten/src/ATen/core/dispatch/Dispatcher.cpp:248 (most recent call first):
frame #0: c10::Error::Error(c10::SourceLocation, std::__cxx11::basic_string<char, std::char_traits<char>, std::allocator<char> >) + 0x9d (0x7ffff6b7205d in /workspace/vllm/.venv/lib/python3.12/site-packages/torch/lib/libc10.so)
frame #1: c10::detail::torchCheckFail(char const*, char const*, unsigned int, std::__cxx11::basic_string<char, std::char_traits<char>, std::allocator<char> > const&) + 0xc3 (0x7ffff6b066fd in /workspace/vllm/.venv/lib/python3.12/site-packages/torch/lib/libc10.so)
frame #2: c10::Dispatcher::registerDef(c10::FunctionSchema, std::__cxx11::basic_string<char, std::char_traits<char>, std::allocator<char> >, std::vector<at::Tag, std::allocator<at::Tag> >) + 0x35e (0x7fff0e6811fe in /workspace/vllm/.venv/lib/python3.12/site-packages/torch/lib/libtorch_cpu.so)
frame #3: torch::Library::_def(c10::FunctionSchema&&, c10::OperatorName*, std::vector<at::Tag, std::allocator<at::Tag> > const&, torch::_RegisterOrVerify) & + 0x514 (0x7fff0e6c2254 in /workspace/vllm/.venv/lib/python3.12/site-packages/torch/lib/libtorch_cpu.so)
frame #4: aoti_torch_library_def + 0x99 (0x7fff128d45b9 in /workspace/vllm/.venv/lib/python3.12/site-packages/torch/lib/libtorch_cpu.so)
frame #5: <unknown function> + 0x2bdaf1 (0x7ffe8aebeaf1 in /workspace/vllm/vllm/_C_stable_libtorch.abi3.so)
frame #6: <unknown function> + 0x2bf0ce (0x7ffe8aec00ce in /workspace/vllm/vllm/_C_stable_libtorch.abi3.so)
frame #7: <unknown function> + 0x279d92 (0x7ffe8ae7ad92 in /workspace/vllm/vllm/_C_stable_libtorch.abi3.so)
frame #8: <unknown function> + 0x571f (0x7ffff7fca71f in /lib64/ld-linux-x86-64.so.2)
frame #9: <unknown function> + 0x5824 (0x7ffff7fca824 in /lib64/ld-linux-x86-64.so.2)
frame #10: _dl_catch_exception + 0x132 (0x7ffff7fc65b2 in /lib64/ld-linux-x86-64.so.2)
frame #11: <unknown function> + 0xcd7c (0x7ffff7fd1d7c in /lib64/ld-linux-x86-64.so.2)
frame #12: _dl_catch_exception + 0x9c (0x7ffff7fc651c in /lib64/ld-linux-x86-64.so.2)
frame #13: <unknown function> + 0xd164 (0x7ffff7fd2164 in /lib64/ld-linux-x86-64.so.2)
frame #14: <unknown function> + 0x981a4 (0x7ffff7d0c1a4 in /usr/lib/x86_64-linux-gnu/libc.so.6)
frame #15: _dl_catch_exception + 0x9c (0x7ffff7fc651c in /lib64/ld-linux-x86-64.so.2)
frame #16: <unknown function> + 0x1669 (0x7ffff7fc6669 in /lib64/ld-linux-x86-64.so.2)
frame #17: <unknown function> + 0x97c83 (0x7ffff7d0bc83 in /usr/lib/x86_64-linux-gnu/libc.so.6)
frame #18: dlopen + 0x6f (0x7ffff7d0c25f in /usr/lib/x86_64-linux-gnu/libc.so.6)
frame #19: /workspace/vllm/.venv/bin/python() [0x6bc36c]
frame #20: /workspace/vllm/.venv/bin/python() [0x6a946a]
frame #21: /workspace/vllm/.venv/bin/python() [0x6a8bf2]
frame #22: /workspace/vllm/.venv/bin/python() [0x581f37]
frame #23: _PyEval_EvalFrameDefault + 0x4c3a (0x5db0ba in /workspace/vllm/.venv/bin/python)
frame #24: /workspace/vllm/.venv/bin/python() [0x549d47]
frame #25: PyObject_CallMethodObjArgs + 0xe3 (0x54b5c3 in /workspace/vllm/.venv/bin/python)
frame #26: PyImport_ImportModuleLevelObject + 0x395 (0x5fd805 in /workspace/vllm/.venv/bin/python)
frame #27: _PyEval_EvalFrameDefault + 0x5eee (0x5dc36e in /workspace/vllm/.venv/bin/python)
frame #28: PyEval_EvalCode + 0x15b (0x5d543b in /workspace/vllm/.venv/bin/python)
frame #29: /workspace/vllm/.venv/bin/python() [0x5d322c]
frame #30: /workspace/vllm/.venv/bin/python() [0x581d1d]
frame #31: _PyEval_EvalFrameDefault + 0x4c3a (0x5db0ba in /workspace/vllm/.venv/bin/python)
frame #32: PyObject_CallOneArg + 0x4d (0x54a65d in /workspace/vllm/.venv/bin/python)
frame #33: /workspace/vllm/.venv/bin/python() [0x582e84]
frame #34: _PyObject_LookupAttr + 0x7a (0x584bea in /workspace/vllm/.venv/bin/python)
frame #35: /workspace/vllm/.venv/bin/python() [0x5d2b8a]
frame #36: _PyEval_EvalFrameDefault + 0x207d (0x5d84fd in /workspace/vllm/.venv/bin/python)
frame #37: /workspace/vllm/.venv/bin/python() [0x549d47]
frame #38: PyObject_CallMethodObjArgs + 0xe3 (0x54b5c3 in /workspace/vllm/.venv/bin/python)
frame #39: PyImport_ImportModuleLevelObject + 0x5eb (0x5fda5b in /workspace/vllm/.venv/bin/python)
frame #40: _PyEval_EvalFrameDefault + 0x5eee (0x5dc36e in /workspace/vllm/.venv/bin/python)
frame #41: PyEval_EvalCode + 0x15b (0x5d543b in /workspace/vllm/.venv/bin/python)
frame #42: /workspace/vllm/.venv/bin/python() [0x5d322c]
frame #43: /workspace/vllm/.venv/bin/python() [0x581d1d]
frame #44: _PyEval_EvalFrameDefault + 0x4c3a (0x5db0ba in /workspace/vllm/.venv/bin/python)
frame #45: /workspace/vllm/.venv/bin/python() [0x549d47]
frame #46: PyObject_CallMethodObjArgs + 0xe3 (0x54b5c3 in /workspace/vllm/.venv/bin/python)
frame #47: PyImport_ImportModuleLevelObject + 0x395 (0x5fd805 in /workspace/vllm/.venv/bin/python)
frame #48: _PyEval_EvalFrameDefault + 0x5eee (0x5dc36e in /workspace/vllm/.venv/bin/python)
frame #49: PyEval_EvalCode + 0x15b (0x5d543b in /workspace/vllm/.venv/bin/python)
frame #50: /workspace/vllm/.venv/bin/python() [0x5d322c]
frame #51: /workspace/vllm/.venv/bin/python() [0x581d1d]
frame #52: _PyEval_EvalFrameDefault + 0x4c3a (0x5db0ba in /workspace/vllm/.venv/bin/python)
frame #53: /workspace/vllm/.venv/bin/python() [0x549d47]
frame #54: PyObject_CallMethodObjArgs + 0xe3 (0x54b5c3 in /workspace/vllm/.venv/bin/python)
frame #55: PyImport_ImportModuleLevelObject + 0x395 (0x5fd805 in /workspace/vllm/.venv/bin/python)
frame #56: _PyEval_EvalFrameDefault + 0x5eee (0x5dc36e in /workspace/vllm/.venv/bin/python)
frame #57: PyEval_EvalCode + 0x15b (0x5d543b in /workspace/vllm/.venv/bin/python)
frame #58: /workspace/vllm/.venv/bin/python() [0x5d322c]
frame #59: /workspace/vllm/.venv/bin/python() [0x581d1d]
frame #60: _PyEval_EvalFrameDefault + 0x4c3a (0x5db0ba in /workspace/vllm/.venv/bin/python)
frame #61: /workspace/vllm/.venv/bin/python() [0x549d47]
frame #62: PyObject_CallMethodObjArgs + 0xe3 (0x54b5c3 in /workspace/vllm/.venv/bin/python)

[E708 11:01:57.238115661 shim_common.cpp:1458] Exception in aoti_torch: Tried to register an operator (_C::persistent_masked_m_silu_mul_quant(Tensor input, Tensor counts, Tensor($0! -> ) y_q, Tensor($1! -> ) y_s, bool use_ue8m0) -> ()) with the same name and overload name multiple times. Each overload's schema should only be registered with a single call to def(). Duplicate registration: registered at /workspace/csrc/libtorch_stable/torch_bindings.cpp:10. Original registration: registered at /workspace/csrc/torch_bindings.cpp:21
Exception raised from registerDef at /pytorch/aten/src/ATen/core/dispatch/Dispatcher.cpp:248 (most recent call first):
frame #0: c10::Error::Error(c10::SourceLocation, std::__cxx11::basic_string<char, std::char_traits<char>, std::allocator<char> >) + 0x9d (0x7ffff6b7205d in /workspace/vllm/.venv/lib/python3.12/site-packages/torch/lib/libc10.so)
frame #1: c10::detail::torchCheckFail(char const*, char const*, unsigned int, std::__cxx11::basic_string<char, std::char_traits<char>, std::allocator<char> > const&) + 0xc3 (0x7ffff6b066fd in /workspace/vllm/.venv/lib/python3.12/site-packages/torch/lib/libc10.so)
frame #2: c10::Dispatcher::registerDef(c10::FunctionSchema, std::__cxx11::basic_string<char, std::char_traits<char>, std::allocator<char> >, std::vector<at::Tag, std::allocator<at::Tag> >) + 0x35e (0x7fff0e6811fe in /workspace/vllm/.venv/lib/python3.12/site-packages/torch/lib/libtorch_cpu.so)
frame #3: torch::Library::_def(c10::FunctionSchema&&, c10::OperatorName*, std::vector<at::Tag, std::allocator<at::Tag> > const&, torch::_RegisterOrVerify) & + 0x514 (0x7fff0e6c2254 in /workspace/vllm/.venv/lib/python3.12/site-packages/torch/lib/libtorch_cpu.so)
frame #4: aoti_torch_library_def + 0x99 (0x7fff128d45b9 in /workspace/vllm/.venv/lib/python3.12/site-packages/torch/lib/libtorch_cpu.so)
frame #5: <unknown function> + 0x2bdaf1 (0x7ffe8aebeaf1 in /workspace/vllm/vllm/_C_stable_libtorch.abi3.so)
frame #6: <unknown function> + 0x2bf0ce (0x7ffe8aec00ce in /workspace/vllm/vllm/_C_stable_libtorch.abi3.so)
frame #7: <unknown function> + 0x279d92 (0x7ffe8ae7ad92 in /workspace/vllm/vllm/_C_stable_libtorch.abi3.so)
frame #8: <unknown function> + 0x571f (0x7ffff7fca71f in /lib64/ld-linux-x86-64.so.2)
frame #9: <unknown function> + 0x5824 (0x7ffff7fca824 in /lib64/ld-linux-x86-64.so.2)
frame #10: _dl_catch_exception + 0x132 (0x7ffff7fc65b2 in /lib64/ld-linux-x86-64.so.2)
frame #11: <unknown function> + 0xcd7c (0x7ffff7fd1d7c in /lib64/ld-linux-x86-64.so.2)
frame #12: _dl_catch_exception + 0x9c (0x7ffff7fc651c in /lib64/ld-linux-x86-64.so.2)
frame #13: <unknown function> + 0xd164 (0x7ffff7fd2164 in /lib64/ld-linux-x86-64.so.2)
frame #14: <unknown function> + 0x981a4 (0x7ffff7d0c1a4 in /usr/lib/x86_64-linux-gnu/libc.so.6)
frame #15: _dl_catch_exception + 0x9c (0x7ffff7fc651c in /lib64/ld-linux-x86-64.so.2)
frame #16: <unknown function> + 0x1669 (0x7ffff7fc6669 in /lib64/ld-linux-x86-64.so.2)
frame #17: <unknown function> + 0x97c83 (0x7ffff7d0bc83 in /usr/lib/x86_64-linux-gnu/libc.so.6)
frame #18: dlopen + 0x6f (0x7ffff7d0c25f in /usr/lib/x86_64-linux-gnu/libc.so.6)
frame #19: /workspace/vllm/.venv/bin/python() [0x6bc36c]
frame #20: /workspace/vllm/.venv/bin/python() [0x6a946a]
frame #21: /workspace/vllm/.venv/bin/python() [0x6a8bf2]
frame #22: /workspace/vllm/.venv/bin/python() [0x581f37]
frame #23: _PyEval_EvalFrameDefault + 0x4c3a (0x5db0ba in /workspace/vllm/.venv/bin/python)
frame #24: /workspace/vllm/.venv/bin/python() [0x549d47]
frame #25: PyObject_CallMethodObjArgs + 0xe3 (0x54b5c3 in /workspace/vllm/.venv/bin/python)
frame #26: PyImport_ImportModuleLevelObject + 0x395 (0x5fd805 in /workspace/vllm/.venv/bin/python)
frame #27: _PyEval_EvalFrameDefault + 0x5eee (0x5dc36e in /workspace/vllm/.venv/bin/python)
frame #28: PyEval_EvalCode + 0x15b (0x5d543b in /workspace/vllm/.venv/bin/python)
frame #29: /workspace/vllm/.venv/bin/python() [0x5d322c]
frame #30: /workspace/vllm/.venv/bin/python() [0x581d1d]
frame #31: _PyEval_EvalFrameDefault + 0x4c3a (0x5db0ba in /workspace/vllm/.venv/bin/python)
frame #32: PyObject_CallOneArg + 0x4d (0x54a65d in /workspace/vllm/.venv/bin/python)
frame #33: /workspace/vllm/.venv/bin/python() [0x582e84]
frame #34: _PyObject_LookupAttr + 0x7a (0x584bea in /workspace/vllm/.venv/bin/python)
frame #35: /workspace/vllm/.venv/bin/python() [0x5d2b8a]
frame #36: _PyEval_EvalFrameDefault + 0x207d (0x5d84fd in /workspace/vllm/.venv/bin/python)
frame #37: /workspace/vllm/.venv/bin/python() [0x549d47]
frame #38: PyObject_CallMethodObjArgs + 0xe3 (0x54b5c3 in /workspace/vllm/.venv/bin/python)
frame #39: PyImport_ImportModuleLevelObject + 0x5eb (0x5fda5b in /workspace/vllm/.venv/bin/python)
frame #40: _PyEval_EvalFrameDefault + 0x5eee (0x5dc36e in /workspace/vllm/.venv/bin/python)
frame #41: PyEval_EvalCode + 0x15b (0x5d543b in /workspace/vllm/.venv/bin/python)
frame #42: /workspace/vllm/.venv/bin/python() [0x5d322c]
frame #43: /workspace/vllm/.venv/bin/python() [0x581d1d]
frame #44: _PyEval_EvalFrameDefault + 0x4c3a (0x5db0ba in /workspace/vllm/.venv/bin/python)
frame #45: /workspace/vllm/.venv/bin/python() [0x549d47]
frame #46: PyObject_CallMethodObjArgs + 0xe3 (0x54b5c3 in /workspace/vllm/.venv/bin/python)
frame #47: PyImport_ImportModuleLevelObject + 0x395 (0x5fd805 in /workspace/vllm/.venv/bin/python)
frame #48: _PyEval_EvalFrameDefault + 0x5eee (0x5dc36e in /workspace/vllm/.venv/bin/python)
frame #49: PyEval_EvalCode + 0x15b (0x5d543b in /workspace/vllm/.venv/bin/python)
frame #50: /workspace/vllm/.venv/bin/python() [0x5d322c]
frame #51: /workspace/vllm/.venv/bin/python() [0x581d1d]
frame #52: _PyEval_EvalFrameDefault + 0x4c3a (0x5db0ba in /workspace/vllm/.venv/bin/python)
frame #53: /workspace/vllm/.venv/bin/python() [0x549d47]
frame #54: PyObject_CallMethodObjArgs + 0xe3 (0x54b5c3 in /workspace/vllm/.venv/bin/python)
frame #55: PyImport_ImportModuleLevelObject + 0x395 (0x5fd805 in /workspace/vllm/.venv/bin/python)
frame #56: _PyEval_EvalFrameDefault + 0x5eee (0x5dc36e in /workspace/vllm/.venv/bin/python)
frame #57: PyEval_EvalCode + 0x15b (0x5d543b in /workspace/vllm/.venv/bin/python)
frame #58: /workspace/vllm/.venv/bin/python() [0x5d322c]
frame #59: /workspace/vllm/.venv/bin/python() [0x581d1d]
frame #60: _PyEval_EvalFrameDefault + 0x4c3a (0x5db0ba in /workspace/vllm/.venv/bin/python)
frame #61: /workspace/vllm/.venv/bin/python() [0x549d47]
frame #62: PyObject_CallMethodObjArgs + 0xe3 (0x54b5c3 in /workspace/vllm/.venv/bin/python)

[E708 11:01:57.238430175 shim_common.cpp:1458] Exception in aoti_torch: Tried to register an operator (_C::persistent_masked_m_silu_mul_quant(Tensor input, Tensor counts, Tensor($0! -> ) y_q, Tensor($1! -> ) y_s, bool use_ue8m0) -> ()) with the same name and overload name multiple times. Each overload's schema should only be registered with a single call to def(). Duplicate registration: registered at /workspace/csrc/libtorch_stable/torch_bindings.cpp:10. Original registration: registered at /workspace/csrc/torch_bindings.cpp:21
Exception raised from registerDef at /pytorch/aten/src/ATen/core/dispatch/Dispatcher.cpp:248 (most recent call first):
frame #0: c10::Error::Error(c10::SourceLocation, std::__cxx11::basic_string<char, std::char_traits<char>, std::allocator<char> >) + 0x9d (0x7ffff6b7205d in /workspace/vllm/.venv/lib/python3.12/site-packages/torch/lib/libc10.so)
frame #1: c10::detail::torchCheckFail(char const*, char const*, unsigned int, std::__cxx11::basic_string<char, std::char_traits<char>, std::allocator<char> > const&) + 0xc3 (0x7ffff6b066fd in /workspace/vllm/.venv/lib/python3.12/site-packages/torch/lib/libc10.so)
frame #2: c10::Dispatcher::registerDef(c10::FunctionSchema, std::__cxx11::basic_string<char, std::char_traits<char>, std::allocator<char> >, std::vector<at::Tag, std::allocator<at::Tag> >) + 0x35e (0x7fff0e6811fe in /workspace/vllm/.venv/lib/python3.12/site-packages/torch/lib/libtorch_cpu.so)
frame #3: torch::Library::_def(c10::FunctionSchema&&, c10::OperatorName*, std::vector<at::Tag, std::allocator<at::Tag> > const&, torch::_RegisterOrVerify) & + 0x514 (0x7fff0e6c2254 in /workspace/vllm/.venv/lib/python3.12/site-packages/torch/lib/libtorch_cpu.so)
frame #4: aoti_torch_library_def + 0x99 (0x7fff128d45b9 in /workspace/vllm/.venv/lib/python3.12/site-packages/torch/lib/libtorch_cpu.so)
frame #5: <unknown function> + 0x2bdaf1 (0x7ffe8aebeaf1 in /workspace/vllm/vllm/_C_stable_libtorch.abi3.so)
frame #6: <unknown function> + 0x2bf0ce (0x7ffe8aec00ce in /workspace/vllm/vllm/_C_stable_libtorch.abi3.so)
frame #7: <unknown function> + 0x279d92 (0x7ffe8ae7ad92 in /workspace/vllm/vllm/_C_stable_libtorch.abi3.so)
frame #8: <unknown function> + 0x571f (0x7ffff7fca71f in /lib64/ld-linux-x86-64.so.2)
frame #9: <unknown function> + 0x5824 (0x7ffff7fca824 in /lib64/ld-linux-x86-64.so.2)
frame #10: _dl_catch_exception + 0x132 (0x7ffff7fc65b2 in /lib64/ld-linux-x86-64.so.2)
frame #11: <unknown function> + 0xcd7c (0x7ffff7fd1d7c in /lib64/ld-linux-x86-64.so.2)
frame #12: _dl_catch_exception + 0x9c (0x7ffff7fc651c in /lib64/ld-linux-x86-64.so.2)
frame #13: <unknown function> + 0xd164 (0x7ffff7fd2164 in /lib64/ld-linux-x86-64.so.2)
frame #14: <unknown function> + 0x981a4 (0x7ffff7d0c1a4 in /usr/lib/x86_64-linux-gnu/libc.so.6)
frame #15: _dl_catch_exception + 0x9c (0x7ffff7fc651c in /lib64/ld-linux-x86-64.so.2)
frame #16: <unknown function> + 0x1669 (0x7ffff7fc6669 in /lib64/ld-linux-x86-64.so.2)
frame #17: <unknown function> + 0x97c83 (0x7ffff7d0bc83 in /usr/lib/x86_64-linux-gnu/libc.so.6)
frame #18: dlopen + 0x6f (0x7ffff7d0c25f in /usr/lib/x86_64-linux-gnu/libc.so.6)
frame #19: /workspace/vllm/.venv/bin/python() [0x6bc36c]
frame #20: /workspace/vllm/.venv/bin/python() [0x6a946a]
frame #21: /workspace/vllm/.venv/bin/python() [0x6a8bf2]
frame #22: /workspace/vllm/.venv/bin/python() [0x581f37]
frame #23: _PyEval_EvalFrameDefault + 0x4c3a (0x5db0ba in /workspace/vllm/.venv/bin/python)
frame #24: /workspace/vllm/.venv/bin/python() [0x549d47]
frame #25: PyObject_CallMethodObjArgs + 0xe3 (0x54b5c3 in /workspace/vllm/.venv/bin/python)
frame #26: PyImport_ImportModuleLevelObject + 0x395 (0x5fd805 in /workspace/vllm/.venv/bin/python)
frame #27: _PyEval_EvalFrameDefault + 0x5eee (0x5dc36e in /workspace/vllm/.venv/bin/python)
frame #28: PyEval_EvalCode + 0x15b (0x5d543b in /workspace/vllm/.venv/bin/python)
frame #29: /workspace/vllm/.venv/bin/python() [0x5d322c]
frame #30: /workspace/vllm/.venv/bin/python() [0x581d1d]
frame #31: _PyEval_EvalFrameDefault + 0x4c3a (0x5db0ba in /workspace/vllm/.venv/bin/python)
frame #32: PyObject_CallOneArg + 0x4d (0x54a65d in /workspace/vllm/.venv/bin/python)
frame #33: /workspace/vllm/.venv/bin/python() [0x582e84]
frame #34: _PyObject_LookupAttr + 0x7a (0x584bea in /workspace/vllm/.venv/bin/python)
frame #35: /workspace/vllm/.venv/bin/python() [0x5d2b8a]
frame #36: _PyEval_EvalFrameDefault + 0x207d (0x5d84fd in /workspace/vllm/.venv/bin/python)
frame #37: /workspace/vllm/.venv/bin/python() [0x549d47]
frame #38: PyObject_CallMethodObjArgs + 0xe3 (0x54b5c3 in /workspace/vllm/.venv/bin/python)
frame #39: PyImport_ImportModuleLevelObject + 0x5eb (0x5fda5b in /workspace/vllm/.venv/bin/python)
frame #40: _PyEval_EvalFrameDefault + 0x5eee (0x5dc36e in /workspace/vllm/.venv/bin/python)
frame #41: PyEval_EvalCode + 0x15b (0x5d543b in /workspace/vllm/.venv/bin/python)
frame #42: /workspace/vllm/.venv/bin/python() [0x5d322c]
frame #43: /workspace/vllm/.venv/bin/python() [0x581d1d]
frame #44: _PyEval_EvalFrameDefault + 0x4c3a (0x5db0ba in /workspace/vllm/.venv/bin/python)
frame #45: /workspace/vllm/.venv/bin/python() [0x549d47]
frame #46: PyObject_CallMethodObjArgs + 0xe3 (0x54b5c3 in /workspace/vllm/.venv/bin/python)
frame #47: PyImport_ImportModuleLevelObject + 0x395 (0x5fd805 in /workspace/vllm/.venv/bin/python)
frame #48: _PyEval_EvalFrameDefault + 0x5eee (0x5dc36e in /workspace/vllm/.venv/bin/python)
frame #49: PyEval_EvalCode + 0x15b (0x5d543b in /workspace/vllm/.venv/bin/python)
frame #50: /workspace/vllm/.venv/bin/python() [0x5d322c]
frame #51: /workspace/vllm/.venv/bin/python() [0x581d1d]
frame #52: _PyEval_EvalFrameDefault + 0x4c3a (0x5db0ba in /workspace/vllm/.venv/bin/python)
frame #53: /workspace/vllm/.venv/bin/python() [0x549d47]
frame #54: PyObject_CallMethodObjArgs + 0xe3 (0x54b5c3 in /workspace/vllm/.venv/bin/python)
frame #55: PyImport_ImportModuleLevelObject + 0x395 (0x5fd805 in /workspace/vllm/.venv/bin/python)
frame #56: _PyEval_EvalFrameDefault + 0x5eee (0x5dc36e in /workspace/vllm/.venv/bin/python)
frame #57: PyEval_EvalCode + 0x15b (0x5d543b in /workspace/vllm/.venv/bin/python)
frame #58: /workspace/vllm/.venv/bin/python() [0x5d322c]
frame #59: /workspace/vllm/.venv/bin/python() [0x581d1d]
frame #60: _PyEval_EvalFrameDefault + 0x4c3a (0x5db0ba in /workspace/vllm/.venv/bin/python)
frame #61: /workspace/vllm/.venv/bin/python() [0x549d47]
frame #62: PyObject_CallMethodObjArgs + 0xe3 (0x54b5c3 in /workspace/vllm/.venv/bin/python)

[E708 11:01:57.240107327 shim_common.cpp:1458] Exception in aoti_torch: Tried to register an operator (_C::weak_ref_tensor(Tensor input) -> Tensor) with the same name and overload name multiple times. Each overload's schema should only be registered with a single call to def(). Duplicate registration: registered at /workspace/csrc/libtorch_stable/torch_bindings.cpp:10. Original registration: registered at /workspace/csrc/torch_bindings.cpp:21
Exception raised from registerDef at /pytorch/aten/src/ATen/core/dispatch/Dispatcher.cpp:248 (most recent call first):
frame #0: c10::Error::Error(c10::SourceLocation, std::__cxx11::basic_string<char, std::char_traits<char>, std::allocator<char> >) + 0x9d (0x7ffff6b7205d in /workspace/vllm/.venv/lib/python3.12/site-packages/torch/lib/libc10.so)
frame #1: c10::detail::torchCheckFail(char const*, char const*, unsigned int, std::__cxx11::basic_string<char, std::char_traits<char>, std::allocator<char> > const&) + 0xc3 (0x7ffff6b066fd in /workspace/vllm/.venv/lib/python3.12/site-packages/torch/lib/libc10.so)
frame #2: c10::Dispatcher::registerDef(c10::FunctionSchema, std::__cxx11::basic_string<char, std::char_traits<char>, std::allocator<char> >, std::vector<at::Tag, std::allocator<at::Tag> >) + 0x35e (0x7fff0e6811fe in /workspace/vllm/.venv/lib/python3.12/site-packages/torch/lib/libtorch_cpu.so)
frame #3: torch::Library::_def(c10::FunctionSchema&&, c10::OperatorName*, std::vector<at::Tag, std::allocator<at::Tag> > const&, torch::_RegisterOrVerify) & + 0x514 (0x7fff0e6c2254 in /workspace/vllm/.venv/lib/python3.12/site-packages/torch/lib/libtorch_cpu.so)
frame #4: aoti_torch_library_def + 0x99 (0x7fff128d45b9 in /workspace/vllm/.venv/lib/python3.12/site-packages/torch/lib/libtorch_cpu.so)
frame #5: <unknown function> + 0x2bdb00 (0x7ffe8aebeb00 in /workspace/vllm/vllm/_C_stable_libtorch.abi3.so)
frame #6: <unknown function> + 0x2bf0ce (0x7ffe8aec00ce in /workspace/vllm/vllm/_C_stable_libtorch.abi3.so)
frame #7: <unknown function> + 0x279d92 (0x7ffe8ae7ad92 in /workspace/vllm/vllm/_C_stable_libtorch.abi3.so)
frame #8: <unknown function> + 0x571f (0x7ffff7fca71f in /lib64/ld-linux-x86-64.so.2)
frame #9: <unknown function> + 0x5824 (0x7ffff7fca824 in /lib64/ld-linux-x86-64.so.2)
frame #10: _dl_catch_exception + 0x132 (0x7ffff7fc65b2 in /lib64/ld-linux-x86-64.so.2)
frame #11: <unknown function> + 0xcd7c (0x7ffff7fd1d7c in /lib64/ld-linux-x86-64.so.2)
frame #12: _dl_catch_exception + 0x9c (0x7ffff7fc651c in /lib64/ld-linux-x86-64.so.2)
frame #13: <unknown function> + 0xd164 (0x7ffff7fd2164 in /lib64/ld-linux-x86-64.so.2)
frame #14: <unknown function> + 0x981a4 (0x7ffff7d0c1a4 in /usr/lib/x86_64-linux-gnu/libc.so.6)
frame #15: _dl_catch_exception + 0x9c (0x7ffff7fc651c in /lib64/ld-linux-x86-64.so.2)
frame #16: <unknown function> + 0x1669 (0x7ffff7fc6669 in /lib64/ld-linux-x86-64.so.2)
frame #17: <unknown function> + 0x97c83 (0x7ffff7d0bc83 in /usr/lib/x86_64-linux-gnu/libc.so.6)
frame #18: dlopen + 0x6f (0x7ffff7d0c25f in /usr/lib/x86_64-linux-gnu/libc.so.6)
frame #19: /workspace/vllm/.venv/bin/python() [0x6bc36c]
frame #20: /workspace/vllm/.venv/bin/python() [0x6a946a]
frame #21: /workspace/vllm/.venv/bin/python() [0x6a8bf2]
frame #22: /workspace/vllm/.venv/bin/python() [0x581f37]
frame #23: _PyEval_EvalFrameDefault + 0x4c3a (0x5db0ba in /workspace/vllm/.venv/bin/python)
frame #24: /workspace/vllm/.venv/bin/python() [0x549d47]
frame #25: PyObject_CallMethodObjArgs + 0xe3 (0x54b5c3 in /workspace/vllm/.venv/bin/python)
frame #26: PyImport_ImportModuleLevelObject + 0x395 (0x5fd805 in /workspace/vllm/.venv/bin/python)
frame #27: _PyEval_EvalFrameDefault + 0x5eee (0x5dc36e in /workspace/vllm/.venv/bin/python)
frame #28: PyEval_EvalCode + 0x15b (0x5d543b in /workspace/vllm/.venv/bin/python)
frame #29: /workspace/vllm/.venv/bin/python() [0x5d322c]
frame #30: /workspace/vllm/.venv/bin/python() [0x581d1d]
frame #31: _PyEval_EvalFrameDefault + 0x4c3a (0x5db0ba in /workspace/vllm/.venv/bin/python)
frame #32: PyObject_CallOneArg + 0x4d (0x54a65d in /workspace/vllm/.venv/bin/python)
frame #33: /workspace/vllm/.venv/bin/python() [0x582e84]
frame #34: _PyObject_LookupAttr + 0x7a (0x584bea in /workspace/vllm/.venv/bin/python)
frame #35: /workspace/vllm/.venv/bin/python() [0x5d2b8a]
frame #36: _PyEval_EvalFrameDefault + 0x207d (0x5d84fd in /workspace/vllm/.venv/bin/python)
frame #37: /workspace/vllm/.venv/bin/python() [0x549d47]
frame #38: PyObject_CallMethodObjArgs + 0xe3 (0x54b5c3 in /workspace/vllm/.venv/bin/python)
frame #39: PyImport_ImportModuleLevelObject + 0x5eb (0x5fda5b in /workspace/vllm/.venv/bin/python)
frame #40: _PyEval_EvalFrameDefault + 0x5eee (0x5dc36e in /workspace/vllm/.venv/bin/python)
frame #41: PyEval_EvalCode + 0x15b (0x5d543b in /workspace/vllm/.venv/bin/python)
frame #42: /workspace/vllm/.venv/bin/python() [0x5d322c]
frame #43: /workspace/vllm/.venv/bin/python() [0x581d1d]
frame #44: _PyEval_EvalFrameDefault + 0x4c3a (0x5db0ba in /workspace/vllm/.venv/bin/python)
frame #45: /workspace/vllm/.venv/bin/python() [0x549d47]
frame #46: PyObject_CallMethodObjArgs + 0xe3 (0x54b5c3 in /workspace/vllm/.venv/bin/python)
frame #47: PyImport_ImportModuleLevelObject + 0x395 (0x5fd805 in /workspace/vllm/.venv/bin/python)
frame #48: _PyEval_EvalFrameDefault + 0x5eee (0x5dc36e in /workspace/vllm/.venv/bin/python)
frame #49: PyEval_EvalCode + 0x15b (0x5d543b in /workspace/vllm/.venv/bin/python)
frame #50: /workspace/vllm/.venv/bin/python() [0x5d322c]
frame #51: /workspace/vllm/.venv/bin/python() [0x581d1d]
frame #52: _PyEval_EvalFrameDefault + 0x4c3a (0x5db0ba in /workspace/vllm/.venv/bin/python)
frame #53: /workspace/vllm/.venv/bin/python() [0x549d47]
frame #54: PyObject_CallMethodObjArgs + 0xe3 (0x54b5c3 in /workspace/vllm/.venv/bin/python)
frame #55: PyImport_ImportModuleLevelObject + 0x395 (0x5fd805 in /workspace/vllm/.venv/bin/python)
frame #56: _PyEval_EvalFrameDefault + 0x5eee (0x5dc36e in /workspace/vllm/.venv/bin/python)
frame #57: PyEval_EvalCode + 0x15b (0x5d543b in /workspace/vllm/.venv/bin/python)
frame #58: /workspace/vllm/.venv/bin/python() [0x5d322c]
frame #59: /workspace/vllm/.venv/bin/python() [0x581d1d]
frame #60: _PyEval_EvalFrameDefault + 0x4c3a (0x5db0ba in /workspace/vllm/.venv/bin/python)
frame #61: /workspace/vllm/.venv/bin/python() [0x549d47]
frame #62: PyObject_CallMethodObjArgs + 0xe3 (0x54b5c3 in /workspace/vllm/.venv/bin/python)

[E708 11:01:57.240424527 shim_common.cpp:1458] Exception in aoti_torch: Tried to register an operator (_C::weak_ref_tensor(Tensor input) -> Tensor) with the same name and overload name multiple times. Each overload's schema should only be registered with a single call to def(). Duplicate registration: registered at /workspace/csrc/libtorch_stable/torch_bindings.cpp:10. Original registration: registered at /workspace/csrc/torch_bindings.cpp:21
Exception raised from registerDef at /pytorch/aten/src/ATen/core/dispatch/Dispatcher.cpp:248 (most recent call first):
frame #0: c10::Error::Error(c10::SourceLocation, std::__cxx11::basic_string<char, std::char_traits<char>, std::allocator<char> >) + 0x9d (0x7ffff6b7205d in /workspace/vllm/.venv/lib/python3.12/site-packages/torch/lib/libc10.so)
frame #1: c10::detail::torchCheckFail(char const*, char const*, unsigned int, std::__cxx11::basic_string<char, std::char_traits<char>, std::allocator<char> > const&) + 0xc3 (0x7ffff6b066fd in /workspace/vllm/.venv/lib/python3.12/site-packages/torch/lib/libc10.so)
frame #2: c10::Dispatcher::registerDef(c10::FunctionSchema, std::__cxx11::basic_string<char, std::char_traits<char>, std::allocator<char> >, std::vector<at::Tag, std::allocator<at::Tag> >) + 0x35e (0x7fff0e6811fe in /workspace/vllm/.venv/lib/python3.12/site-packages/torch/lib/libtorch_cpu.so)
frame #3: torch::Library::_def(c10::FunctionSchema&&, c10::OperatorName*, std::vector<at::Tag, std::allocator<at::Tag> > const&, torch::_RegisterOrVerify) & + 0x514 (0x7fff0e6c2254 in /workspace/vllm/.venv/lib/python3.12/site-packages/torch/lib/libtorch_cpu.so)
frame #4: aoti_torch_library_def + 0x99 (0x7fff128d45b9 in /workspace/vllm/.venv/lib/python3.12/site-packages/torch/lib/libtorch_cpu.so)
frame #5: <unknown function> + 0x2bdb00 (0x7ffe8aebeb00 in /workspace/vllm/vllm/_C_stable_libtorch.abi3.so)
frame #6: <unknown function> + 0x2bf0ce (0x7ffe8aec00ce in /workspace/vllm/vllm/_C_stable_libtorch.abi3.so)
frame #7: <unknown function> + 0x279d92 (0x7ffe8ae7ad92 in /workspace/vllm/vllm/_C_stable_libtorch.abi3.so)
frame #8: <unknown function> + 0x571f (0x7ffff7fca71f in /lib64/ld-linux-x86-64.so.2)
frame #9: <unknown function> + 0x5824 (0x7ffff7fca824 in /lib64/ld-linux-x86-64.so.2)
frame #10: _dl_catch_exception + 0x132 (0x7ffff7fc65b2 in /lib64/ld-linux-x86-64.so.2)
frame #11: <unknown function> + 0xcd7c (0x7ffff7fd1d7c in /lib64/ld-linux-x86-64.so.2)
frame #12: _dl_catch_exception + 0x9c (0x7ffff7fc651c in /lib64/ld-linux-x86-64.so.2)
frame #13: <unknown function> + 0xd164 (0x7ffff7fd2164 in /lib64/ld-linux-x86-64.so.2)
frame #14: <unknown function> + 0x981a4 (0x7ffff7d0c1a4 in /usr/lib/x86_64-linux-gnu/libc.so.6)
frame #15: _dl_catch_exception + 0x9c (0x7ffff7fc651c in /lib64/ld-linux-x86-64.so.2)
frame #16: <unknown function> + 0x1669 (0x7ffff7fc6669 in /lib64/ld-linux-x86-64.so.2)
frame #17: <unknown function> + 0x97c83 (0x7ffff7d0bc83 in /usr/lib/x86_64-linux-gnu/libc.so.6)
frame #18: dlopen + 0x6f (0x7ffff7d0c25f in /usr/lib/x86_64-linux-gnu/libc.so.6)
frame #19: /workspace/vllm/.venv/bin/python() [0x6bc36c]
frame #20: /workspace/vllm/.venv/bin/python() [0x6a946a]
frame #21: /workspace/vllm/.venv/bin/python() [0x6a8bf2]
frame #22: /workspace/vllm/.venv/bin/python() [0x581f37]
frame #23: _PyEval_EvalFrameDefault + 0x4c3a (0x5db0ba in /workspace/vllm/.venv/bin/python)
frame #24: /workspace/vllm/.venv/bin/python() [0x549d47]
frame #25: PyObject_CallMethodObjArgs + 0xe3 (0x54b5c3 in /workspace/vllm/.venv/bin/python)
frame #26: PyImport_ImportModuleLevelObject + 0x395 (0x5fd805 in /workspace/vllm/.venv/bin/python)
frame #27: _PyEval_EvalFrameDefault + 0x5eee (0x5dc36e in /workspace/vllm/.venv/bin/python)
frame #28: PyEval_EvalCode + 0x15b (0x5d543b in /workspace/vllm/.venv/bin/python)
frame #29: /workspace/vllm/.venv/bin/python() [0x5d322c]
frame #30: /workspace/vllm/.venv/bin/python() [0x581d1d]
frame #31: _PyEval_EvalFrameDefault + 0x4c3a (0x5db0ba in /workspace/vllm/.venv/bin/python)
frame #32: PyObject_CallOneArg + 0x4d (0x54a65d in /workspace/vllm/.venv/bin/python)
frame #33: /workspace/vllm/.venv/bin/python() [0x582e84]
frame #34: _PyObject_LookupAttr + 0x7a (0x584bea in /workspace/vllm/.venv/bin/python)
frame #35: /workspace/vllm/.venv/bin/python() [0x5d2b8a]
frame #36: _PyEval_EvalFrameDefault + 0x207d (0x5d84fd in /workspace/vllm/.venv/bin/python)
frame #37: /workspace/vllm/.venv/bin/python() [0x549d47]
frame #38: PyObject_CallMethodObjArgs + 0xe3 (0x54b5c3 in /workspace/vllm/.venv/bin/python)
frame #39: PyImport_ImportModuleLevelObject + 0x5eb (0x5fda5b in /workspace/vllm/.venv/bin/python)
frame #40: _PyEval_EvalFrameDefault + 0x5eee (0x5dc36e in /workspace/vllm/.venv/bin/python)
frame #41: PyEval_EvalCode + 0x15b (0x5d543b in /workspace/vllm/.venv/bin/python)
frame #42: /workspace/vllm/.venv/bin/python() [0x5d322c]
frame #43: /workspace/vllm/.venv/bin/python() [0x581d1d]
frame #44: _PyEval_EvalFrameDefault + 0x4c3a (0x5db0ba in /workspace/vllm/.venv/bin/python)
frame #45: /workspace/vllm/.venv/bin/python() [0x549d47]
frame #46: PyObject_CallMethodObjArgs + 0xe3 (0x54b5c3 in /workspace/vllm/.venv/bin/python)
frame #47: PyImport_ImportModuleLevelObject + 0x395 (0x5fd805 in /workspace/vllm/.venv/bin/python)
frame #48: _PyEval_EvalFrameDefault + 0x5eee (0x5dc36e in /workspace/vllm/.venv/bin/python)
frame #49: PyEval_EvalCode + 0x15b (0x5d543b in /workspace/vllm/.venv/bin/python)
frame #50: /workspace/vllm/.venv/bin/python() [0x5d322c]
frame #51: /workspace/vllm/.venv/bin/python() [0x581d1d]
frame #52: _PyEval_EvalFrameDefault + 0x4c3a (0x5db0ba in /workspace/vllm/.venv/bin/python)
frame #53: /workspace/vllm/.venv/bin/python() [0x549d47]
frame #54: PyObject_CallMethodObjArgs + 0xe3 (0x54b5c3 in /workspace/vllm/.venv/bin/python)
frame #55: PyImport_ImportModuleLevelObject + 0x395 (0x5fd805 in /workspace/vllm/.venv/bin/python)
frame #56: _PyEval_EvalFrameDefault + 0x5eee (0x5dc36e in /workspace/vllm/.venv/bin/python)
frame #57: PyEval_EvalCode + 0x15b (0x5d543b in /workspace/vllm/.venv/bin/python)
frame #58: /workspace/vllm/.venv/bin/python() [0x5d322c]
frame #59: /workspace/vllm/.venv/bin/python() [0x581d1d]
frame #60: _PyEval_EvalFrameDefault + 0x4c3a (0x5db0ba in /workspace/vllm/.venv/bin/python)
frame #61: /workspace/vllm/.venv/bin/python() [0x549d47]
frame #62: PyObject_CallMethodObjArgs + 0xe3 (0x54b5c3 in /workspace/vllm/.venv/bin/python)

[E708 11:01:57.240718253 shim_common.cpp:1458] Exception in aoti_torch: Tried to register an operator (_C::weak_ref_tensor(Tensor input) -> Tensor) with the same name and overload name multiple times. Each overload's schema should only be registered with a single call to def(). Duplicate registration: registered at /workspace/csrc/libtorch_stable/torch_bindings.cpp:10. Original registration: registered at /workspace/csrc/torch_bindings.cpp:21
Exception raised from registerDef at /pytorch/aten/src/ATen/core/dispatch/Dispatcher.cpp:248 (most recent call first):
frame #0: c10::Error::Error(c10::SourceLocation, std::__cxx11::basic_string<char, std::char_traits<char>, std::allocator<char> >) + 0x9d (0x7ffff6b7205d in /workspace/vllm/.venv/lib/python3.12/site-packages/torch/lib/libc10.so)
frame #1: c10::detail::torchCheckFail(char const*, char const*, unsigned int, std::__cxx11::basic_string<char, std::char_traits<char>, std::allocator<char> > const&) + 0xc3 (0x7ffff6b066fd in /workspace/vllm/.venv/lib/python3.12/site-packages/torch/lib/libc10.so)
frame #2: c10::Dispatcher::registerDef(c10::FunctionSchema, std::__cxx11::basic_string<char, std::char_traits<char>, std::allocator<char> >, std::vector<at::Tag, std::allocator<at::Tag> >) + 0x35e (0x7fff0e6811fe in /workspace/vllm/.venv/lib/python3.12/site-packages/torch/lib/libtorch_cpu.so)
frame #3: torch::Library::_def(c10::FunctionSchema&&, c10::OperatorName*, std::vector<at::Tag, std::allocator<at::Tag> > const&, torch::_RegisterOrVerify) & + 0x514 (0x7fff0e6c2254 in /workspace/vllm/.venv/lib/python3.12/site-packages/torch/lib/libtorch_cpu.so)
frame #4: aoti_torch_library_def + 0x99 (0x7fff128d45b9 in /workspace/vllm/.venv/lib/python3.12/site-packages/torch/lib/libtorch_cpu.so)
frame #5: <unknown function> + 0x2bdb00 (0x7ffe8aebeb00 in /workspace/vllm/vllm/_C_stable_libtorch.abi3.so)
frame #6: <unknown function> + 0x2bf0ce (0x7ffe8aec00ce in /workspace/vllm/vllm/_C_stable_libtorch.abi3.so)
frame #7: <unknown function> + 0x279d92 (0x7ffe8ae7ad92 in /workspace/vllm/vllm/_C_stable_libtorch.abi3.so)
frame #8: <unknown function> + 0x571f (0x7ffff7fca71f in /lib64/ld-linux-x86-64.so.2)
frame #9: <unknown function> + 0x5824 (0x7ffff7fca824 in /lib64/ld-linux-x86-64.so.2)
frame #10: _dl_catch_exception + 0x132 (0x7ffff7fc65b2 in /lib64/ld-linux-x86-64.so.2)
frame #11: <unknown function> + 0xcd7c (0x7ffff7fd1d7c in /lib64/ld-linux-x86-64.so.2)
frame #12: _dl_catch_exception + 0x9c (0x7ffff7fc651c in /lib64/ld-linux-x86-64.so.2)
frame #13: <unknown function> + 0xd164 (0x7ffff7fd2164 in /lib64/ld-linux-x86-64.so.2)
frame #14: <unknown function> + 0x981a4 (0x7ffff7d0c1a4 in /usr/lib/x86_64-linux-gnu/libc.so.6)
frame #15: _dl_catch_exception + 0x9c (0x7ffff7fc651c in /lib64/ld-linux-x86-64.so.2)
frame #16: <unknown function> + 0x1669 (0x7ffff7fc6669 in /lib64/ld-linux-x86-64.so.2)
frame #17: <unknown function> + 0x97c83 (0x7ffff7d0bc83 in /usr/lib/x86_64-linux-gnu/libc.so.6)
frame #18: dlopen + 0x6f (0x7ffff7d0c25f in /usr/lib/x86_64-linux-gnu/libc.so.6)
frame #19: /workspace/vllm/.venv/bin/python() [0x6bc36c]
frame #20: /workspace/vllm/.venv/bin/python() [0x6a946a]
frame #21: /workspace/vllm/.venv/bin/python() [0x6a8bf2]
frame #22: /workspace/vllm/.venv/bin/python() [0x581f37]
frame #23: _PyEval_EvalFrameDefault + 0x4c3a (0x5db0ba in /workspace/vllm/.venv/bin/python)
frame #24: /workspace/vllm/.venv/bin/python() [0x549d47]
frame #25: PyObject_CallMethodObjArgs + 0xe3 (0x54b5c3 in /workspace/vllm/.venv/bin/python)
frame #26: PyImport_ImportModuleLevelObject + 0x395 (0x5fd805 in /workspace/vllm/.venv/bin/python)
frame #27: _PyEval_EvalFrameDefault + 0x5eee (0x5dc36e in /workspace/vllm/.venv/bin/python)
frame #28: PyEval_EvalCode + 0x15b (0x5d543b in /workspace/vllm/.venv/bin/python)
frame #29: /workspace/vllm/.venv/bin/python() [0x5d322c]
frame #30: /workspace/vllm/.venv/bin/python() [0x581d1d]
frame #31: _PyEval_EvalFrameDefault + 0x4c3a (0x5db0ba in /workspace/vllm/.venv/bin/python)
frame #32: PyObject_CallOneArg + 0x4d (0x54a65d in /workspace/vllm/.venv/bin/python)
frame #33: /workspace/vllm/.venv/bin/python() [0x582e84]
frame #34: _PyObject_LookupAttr + 0x7a (0x584bea in /workspace/vllm/.venv/bin/python)
frame #35: /workspace/vllm/.venv/bin/python() [0x5d2b8a]
frame #36: _PyEval_EvalFrameDefault + 0x207d (0x5d84fd in /workspace/vllm/.venv/bin/python)
frame #37: /workspace/vllm/.venv/bin/python() [0x549d47]
frame #38: PyObject_CallMethodObjArgs + 0xe3 (0x54b5c3 in /workspace/vllm/.venv/bin/python)
frame #39: PyImport_ImportModuleLevelObject + 0x5eb (0x5fda5b in /workspace/vllm/.venv/bin/python)
frame #40: _PyEval_EvalFrameDefault + 0x5eee (0x5dc36e in /workspace/vllm/.venv/bin/python)
frame #41: PyEval_EvalCode + 0x15b (0x5d543b in /workspace/vllm/.venv/bin/python)
frame #42: /workspace/vllm/.venv/bin/python() [0x5d322c]
frame #43: /workspace/vllm/.venv/bin/python() [0x581d1d]
frame #44: _PyEval_EvalFrameDefault + 0x4c3a (0x5db0ba in /workspace/vllm/.venv/bin/python)
frame #45: /workspace/vllm/.venv/bin/python() [0x549d47]
frame #46: PyObject_CallMethodObjArgs + 0xe3 (0x54b5c3 in /workspace/vllm/.venv/bin/python)
frame #47: PyImport_ImportModuleLevelObject + 0x395 (0x5fd805 in /workspace/vllm/.venv/bin/python)
frame #48: _PyEval_EvalFrameDefault + 0x5eee (0x5dc36e in /workspace/vllm/.venv/bin/python)
frame #49: PyEval_EvalCode + 0x15b (0x5d543b in /workspace/vllm/.venv/bin/python)
frame #50: /workspace/vllm/.venv/bin/python() [0x5d322c]
frame #51: /workspace/vllm/.venv/bin/python() [0x581d1d]
frame #52: _PyEval_EvalFrameDefault + 0x4c3a (0x5db0ba in /workspace/vllm/.venv/bin/python)
frame #53: /workspace/vllm/.venv/bin/python() [0x549d47]
frame #54: PyObject_CallMethodObjArgs + 0xe3 (0x54b5c3 in /workspace/vllm/.venv/bin/python)
frame #55: PyImport_ImportModuleLevelObject + 0x395 (0x5fd805 in /workspace/vllm/.venv/bin/python)
frame #56: _PyEval_EvalFrameDefault + 0x5eee (0x5dc36e in /workspace/vllm/.venv/bin/python)
frame #57: PyEval_EvalCode + 0x15b (0x5d543b in /workspace/vllm/.venv/bin/python)
frame #58: /workspace/vllm/.venv/bin/python() [0x5d322c]
frame #59: /workspace/vllm/.venv/bin/python() [0x581d1d]
frame #60: _PyEval_EvalFrameDefault + 0x4c3a (0x5db0ba in /workspace/vllm/.venv/bin/python)
frame #61: /workspace/vllm/.venv/bin/python() [0x549d47]
frame #62: PyObject_CallMethodObjArgs + 0xe3 (0x54b5c3 in /workspace/vllm/.venv/bin/python)

[E708 11:01:57.242358225 shim_common.cpp:1458] Exception in aoti_torch: Tried to register an operator (_C::silu_and_mul_quant(Tensor($0! -> ) result, Tensor input, Tensor scale) -> ()) with the same name and overload name multiple times. Each overload's schema should only be registered with a single call to def(). Duplicate registration: registered at /workspace/csrc/libtorch_stable/torch_bindings.cpp:10. Original registration: registered at /workspace/csrc/torch_bindings.cpp:21
Exception raised from registerDef at /pytorch/aten/src/ATen/core/dispatch/Dispatcher.cpp:248 (most recent call first):
frame #0: c10::Error::Error(c10::SourceLocation, std::__cxx11::basic_string<char, std::char_traits<char>, std::allocator<char> >) + 0x9d (0x7ffff6b7205d in /workspace/vllm/.venv/lib/python3.12/site-packages/torch/lib/libc10.so)
frame #1: c10::detail::torchCheckFail(char const*, char const*, unsigned int, std::__cxx11::basic_string<char, std::char_traits<char>, std::allocator<char> > const&) + 0xc3 (0x7ffff6b066fd in /workspace/vllm/.venv/lib/python3.12/site-packages/torch/lib/libc10.so)
frame #2: c10::Dispatcher::registerDef(c10::FunctionSchema, std::__cxx11::basic_string<char, std::char_traits<char>, std::allocator<char> >, std::vector<at::Tag, std::allocator<at::Tag> >) + 0x35e (0x7fff0e6811fe in /workspace/vllm/.venv/lib/python3.12/site-packages/torch/lib/libtorch_cpu.so)
frame #3: torch::Library::_def(c10::FunctionSchema&&, c10::OperatorName*, std::vector<at::Tag, std::allocator<at::Tag> > const&, torch::_RegisterOrVerify) & + 0x514 (0x7fff0e6c2254 in /workspace/vllm/.venv/lib/python3.12/site-packages/torch/lib/libtorch_cpu.so)
frame #4: aoti_torch_library_def + 0x99 (0x7fff128d45b9 in /workspace/vllm/.venv/lib/python3.12/site-packages/torch/lib/libtorch_cpu.so)
frame #5: <unknown function> + 0x2bdb3c (0x7ffe8aebeb3c in /workspace/vllm/vllm/_C_stable_libtorch.abi3.so)
frame #6: <unknown function> + 0x2bf0ce (0x7ffe8aec00ce in /workspace/vllm/vllm/_C_stable_libtorch.abi3.so)
frame #7: <unknown function> + 0x279d92 (0x7ffe8ae7ad92 in /workspace/vllm/vllm/_C_stable_libtorch.abi3.so)
frame #8: <unknown function> + 0x571f (0x7ffff7fca71f in /lib64/ld-linux-x86-64.so.2)
frame #9: <unknown function> + 0x5824 (0x7ffff7fca824 in /lib64/ld-linux-x86-64.so.2)
frame #10: _dl_catch_exception + 0x132 (0x7ffff7fc65b2 in /lib64/ld-linux-x86-64.so.2)
frame #11: <unknown function> + 0xcd7c (0x7ffff7fd1d7c in /lib64/ld-linux-x86-64.so.2)
frame #12: _dl_catch_exception + 0x9c (0x7ffff7fc651c in /lib64/ld-linux-x86-64.so.2)
frame #13: <unknown function> + 0xd164 (0x7ffff7fd2164 in /lib64/ld-linux-x86-64.so.2)
frame #14: <unknown function> + 0x981a4 (0x7ffff7d0c1a4 in /usr/lib/x86_64-linux-gnu/libc.so.6)
frame #15: _dl_catch_exception + 0x9c (0x7ffff7fc651c in /lib64/ld-linux-x86-64.so.2)
frame #16: <unknown function> + 0x1669 (0x7ffff7fc6669 in /lib64/ld-linux-x86-64.so.2)
frame #17: <unknown function> + 0x97c83 (0x7ffff7d0bc83 in /usr/lib/x86_64-linux-gnu/libc.so.6)
frame #18: dlopen + 0x6f (0x7ffff7d0c25f in /usr/lib/x86_64-linux-gnu/libc.so.6)
frame #19: /workspace/vllm/.venv/bin/python() [0x6bc36c]
frame #20: /workspace/vllm/.venv/bin/python() [0x6a946a]
frame #21: /workspace/vllm/.venv/bin/python() [0x6a8bf2]
frame #22: /workspace/vllm/.venv/bin/python() [0x581f37]
frame #23: _PyEval_EvalFrameDefault + 0x4c3a (0x5db0ba in /workspace/vllm/.venv/bin/python)
frame #24: /workspace/vllm/.venv/bin/python() [0x549d47]
frame #25: PyObject_CallMethodObjArgs + 0xe3 (0x54b5c3 in /workspace/vllm/.venv/bin/python)
frame #26: PyImport_ImportModuleLevelObject + 0x395 (0x5fd805 in /workspace/vllm/.venv/bin/python)
frame #27: _PyEval_EvalFrameDefault + 0x5eee (0x5dc36e in /workspace/vllm/.venv/bin/python)
frame #28: PyEval_EvalCode + 0x15b (0x5d543b in /workspace/vllm/.venv/bin/python)
frame #29: /workspace/vllm/.venv/bin/python() [0x5d322c]
frame #30: /workspace/vllm/.venv/bin/python() [0x581d1d]
frame #31: _PyEval_EvalFrameDefault + 0x4c3a (0x5db0ba in /workspace/vllm/.venv/bin/python)
frame #32: PyObject_CallOneArg + 0x4d (0x54a65d in /workspace/vllm/.venv/bin/python)
frame #33: /workspace/vllm/.venv/bin/python() [0x582e84]
frame #34: _PyObject_LookupAttr + 0x7a (0x584bea in /workspace/vllm/.venv/bin/python)
frame #35: /workspace/vllm/.venv/bin/python() [0x5d2b8a]
frame #36: _PyEval_EvalFrameDefault + 0x207d (0x5d84fd in /workspace/vllm/.venv/bin/python)
frame #37: /workspace/vllm/.venv/bin/python() [0x549d47]
frame #38: PyObject_CallMethodObjArgs + 0xe3 (0x54b5c3 in /workspace/vllm/.venv/bin/python)
frame #39: PyImport_ImportModuleLevelObject + 0x5eb (0x5fda5b in /workspace/vllm/.venv/bin/python)
frame #40: _PyEval_EvalFrameDefault + 0x5eee (0x5dc36e in /workspace/vllm/.venv/bin/python)
frame #41: PyEval_EvalCode + 0x15b (0x5d543b in /workspace/vllm/.venv/bin/python)
frame #42: /workspace/vllm/.venv/bin/python() [0x5d322c]
frame #43: /workspace/vllm/.venv/bin/python() [0x581d1d]
frame #44: _PyEval_EvalFrameDefault + 0x4c3a (0x5db0ba in /workspace/vllm/.venv/bin/python)
frame #45: /workspace/vllm/.venv/bin/python() [0x549d47]
frame #46: PyObject_CallMethodObjArgs + 0xe3 (0x54b5c3 in /workspace/vllm/.venv/bin/python)
frame #47: PyImport_ImportModuleLevelObject + 0x395 (0x5fd805 in /workspace/vllm/.venv/bin/python)
frame #48: _PyEval_EvalFrameDefault + 0x5eee (0x5dc36e in /workspace/vllm/.venv/bin/python)
frame #49: PyEval_EvalCode + 0x15b (0x5d543b in /workspace/vllm/.venv/bin/python)
frame #50: /workspace/vllm/.venv/bin/python() [0x5d322c]
frame #51: /workspace/vllm/.venv/bin/python() [0x581d1d]
frame #52: _PyEval_EvalFrameDefault + 0x4c3a (0x5db0ba in /workspace/vllm/.venv/bin/python)
frame #53: /workspace/vllm/.venv/bin/python() [0x549d47]
frame #54: PyObject_CallMethodObjArgs + 0xe3 (0x54b5c3 in /workspace/vllm/.venv/bin/python)
frame #55: PyImport_ImportModuleLevelObject + 0x395 (0x5fd805 in /workspace/vllm/.venv/bin/python)
frame #56: _PyEval_EvalFrameDefault + 0x5eee (0x5dc36e in /workspace/vllm/.venv/bin/python)
frame #57: PyEval_EvalCode + 0x15b (0x5d543b in /workspace/vllm/.venv/bin/python)
frame #58: /workspace/vllm/.venv/bin/python() [0x5d322c]
frame #59: /workspace/vllm/.venv/bin/python() [0x581d1d]
frame #60: _PyEval_EvalFrameDefault + 0x4c3a (0x5db0ba in /workspace/vllm/.venv/bin/python)
frame #61: /workspace/vllm/.venv/bin/python() [0x549d47]
frame #62: PyObject_CallMethodObjArgs + 0xe3 (0x54b5c3 in /workspace/vllm/.venv/bin/python)

[W708 11:01:58.244816846 OperatorEntry.cpp:208] Warning: Warning only once for all operators,  other operators may also be overridden.
  Overriding a previously registered kernel for the same operator and the same dispatch key
  operator: _C::persistent_masked_m_silu_mul_quant(Tensor input, Tensor counts, Tensor($0! -> ) y_q, Tensor($1! -> ) y_s, bool use_ue8m0) -> ()
    registered at /workspace/csrc/torch_bindings.cpp:21
  dispatch key: CUDA
  previous kernel: registered at /workspace/csrc/torch_bindings.cpp:21
       new kernel: registered at /workspace/csrc/libtorch_stable/torch_bindings.cpp:603 (function operator())
[E708 11:01:57.242687609 shim_common.cpp:1458] Exception in aoti_torch: Tried to register an operator (_C::silu_and_mul_quant(Tensor($0! -> ) result, Tensor input, Tensor scale) -> ()) with the same name and overload name multiple times. Each overload's schema should only be registered with a single call to def(). Duplicate registration: registered at /workspace/csrc/libtorch_stable/torch_bindings.cpp:10. Original registration: registered at /workspace/csrc/torch_bindings.cpp:21
Exception raised from registerDef at /pytorch/aten/src/ATen/core/dispatch/Dispatcher.cpp:248 (most recent call first):
frame #0: c10::Error::Error(c10::SourceLocation, std::__cxx11::basic_string<char, std::char_traits<char>, std::allocator<char> >) + 0x9d (0x7ffff6b7205d in /workspace/vllm/.venv/lib/python3.12/site-packages/torch/lib/libc10.so)
frame #1: c10::detail::torchCheckFail(char const*, char const*, unsigned int, std::__cxx11::basic_string<char, std::char_traits<char>, std::allocator<char> > const&) + 0xc3 (0x7ffff6b066fd in /workspace/vllm/.venv/lib/python3.12/site-packages/torch/lib/libc10.so)
frame #2: c10::Dispatcher::registerDef(c10::FunctionSchema, std::__cxx11::basic_string<char, std::char_traits<char>, std::allocator<char> >, std::vector<at::Tag, std::allocator<at::Tag> >) + 0x35e (0x7fff0e6811fe in /workspace/vllm/.venv/lib/python3.12/site-packages/torch/lib/libtorch_cpu.so)
frame #3: torch::Library::_def(c10::FunctionSchema&&, c10::OperatorName*, std::vector<at::Tag, std::allocator<at::Tag> > const&, torch::_RegisterOrVerify) & + 0x514 (0x7fff0e6c2254 in /workspace/vllm/.venv/lib/python3.12/site-packages/torch/lib/libtorch_cpu.so)
frame #4: aoti_torch_library_def + 0x99 (0x7fff128d45b9 in /workspace/vllm/.venv/lib/python3.12/site-packages/torch/lib/libtorch_cpu.so)
frame #5: <unknown function> + 0x2bdb3c (0x7ffe8aebeb3c in /workspace/vllm/vllm/_C_stable_libtorch.abi3.so)
frame #6: <unknown function> + 0x2bf0ce (0x7ffe8aec00ce in /workspace/vllm/vllm/_C_stable_libtorch.abi3.so)
frame #7: <unknown function> + 0x279d92 (0x7ffe8ae7ad92 in /workspace/vllm/vllm/_C_stable_libtorch.abi3.so)
frame #8: <unknown function> + 0x571f (0x7ffff7fca71f in /lib64/ld-linux-x86-64.so.2)
frame #9: <unknown function> + 0x5824 (0x7ffff7fca824 in /lib64/ld-linux-x86-64.so.2)
frame #10: _dl_catch_exception + 0x132 (0x7ffff7fc65b2 in /lib64/ld-linux-x86-64.so.2)
frame #11: <unknown function> + 0xcd7c (0x7ffff7fd1d7c in /lib64/ld-linux-x86-64.so.2)
frame #12: _dl_catch_exception + 0x9c (0x7ffff7fc651c in /lib64/ld-linux-x86-64.so.2)
frame #13: <unknown function> + 0xd164 (0x7ffff7fd2164 in /lib64/ld-linux-x86-64.so.2)
frame #14: <unknown function> + 0x981a4 (0x7ffff7d0c1a4 in /usr/lib/x86_64-linux-gnu/libc.so.6)
frame #15: _dl_catch_exception + 0x9c (0x7ffff7fc651c in /lib64/ld-linux-x86-64.so.2)
frame #16: <unknown function> + 0x1669 (0x7ffff7fc6669 in /lib64/ld-linux-x86-64.so.2)
frame #17: <unknown function> + 0x97c83 (0x7ffff7d0bc83 in /usr/lib/x86_64-linux-gnu/libc.so.6)
frame #18: dlopen + 0x6f (0x7ffff7d0c25f in /usr/lib/x86_64-linux-gnu/libc.so.6)
frame #19: /workspace/vllm/.venv/bin/python() [0x6bc36c]
frame #20: /workspace/vllm/.venv/bin/python() [0x6a946a]
frame #21: /workspace/vllm/.venv/bin/python() [0x6a8bf2]
frame #22: /workspace/vllm/.venv/bin/python() [0x581f37]
frame #23: _PyEval_EvalFrameDefault + 0x4c3a (0x5db0ba in /workspace/vllm/.venv/bin/python)
frame #24: /workspace/vllm/.venv/bin/python() [0x549d47]
frame #25: PyObject_CallMethodObjArgs + 0xe3 (0x54b5c3 in /workspace/vllm/.venv/bin/python)
frame #26: PyImport_ImportModuleLevelObject + 0x395 (0x5fd805 in /workspace/vllm/.venv/bin/python)
frame #27: _PyEval_EvalFrameDefault + 0x5eee (0x5dc36e in /workspace/vllm/.venv/bin/python)
frame #28: PyEval_EvalCode + 0x15b (0x5d543b in /workspace/vllm/.venv/bin/python)
frame #29: /workspace/vllm/.venv/bin/python() [0x5d322c]
frame #30: /workspace/vllm/.venv/bin/python() [0x581d1d]
frame #31: _PyEval_EvalFrameDefault + 0x4c3a (0x5db0ba in /workspace/vllm/.venv/bin/python)
frame #32: PyObject_CallOneArg + 0x4d (0x54a65d in /workspace/vllm/.venv/bin/python)
frame #33: /workspace/vllm/.venv/bin/python() [0x582e84]
frame #34: _PyObject_LookupAttr + 0x7a (0x584bea in /workspace/vllm/.venv/bin/python)
frame #35: /workspace/vllm/.venv/bin/python() [0x5d2b8a]
frame #36: _PyEval_EvalFrameDefault + 0x207d (0x5d84fd in /workspace/vllm/.venv/bin/python)
frame #37: /workspace/vllm/.venv/bin/python() [0x549d47]
frame #38: PyObject_CallMethodObjArgs + 0xe3 (0x54b5c3 in /workspace/vllm/.venv/bin/python)
frame #39: PyImport_ImportModuleLevelObject + 0x5eb (0x5fda5b in /workspace/vllm/.venv/bin/python)
frame #40: _PyEval_EvalFrameDefault + 0x5eee (0x5dc36e in /workspace/vllm/.venv/bin/python)
frame #41: PyEval_EvalCode + 0x15b (0x5d543b in /workspace/vllm/.venv/bin/python)
frame #42: /workspace/vllm/.venv/bin/python() [0x5d322c]
frame #43: /workspace/vllm/.venv/bin/python() [0x581d1d]
frame #44: _PyEval_EvalFrameDefault + 0x4c3a (0x5db0ba in /workspace/vllm/.venv/bin/python)
frame #45: /workspace/vllm/.venv/bin/python() [0x549d47]
frame #46: PyObject_CallMethodObjArgs + 0xe3 (0x54b5c3 in /workspace/vllm/.venv/bin/python)
frame #47: PyImport_ImportModuleLevelObject + 0x395 (0x5fd805 in /workspace/vllm/.venv/bin/python)
frame #48: _PyEval_EvalFrameDefault + 0x5eee (0x5dc36e in /workspace/vllm/.venv/bin/python)
frame #49: PyEval_EvalCode + 0x15b (0x5d543b in /workspace/vllm/.venv/bin/python)
frame #50: /workspace/vllm/.venv/bin/python() [0x5d322c]
frame #51: /workspace/vllm/.venv/bin/python() [0x581d1d]
frame #52: _PyEval_EvalFrameDefault + 0x4c3a (0x5db0ba in /workspace/vllm/.venv/bin/python)
frame #53: /workspace/vllm/.venv/bin/python() [0x549d47]
frame #54: PyObject_CallMethodObjArgs + 0xe3 (0x54b5c3 in /workspace/vllm/.venv/bin/python)
frame #55: PyImport_ImportModuleLevelObject + 0x395 (0x5fd805 in /workspace/vllm/.venv/bin/python)
frame #56: _PyEval_EvalFrameDefault + 0x5eee (0x5dc36e in /workspace/vllm/.venv/bin/python)
frame #57: PyEval_EvalCode + 0x15b (0x5d543b in /workspace/vllm/.venv/bin/python)
frame #58: /workspace/vllm/.venv/bin/python() [0x5d322c]
frame #59: /workspace/vllm/.venv/bin/python() [0x581d1d]
frame #60: _PyEval_EvalFrameDefault + 0x4c3a (0x5db0ba in /workspace/vllm/.venv/bin/python)
frame #61: /workspace/vllm/.venv/bin/python() [0x549d47]
frame #62: PyObject_CallMethodObjArgs + 0xe3 (0x54b5c3 in /workspace/vllm/.venv/bin/python)

[W708 11:01:58.245175580 OperatorEntry.cpp:208] Warning: Warning only once for all operators,  other operators may also be overridden.
  Overriding a previously registered kernel for the same operator and the same dispatch key
  operator: _C::persistent_masked_m_silu_mul_quant(Tensor input, Tensor counts, Tensor($0! -> ) y_q, Tensor($1! -> ) y_s, bool use_ue8m0) -> ()
    registered at /workspace/csrc/torch_bindings.cpp:21
  dispatch key: CUDA
  previous kernel: registered at /workspace/csrc/torch_bindings.cpp:21
       new kernel: registered at /workspace/csrc/libtorch_stable/torch_bindings.cpp:603 (function operator())
[E708 11:01:57.242992652 shim_common.cpp:1458] Exception in aoti_torch: Tried to register an operator (_C::silu_and_mul_quant(Tensor($0! -> ) result, Tensor input, Tensor scale) -> ()) with the same name and overload name multiple times. Each overload's schema should only be registered with a single call to def(). Duplicate registration: registered at /workspace/csrc/libtorch_stable/torch_bindings.cpp:10. Original registration: registered at /workspace/csrc/torch_bindings.cpp:21
Exception raised from registerDef at /pytorch/aten/src/ATen/core/dispatch/Dispatcher.cpp:248 (most recent call first):
frame #0: c10::Error::Error(c10::SourceLocation, std::__cxx11::basic_string<char, std::char_traits<char>, std::allocator<char> >) + 0x9d (0x7ffff6b7205d in /workspace/vllm/.venv/lib/python3.12/site-packages/torch/lib/libc10.so)
frame #1: c10::detail::torchCheckFail(char const*, char const*, unsigned int, std::__cxx11::basic_string<char, std::char_traits<char>, std::allocator<char> > const&) + 0xc3 (0x7ffff6b066fd in /workspace/vllm/.venv/lib/python3.12/site-packages/torch/lib/libc10.so)
frame #2: c10::Dispatcher::registerDef(c10::FunctionSchema, std::__cxx11::basic_string<char, std::char_traits<char>, std::allocator<char> >, std::vector<at::Tag, std::allocator<at::Tag> >) + 0x35e (0x7fff0e6811fe in /workspace/vllm/.venv/lib/python3.12/site-packages/torch/lib/libtorch_cpu.so)
frame #3: torch::Library::_def(c10::FunctionSchema&&, c10::OperatorName*, std::vector<at::Tag, std::allocator<at::Tag> > const&, torch::_RegisterOrVerify) & + 0x514 (0x7fff0e6c2254 in /workspace/vllm/.venv/lib/python3.12/site-packages/torch/lib/libtorch_cpu.so)
frame #4: aoti_torch_library_def + 0x99 (0x7fff128d45b9 in /workspace/vllm/.venv/lib/python3.12/site-packages/torch/lib/libtorch_cpu.so)
frame #5: <unknown function> + 0x2bdb3c (0x7ffe8aebeb3c in /workspace/vllm/vllm/_C_stable_libtorch.abi3.so)
frame #6: <unknown function> + 0x2bf0ce (0x7ffe8aec00ce in /workspace/vllm/vllm/_C_stable_libtorch.abi3.so)
frame #7: <unknown function> + 0x279d92 (0x7ffe8ae7ad92 in /workspace/vllm/vllm/_C_stable_libtorch.abi3.so)
frame #8: <unknown function> + 0x571f (0x7ffff7fca71f in /lib64/ld-linux-x86-64.so.2)
frame #9: <unknown function> + 0x5824 (0x7ffff7fca824 in /lib64/ld-linux-x86-64.so.2)
frame #10: _dl_catch_exception + 0x132 (0x7ffff7fc65b2 in /lib64/ld-linux-x86-64.so.2)
frame #11: <unknown function> + 0xcd7c (0x7ffff7fd1d7c in /lib64/ld-linux-x86-64.so.2)
frame #12: _dl_catch_exception + 0x9c (0x7ffff7fc651c in /lib64/ld-linux-x86-64.so.2)
frame #13: <unknown function> + 0xd164 (0x7ffff7fd2164 in /lib64/ld-linux-x86-64.so.2)
frame #14: <unknown function> + 0x981a4 (0x7ffff7d0c1a4 in /usr/lib/x86_64-linux-gnu/libc.so.6)
frame #15: _dl_catch_exception + 0x9c (0x7ffff7fc651c in /lib64/ld-linux-x86-64.so.2)
frame #16: <unknown function> + 0x1669 (0x7ffff7fc6669 in /lib64/ld-linux-x86-64.so.2)
frame #17: <unknown function> + 0x97c83 (0x7ffff7d0bc83 in /usr/lib/x86_64-linux-gnu/libc.so.6)
frame #18: dlopen + 0x6f (0x7ffff7d0c25f in /usr/lib/x86_64-linux-gnu/libc.so.6)
frame #19: /workspace/vllm/.venv/bin/python() [0x6bc36c]
frame #20: /workspace/vllm/.venv/bin/python() [0x6a946a]
frame #21: /workspace/vllm/.venv/bin/python() [0x6a8bf2]
frame #22: /workspace/vllm/.venv/bin/python() [0x581f37]
frame #23: _PyEval_EvalFrameDefault + 0x4c3a (0x5db0ba in /workspace/vllm/.venv/bin/python)
frame #24: /workspace/vllm/.venv/bin/python() [0x549d47]
frame #25: PyObject_CallMethodObjArgs + 0xe3 (0x54b5c3 in /workspace/vllm/.venv/bin/python)
frame #26: PyImport_ImportModuleLevelObject + 0x395 (0x5fd805 in /workspace/vllm/.venv/bin/python)
frame #27: _PyEval_EvalFrameDefault + 0x5eee (0x5dc36e in /workspace/vllm/.venv/bin/python)
frame #28: PyEval_EvalCode + 0x15b (0x5d543b in /workspace/vllm/.venv/bin/python)
frame #29: /workspace/vllm/.venv/bin/python() [0x5d322c]
frame #30: /workspace/vllm/.venv/bin/python() [0x581d1d]
frame #31: _PyEval_EvalFrameDefault + 0x4c3a (0x5db0ba in /workspace/vllm/.venv/bin/python)
frame #32: PyObject_CallOneArg + 0x4d (0x54a65d in /workspace/vllm/.venv/bin/python)
frame #33: /workspace/vllm/.venv/bin/python() [0x582e84]
frame #34: _PyObject_LookupAttr + 0x7a (0x584bea in /workspace/vllm/.venv/bin/python)
frame #35: /workspace/vllm/.venv/bin/python() [0x5d2b8a]
frame #36: _PyEval_EvalFrameDefault + 0x207d (0x5d84fd in /workspace/vllm/.venv/bin/python)
frame #37: /workspace/vllm/.venv/bin/python() [0x549d47]
frame #38: PyObject_CallMethodObjArgs + 0xe3 (0x54b5c3 in /workspace/vllm/.venv/bin/python)
frame #39: PyImport_ImportModuleLevelObject + 0x5eb (0x5fda5b in /workspace/vllm/.venv/bin/python)
frame #40: _PyEval_EvalFrameDefault + 0x5eee (0x5dc36e in /workspace/vllm/.venv/bin/python)
frame #41: PyEval_EvalCode + 0x15b (0x5d543b in /workspace/vllm/.venv/bin/python)
frame #42: /workspace/vllm/.venv/bin/python() [0x5d322c]
frame #43: /workspace/vllm/.venv/bin/python() [0x581d1d]
frame #44: _PyEval_EvalFrameDefault + 0x4c3a (0x5db0ba in /workspace/vllm/.venv/bin/python)
frame #45: /workspace/vllm/.venv/bin/python() [0x549d47]
frame #46: PyObject_CallMethodObjArgs + 0xe3 (0x54b5c3 in /workspace/vllm/.venv/bin/python)
frame #47: PyImport_ImportModuleLevelObject + 0x395 (0x5fd805 in /workspace/vllm/.venv/bin/python)
frame #48: _PyEval_EvalFrameDefault + 0x5eee (0x5dc36e in /workspace/vllm/.venv/bin/python)
frame #49: PyEval_EvalCode + 0x15b (0x5d543b in /workspace/vllm/.venv/bin/python)
frame #50: /workspace/vllm/.venv/bin/python() [0x5d322c]
frame #51: /workspace/vllm/.venv/bin/python() [0x581d1d]
frame #52: _PyEval_EvalFrameDefault + 0x4c3a (0x5db0ba in /workspace/vllm/.venv/bin/python)
frame #53: /workspace/vllm/.venv/bin/python() [0x549d47]
frame #54: PyObject_CallMethodObjArgs + 0xe3 (0x54b5c3 in /workspace/vllm/.venv/bin/python)
frame #55: PyImport_ImportModuleLevelObject + 0x395 (0x5fd805 in /workspace/vllm/.venv/bin/python)
frame #56: _PyEval_EvalFrameDefault + 0x5eee (0x5dc36e in /workspace/vllm/.venv/bin/python)
frame #57: PyEval_EvalCode + 0x15b (0x5d543b in /workspace/vllm/.venv/bin/python)
frame #58: /workspace/vllm/.venv/bin/python() [0x5d322c]
frame #59: /workspace/vllm/.venv/bin/python() [0x581d1d]
frame #60: _PyEval_EvalFrameDefault + 0x4c3a (0x5db0ba in /workspace/vllm/.venv/bin/python)
frame #61: /workspace/vllm/.venv/bin/python() [0x549d47]
frame #62: PyObject_CallMethodObjArgs + 0xe3 (0x54b5c3 in /workspace/vllm/.venv/bin/python)

[W708 11:01:58.245504520 OperatorEntry.cpp:208] Warning: Warning only once for all operators,  other operators may also be overridden.
  Overriding a previously registered kernel for the same operator and the same dispatch key
  operator: _C::persistent_masked_m_silu_mul_quant(Tensor input, Tensor counts, Tensor($0! -> ) y_q, Tensor($1! -> ) y_s, bool use_ue8m0) -> ()
    registered at /workspace/csrc/torch_bindings.cpp:21
  dispatch key: CUDA
  previous kernel: registered at /workspace/csrc/torch_bindings.cpp:21
       new kernel: registered at /workspace/csrc/libtorch_stable/torch_bindings.cpp:603 (function operator())
[E708 11:01:58.249488605 shim_common.cpp:1458] Exception in aoti_torch: Tried to register an operator (_C::persistent_masked_m_silu_mul_quant(Tensor input, Tensor counts, Tensor($0! -> ) y_q, Tensor($1! -> ) y_s, bool use_ue8m0) -> ()) with the same name and overload name multiple times. Each overload's schema should only be registered with a single call to def(). Duplicate registration: registered at /workspace/csrc/libtorch_stable/torch_bindings.cpp:10. Original registration: registered at /workspace/csrc/torch_bindings.cpp:21
Exception raised from registerDef at /pytorch/aten/src/ATen/core/dispatch/Dispatcher.cpp:248 (most recent call first):
frame #0: c10::Error::Error(c10::SourceLocation, std::__cxx11::basic_string<char, std::char_traits<char>, std::allocator<char> >) + 0x9d (0x7ffff6b7205d in /workspace/vllm/.venv/lib/python3.12/site-packages/torch/lib/libc10.so)
frame #1: c10::detail::torchCheckFail(char const*, char const*, unsigned int, std::__cxx11::basic_string<char, std::char_traits<char>, std::allocator<char> > const&) + 0xc3 (0x7ffff6b066fd in /workspace/vllm/.venv/lib/python3.12/site-packages/torch/lib/libc10.so)
frame #2: c10::Dispatcher::registerDef(c10::FunctionSchema, std::__cxx11::basic_string<char, std::char_traits<char>, std::allocator<char> >, std::vector<at::Tag, std::allocator<at::Tag> >) + 0x35e (0x7fff0e6811fe in /workspace/vllm/.venv/lib/python3.12/site-packages/torch/lib/libtorch_cpu.so)
frame #3: torch::Library::_def(c10::FunctionSchema&&, c10::OperatorName*, std::vector<at::Tag, std::allocator<at::Tag> > const&, torch::_RegisterOrVerify) & + 0x514 (0x7fff0e6c2254 in /workspace/vllm/.venv/lib/python3.12/site-packages/torch/lib/libtorch_cpu.so)
frame #4: aoti_torch_library_def + 0x99 (0x7fff128d45b9 in /workspace/vllm/.venv/lib/python3.12/site-packages/torch/lib/libtorch_cpu.so)
frame #5: <unknown function> + 0x2bdaf1 (0x7ffe8aebeaf1 in /workspace/vllm/vllm/_C_stable_libtorch.abi3.so)
frame #6: <unknown function> + 0x2bf0ce (0x7ffe8aec00ce in /workspace/vllm/vllm/_C_stable_libtorch.abi3.so)
frame #7: <unknown function> + 0x279d92 (0x7ffe8ae7ad92 in /workspace/vllm/vllm/_C_stable_libtorch.abi3.so)
frame #8: <unknown function> + 0x571f (0x7ffff7fca71f in /lib64/ld-linux-x86-64.so.2)
frame #9: <unknown function> + 0x5824 (0x7ffff7fca824 in /lib64/ld-linux-x86-64.so.2)
frame #10: _dl_catch_exception + 0x132 (0x7ffff7fc65b2 in /lib64/ld-linux-x86-64.so.2)
frame #11: <unknown function> + 0xcd7c (0x7ffff7fd1d7c in /lib64/ld-linux-x86-64.so.2)
frame #12: _dl_catch_exception + 0x9c (0x7ffff7fc651c in /lib64/ld-linux-x86-64.so.2)
frame #13: <unknown function> + 0xd164 (0x7ffff7fd2164 in /lib64/ld-linux-x86-64.so.2)
frame #14: <unknown function> + 0x981a4 (0x7ffff7d0c1a4 in /usr/lib/x86_64-linux-gnu/libc.so.6)
frame #15: _dl_catch_exception + 0x9c (0x7ffff7fc651c in /lib64/ld-linux-x86-64.so.2)
frame #16: <unknown function> + 0x1669 (0x7ffff7fc6669 in /lib64/ld-linux-x86-64.so.2)
frame #17: <unknown function> + 0x97c83 (0x7ffff7d0bc83 in /usr/lib/x86_64-linux-gnu/libc.so.6)
frame #18: dlopen + 0x6f (0x7ffff7d0c25f in /usr/lib/x86_64-linux-gnu/libc.so.6)
frame #19: /workspace/vllm/.venv/bin/python() [0x6bc36c]
frame #20: /workspace/vllm/.venv/bin/python() [0x6a946a]
frame #21: /workspace/vllm/.venv/bin/python() [0x6a8bf2]
frame #22: /workspace/vllm/.venv/bin/python() [0x581f37]
frame #23: _PyEval_EvalFrameDefault + 0x4c3a (0x5db0ba in /workspace/vllm/.venv/bin/python)
frame #24: /workspace/vllm/.venv/bin/python() [0x549d47]
frame #25: PyObject_CallMethodObjArgs + 0xe3 (0x54b5c3 in /workspace/vllm/.venv/bin/python)
frame #26: PyImport_ImportModuleLevelObject + 0x395 (0x5fd805 in /workspace/vllm/.venv/bin/python)
frame #27: _PyEval_EvalFrameDefault + 0x5eee (0x5dc36e in /workspace/vllm/.venv/bin/python)
frame #28: PyEval_EvalCode + 0x15b (0x5d543b in /workspace/vllm/.venv/bin/python)
frame #29: /workspace/vllm/.venv/bin/python() [0x5d322c]
frame #30: /workspace/vllm/.venv/bin/python() [0x581d1d]
frame #31: _PyEval_EvalFrameDefault + 0x4c3a (0x5db0ba in /workspace/vllm/.venv/bin/python)
frame #32: PyObject_CallOneArg + 0x4d (0x54a65d in /workspace/vllm/.venv/bin/python)
frame #33: /workspace/vllm/.venv/bin/python() [0x582e84]
frame #34: _PyObject_LookupAttr + 0x7a (0x584bea in /workspace/vllm/.venv/bin/python)
frame #35: /workspace/vllm/.venv/bin/python() [0x5d2b8a]
frame #36: _PyEval_EvalFrameDefault + 0x207d (0x5d84fd in /workspace/vllm/.venv/bin/python)
frame #37: /workspace/vllm/.venv/bin/python() [0x549d47]
frame #38: PyObject_CallMethodObjArgs + 0xe3 (0x54b5c3 in /workspace/vllm/.venv/bin/python)
frame #39: PyImport_ImportModuleLevelObject + 0x5eb (0x5fda5b in /workspace/vllm/.venv/bin/python)
frame #40: _PyEval_EvalFrameDefault + 0x5eee (0x5dc36e in /workspace/vllm/.venv/bin/python)
frame #41: PyEval_EvalCode + 0x15b (0x5d543b in /workspace/vllm/.venv/bin/python)
frame #42: /workspace/vllm/.venv/bin/python() [0x5d322c]
frame #43: /workspace/vllm/.venv/bin/python() [0x581d1d]
frame #44: _PyEval_EvalFrameDefault + 0x4c3a (0x5db0ba in /workspace/vllm/.venv/bin/python)
frame #45: /workspace/vllm/.venv/bin/python() [0x549d47]
frame #46: PyObject_CallMethodObjArgs + 0xe3 (0x54b5c3 in /workspace/vllm/.venv/bin/python)
frame #47: PyImport_ImportModuleLevelObject + 0x395 (0x5fd805 in /workspace/vllm/.venv/bin/python)
frame #48: _PyEval_EvalFrameDefault + 0x5eee (0x5dc36e in /workspace/vllm/.venv/bin/python)
frame #49: PyEval_EvalCode + 0x15b (0x5d543b in /workspace/vllm/.venv/bin/python)
frame #50: /workspace/vllm/.venv/bin/python() [0x5d322c]
frame #51: /workspace/vllm/.venv/bin/python() [0x581d1d]
frame #52: _PyEval_EvalFrameDefault + 0x4c3a (0x5db0ba in /workspace/vllm/.venv/bin/python)
frame #53: /workspace/vllm/.venv/bin/python() [0x549d47]
frame #54: PyObject_CallMethodObjArgs + 0xe3 (0x54b5c3 in /workspace/vllm/.venv/bin/python)
frame #55: PyImport_ImportModuleLevelObject + 0x395 (0x5fd805 in /workspace/vllm/.venv/bin/python)
frame #56: _PyEval_EvalFrameDefault + 0x5eee (0x5dc36e in /workspace/vllm/.venv/bin/python)
frame #57: PyEval_EvalCode + 0x15b (0x5d543b in /workspace/vllm/.venv/bin/python)
frame #58: /workspace/vllm/.venv/bin/python() [0x5d322c]
frame #59: /workspace/vllm/.venv/bin/python() [0x581d1d]
frame #60: _PyEval_EvalFrameDefault + 0x4c3a (0x5db0ba in /workspace/vllm/.venv/bin/python)
frame #61: /workspace/vllm/.venv/bin/python() [0x549d47]
frame #62: PyObject_CallMethodObjArgs + 0xe3 (0x54b5c3 in /workspace/vllm/.venv/bin/python)

[E708 11:01:58.251723675 shim_common.cpp:1458] Exception in aoti_torch: Tried to register an operator (_C::weak_ref_tensor(Tensor input) -> Tensor) with the same name and overload name multiple times. Each overload's schema should only be registered with a single call to def(). Duplicate registration: registered at /workspace/csrc/libtorch_stable/torch_bindings.cpp:10. Original registration: registered at /workspace/csrc/torch_bindings.cpp:21
Exception raised from registerDef at /pytorch/aten/src/ATen/core/dispatch/Dispatcher.cpp:248 (most recent call first):
frame #0: c10::Error::Error(c10::SourceLocation, std::__cxx11::basic_string<char, std::char_traits<char>, std::allocator<char> >) + 0x9d (0x7ffff6b7205d in /workspace/vllm/.venv/lib/python3.12/site-packages/torch/lib/libc10.so)
frame #1: c10::detail::torchCheckFail(char const*, char const*, unsigned int, std::__cxx11::basic_string<char, std::char_traits<char>, std::allocator<char> > const&) + 0xc3 (0x7ffff6b066fd in /workspace/vllm/.venv/lib/python3.12/site-packages/torch/lib/libc10.so)
frame #2: c10::Dispatcher::registerDef(c10::FunctionSchema, std::__cxx11::basic_string<char, std::char_traits<char>, std::allocator<char> >, std::vector<at::Tag, std::allocator<at::Tag> >) + 0x35e (0x7fff0e6811fe in /workspace/vllm/.venv/lib/python3.12/site-packages/torch/lib/libtorch_cpu.so)
frame #3: torch::Library::_def(c10::FunctionSchema&&, c10::OperatorName*, std::vector<at::Tag, std::allocator<at::Tag> > const&, torch::_RegisterOrVerify) & + 0x514 (0x7fff0e6c2254 in /workspace/vllm/.venv/lib/python3.12/site-packages/torch/lib/libtorch_cpu.so)
frame #4: aoti_torch_library_def + 0x99 (0x7fff128d45b9 in /workspace/vllm/.venv/lib/python3.12/site-packages/torch/lib/libtorch_cpu.so)
frame #5: <unknown function> + 0x2bdb00 (0x7ffe8aebeb00 in /workspace/vllm/vllm/_C_stable_libtorch.abi3.so)
frame #6: <unknown function> + 0x2bf0ce (0x7ffe8aec00ce in /workspace/vllm/vllm/_C_stable_libtorch.abi3.so)
frame #7: <unknown function> + 0x279d92 (0x7ffe8ae7ad92 in /workspace/vllm/vllm/_C_stable_libtorch.abi3.so)
frame #8: <unknown function> + 0x571f (0x7ffff7fca71f in /lib64/ld-linux-x86-64.so.2)
frame #9: <unknown function> + 0x5824 (0x7ffff7fca824 in /lib64/ld-linux-x86-64.so.2)
frame #10: _dl_catch_exception + 0x132 (0x7ffff7fc65b2 in /lib64/ld-linux-x86-64.so.2)
frame #11: <unknown function> + 0xcd7c (0x7ffff7fd1d7c in /lib64/ld-linux-x86-64.so.2)
frame #12: _dl_catch_exception + 0x9c (0x7ffff7fc651c in /lib64/ld-linux-x86-64.so.2)
frame #13: <unknown function> + 0xd164 (0x7ffff7fd2164 in /lib64/ld-linux-x86-64.so.2)
frame #14: <unknown function> + 0x981a4 (0x7ffff7d0c1a4 in /usr/lib/x86_64-linux-gnu/libc.so.6)
frame #15: _dl_catch_exception + 0x9c (0x7ffff7fc651c in /lib64/ld-linux-x86-64.so.2)
frame #16: <unknown function> + 0x1669 (0x7ffff7fc6669 in /lib64/ld-linux-x86-64.so.2)
frame #17: <unknown function> + 0x97c83 (0x7ffff7d0bc83 in /usr/lib/x86_64-linux-gnu/libc.so.6)
frame #18: dlopen + 0x6f (0x7ffff7d0c25f in /usr/lib/x86_64-linux-gnu/libc.so.6)
frame #19: /workspace/vllm/.venv/bin/python() [0x6bc36c]
frame #20: /workspace/vllm/.venv/bin/python() [0x6a946a]
frame #21: /workspace/vllm/.venv/bin/python() [0x6a8bf2]
frame #22: /workspace/vllm/.venv/bin/python() [0x581f37]
frame #23: _PyEval_EvalFrameDefault + 0x4c3a (0x5db0ba in /workspace/vllm/.venv/bin/python)
frame #24: /workspace/vllm/.venv/bin/python() [0x549d47]
frame #25: PyObject_CallMethodObjArgs + 0xe3 (0x54b5c3 in /workspace/vllm/.venv/bin/python)
frame #26: PyImport_ImportModuleLevelObject + 0x395 (0x5fd805 in /workspace/vllm/.venv/bin/python)
frame #27: _PyEval_EvalFrameDefault + 0x5eee (0x5dc36e in /workspace/vllm/.venv/bin/python)
frame #28: PyEval_EvalCode + 0x15b (0x5d543b in /workspace/vllm/.venv/bin/python)
frame #29: /workspace/vllm/.venv/bin/python() [0x5d322c]
frame #30: /workspace/vllm/.venv/bin/python() [0x581d1d]
frame #31: _PyEval_EvalFrameDefault + 0x4c3a (0x5db0ba in /workspace/vllm/.venv/bin/python)
frame #32: PyObject_CallOneArg + 0x4d (0x54a65d in /workspace/vllm/.venv/bin/python)
frame #33: /workspace/vllm/.venv/bin/python() [0x582e84]
frame #34: _PyObject_LookupAttr + 0x7a (0x584bea in /workspace/vllm/.venv/bin/python)
frame #35: /workspace/vllm/.venv/bin/python() [0x5d2b8a]
frame #36: _PyEval_EvalFrameDefault + 0x207d (0x5d84fd in /workspace/vllm/.venv/bin/python)
frame #37: /workspace/vllm/.venv/bin/python() [0x549d47]
frame #38: PyObject_CallMethodObjArgs + 0xe3 (0x54b5c3 in /workspace/vllm/.venv/bin/python)
frame #39: PyImport_ImportModuleLevelObject + 0x5eb (0x5fda5b in /workspace/vllm/.venv/bin/python)
frame #40: _PyEval_EvalFrameDefault + 0x5eee (0x5dc36e in /workspace/vllm/.venv/bin/python)
frame #41: PyEval_EvalCode + 0x15b (0x5d543b in /workspace/vllm/.venv/bin/python)
frame #42: /workspace/vllm/.venv/bin/python() [0x5d322c]
frame #43: /workspace/vllm/.venv/bin/python() [0x581d1d]
frame #44: _PyEval_EvalFrameDefault + 0x4c3a (0x5db0ba in /workspace/vllm/.venv/bin/python)
frame #45: /workspace/vllm/.venv/bin/python() [0x549d47]
frame #46: PyObject_CallMethodObjArgs + 0xe3 (0x54b5c3 in /workspace/vllm/.venv/bin/python)
frame #47: PyImport_ImportModuleLevelObject + 0x395 (0x5fd805 in /workspace/vllm/.venv/bin/python)
frame #48: _PyEval_EvalFrameDefault + 0x5eee (0x5dc36e in /workspace/vllm/.venv/bin/python)
frame #49: PyEval_EvalCode + 0x15b (0x5d543b in /workspace/vllm/.venv/bin/python)
frame #50: /workspace/vllm/.venv/bin/python() [0x5d322c]
frame #51: /workspace/vllm/.venv/bin/python() [0x581d1d]
frame #52: _PyEval_EvalFrameDefault + 0x4c3a (0x5db0ba in /workspace/vllm/.venv/bin/python)
frame #53: /workspace/vllm/.venv/bin/python() [0x549d47]
frame #54: PyObject_CallMethodObjArgs + 0xe3 (0x54b5c3 in /workspace/vllm/.venv/bin/python)
frame #55: PyImport_ImportModuleLevelObject + 0x395 (0x5fd805 in /workspace/vllm/.venv/bin/python)
frame #56: _PyEval_EvalFrameDefault + 0x5eee (0x5dc36e in /workspace/vllm/.venv/bin/python)
frame #57: PyEval_EvalCode + 0x15b (0x5d543b in /workspace/vllm/.venv/bin/python)
frame #58: /workspace/vllm/.venv/bin/python() [0x5d322c]
frame #59: /workspace/vllm/.venv/bin/python() [0x581d1d]
frame #60: _PyEval_EvalFrameDefault + 0x4c3a (0x5db0ba in /workspace/vllm/.venv/bin/python)
frame #61: /workspace/vllm/.venv/bin/python() [0x549d47]
frame #62: PyObject_CallMethodObjArgs + 0xe3 (0x54b5c3 in /workspace/vllm/.venv/bin/python)

[E708 11:01:58.252076033 shim_common.cpp:1458] Exception in aoti_torch: Tried to register an operator (_C::persistent_masked_m_silu_mul_quant(Tensor input, Tensor counts, Tensor($0! -> ) y_q, Tensor($1! -> ) y_s, bool use_ue8m0) -> ()) with the same name and overload name multiple times. Each overload's schema should only be registered with a single call to def(). Duplicate registration: registered at /workspace/csrc/libtorch_stable/torch_bindings.cpp:10. Original registration: registered at /workspace/csrc/torch_bindings.cpp:21
Exception raised from registerDef at /pytorch/aten/src/ATen/core/dispatch/Dispatcher.cpp:248 (most recent call first):
frame #0: c10::Error::Error(c10::SourceLocation, std::__cxx11::basic_string<char, std::char_traits<char>, std::allocator<char> >) + 0x9d (0x7ffff6b7205d in /workspace/vllm/.venv/lib/python3.12/site-packages/torch/lib/libc10.so)
frame #1: c10::detail::torchCheckFail(char const*, char const*, unsigned int, std::__cxx11::basic_string<char, std::char_traits<char>, std::allocator<char> > const&) + 0xc3 (0x7ffff6b066fd in /workspace/vllm/.venv/lib/python3.12/site-packages/torch/lib/libc10.so)
frame #2: c10::Dispatcher::registerDef(c10::FunctionSchema, std::__cxx11::basic_string<char, std::char_traits<char>, std::allocator<char> >, std::vector<at::Tag, std::allocator<at::Tag> >) + 0x35e (0x7fff0e6811fe in /workspace/vllm/.venv/lib/python3.12/site-packages/torch/lib/libtorch_cpu.so)
frame #3: torch::Library::_def(c10::FunctionSchema&&, c10::OperatorName*, std::vector<at::Tag, std::allocator<at::Tag> > const&, torch::_RegisterOrVerify) & + 0x514 (0x7fff0e6c2254 in /workspace/vllm/.venv/lib/python3.12/site-packages/torch/lib/libtorch_cpu.so)
frame #4: aoti_torch_library_def + 0x99 (0x7fff128d45b9 in /workspace/vllm/.venv/lib/python3.12/site-packages/torch/lib/libtorch_cpu.so)
frame #5: <unknown function> + 0x2bdaf1 (0x7ffe8aebeaf1 in /workspace/vllm/vllm/_C_stable_libtorch.abi3.so)
frame #6: <unknown function> + 0x2bf0ce (0x7ffe8aec00ce in /workspace/vllm/vllm/_C_stable_libtorch.abi3.so)
frame #7: <unknown function> + 0x279d92 (0x7ffe8ae7ad92 in /workspace/vllm/vllm/_C_stable_libtorch.abi3.so)
frame #8: <unknown function> + 0x571f (0x7ffff7fca71f in /lib64/ld-linux-x86-64.so.2)
frame #9: <unknown function> + 0x5824 (0x7ffff7fca824 in /lib64/ld-linux-x86-64.so.2)
frame #10: _dl_catch_exception + 0x132 (0x7ffff7fc65b2 in /lib64/ld-linux-x86-64.so.2)
frame #11: <unknown function> + 0xcd7c (0x7ffff7fd1d7c in /lib64/ld-linux-x86-64.so.2)
frame #12: _dl_catch_exception + 0x9c (0x7ffff7fc651c in /lib64/ld-linux-x86-64.so.2)
frame #13: <unknown function> + 0xd164 (0x7ffff7fd2164 in /lib64/ld-linux-x86-64.so.2)
frame #14: <unknown function> + 0x981a4 (0x7ffff7d0c1a4 in /usr/lib/x86_64-linux-gnu/libc.so.6)
frame #15: _dl_catch_exception + 0x9c (0x7ffff7fc651c in /lib64/ld-linux-x86-64.so.2)
frame #16: <unknown function> + 0x1669 (0x7ffff7fc6669 in /lib64/ld-linux-x86-64.so.2)
frame #17: <unknown function> + 0x97c83 (0x7ffff7d0bc83 in /usr/lib/x86_64-linux-gnu/libc.so.6)
frame #18: dlopen + 0x6f (0x7ffff7d0c25f in /usr/lib/x86_64-linux-gnu/libc.so.6)
frame #19: /workspace/vllm/.venv/bin/python() [0x6bc36c]
frame #20: /workspace/vllm/.venv/bin/python() [0x6a946a]
frame #21: /workspace/vllm/.venv/bin/python() [0x6a8bf2]
frame #22: /workspace/vllm/.venv/bin/python() [0x581f37]
frame #23: _PyEval_EvalFrameDefault + 0x4c3a (0x5db0ba in /workspace/vllm/.venv/bin/python)
frame #24: /workspace/vllm/.venv/bin/python() [0x549d47]
frame #25: PyObject_CallMethodObjArgs + 0xe3 (0x54b5c3 in /workspace/vllm/.venv/bin/python)
frame #26: PyImport_ImportModuleLevelObject + 0x395 (0x5fd805 in /workspace/vllm/.venv/bin/python)
frame #27: _PyEval_EvalFrameDefault + 0x5eee (0x5dc36e in /workspace/vllm/.venv/bin/python)
frame #28: PyEval_EvalCode + 0x15b (0x5d543b in /workspace/vllm/.venv/bin/python)
frame #29: /workspace/vllm/.venv/bin/python() [0x5d322c]
frame #30: /workspace/vllm/.venv/bin/python() [0x581d1d]
frame #31: _PyEval_EvalFrameDefault + 0x4c3a (0x5db0ba in /workspace/vllm/.venv/bin/python)
frame #32: PyObject_CallOneArg + 0x4d (0x54a65d in /workspace/vllm/.venv/bin/python)
frame #33: /workspace/vllm/.venv/bin/python() [0x582e84]
frame #34: _PyObject_LookupAttr + 0x7a (0x584bea in /workspace/vllm/.venv/bin/python)
frame #35: /workspace/vllm/.venv/bin/python() [0x5d2b8a]
frame #36: _PyEval_EvalFrameDefault + 0x207d (0x5d84fd in /workspace/vllm/.venv/bin/python)
frame #37: /workspace/vllm/.venv/bin/python() [0x549d47]
frame #38: PyObject_CallMethodObjArgs + 0xe3 (0x54b5c3 in /workspace/vllm/.venv/bin/python)
frame #39: PyImport_ImportModuleLevelObject + 0x5eb (0x5fda5b in /workspace/vllm/.venv/bin/python)
frame #40: _PyEval_EvalFrameDefault + 0x5eee (0x5dc36e in /workspace/vllm/.venv/bin/python)
frame #41: PyEval_EvalCode + 0x15b (0x5d543b in /workspace/vllm/.venv/bin/python)
frame #42: /workspace/vllm/.venv/bin/python() [0x5d322c]
frame #43: /workspace/vllm/.venv/bin/python() [0x581d1d]
frame #44: _PyEval_EvalFrameDefault + 0x4c3a (0x5db0ba in /workspace/vllm/.venv/bin/python)
frame #45: /workspace/vllm/.venv/bin/python() [0x549d47]
frame #46: PyObject_CallMethodObjArgs + 0xe3 (0x54b5c3 in /workspace/vllm/.venv/bin/python)
frame #47: PyImport_ImportModuleLevelObject + 0x395 (0x5fd805 in /workspace/vllm/.venv/bin/python)
frame #48: _PyEval_EvalFrameDefault + 0x5eee (0x5dc36e in /workspace/vllm/.venv/bin/python)
frame #49: PyEval_EvalCode + 0x15b (0x5d543b in /workspace/vllm/.venv/bin/python)
frame #50: /workspace/vllm/.venv/bin/python() [0x5d322c]
frame #51: /workspace/vllm/.venv/bin/python() [0x581d1d]
frame #52: _PyEval_EvalFrameDefault + 0x4c3a (0x5db0ba in /workspace/vllm/.venv/bin/python)
frame #53: /workspace/vllm/.venv/bin/python() [0x549d47]
frame #54: PyObject_CallMethodObjArgs + 0xe3 (0x54b5c3 in /workspace/vllm/.venv/bin/python)
frame #55: PyImport_ImportModuleLevelObject + 0x395 (0x5fd805 in /workspace/vllm/.venv/bin/python)
frame #56: _PyEval_EvalFrameDefault + 0x5eee (0x5dc36e in /workspace/vllm/.venv/bin/python)
frame #57: PyEval_EvalCode + 0x15b (0x5d543b in /workspace/vllm/.venv/bin/python)
frame #58: /workspace/vllm/.venv/bin/python() [0x5d322c]
frame #59: /workspace/vllm/.venv/bin/python() [0x581d1d]
frame #60: _PyEval_EvalFrameDefault + 0x4c3a (0x5db0ba in /workspace/vllm/.venv/bin/python)
frame #61: /workspace/vllm/.venv/bin/python() [0x549d47]
frame #62: PyObject_CallMethodObjArgs + 0xe3 (0x54b5c3 in /workspace/vllm/.venv/bin/python)

[E708 11:01:58.253982250 shim_common.cpp:1458] Exception in aoti_torch: Tried to register an operator (_C::silu_and_mul_quant(Tensor($0! -> ) result, Tensor input, Tensor scale) -> ()) with the same name and overload name multiple times. Each overload's schema should only be registered with a single call to def(). Duplicate registration: registered at /workspace/csrc/libtorch_stable/torch_bindings.cpp:10. Original registration: registered at /workspace/csrc/torch_bindings.cpp:21
Exception raised from registerDef at /pytorch/aten/src/ATen/core/dispatch/Dispatcher.cpp:248 (most recent call first):
frame #0: c10::Error::Error(c10::SourceLocation, std::__cxx11::basic_string<char, std::char_traits<char>, std::allocator<char> >) + 0x9d (0x7ffff6b7205d in /workspace/vllm/.venv/lib/python3.12/site-packages/torch/lib/libc10.so)
frame #1: c10::detail::torchCheckFail(char const*, char const*, unsigned int, std::__cxx11::basic_string<char, std::char_traits<char>, std::allocator<char> > const&) + 0xc3 (0x7ffff6b066fd in /workspace/vllm/.venv/lib/python3.12/site-packages/torch/lib/libc10.so)
frame #2: c10::Dispatcher::registerDef(c10::FunctionSchema, std::__cxx11::basic_string<char, std::char_traits<char>, std::allocator<char> >, std::vector<at::Tag, std::allocator<at::Tag> >) + 0x35e (0x7fff0e6811fe in /workspace/vllm/.venv/lib/python3.12/site-packages/torch/lib/libtorch_cpu.so)
frame #3: torch::Library::_def(c10::FunctionSchema&&, c10::OperatorName*, std::vector<at::Tag, std::allocator<at::Tag> > const&, torch::_RegisterOrVerify) & + 0x514 (0x7fff0e6c2254 in /workspace/vllm/.venv/lib/python3.12/site-packages/torch/lib/libtorch_cpu.so)
frame #4: aoti_torch_library_def + 0x99 (0x7fff128d45b9 in /workspace/vllm/.venv/lib/python3.12/site-packages/torch/lib/libtorch_cpu.so)
frame #5: <unknown function> + 0x2bdb3c (0x7ffe8aebeb3c in /workspace/vllm/vllm/_C_stable_libtorch.abi3.so)
frame #6: <unknown function> + 0x2bf0ce (0x7ffe8aec00ce in /workspace/vllm/vllm/_C_stable_libtorch.abi3.so)
frame #7: <unknown function> + 0x279d92 (0x7ffe8ae7ad92 in /workspace/vllm/vllm/_C_stable_libtorch.abi3.so)
frame #8: <unknown function> + 0x571f (0x7ffff7fca71f in /lib64/ld-linux-x86-64.so.2)
frame #9: <unknown function> + 0x5824 (0x7ffff7fca824 in /lib64/ld-linux-x86-64.so.2)
frame #10: _dl_catch_exception + 0x132 (0x7ffff7fc65b2 in /lib64/ld-linux-x86-64.so.2)
frame #11: <unknown function> + 0xcd7c (0x7ffff7fd1d7c in /lib64/ld-linux-x86-64.so.2)
frame #12: _dl_catch_exception + 0x9c (0x7ffff7fc651c in /lib64/ld-linux-x86-64.so.2)
frame #13: <unknown function> + 0xd164 (0x7ffff7fd2164 in /lib64/ld-linux-x86-64.so.2)
frame #14: <unknown function> + 0x981a4 (0x7ffff7d0c1a4 in /usr/lib/x86_64-linux-gnu/libc.so.6)
frame #15: _dl_catch_exception + 0x9c (0x7ffff7fc651c in /lib64/ld-linux-x86-64.so.2)
frame #16: <unknown function> + 0x1669 (0x7ffff7fc6669 in /lib64/ld-linux-x86-64.so.2)
frame #17: <unknown function> + 0x97c83 (0x7ffff7d0bc83 in /usr/lib/x86_64-linux-gnu/libc.so.6)
frame #18: dlopen + 0x6f (0x7ffff7d0c25f in /usr/lib/x86_64-linux-gnu/libc.so.6)
frame #19: /workspace/vllm/.venv/bin/python() [0x6bc36c]
frame #20: /workspace/vllm/.venv/bin/python() [0x6a946a]
frame #21: /workspace/vllm/.venv/bin/python() [0x6a8bf2]
frame #22: /workspace/vllm/.venv/bin/python() [0x581f37]
frame #23: _PyEval_EvalFrameDefault + 0x4c3a (0x5db0ba in /workspace/vllm/.venv/bin/python)
frame #24: /workspace/vllm/.venv/bin/python() [0x549d47]
frame #25: PyObject_CallMethodObjArgs + 0xe3 (0x54b5c3 in /workspace/vllm/.venv/bin/python)
frame #26: PyImport_ImportModuleLevelObject + 0x395 (0x5fd805 in /workspace/vllm/.venv/bin/python)
frame #27: _PyEval_EvalFrameDefault + 0x5eee (0x5dc36e in /workspace/vllm/.venv/bin/python)
frame #28: PyEval_EvalCode + 0x15b (0x5d543b in /workspace/vllm/.venv/bin/python)
frame #29: /workspace/vllm/.venv/bin/python() [0x5d322c]
frame #30: /workspace/vllm/.venv/bin/python() [0x581d1d]
frame #31: _PyEval_EvalFrameDefault + 0x4c3a (0x5db0ba in /workspace/vllm/.venv/bin/python)
frame #32: PyObject_CallOneArg + 0x4d (0x54a65d in /workspace/vllm/.venv/bin/python)
frame #33: /workspace/vllm/.venv/bin/python() [0x582e84]
frame #34: _PyObject_LookupAttr + 0x7a (0x584bea in /workspace/vllm/.venv/bin/python)
frame #35: /workspace/vllm/.venv/bin/python() [0x5d2b8a]
frame #36: _PyEval_EvalFrameDefault + 0x207d (0x5d84fd in /workspace/vllm/.venv/bin/python)
frame #37: /workspace/vllm/.venv/bin/python() [0x549d47]
frame #38: PyObject_CallMethodObjArgs + 0xe3 (0x54b5c3 in /workspace/vllm/.venv/bin/python)
frame #39: PyImport_ImportModuleLevelObject + 0x5eb (0x5fda5b in /workspace/vllm/.venv/bin/python)
frame #40: _PyEval_EvalFrameDefault + 0x5eee (0x5dc36e in /workspace/vllm/.venv/bin/python)
frame #41: PyEval_EvalCode + 0x15b (0x5d543b in /workspace/vllm/.venv/bin/python)
frame #42: /workspace/vllm/.venv/bin/python() [0x5d322c]
frame #43: /workspace/vllm/.venv/bin/python() [0x581d1d]
frame #44: _PyEval_EvalFrameDefault + 0x4c3a (0x5db0ba in /workspace/vllm/.venv/bin/python)
frame #45: /workspace/vllm/.venv/bin/python() [0x549d47]
frame #46: PyObject_CallMethodObjArgs + 0xe3 (0x54b5c3 in /workspace/vllm/.venv/bin/python)
frame #47: PyImport_ImportModuleLevelObject + 0x395 (0x5fd805 in /workspace/vllm/.venv/bin/python)
frame #48: _PyEval_EvalFrameDefault + 0x5eee (0x5dc36e in /workspace/vllm/.venv/bin/python)
frame #49: PyEval_EvalCode + 0x15b (0x5d543b in /workspace/vllm/.venv/bin/python)
frame #50: /workspace/vllm/.venv/bin/python() [0x5d322c]
frame #51: /workspace/vllm/.venv/bin/python() [0x581d1d]
frame #52: _PyEval_EvalFrameDefault + 0x4c3a (0x5db0ba in /workspace/vllm/.venv/bin/python)
frame #53: /workspace/vllm/.venv/bin/python() [0x549d47]
frame #54: PyObject_CallMethodObjArgs + 0xe3 (0x54b5c3 in /workspace/vllm/.venv/bin/python)
frame #55: PyImport_ImportModuleLevelObject + 0x395 (0x5fd805 in /workspace/vllm/.venv/bin/python)
frame #56: _PyEval_EvalFrameDefault + 0x5eee (0x5dc36e in /workspace/vllm/.venv/bin/python)
frame #57: PyEval_EvalCode + 0x15b (0x5d543b in /workspace/vllm/.venv/bin/python)
frame #58: /workspace/vllm/.venv/bin/python() [0x5d322c]
frame #59: /workspace/vllm/.venv/bin/python() [0x581d1d]
frame #60: _PyEval_EvalFrameDefault + 0x4c3a (0x5db0ba in /workspace/vllm/.venv/bin/python)
frame #61: /workspace/vllm/.venv/bin/python() [0x549d47]
frame #62: PyObject_CallMethodObjArgs + 0xe3 (0x54b5c3 in /workspace/vllm/.venv/bin/python)

[W708 11:01:58.256455955 OperatorEntry.cpp:208] Warning: Warning only once for all operators,  other operators may also be overridden.
  Overriding a previously registered kernel for the same operator and the same dispatch key
  operator: _C::persistent_masked_m_silu_mul_quant(Tensor input, Tensor counts, Tensor($0! -> ) y_q, Tensor($1! -> ) y_s, bool use_ue8m0) -> ()
    registered at /workspace/csrc/torch_bindings.cpp:21
  dispatch key: CUDA
  previous kernel: registered at /workspace/csrc/torch_bindings.cpp:21
       new kernel: registered at /workspace/csrc/libtorch_stable/torch_bindings.cpp:603 (function operator())
[E708 11:01:58.254338859 shim_common.cpp:1458] Exception in aoti_torch: Tried to register an operator (_C::weak_ref_tensor(Tensor input) -> Tensor) with the same name and overload name multiple times. Each overload's schema should only be registered with a single call to def(). Duplicate registration: registered at /workspace/csrc/libtorch_stable/torch_bindings.cpp:10. Original registration: registered at /workspace/csrc/torch_bindings.cpp:21
Exception raised from registerDef at /pytorch/aten/src/ATen/core/dispatch/Dispatcher.cpp:248 (most recent call first):
frame #0: c10::Error::Error(c10::SourceLocation, std::__cxx11::basic_string<char, std::char_traits<char>, std::allocator<char> >) + 0x9d (0x7ffff6b7205d in /workspace/vllm/.venv/lib/python3.12/site-packages/torch/lib/libc10.so)
frame #1: c10::detail::torchCheckFail(char const*, char const*, unsigned int, std::__cxx11::basic_string<char, std::char_traits<char>, std::allocator<char> > const&) + 0xc3 (0x7ffff6b066fd in /workspace/vllm/.venv/lib/python3.12/site-packages/torch/lib/libc10.so)
frame #2: c10::Dispatcher::registerDef(c10::FunctionSchema, std::__cxx11::basic_string<char, std::char_traits<char>, std::allocator<char> >, std::vector<at::Tag, std::allocator<at::Tag> >) + 0x35e (0x7fff0e6811fe in /workspace/vllm/.venv/lib/python3.12/site-packages/torch/lib/libtorch_cpu.so)
frame #3: torch::Library::_def(c10::FunctionSchema&&, c10::OperatorName*, std::vector<at::Tag, std::allocator<at::Tag> > const&, torch::_RegisterOrVerify) & + 0x514 (0x7fff0e6c2254 in /workspace/vllm/.venv/lib/python3.12/site-packages/torch/lib/libtorch_cpu.so)
frame #4: aoti_torch_library_def + 0x99 (0x7fff128d45b9 in /workspace/vllm/.venv/lib/python3.12/site-packages/torch/lib/libtorch_cpu.so)
frame #5: <unknown function> + 0x2bdb00 (0x7ffe8aebeb00 in /workspace/vllm/vllm/_C_stable_libtorch.abi3.so)
frame #6: <unknown function> + 0x2bf0ce (0x7ffe8aec00ce in /workspace/vllm/vllm/_C_stable_libtorch.abi3.so)
frame #7: <unknown function> + 0x279d92 (0x7ffe8ae7ad92 in /workspace/vllm/vllm/_C_stable_libtorch.abi3.so)
frame #8: <unknown function> + 0x571f (0x7ffff7fca71f in /lib64/ld-linux-x86-64.so.2)
frame #9: <unknown function> + 0x5824 (0x7ffff7fca824 in /lib64/ld-linux-x86-64.so.2)
frame #10: _dl_catch_exception + 0x132 (0x7ffff7fc65b2 in /lib64/ld-linux-x86-64.so.2)
frame #11: <unknown function> + 0xcd7c (0x7ffff7fd1d7c in /lib64/ld-linux-x86-64.so.2)
frame #12: _dl_catch_exception + 0x9c (0x7ffff7fc651c in /lib64/ld-linux-x86-64.so.2)
frame #13: <unknown function> + 0xd164 (0x7ffff7fd2164 in /lib64/ld-linux-x86-64.so.2)
frame #14: <unknown function> + 0x981a4 (0x7ffff7d0c1a4 in /usr/lib/x86_64-linux-gnu/libc.so.6)
frame #15: _dl_catch_exception + 0x9c (0x7ffff7fc651c in /lib64/ld-linux-x86-64.so.2)
frame #16: <unknown function> + 0x1669 (0x7ffff7fc6669 in /lib64/ld-linux-x86-64.so.2)
frame #17: <unknown function> + 0x97c83 (0x7ffff7d0bc83 in /usr/lib/x86_64-linux-gnu/libc.so.6)
frame #18: dlopen + 0x6f (0x7ffff7d0c25f in /usr/lib/x86_64-linux-gnu/libc.so.6)
frame #19: /workspace/vllm/.venv/bin/python() [0x6bc36c]
frame #20: /workspace/vllm/.venv/bin/python() [0x6a946a]
frame #21: /workspace/vllm/.venv/bin/python() [0x6a8bf2]
frame #22: /workspace/vllm/.venv/bin/python() [0x581f37]
frame #23: _PyEval_EvalFrameDefault + 0x4c3a (0x5db0ba in /workspace/vllm/.venv/bin/python)
frame #24: /workspace/vllm/.venv/bin/python() [0x549d47]
frame #25: PyObject_CallMethodObjArgs + 0xe3 (0x54b5c3 in /workspace/vllm/.venv/bin/python)
frame #26: PyImport_ImportModuleLevelObject + 0x395 (0x5fd805 in /workspace/vllm/.venv/bin/python)
frame #27: _PyEval_EvalFrameDefault + 0x5eee (0x5dc36e in /workspace/vllm/.venv/bin/python)
frame #28: PyEval_EvalCode + 0x15b (0x5d543b in /workspace/vllm/.venv/bin/python)
frame #29: /workspace/vllm/.venv/bin/python() [0x5d322c]
frame #30: /workspace/vllm/.venv/bin/python() [0x581d1d]
frame #31: _PyEval_EvalFrameDefault + 0x4c3a (0x5db0ba in /workspace/vllm/.venv/bin/python)
frame #32: PyObject_CallOneArg + 0x4d (0x54a65d in /workspace/vllm/.venv/bin/python)
frame #33: /workspace/vllm/.venv/bin/python() [0x582e84]
frame #34: _PyObject_LookupAttr + 0x7a (0x584bea in /workspace/vllm/.venv/bin/python)
frame #35: /workspace/vllm/.venv/bin/python() [0x5d2b8a]
frame #36: _PyEval_EvalFrameDefault + 0x207d (0x5d84fd in /workspace/vllm/.venv/bin/python)
frame #37: /workspace/vllm/.venv/bin/python() [0x549d47]
frame #38: PyObject_CallMethodObjArgs + 0xe3 (0x54b5c3 in /workspace/vllm/.venv/bin/python)
frame #39: PyImport_ImportModuleLevelObject + 0x5eb (0x5fda5b in /workspace/vllm/.venv/bin/python)
frame #40: _PyEval_EvalFrameDefault + 0x5eee (0x5dc36e in /workspace/vllm/.venv/bin/python)
frame #41: PyEval_EvalCode + 0x15b (0x5d543b in /workspace/vllm/.venv/bin/python)
frame #42: /workspace/vllm/.venv/bin/python() [0x5d322c]
frame #43: /workspace/vllm/.venv/bin/python() [0x581d1d]
frame #44: _PyEval_EvalFrameDefault + 0x4c3a (0x5db0ba in /workspace/vllm/.venv/bin/python)
frame #45: /workspace/vllm/.venv/bin/python() [0x549d47]
frame #46: PyObject_CallMethodObjArgs + 0xe3 (0x54b5c3 in /workspace/vllm/.venv/bin/python)
frame #47: PyImport_ImportModuleLevelObject + 0x395 (0x5fd805 in /workspace/vllm/.venv/bin/python)
frame #48: _PyEval_EvalFrameDefault + 0x5eee (0x5dc36e in /workspace/vllm/.venv/bin/python)
frame #49: PyEval_EvalCode + 0x15b (0x5d543b in /workspace/vllm/.venv/bin/python)
frame #50: /workspace/vllm/.venv/bin/python() [0x5d322c]
frame #51: /workspace/vllm/.venv/bin/python() [0x581d1d]
frame #52: _PyEval_EvalFrameDefault + 0x4c3a (0x5db0ba in /workspace/vllm/.venv/bin/python)
frame #53: /workspace/vllm/.venv/bin/python() [0x549d47]
frame #54: PyObject_CallMethodObjArgs + 0xe3 (0x54b5c3 in /workspace/vllm/.venv/bin/python)
frame #55: PyImport_ImportModuleLevelObject + 0x395 (0x5fd805 in /workspace/vllm/.venv/bin/python)
frame #56: _PyEval_EvalFrameDefault + 0x5eee (0x5dc36e in /workspace/vllm/.venv/bin/python)
frame #57: PyEval_EvalCode + 0x15b (0x5d543b in /workspace/vllm/.venv/bin/python)
frame #58: /workspace/vllm/.venv/bin/python() [0x5d322c]
frame #59: /workspace/vllm/.venv/bin/python() [0x581d1d]
frame #60: _PyEval_EvalFrameDefault + 0x4c3a (0x5db0ba in /workspace/vllm/.venv/bin/python)
frame #61: /workspace/vllm/.venv/bin/python() [0x549d47]
frame #62: PyObject_CallMethodObjArgs + 0xe3 (0x54b5c3 in /workspace/vllm/.venv/bin/python)

[E708 11:01:58.256601465 shim_common.cpp:1458] Exception in aoti_torch: Tried to register an operator (_C::silu_and_mul_quant(Tensor($0! -> ) result, Tensor input, Tensor scale) -> ()) with the same name and overload name multiple times. Each overload's schema should only be registered with a single call to def(). Duplicate registration: registered at /workspace/csrc/libtorch_stable/torch_bindings.cpp:10. Original registration: registered at /workspace/csrc/torch_bindings.cpp:21
Exception raised from registerDef at /pytorch/aten/src/ATen/core/dispatch/Dispatcher.cpp:248 (most recent call first):
frame #0: c10::Error::Error(c10::SourceLocation, std::__cxx11::basic_string<char, std::char_traits<char>, std::allocator<char> >) + 0x9d (0x7ffff6b7205d in /workspace/vllm/.venv/lib/python3.12/site-packages/torch/lib/libc10.so)
frame #1: c10::detail::torchCheckFail(char const*, char const*, unsigned int, std::__cxx11::basic_string<char, std::char_traits<char>, std::allocator<char> > const&) + 0xc3 (0x7ffff6b066fd in /workspace/vllm/.venv/lib/python3.12/site-packages/torch/lib/libc10.so)
frame #2: c10::Dispatcher::registerDef(c10::FunctionSchema, std::__cxx11::basic_string<char, std::char_traits<char>, std::allocator<char> >, std::vector<at::Tag, std::allocator<at::Tag> >) + 0x35e (0x7fff0e6811fe in /workspace/vllm/.venv/lib/python3.12/site-packages/torch/lib/libtorch_cpu.so)
frame #3: torch::Library::_def(c10::FunctionSchema&&, c10::OperatorName*, std::vector<at::Tag, std::allocator<at::Tag> > const&, torch::_RegisterOrVerify) & + 0x514 (0x7fff0e6c2254 in /workspace/vllm/.venv/lib/python3.12/site-packages/torch/lib/libtorch_cpu.so)
frame #4: aoti_torch_library_def + 0x99 (0x7fff128d45b9 in /workspace/vllm/.venv/lib/python3.12/site-packages/torch/lib/libtorch_cpu.so)
frame #5: <unknown function> + 0x2bdb3c (0x7ffe8aebeb3c in /workspace/vllm/vllm/_C_stable_libtorch.abi3.so)
frame #6: <unknown function> + 0x2bf0ce (0x7ffe8aec00ce in /workspace/vllm/vllm/_C_stable_libtorch.abi3.so)
frame #7: <unknown function> + 0x279d92 (0x7ffe8ae7ad92 in /workspace/vllm/vllm/_C_stable_libtorch.abi3.so)
frame #8: <unknown function> + 0x571f (0x7ffff7fca71f in /lib64/ld-linux-x86-64.so.2)
frame #9: <unknown function> + 0x5824 (0x7ffff7fca824 in /lib64/ld-linux-x86-64.so.2)
frame #10: _dl_catch_exception + 0x132 (0x7ffff7fc65b2 in /lib64/ld-linux-x86-64.so.2)
frame #11: <unknown function> + 0xcd7c (0x7ffff7fd1d7c in /lib64/ld-linux-x86-64.so.2)
frame #12: _dl_catch_exception + 0x9c (0x7ffff7fc651c in /lib64/ld-linux-x86-64.so.2)
frame #13: <unknown function> + 0xd164 (0x7ffff7fd2164 in /lib64/ld-linux-x86-64.so.2)
frame #14: <unknown function> + 0x981a4 (0x7ffff7d0c1a4 in /usr/lib/x86_64-linux-gnu/libc.so.6)
frame #15: _dl_catch_exception + 0x9c (0x7ffff7fc651c in /lib64/ld-linux-x86-64.so.2)
frame #16: <unknown function> + 0x1669 (0x7ffff7fc6669 in /lib64/ld-linux-x86-64.so.2)
frame #17: <unknown function> + 0x97c83 (0x7ffff7d0bc83 in /usr/lib/x86_64-linux-gnu/libc.so.6)
frame #18: dlopen + 0x6f (0x7ffff7d0c25f in /usr/lib/x86_64-linux-gnu/libc.so.6)
frame #19: /workspace/vllm/.venv/bin/python() [0x6bc36c]
frame #20: /workspace/vllm/.venv/bin/python() [0x6a946a]
frame #21: /workspace/vllm/.venv/bin/python() [0x6a8bf2]
frame #22: /workspace/vllm/.venv/bin/python() [0x581f37]
frame #23: _PyEval_EvalFrameDefault + 0x4c3a (0x5db0ba in /workspace/vllm/.venv/bin/python)
frame #24: /workspace/vllm/.venv/bin/python() [0x549d47]
frame #25: PyObject_CallMethodObjArgs + 0xe3 (0x54b5c3 in /workspace/vllm/.venv/bin/python)
frame #26: PyImport_ImportModuleLevelObject + 0x395 (0x5fd805 in /workspace/vllm/.venv/bin/python)
frame #27: _PyEval_EvalFrameDefault + 0x5eee (0x5dc36e in /workspace/vllm/.venv/bin/python)
frame #28: PyEval_EvalCode + 0x15b (0x5d543b in /workspace/vllm/.venv/bin/python)
frame #29: /workspace/vllm/.venv/bin/python() [0x5d322c]
frame #30: /workspace/vllm/.venv/bin/python() [0x581d1d]
frame #31: _PyEval_EvalFrameDefault + 0x4c3a (0x5db0ba in /workspace/vllm/.venv/bin/python)
frame #32: PyObject_CallOneArg + 0x4d (0x54a65d in /workspace/vllm/.venv/bin/python)
frame #33: /workspace/vllm/.venv/bin/python() [0x582e84]
frame #34: _PyObject_LookupAttr + 0x7a (0x584bea in /workspace/vllm/.venv/bin/python)
frame #35: /workspace/vllm/.venv/bin/python() [0x5d2b8a]
frame #36: _PyEval_EvalFrameDefault + 0x207d (0x5d84fd in /workspace/vllm/.venv/bin/python)
frame #37: /workspace/vllm/.venv/bin/python() [0x549d47]
frame #38: PyObject_CallMethodObjArgs + 0xe3 (0x54b5c3 in /workspace/vllm/.venv/bin/python)
frame #39: PyImport_ImportModuleLevelObject + 0x5eb (0x5fda5b in /workspace/vllm/.venv/bin/python)
frame #40: _PyEval_EvalFrameDefault + 0x5eee (0x5dc36e in /workspace/vllm/.venv/bin/python)
frame #41: PyEval_EvalCode + 0x15b (0x5d543b in /workspace/vllm/.venv/bin/python)
frame #42: /workspace/vllm/.venv/bin/python() [0x5d322c]
frame #43: /workspace/vllm/.venv/bin/python() [0x581d1d]
frame #44: _PyEval_EvalFrameDefault + 0x4c3a (0x5db0ba in /workspace/vllm/.venv/bin/python)
frame #45: /workspace/vllm/.venv/bin/python() [0x549d47]
frame #46: PyObject_CallMethodObjArgs + 0xe3 (0x54b5c3 in /workspace/vllm/.venv/bin/python)
frame #47: PyImport_ImportModuleLevelObject + 0x395 (0x5fd805 in /workspace/vllm/.venv/bin/python)
frame #48: _PyEval_EvalFrameDefault + 0x5eee (0x5dc36e in /workspace/vllm/.venv/bin/python)
frame #49: PyEval_EvalCode + 0x15b (0x5d543b in /workspace/vllm/.venv/bin/python)
frame #50: /workspace/vllm/.venv/bin/python() [0x5d322c]
frame #51: /workspace/vllm/.venv/bin/python() [0x581d1d]
frame #52: _PyEval_EvalFrameDefault + 0x4c3a (0x5db0ba in /workspace/vllm/.venv/bin/python)
frame #53: /workspace/vllm/.venv/bin/python() [0x549d47]
frame #54: PyObject_CallMethodObjArgs + 0xe3 (0x54b5c3 in /workspace/vllm/.venv/bin/python)
frame #55: PyImport_ImportModuleLevelObject + 0x395 (0x5fd805 in /workspace/vllm/.venv/bin/python)
frame #56: _PyEval_EvalFrameDefault + 0x5eee (0x5dc36e in /workspace/vllm/.venv/bin/python)
frame #57: PyEval_EvalCode + 0x15b (0x5d543b in /workspace/vllm/.venv/bin/python)
frame #58: /workspace/vllm/.venv/bin/python() [0x5d322c]
frame #59: /workspace/vllm/.venv/bin/python() [0x581d1d]
frame #60: _PyEval_EvalFrameDefault + 0x4c3a (0x5db0ba in /workspace/vllm/.venv/bin/python)
frame #61: /workspace/vllm/.venv/bin/python() [0x549d47]
frame #62: PyObject_CallMethodObjArgs + 0xe3 (0x54b5c3 in /workspace/vllm/.venv/bin/python)

[W708 11:01:58.259065911 OperatorEntry.cpp:208] Warning: Warning only once for all operators,  other operators may also be overridden.
  Overriding a previously registered kernel for the same operator and the same dispatch key
  operator: _C::persistent_masked_m_silu_mul_quant(Tensor input, Tensor counts, Tensor($0! -> ) y_q, Tensor($1! -> ) y_s, bool use_ue8m0) -> ()
    registered at /workspace/csrc/torch_bindings.cpp:21
  dispatch key: CUDA
  previous kernel: registered at /workspace/csrc/torch_bindings.cpp:21
       new kernel: registered at /workspace/csrc/libtorch_stable/torch_bindings.cpp:603 (function operator())
[E708 11:01:58.259561291 shim_common.cpp:1458] Exception in aoti_torch: Tried to register an operator (_C::persistent_masked_m_silu_mul_quant(Tensor input, Tensor counts, Tensor($0! -> ) y_q, Tensor($1! -> ) y_s, bool use_ue8m0) -> ()) with the same name and overload name multiple times. Each overload's schema should only be registered with a single call to def(). Duplicate registration: registered at /workspace/csrc/libtorch_stable/torch_bindings.cpp:10. Original registration: registered at /workspace/csrc/torch_bindings.cpp:21
Exception raised from registerDef at /pytorch/aten/src/ATen/core/dispatch/Dispatcher.cpp:248 (most recent call first):
frame #0: c10::Error::Error(c10::SourceLocation, std::__cxx11::basic_string<char, std::char_traits<char>, std::allocator<char> >) + 0x9d (0x7ffff6b7205d in /workspace/vllm/.venv/lib/python3.12/site-packages/torch/lib/libc10.so)
frame #1: c10::detail::torchCheckFail(char const*, char const*, unsigned int, std::__cxx11::basic_string<char, std::char_traits<char>, std::allocator<char> > const&) + 0xc3 (0x7ffff6b066fd in /workspace/vllm/.venv/lib/python3.12/site-packages/torch/lib/libc10.so)
frame #2: c10::Dispatcher::registerDef(c10::FunctionSchema, std::__cxx11::basic_string<char, std::char_traits<char>, std::allocator<char> >, std::vector<at::Tag, std::allocator<at::Tag> >) + 0x35e (0x7fff0e6811fe in /workspace/vllm/.venv/lib/python3.12/site-packages/torch/lib/libtorch_cpu.so)
frame #3: torch::Library::_def(c10::FunctionSchema&&, c10::OperatorName*, std::vector<at::Tag, std::allocator<at::Tag> > const&, torch::_RegisterOrVerify) & + 0x514 (0x7fff0e6c2254 in /workspace/vllm/.venv/lib/python3.12/site-packages/torch/lib/libtorch_cpu.so)
frame #4: aoti_torch_library_def + 0x99 (0x7fff128d45b9 in /workspace/vllm/.venv/lib/python3.12/site-packages/torch/lib/libtorch_cpu.so)
frame #5: <unknown function> + 0x2bdaf1 (0x7ffe8aebeaf1 in /workspace/vllm/vllm/_C_stable_libtorch.abi3.so)
frame #6: <unknown function> + 0x2bf0ce (0x7ffe8aec00ce in /workspace/vllm/vllm/_C_stable_libtorch.abi3.so)
frame #7: <unknown function> + 0x279d92 (0x7ffe8ae7ad92 in /workspace/vllm/vllm/_C_stable_libtorch.abi3.so)
frame #8: <unknown function> + 0x571f (0x7ffff7fca71f in /lib64/ld-linux-x86-64.so.2)
frame #9: <unknown function> + 0x5824 (0x7ffff7fca824 in /lib64/ld-linux-x86-64.so.2)
frame #10: _dl_catch_exception + 0x132 (0x7ffff7fc65b2 in /lib64/ld-linux-x86-64.so.2)
frame #11: <unknown function> + 0xcd7c (0x7ffff7fd1d7c in /lib64/ld-linux-x86-64.so.2)
frame #12: _dl_catch_exception + 0x9c (0x7ffff7fc651c in /lib64/ld-linux-x86-64.so.2)
frame #13: <unknown function> + 0xd164 (0x7ffff7fd2164 in /lib64/ld-linux-x86-64.so.2)
frame #14: <unknown function> + 0x981a4 (0x7ffff7d0c1a4 in /usr/lib/x86_64-linux-gnu/libc.so.6)
frame #15: _dl_catch_exception + 0x9c (0x7ffff7fc651c in /lib64/ld-linux-x86-64.so.2)
frame #16: <unknown function> + 0x1669 (0x7ffff7fc6669 in /lib64/ld-linux-x86-64.so.2)
frame #17: <unknown function> + 0x97c83 (0x7ffff7d0bc83 in /usr/lib/x86_64-linux-gnu/libc.so.6)
frame #18: dlopen + 0x6f (0x7ffff7d0c25f in /usr/lib/x86_64-linux-gnu/libc.so.6)
frame #19: /workspace/vllm/.venv/bin/python() [0x6bc36c]
frame #20: /workspace/vllm/.venv/bin/python() [0x6a946a]
frame #21: /workspace/vllm/.venv/bin/python() [0x6a8bf2]
frame #22: /workspace/vllm/.venv/bin/python() [0x581f37]
frame #23: _PyEval_EvalFrameDefault + 0x4c3a (0x5db0ba in /workspace/vllm/.venv/bin/python)
frame #24: /workspace/vllm/.venv/bin/python() [0x549d47]
frame #25: PyObject_CallMethodObjArgs + 0xe3 (0x54b5c3 in /workspace/vllm/.venv/bin/python)
frame #26: PyImport_ImportModuleLevelObject + 0x395 (0x5fd805 in /workspace/vllm/.venv/bin/python)
frame #27: _PyEval_EvalFrameDefault + 0x5eee (0x5dc36e in /workspace/vllm/.venv/bin/python)
frame #28: PyEval_EvalCode + 0x15b (0x5d543b in /workspace/vllm/.venv/bin/python)
frame #29: /workspace/vllm/.venv/bin/python() [0x5d322c]
frame #30: /workspace/vllm/.venv/bin/python() [0x581d1d]
frame #31: _PyEval_EvalFrameDefault + 0x4c3a (0x5db0ba in /workspace/vllm/.venv/bin/python)
frame #32: PyObject_CallOneArg + 0x4d (0x54a65d in /workspace/vllm/.venv/bin/python)
frame #33: /workspace/vllm/.venv/bin/python() [0x582e84]
frame #34: _PyObject_LookupAttr + 0x7a (0x584bea in /workspace/vllm/.venv/bin/python)
frame #35: /workspace/vllm/.venv/bin/python() [0x5d2b8a]
frame #36: _PyEval_EvalFrameDefault + 0x207d (0x5d84fd in /workspace/vllm/.venv/bin/python)
frame #37: /workspace/vllm/.venv/bin/python() [0x549d47]
frame #38: PyObject_CallMethodObjArgs + 0xe3 (0x54b5c3 in /workspace/vllm/.venv/bin/python)
frame #39: PyImport_ImportModuleLevelObject + 0x5eb (0x5fda5b in /workspace/vllm/.venv/bin/python)
frame #40: _PyEval_EvalFrameDefault + 0x5eee (0x5dc36e in /workspace/vllm/.venv/bin/python)
frame #41: PyEval_EvalCode + 0x15b (0x5d543b in /workspace/vllm/.venv/bin/python)
frame #42: /workspace/vllm/.venv/bin/python() [0x5d322c]
frame #43: /workspace/vllm/.venv/bin/python() [0x581d1d]
frame #44: _PyEval_EvalFrameDefault + 0x4c3a (0x5db0ba in /workspace/vllm/.venv/bin/python)
frame #45: /workspace/vllm/.venv/bin/python() [0x549d47]
frame #46: PyObject_CallMethodObjArgs + 0xe3 (0x54b5c3 in /workspace/vllm/.venv/bin/python)
frame #47: PyImport_ImportModuleLevelObject + 0x395 (0x5fd805 in /workspace/vllm/.venv/bin/python)
frame #48: _PyEval_EvalFrameDefault + 0x5eee (0x5dc36e in /workspace/vllm/.venv/bin/python)
frame #49: PyEval_EvalCode + 0x15b (0x5d543b in /workspace/vllm/.venv/bin/python)
frame #50: /workspace/vllm/.venv/bin/python() [0x5d322c]
frame #51: /workspace/vllm/.venv/bin/python() [0x581d1d]
frame #52: _PyEval_EvalFrameDefault + 0x4c3a (0x5db0ba in /workspace/vllm/.venv/bin/python)
frame #53: /workspace/vllm/.venv/bin/python() [0x549d47]
frame #54: PyObject_CallMethodObjArgs + 0xe3 (0x54b5c3 in /workspace/vllm/.venv/bin/python)
frame #55: PyImport_ImportModuleLevelObject + 0x395 (0x5fd805 in /workspace/vllm/.venv/bin/python)
frame #56: _PyEval_EvalFrameDefault + 0x5eee (0x5dc36e in /workspace/vllm/.venv/bin/python)
frame #57: PyEval_EvalCode + 0x15b (0x5d543b in /workspace/vllm/.venv/bin/python)
frame #58: /workspace/vllm/.venv/bin/python() [0x5d322c]
frame #59: /workspace/vllm/.venv/bin/python() [0x581d1d]
frame #60: _PyEval_EvalFrameDefault + 0x4c3a (0x5db0ba in /workspace/vllm/.venv/bin/python)
frame #61: /workspace/vllm/.venv/bin/python() [0x549d47]
frame #62: PyObject_CallMethodObjArgs + 0xe3 (0x54b5c3 in /workspace/vllm/.venv/bin/python)

[E708 11:01:58.261846634 shim_common.cpp:1458] Exception in aoti_torch: Tried to register an operator (_C::weak_ref_tensor(Tensor input) -> Tensor) with the same name and overload name multiple times. Each overload's schema should only be registered with a single call to def(). Duplicate registration: registered at /workspace/csrc/libtorch_stable/torch_bindings.cpp:10. Original registration: registered at /workspace/csrc/torch_bindings.cpp:21
Exception raised from registerDef at /pytorch/aten/src/ATen/core/dispatch/Dispatcher.cpp:248 (most recent call first):
frame #0: c10::Error::Error(c10::SourceLocation, std::__cxx11::basic_string<char, std::char_traits<char>, std::allocator<char> >) + 0x9d (0x7ffff6b7205d in /workspace/vllm/.venv/lib/python3.12/site-packages/torch/lib/libc10.so)
frame #1: c10::detail::torchCheckFail(char const*, char const*, unsigned int, std::__cxx11::basic_string<char, std::char_traits<char>, std::allocator<char> > const&) + 0xc3 (0x7ffff6b066fd in /workspace/vllm/.venv/lib/python3.12/site-packages/torch/lib/libc10.so)
frame #2: c10::Dispatcher::registerDef(c10::FunctionSchema, std::__cxx11::basic_string<char, std::char_traits<char>, std::allocator<char> >, std::vector<at::Tag, std::allocator<at::Tag> >) + 0x35e (0x7fff0e6811fe in /workspace/vllm/.venv/lib/python3.12/site-packages/torch/lib/libtorch_cpu.so)
frame #3: torch::Library::_def(c10::FunctionSchema&&, c10::OperatorName*, std::vector<at::Tag, std::allocator<at::Tag> > const&, torch::_RegisterOrVerify) & + 0x514 (0x7fff0e6c2254 in /workspace/vllm/.venv/lib/python3.12/site-packages/torch/lib/libtorch_cpu.so)
frame #4: aoti_torch_library_def + 0x99 (0x7fff128d45b9 in /workspace/vllm/.venv/lib/python3.12/site-packages/torch/lib/libtorch_cpu.so)
frame #5: <unknown function> + 0x2bdb00 (0x7ffe8aebeb00 in /workspace/vllm/vllm/_C_stable_libtorch.abi3.so)
frame #6: <unknown function> + 0x2bf0ce (0x7ffe8aec00ce in /workspace/vllm/vllm/_C_stable_libtorch.abi3.so)
frame #7: <unknown function> + 0x279d92 (0x7ffe8ae7ad92 in /workspace/vllm/vllm/_C_stable_libtorch.abi3.so)
frame #8: <unknown function> + 0x571f (0x7ffff7fca71f in /lib64/ld-linux-x86-64.so.2)
frame #9: <unknown function> + 0x5824 (0x7ffff7fca824 in /lib64/ld-linux-x86-64.so.2)
frame #10: _dl_catch_exception + 0x132 (0x7ffff7fc65b2 in /lib64/ld-linux-x86-64.so.2)
frame #11: <unknown function> + 0xcd7c (0x7ffff7fd1d7c in /lib64/ld-linux-x86-64.so.2)
frame #12: _dl_catch_exception + 0x9c (0x7ffff7fc651c in /lib64/ld-linux-x86-64.so.2)
frame #13: <unknown function> + 0xd164 (0x7ffff7fd2164 in /lib64/ld-linux-x86-64.so.2)
frame #14: <unknown function> + 0x981a4 (0x7ffff7d0c1a4 in /usr/lib/x86_64-linux-gnu/libc.so.6)
frame #15: _dl_catch_exception + 0x9c (0x7ffff7fc651c in /lib64/ld-linux-x86-64.so.2)
frame #16: <unknown function> + 0x1669 (0x7ffff7fc6669 in /lib64/ld-linux-x86-64.so.2)
frame #17: <unknown function> + 0x97c83 (0x7ffff7d0bc83 in /usr/lib/x86_64-linux-gnu/libc.so.6)
frame #18: dlopen + 0x6f (0x7ffff7d0c25f in /usr/lib/x86_64-linux-gnu/libc.so.6)
frame #19: /workspace/vllm/.venv/bin/python() [0x6bc36c]
frame #20: /workspace/vllm/.venv/bin/python() [0x6a946a]
frame #21: /workspace/vllm/.venv/bin/python() [0x6a8bf2]
frame #22: /workspace/vllm/.venv/bin/python() [0x581f37]
frame #23: _PyEval_EvalFrameDefault + 0x4c3a (0x5db0ba in /workspace/vllm/.venv/bin/python)
frame #24: /workspace/vllm/.venv/bin/python() [0x549d47]
frame #25: PyObject_CallMethodObjArgs + 0xe3 (0x54b5c3 in /workspace/vllm/.venv/bin/python)
frame #26: PyImport_ImportModuleLevelObject + 0x395 (0x5fd805 in /workspace/vllm/.venv/bin/python)
frame #27: _PyEval_EvalFrameDefault + 0x5eee (0x5dc36e in /workspace/vllm/.venv/bin/python)
frame #28: PyEval_EvalCode + 0x15b (0x5d543b in /workspace/vllm/.venv/bin/python)
frame #29: /workspace/vllm/.venv/bin/python() [0x5d322c]
frame #30: /workspace/vllm/.venv/bin/python() [0x581d1d]
frame #31: _PyEval_EvalFrameDefault + 0x4c3a (0x5db0ba in /workspace/vllm/.venv/bin/python)
frame #32: PyObject_CallOneArg + 0x4d (0x54a65d in /workspace/vllm/.venv/bin/python)
frame #33: /workspace/vllm/.venv/bin/python() [0x582e84]
frame #34: _PyObject_LookupAttr + 0x7a (0x584bea in /workspace/vllm/.venv/bin/python)
frame #35: /workspace/vllm/.venv/bin/python() [0x5d2b8a]
frame #36: _PyEval_EvalFrameDefault + 0x207d (0x5d84fd in /workspace/vllm/.venv/bin/python)
frame #37: /workspace/vllm/.venv/bin/python() [0x549d47]
frame #38: PyObject_CallMethodObjArgs + 0xe3 (0x54b5c3 in /workspace/vllm/.venv/bin/python)
frame #39: PyImport_ImportModuleLevelObject + 0x5eb (0x5fda5b in /workspace/vllm/.venv/bin/python)
frame #40: _PyEval_EvalFrameDefault + 0x5eee (0x5dc36e in /workspace/vllm/.venv/bin/python)
frame #41: PyEval_EvalCode + 0x15b (0x5d543b in /workspace/vllm/.venv/bin/python)
frame #42: /workspace/vllm/.venv/bin/python() [0x5d322c]
frame #43: /workspace/vllm/.venv/bin/python() [0x581d1d]
frame #44: _PyEval_EvalFrameDefault + 0x4c3a (0x5db0ba in /workspace/vllm/.venv/bin/python)
frame #45: /workspace/vllm/.venv/bin/python() [0x549d47]
frame #46: PyObject_CallMethodObjArgs + 0xe3 (0x54b5c3 in /workspace/vllm/.venv/bin/python)
frame #47: PyImport_ImportModuleLevelObject + 0x395 (0x5fd805 in /workspace/vllm/.venv/bin/python)
frame #48: _PyEval_EvalFrameDefault + 0x5eee (0x5dc36e in /workspace/vllm/.venv/bin/python)
frame #49: PyEval_EvalCode + 0x15b (0x5d543b in /workspace/vllm/.venv/bin/python)
frame #50: /workspace/vllm/.venv/bin/python() [0x5d322c]
frame #51: /workspace/vllm/.venv/bin/python() [0x581d1d]
frame #52: _PyEval_EvalFrameDefault + 0x4c3a (0x5db0ba in /workspace/vllm/.venv/bin/python)
frame #53: /workspace/vllm/.venv/bin/python() [0x549d47]
frame #54: PyObject_CallMethodObjArgs + 0xe3 (0x54b5c3 in /workspace/vllm/.venv/bin/python)
frame #55: PyImport_ImportModuleLevelObject + 0x395 (0x5fd805 in /workspace/vllm/.venv/bin/python)
frame #56: _PyEval_EvalFrameDefault + 0x5eee (0x5dc36e in /workspace/vllm/.venv/bin/python)
frame #57: PyEval_EvalCode + 0x15b (0x5d543b in /workspace/vllm/.venv/bin/python)
frame #58: /workspace/vllm/.venv/bin/python() [0x5d322c]
frame #59: /workspace/vllm/.venv/bin/python() [0x581d1d]
frame #60: _PyEval_EvalFrameDefault + 0x4c3a (0x5db0ba in /workspace/vllm/.venv/bin/python)
frame #61: /workspace/vllm/.venv/bin/python() [0x549d47]
frame #62: PyObject_CallMethodObjArgs + 0xe3 (0x54b5c3 in /workspace/vllm/.venv/bin/python)

[E708 11:01:58.264076503 shim_common.cpp:1458] Exception in aoti_torch: Tried to register an operator (_C::silu_and_mul_quant(Tensor($0! -> ) result, Tensor input, Tensor scale) -> ()) with the same name and overload name multiple times. Each overload's schema should only be registered with a single call to def(). Duplicate registration: registered at /workspace/csrc/libtorch_stable/torch_bindings.cpp:10. Original registration: registered at /workspace/csrc/torch_bindings.cpp:21
Exception raised from registerDef at /pytorch/aten/src/ATen/core/dispatch/Dispatcher.cpp:248 (most recent call first):
frame #0: c10::Error::Error(c10::SourceLocation, std::__cxx11::basic_string<char, std::char_traits<char>, std::allocator<char> >) + 0x9d (0x7ffff6b7205d in /workspace/vllm/.venv/lib/python3.12/site-packages/torch/lib/libc10.so)
frame #1: c10::detail::torchCheckFail(char const*, char const*, unsigned int, std::__cxx11::basic_string<char, std::char_traits<char>, std::allocator<char> > const&) + 0xc3 (0x7ffff6b066fd in /workspace/vllm/.venv/lib/python3.12/site-packages/torch/lib/libc10.so)
frame #2: c10::Dispatcher::registerDef(c10::FunctionSchema, std::__cxx11::basic_string<char, std::char_traits<char>, std::allocator<char> >, std::vector<at::Tag, std::allocator<at::Tag> >) + 0x35e (0x7fff0e6811fe in /workspace/vllm/.venv/lib/python3.12/site-packages/torch/lib/libtorch_cpu.so)
frame #3: torch::Library::_def(c10::FunctionSchema&&, c10::OperatorName*, std::vector<at::Tag, std::allocator<at::Tag> > const&, torch::_RegisterOrVerify) & + 0x514 (0x7fff0e6c2254 in /workspace/vllm/.venv/lib/python3.12/site-packages/torch/lib/libtorch_cpu.so)
frame #4: aoti_torch_library_def + 0x99 (0x7fff128d45b9 in /workspace/vllm/.venv/lib/python3.12/site-packages/torch/lib/libtorch_cpu.so)
frame #5: <unknown function> + 0x2bdb3c (0x7ffe8aebeb3c in /workspace/vllm/vllm/_C_stable_libtorch.abi3.so)
frame #6: <unknown function> + 0x2bf0ce (0x7ffe8aec00ce in /workspace/vllm/vllm/_C_stable_libtorch.abi3.so)
frame #7: <unknown function> + 0x279d92 (0x7ffe8ae7ad92 in /workspace/vllm/vllm/_C_stable_libtorch.abi3.so)
frame #8: <unknown function> + 0x571f (0x7ffff7fca71f in /lib64/ld-linux-x86-64.so.2)
frame #9: <unknown function> + 0x5824 (0x7ffff7fca824 in /lib64/ld-linux-x86-64.so.2)
frame #10: _dl_catch_exception + 0x132 (0x7ffff7fc65b2 in /lib64/ld-linux-x86-64.so.2)
frame #11: <unknown function> + 0xcd7c (0x7ffff7fd1d7c in /lib64/ld-linux-x86-64.so.2)
frame #12: _dl_catch_exception + 0x9c (0x7ffff7fc651c in /lib64/ld-linux-x86-64.so.2)
frame #13: <unknown function> + 0xd164 (0x7ffff7fd2164 in /lib64/ld-linux-x86-64.so.2)
frame #14: <unknown function> + 0x981a4 (0x7ffff7d0c1a4 in /usr/lib/x86_64-linux-gnu/libc.so.6)
frame #15: _dl_catch_exception + 0x9c (0x7ffff7fc651c in /lib64/ld-linux-x86-64.so.2)
frame #16: <unknown function> + 0x1669 (0x7ffff7fc6669 in /lib64/ld-linux-x86-64.so.2)
frame #17: <unknown function> + 0x97c83 (0x7ffff7d0bc83 in /usr/lib/x86_64-linux-gnu/libc.so.6)
frame #18: dlopen + 0x6f (0x7ffff7d0c25f in /usr/lib/x86_64-linux-gnu/libc.so.6)
frame #19: /workspace/vllm/.venv/bin/python() [0x6bc36c]
frame #20: /workspace/vllm/.venv/bin/python() [0x6a946a]
frame #21: /workspace/vllm/.venv/bin/python() [0x6a8bf2]
frame #22: /workspace/vllm/.venv/bin/python() [0x581f37]
frame #23: _PyEval_EvalFrameDefault + 0x4c3a (0x5db0ba in /workspace/vllm/.venv/bin/python)
frame #24: /workspace/vllm/.venv/bin/python() [0x549d47]
frame #25: PyObject_CallMethodObjArgs + 0xe3 (0x54b5c3 in /workspace/vllm/.venv/bin/python)
frame #26: PyImport_ImportModuleLevelObject + 0x395 (0x5fd805 in /workspace/vllm/.venv/bin/python)
frame #27: _PyEval_EvalFrameDefault + 0x5eee (0x5dc36e in /workspace/vllm/.venv/bin/python)
frame #28: PyEval_EvalCode + 0x15b (0x5d543b in /workspace/vllm/.venv/bin/python)
frame #29: /workspace/vllm/.venv/bin/python() [0x5d322c]
frame #30: /workspace/vllm/.venv/bin/python() [0x581d1d]
frame #31: _PyEval_EvalFrameDefault + 0x4c3a (0x5db0ba in /workspace/vllm/.venv/bin/python)
frame #32: PyObject_CallOneArg + 0x4d (0x54a65d in /workspace/vllm/.venv/bin/python)
frame #33: /workspace/vllm/.venv/bin/python() [0x582e84]
frame #34: _PyObject_LookupAttr + 0x7a (0x584bea in /workspace/vllm/.venv/bin/python)
frame #35: /workspace/vllm/.venv/bin/python() [0x5d2b8a]
frame #36: _PyEval_EvalFrameDefault + 0x207d (0x5d84fd in /workspace/vllm/.venv/bin/python)
frame #37: /workspace/vllm/.venv/bin/python() [0x549d47]
frame #38: PyObject_CallMethodObjArgs + 0xe3 (0x54b5c3 in /workspace/vllm/.venv/bin/python)
frame #39: PyImport_ImportModuleLevelObject + 0x5eb (0x5fda5b in /workspace/vllm/.venv/bin/python)
frame #40: _PyEval_EvalFrameDefault + 0x5eee (0x5dc36e in /workspace/vllm/.venv/bin/python)
frame #41: PyEval_EvalCode + 0x15b (0x5d543b in /workspace/vllm/.venv/bin/python)
frame #42: /workspace/vllm/.venv/bin/python() [0x5d322c]
frame #43: /workspace/vllm/.venv/bin/python() [0x581d1d]
frame #44: _PyEval_EvalFrameDefault + 0x4c3a (0x5db0ba in /workspace/vllm/.venv/bin/python)
frame #45: /workspace/vllm/.venv/bin/python() [0x549d47]
frame #46: PyObject_CallMethodObjArgs + 0xe3 (0x54b5c3 in /workspace/vllm/.venv/bin/python)
frame #47: PyImport_ImportModuleLevelObject + 0x395 (0x5fd805 in /workspace/vllm/.venv/bin/python)
frame #48: _PyEval_EvalFrameDefault + 0x5eee (0x5dc36e in /workspace/vllm/.venv/bin/python)
frame #49: PyEval_EvalCode + 0x15b (0x5d543b in /workspace/vllm/.venv/bin/python)
frame #50: /workspace/vllm/.venv/bin/python() [0x5d322c]
frame #51: /workspace/vllm/.venv/bin/python() [0x581d1d]
frame #52: _PyEval_EvalFrameDefault + 0x4c3a (0x5db0ba in /workspace/vllm/.venv/bin/python)
frame #53: /workspace/vllm/.venv/bin/python() [0x549d47]
frame #54: PyObject_CallMethodObjArgs + 0xe3 (0x54b5c3 in /workspace/vllm/.venv/bin/python)
frame #55: PyImport_ImportModuleLevelObject + 0x395 (0x5fd805 in /workspace/vllm/.venv/bin/python)
frame #56: _PyEval_EvalFrameDefault + 0x5eee (0x5dc36e in /workspace/vllm/.venv/bin/python)
frame #57: PyEval_EvalCode + 0x15b (0x5d543b in /workspace/vllm/.venv/bin/python)
frame #58: /workspace/vllm/.venv/bin/python() [0x5d322c]
frame #59: /workspace/vllm/.venv/bin/python() [0x581d1d]
frame #60: _PyEval_EvalFrameDefault + 0x4c3a (0x5db0ba in /workspace/vllm/.venv/bin/python)
frame #61: /workspace/vllm/.venv/bin/python() [0x549d47]
frame #62: PyObject_CallMethodObjArgs + 0xe3 (0x54b5c3 in /workspace/vllm/.venv/bin/python)

[W708 11:01:58.266575181 OperatorEntry.cpp:208] Warning: Warning only once for all operators,  other operators may also be overridden.
  Overriding a previously registered kernel for the same operator and the same dispatch key
  operator: _C::persistent_masked_m_silu_mul_quant(Tensor input, Tensor counts, Tensor($0! -> ) y_q, Tensor($1! -> ) y_s, bool use_ue8m0) -> ()
    registered at /workspace/csrc/torch_bindings.cpp:21
  dispatch key: CUDA
  previous kernel: registered at /workspace/csrc/torch_bindings.cpp:21
       new kernel: registered at /workspace/csrc/libtorch_stable/torch_bindings.cpp:603 (function operator())
(Worker pid=3196392) INFO 07-08 11:02:04 [parallel_state.py:1422] world_size=8 rank=4 local_rank=4 distributed_init_method=tcp://127.0.0.1:53603 backend=nccl
(Worker pid=3196388) INFO 07-08 11:02:07 [parallel_state.py:1422] world_size=8 rank=0 local_rank=0 distributed_init_method=tcp://127.0.0.1:53603 backend=nccl
(Worker pid=3196390) INFO 07-08 11:02:07 [parallel_state.py:1422] world_size=8 rank=2 local_rank=2 distributed_init_method=tcp://127.0.0.1:53603 backend=nccl
(Worker pid=3196391) INFO 07-08 11:02:07 [parallel_state.py:1422] world_size=8 rank=3 local_rank=3 distributed_init_method=tcp://127.0.0.1:53603 backend=nccl
(Worker pid=3196394) INFO 07-08 11:02:07 [parallel_state.py:1422] world_size=8 rank=6 local_rank=6 distributed_init_method=tcp://127.0.0.1:53603 backend=nccl
(Worker pid=3196393) INFO 07-08 11:02:07 [parallel_state.py:1422] world_size=8 rank=5 local_rank=5 distributed_init_method=tcp://127.0.0.1:53603 backend=nccl
(Worker pid=3196395) INFO 07-08 11:02:07 [parallel_state.py:1422] world_size=8 rank=7 local_rank=7 distributed_init_method=tcp://127.0.0.1:53603 backend=nccl
(Worker pid=3196389) INFO 07-08 11:02:07 [parallel_state.py:1422] world_size=8 rank=1 local_rank=1 distributed_init_method=tcp://127.0.0.1:53603 backend=nccl
(Worker pid=3196388) <frozen importlib._bootstrap_external>:1297: FutureWarning: The cuda.cudart module is deprecated and will be removed in a future release, please switch to use the cuda.bindings.runtime module instead.
(Worker pid=3196388) <frozen importlib._bootstrap_external>:1297: FutureWarning: The cuda.nvrtc module is deprecated and will be removed in a future release, please switch to use the cuda.bindings.nvrtc module instead.
(Worker pid=3196394) <frozen importlib._bootstrap_external>:1297: FutureWarning: The cuda.cudart module is deprecated and will be removed in a future release, please switch to use the cuda.bindings.runtime module instead.
(Worker pid=3196394) <frozen importlib._bootstrap_external>:1297: FutureWarning: The cuda.nvrtc module is deprecated and will be removed in a future release, please switch to use the cuda.bindings.nvrtc module instead.
(Worker pid=3196391) <frozen importlib._bootstrap_external>:1297: FutureWarning: The cuda.cudart module is deprecated and will be removed in a future release, please switch to use the cuda.bindings.runtime module instead.
(Worker pid=3196391) <frozen importlib._bootstrap_external>:1297: FutureWarning: The cuda.nvrtc module is deprecated and will be removed in a future release, please switch to use the cuda.bindings.nvrtc module instead.
(Worker pid=3196395) <frozen importlib._bootstrap_external>:1297: FutureWarning: The cuda.cudart module is deprecated and will be removed in a future release, please switch to use the cuda.bindings.runtime module instead.
(Worker pid=3196395) <frozen importlib._bootstrap_external>:1297: FutureWarning: The cuda.nvrtc module is deprecated and will be removed in a future release, please switch to use the cuda.bindings.nvrtc module instead.
(Worker pid=3196393) <frozen importlib._bootstrap_external>:1297: FutureWarning: The cuda.cudart module is deprecated and will be removed in a future release, please switch to use the cuda.bindings.runtime module instead.
(Worker pid=3196393) <frozen importlib._bootstrap_external>:1297: FutureWarning: The cuda.nvrtc module is deprecated and will be removed in a future release, please switch to use the cuda.bindings.nvrtc module instead.
(Worker pid=3196389) <frozen importlib._bootstrap_external>:1297: FutureWarning: The cuda.cudart module is deprecated and will be removed in a future release, please switch to use the cuda.bindings.runtime module instead.
(Worker pid=3196389) <frozen importlib._bootstrap_external>:1297: FutureWarning: The cuda.nvrtc module is deprecated and will be removed in a future release, please switch to use the cuda.bindings.nvrtc module instead.
(Worker pid=3196390) <frozen importlib._bootstrap_external>:1297: FutureWarning: The cuda.cudart module is deprecated and will be removed in a future release, please switch to use the cuda.bindings.runtime module instead.
(Worker pid=3196390) <frozen importlib._bootstrap_external>:1297: FutureWarning: The cuda.nvrtc module is deprecated and will be removed in a future release, please switch to use the cuda.bindings.nvrtc module instead.
(Worker pid=3196392) <frozen importlib._bootstrap_external>:1297: FutureWarning: The cuda.cudart module is deprecated and will be removed in a future release, please switch to use the cuda.bindings.runtime module instead.
(Worker pid=3196392) <frozen importlib._bootstrap_external>:1297: FutureWarning: The cuda.nvrtc module is deprecated and will be removed in a future release, please switch to use the cuda.bindings.nvrtc module instead.
(Worker pid=3196388) INFO 07-08 11:02:10 [pynccl.py:113] vLLM is using nccl==2.28.9
(Worker pid=3196388) INFO 07-08 11:02:14 [cuda_communicator.py:248] Using ['CUSTOM', 'PYNCCL'] all-reduce backends (in dispatch order) for group 'tp:0' out of potential backends: ['FT_NCCL', 'NCCL_SYMM_MEM', 'QUICK_REDUCE', 'FLASHINFER', 'CUSTOM', 'SYMM_MEM', 'PYNCCL'].
(Worker pid=3196388) INFO 07-08 11:02:14 [parallel_state.py:1735] rank 0 in world size 8 is assigned as DP rank 0, PP rank 0, PCP rank 0, TP rank 0, EP rank N/A, EPLB rank N/A
(Worker pid=3196388) INFO 07-08 11:02:15 [topk_topp_sampler.py:45] Using FlashInfer for top-p & top-k sampling.
(Worker_TP0 pid=3196388) INFO 07-08 11:02:15 [gpu_model_runner.py:5037] Starting to load model Qwen/Qwen2.5-32B-Instruct...
(Worker_TP0 pid=3196388) INFO 07-08 11:02:15 [cuda.py:378] Using FLASH_ATTN attention backend out of potential backends: ['FLASH_ATTN', 'FLASHINFER', 'TRITON_ATTN', 'FLEX_ATTENTION'].
(Worker_TP0 pid=3196388) INFO 07-08 11:02:15 [flash_attn.py:636] Using FlashAttention version 3
(Worker_TP1 pid=3196389) Warning: You are sending unauthenticated requests to the HF Hub. Please set a HF_TOKEN to enable higher rate limits and faster downloads.
(Worker_TP3 pid=3196391) Warning: You are sending unauthenticated requests to the HF Hub. Please set a HF_TOKEN to enable higher rate limits and faster downloads.
(Worker_TP0 pid=3196388) Warning: You are sending unauthenticated requests to the HF Hub. Please set a HF_TOKEN to enable higher rate limits and faster downloads.
(Worker_TP2 pid=3196390) Warning: You are sending unauthenticated requests to the HF Hub. Please set a HF_TOKEN to enable higher rate limits and faster downloads.
(Worker_TP6 pid=3196394) Warning: You are sending unauthenticated requests to the HF Hub. Please set a HF_TOKEN to enable higher rate limits and faster downloads.
(Worker_TP4 pid=3196392) Warning: You are sending unauthenticated requests to the HF Hub. Please set a HF_TOKEN to enable higher rate limits and faster downloads.
(Worker_TP5 pid=3196393) Warning: You are sending unauthenticated requests to the HF Hub. Please set a HF_TOKEN to enable higher rate limits and faster downloads.
(Worker_TP0 pid=3196388) INFO 07-08 11:02:16 [weight_utils.py:922] Filesystem type for checkpoints: TMPFS. Checkpoint size: 61.03 GiB. Available RAM: 1691.83 GiB.
(Worker_TP0 pid=3196388) INFO 07-08 11:02:16 [weight_utils.py:945] Auto-prefetch is disabled because the filesystem (TMPFS) is not a recognized network FS (NFS/Lustre). If you want to force prefetching, start vLLM with --safetensors-load-strategy=prefetch.
(Worker_TP0 pid=3196388) Loading safetensors checkpoint shards:   0% Completed | 0/17 [00:00<?, ?it/s]
(Worker_TP0 pid=3196388) Loading safetensors checkpoint shards:   6% Completed | 1/17 [00:00<00:02,  7.83it/s]
(Worker_TP0 pid=3196388) Loading safetensors checkpoint shards:  12% Completed | 2/17 [00:00<00:02,  5.98it/s]
(Worker_TP0 pid=3196388) Loading safetensors checkpoint shards:  18% Completed | 3/17 [00:00<00:02,  5.41it/s]
(Worker_TP0 pid=3196388) Loading safetensors checkpoint shards:  24% Completed | 4/17 [00:00<00:02,  5.26it/s]
(Worker_TP7 pid=3196395) Warning: You are sending unauthenticated requests to the HF Hub. Please set a HF_TOKEN to enable higher rate limits and faster downloads.
(Worker_TP0 pid=3196388) Loading safetensors checkpoint shards:  29% Completed | 5/17 [00:00<00:02,  5.17it/s]
(Worker_TP0 pid=3196388) Loading safetensors checkpoint shards:  35% Completed | 6/17 [00:01<00:02,  5.09it/s]
(Worker_TP0 pid=3196388) Loading safetensors checkpoint shards:  41% Completed | 7/17 [00:01<00:01,  5.06it/s]
(Worker_TP0 pid=3196388) Loading safetensors checkpoint shards:  47% Completed | 8/17 [00:01<00:01,  5.05it/s]
(Worker_TP0 pid=3196388) Loading safetensors checkpoint shards:  53% Completed | 9/17 [00:01<00:01,  4.97it/s]
(Worker_TP0 pid=3196388) Loading safetensors checkpoint shards:  59% Completed | 10/17 [00:01<00:01,  4.89it/s]
(Worker_TP0 pid=3196388) Loading safetensors checkpoint shards:  65% Completed | 11/17 [00:02<00:01,  4.87it/s]
(Worker_TP0 pid=3196388) Loading safetensors checkpoint shards:  71% Completed | 12/17 [00:02<00:01,  4.82it/s]
(Worker_TP0 pid=3196388) Loading safetensors checkpoint shards:  76% Completed | 13/17 [00:02<00:00,  4.78it/s]
(Worker_TP0 pid=3196388) Loading safetensors checkpoint shards:  82% Completed | 14/17 [00:02<00:00,  4.78it/s]
(Worker_TP0 pid=3196388) Loading safetensors checkpoint shards:  88% Completed | 15/17 [00:02<00:00,  4.84it/s]
(Worker_TP0 pid=3196388) Loading safetensors checkpoint shards:  94% Completed | 16/17 [00:03<00:00,  4.81it/s]
(Worker_TP0 pid=3196388) Loading safetensors checkpoint shards: 100% Completed | 17/17 [00:03<00:00,  5.40it/s]
(Worker_TP0 pid=3196388) Loading safetensors checkpoint shards: 100% Completed | 17/17 [00:03<00:00,  5.10it/s]
(Worker_TP0 pid=3196388) 
(Worker_TP0 pid=3196388) INFO 07-08 11:02:20 [default_loader.py:397] Loading weights took 3.35 seconds
(Worker_TP0 pid=3196388) INFO 07-08 11:02:20 [gpu_model_runner.py:5132] Model loading took 7.69 GiB memory and 4.731406 seconds
(Worker_TP0 pid=3196388) INFO 07-08 11:02:25 [backends.py:1089] Using cache directory: /root/.cache/vllm/torch_compile_cache/1679e6982d/rank_0_0/backbone for vLLM's torch.compile
(Worker_TP0 pid=3196388) INFO 07-08 11:02:25 [backends.py:1148] Dynamo bytecode transform time: 3.62 s
(Worker_TP0 pid=3196388) INFO 07-08 11:02:25 [flashinfer_all_reduce.py:111] Auto-selected flashinfer allreduce backend: trtllm
(Worker_TP0 pid=3196388) /workspace/vllm/.venv/lib/python3.12/site-packages/torch/distributed/c10d_logger.py:83: UserWarning: barrier(): using the device under current context. You can specify `device_id` in `init_process_group` to mute this warning.
(Worker_TP0 pid=3196388)   return func(*args, **kwargs)
[rank0]:[W708 11:02:26.984623957 ProcessGroupNCCL.cpp:5188] Guessing device ID based on global rank. This can cause a hang if rank to GPU mapping is heterogeneous. You can specify device_id in init_process_group()
(Worker_TP0 pid=3196388) INFO 07-08 11:02:29 [flashinfer_all_reduce.py:151] Initialized FlashInfer Allreduce norm fusion workspace with backend=trtllm
(Worker_TP0 pid=3196388) INFO 07-08 11:02:32 [backends.py:292] Directly load the compiled graph(s) for compile range (1, 51) from the cache, took 2.818 s
(Worker_TP0 pid=3196388) INFO 07-08 11:02:32 [backends.py:292] Directly load the compiled graph(s) for compile range (52, 4096) from the cache, took 2.833 s
(Worker_TP2 pid=3196390) INFO 07-08 11:02:32 [decorators.py:311] Directly load AOT compilation from path /root/.cache/vllm/torch_compile_cache/torch_aot_compile/d18d5251cf64356d8ec4b57d0102eb039051d5dfb1eab4560190feeb89d09bd8/rank_2_0/model
(Worker_TP1 pid=3196389) INFO 07-08 11:02:32 [decorators.py:311] Directly load AOT compilation from path /root/.cache/vllm/torch_compile_cache/torch_aot_compile/d18d5251cf64356d8ec4b57d0102eb039051d5dfb1eab4560190feeb89d09bd8/rank_1_0/model
(Worker_TP0 pid=3196388) INFO 07-08 11:02:32 [decorators.py:311] Directly load AOT compilation from path /root/.cache/vllm/torch_compile_cache/torch_aot_compile/d18d5251cf64356d8ec4b57d0102eb039051d5dfb1eab4560190feeb89d09bd8/rank_0_0/model
(Worker_TP0 pid=3196388) INFO 07-08 11:02:32 [monitor.py:53] torch.compile took 10.49 s in total
(Worker_TP3 pid=3196391) INFO 07-08 11:02:32 [decorators.py:311] Directly load AOT compilation from path /root/.cache/vllm/torch_compile_cache/torch_aot_compile/d18d5251cf64356d8ec4b57d0102eb039051d5dfb1eab4560190feeb89d09bd8/rank_3_0/model
(Worker_TP7 pid=3196395) INFO 07-08 11:02:33 [decorators.py:311] Directly load AOT compilation from path /root/.cache/vllm/torch_compile_cache/torch_aot_compile/d18d5251cf64356d8ec4b57d0102eb039051d5dfb1eab4560190feeb89d09bd8/rank_7_0/model
(Worker_TP6 pid=3196394) INFO 07-08 11:02:33 [decorators.py:311] Directly load AOT compilation from path /root/.cache/vllm/torch_compile_cache/torch_aot_compile/d18d5251cf64356d8ec4b57d0102eb039051d5dfb1eab4560190feeb89d09bd8/rank_6_0/model
(Worker_TP4 pid=3196392) INFO 07-08 11:02:33 [decorators.py:311] Directly load AOT compilation from path /root/.cache/vllm/torch_compile_cache/torch_aot_compile/d18d5251cf64356d8ec4b57d0102eb039051d5dfb1eab4560190feeb89d09bd8/rank_4_0/model
(Worker_TP5 pid=3196393) INFO 07-08 11:02:33 [decorators.py:311] Directly load AOT compilation from path /root/.cache/vllm/torch_compile_cache/torch_aot_compile/d18d5251cf64356d8ec4b57d0102eb039051d5dfb1eab4560190feeb89d09bd8/rank_5_0/model
(Worker_TP0 pid=3196388) INFO 07-08 11:02:33 [monitor.py:81] Initial profiling/warmup run took 1.36 s
(Worker_TP1 pid=3196389) INFO 07-08 11:02:34 [gpu_model_runner.py:6279] Profiling CUDA graph memory: PIECEWISE=51 (largest=512), FULL=51 (largest=512)
(Worker_TP0 pid=3196388) INFO 07-08 11:02:34 [gpu_model_runner.py:6279] Profiling CUDA graph memory: PIECEWISE=51 (largest=512), FULL=51 (largest=512)
(Worker_TP6 pid=3196394) INFO 07-08 11:02:34 [gpu_model_runner.py:6279] Profiling CUDA graph memory: PIECEWISE=51 (largest=512), FULL=51 (largest=512)
(Worker_TP3 pid=3196391) INFO 07-08 11:02:34 [gpu_model_runner.py:6279] Profiling CUDA graph memory: PIECEWISE=51 (largest=512), FULL=51 (largest=512)
(Worker_TP2 pid=3196390) INFO 07-08 11:02:34 [gpu_model_runner.py:6279] Profiling CUDA graph memory: PIECEWISE=51 (largest=512), FULL=51 (largest=512)
(Worker_TP5 pid=3196393) INFO 07-08 11:02:34 [gpu_model_runner.py:6279] Profiling CUDA graph memory: PIECEWISE=51 (largest=512), FULL=51 (largest=512)
(Worker_TP4 pid=3196392) INFO 07-08 11:02:34 [gpu_model_runner.py:6279] Profiling CUDA graph memory: PIECEWISE=51 (largest=512), FULL=51 (largest=512)
(Worker_TP7 pid=3196395) INFO 07-08 11:02:34 [gpu_model_runner.py:6279] Profiling CUDA graph memory: PIECEWISE=51 (largest=512), FULL=51 (largest=512)
(Worker_TP6 pid=3196394) INFO 07-08 11:02:35 [custom_all_reduce.py:215] Registering 516 cuda graph addresses
(Worker_TP7 pid=3196395) INFO 07-08 11:02:35 [custom_all_reduce.py:215] Registering 516 cuda graph addresses
(Worker_TP5 pid=3196393) INFO 07-08 11:02:35 [custom_all_reduce.py:215] Registering 516 cuda graph addresses
(Worker_TP1 pid=3196389) INFO 07-08 11:02:35 [custom_all_reduce.py:215] Registering 516 cuda graph addresses
(Worker_TP3 pid=3196391) INFO 07-08 11:02:35 [custom_all_reduce.py:215] Registering 516 cuda graph addresses
(Worker_TP0 pid=3196388) INFO 07-08 11:02:35 [custom_all_reduce.py:215] Registering 516 cuda graph addresses
(Worker_TP4 pid=3196392) INFO 07-08 11:02:35 [custom_all_reduce.py:215] Registering 516 cuda graph addresses
(Worker_TP2 pid=3196390) INFO 07-08 11:02:35 [custom_all_reduce.py:215] Registering 516 cuda graph addresses
(Worker_TP7 pid=3196395) INFO 07-08 11:02:36 [gpu_model_runner.py:6365] Estimated CUDA graph memory: 0.59 GiB total
(Worker_TP6 pid=3196394) INFO 07-08 11:02:36 [gpu_model_runner.py:6365] Estimated CUDA graph memory: 0.59 GiB total
(Worker_TP5 pid=3196393) INFO 07-08 11:02:36 [gpu_model_runner.py:6365] Estimated CUDA graph memory: 0.59 GiB total
(Worker_TP4 pid=3196392) INFO 07-08 11:02:36 [gpu_model_runner.py:6365] Estimated CUDA graph memory: 0.59 GiB total
(Worker_TP2 pid=3196390) INFO 07-08 11:02:36 [gpu_model_runner.py:6365] Estimated CUDA graph memory: 0.59 GiB total
(Worker_TP1 pid=3196389) INFO 07-08 11:02:36 [gpu_model_runner.py:6365] Estimated CUDA graph memory: 0.59 GiB total
(Worker_TP0 pid=3196388) INFO 07-08 11:02:36 [gpu_model_runner.py:6365] Estimated CUDA graph memory: 0.59 GiB total
(Worker_TP7 pid=3196395) INFO 07-08 11:02:36 [gpu_worker.py:481] CUDA graph memory profiling is enabled (default since v0.21.0). The current --gpu-memory-utilization=0.9000 is equivalent to --gpu-memory-utilization=0.8925 without CUDA graph memory profiling. To maintain the same effective KV cache size as before, increase --gpu-memory-utilization to 0.9075. To disable, set VLLM_MEMORY_PROFILER_ESTIMATE_CUDAGRAPHS=0.
(Worker_TP3 pid=3196391) INFO 07-08 11:02:36 [gpu_model_runner.py:6365] Estimated CUDA graph memory: 0.59 GiB total
(Worker_TP6 pid=3196394) INFO 07-08 11:02:36 [gpu_worker.py:481] CUDA graph memory profiling is enabled (default since v0.21.0). The current --gpu-memory-utilization=0.9000 is equivalent to --gpu-memory-utilization=0.8925 without CUDA graph memory profiling. To maintain the same effective KV cache size as before, increase --gpu-memory-utilization to 0.9075. To disable, set VLLM_MEMORY_PROFILER_ESTIMATE_CUDAGRAPHS=0.
(Worker_TP5 pid=3196393) INFO 07-08 11:02:36 [gpu_worker.py:481] CUDA graph memory profiling is enabled (default since v0.21.0). The current --gpu-memory-utilization=0.9000 is equivalent to --gpu-memory-utilization=0.8925 without CUDA graph memory profiling. To maintain the same effective KV cache size as before, increase --gpu-memory-utilization to 0.9075. To disable, set VLLM_MEMORY_PROFILER_ESTIMATE_CUDAGRAPHS=0.
(Worker_TP4 pid=3196392) INFO 07-08 11:02:36 [gpu_worker.py:481] CUDA graph memory profiling is enabled (default since v0.21.0). The current --gpu-memory-utilization=0.9000 is equivalent to --gpu-memory-utilization=0.8925 without CUDA graph memory profiling. To maintain the same effective KV cache size as before, increase --gpu-memory-utilization to 0.9075. To disable, set VLLM_MEMORY_PROFILER_ESTIMATE_CUDAGRAPHS=0.
(Worker_TP2 pid=3196390) INFO 07-08 11:02:37 [gpu_worker.py:481] CUDA graph memory profiling is enabled (default since v0.21.0). The current --gpu-memory-utilization=0.9000 is equivalent to --gpu-memory-utilization=0.8925 without CUDA graph memory profiling. To maintain the same effective KV cache size as before, increase --gpu-memory-utilization to 0.9075. To disable, set VLLM_MEMORY_PROFILER_ESTIMATE_CUDAGRAPHS=0.
(Worker_TP0 pid=3196388) INFO 07-08 11:02:37 [gpu_worker.py:466] Available KV cache memory: 59.85 GiB
(Worker_TP0 pid=3196388) INFO 07-08 11:02:37 [gpu_worker.py:481] CUDA graph memory profiling is enabled (default since v0.21.0). The current --gpu-memory-utilization=0.9000 is equivalent to --gpu-memory-utilization=0.8925 without CUDA graph memory profiling. To maintain the same effective KV cache size as before, increase --gpu-memory-utilization to 0.9075. To disable, set VLLM_MEMORY_PROFILER_ESTIMATE_CUDAGRAPHS=0.
(Worker_TP1 pid=3196389) INFO 07-08 11:02:37 [gpu_worker.py:481] CUDA graph memory profiling is enabled (default since v0.21.0). The current --gpu-memory-utilization=0.9000 is equivalent to --gpu-memory-utilization=0.8925 without CUDA graph memory profiling. To maintain the same effective KV cache size as before, increase --gpu-memory-utilization to 0.9075. To disable, set VLLM_MEMORY_PROFILER_ESTIMATE_CUDAGRAPHS=0.
(Worker_TP3 pid=3196391) INFO 07-08 11:02:37 [gpu_worker.py:481] CUDA graph memory profiling is enabled (default since v0.21.0). The current --gpu-memory-utilization=0.9000 is equivalent to --gpu-memory-utilization=0.8925 without CUDA graph memory profiling. To maintain the same effective KV cache size as before, increase --gpu-memory-utilization to 0.9075. To disable, set VLLM_MEMORY_PROFILER_ESTIMATE_CUDAGRAPHS=0.
(EngineCore pid=3195936) INFO 07-08 11:02:37 [kv_cache_utils.py:1733] GPU KV cache size: 1,961,024 tokens
(EngineCore pid=3195936) INFO 07-08 11:02:37 [kv_cache_utils.py:1734] Maximum concurrency for 4,096 tokens per request: 478.77x
(Worker_TP3 pid=3196391) 2026-07-08 11:02:37,370 - INFO - autotuner.py:615 - flashinfer.jit: [Autotuner]: Autotuning process starts ...
(Worker_TP1 pid=3196389) 2026-07-08 11:02:37,370 - INFO - autotuner.py:615 - flashinfer.jit: [Autotuner]: Autotuning process starts ...
(Worker_TP4 pid=3196392) 2026-07-08 11:02:37,370 - INFO - autotuner.py:615 - flashinfer.jit: [Autotuner]: Autotuning process starts ...
(Worker_TP0 pid=3196388) 2026-07-08 11:02:37,370 - INFO - autotuner.py:615 - flashinfer.jit: [Autotuner]: Autotuning process starts ...
(Worker_TP5 pid=3196393) 2026-07-08 11:02:37,370 - INFO - autotuner.py:615 - flashinfer.jit: [Autotuner]: Autotuning process starts ...
(Worker_TP2 pid=3196390) 2026-07-08 11:02:37,371 - INFO - autotuner.py:615 - flashinfer.jit: [Autotuner]: Autotuning process starts ...
(Worker_TP7 pid=3196395) 2026-07-08 11:02:37,371 - INFO - autotuner.py:615 - flashinfer.jit: [Autotuner]: Autotuning process starts ...
(Worker_TP6 pid=3196394) 2026-07-08 11:02:37,371 - INFO - autotuner.py:615 - flashinfer.jit: [Autotuner]: Autotuning process starts ...
(Worker_TP3 pid=3196391) 2026-07-08 11:02:37,387 - INFO - autotuner.py:634 - flashinfer.jit: [Autotuner]: Autotuning process ends
(Worker_TP2 pid=3196390) 2026-07-08 11:02:37,387 - INFO - autotuner.py:634 - flashinfer.jit: [Autotuner]: Autotuning process ends
(Worker_TP1 pid=3196389) 2026-07-08 11:02:37,388 - INFO - autotuner.py:634 - flashinfer.jit: [Autotuner]: Autotuning process ends
(Worker_TP0 pid=3196388) 2026-07-08 11:02:37,388 - INFO - autotuner.py:634 - flashinfer.jit: [Autotuner]: Autotuning process ends
(Worker_TP5 pid=3196393) 2026-07-08 11:02:37,389 - INFO - autotuner.py:634 - flashinfer.jit: [Autotuner]: Autotuning process ends
(Worker_TP7 pid=3196395) 2026-07-08 11:02:37,389 - INFO - autotuner.py:634 - flashinfer.jit: [Autotuner]: Autotuning process ends
(Worker_TP6 pid=3196394) 2026-07-08 11:02:37,389 - INFO - autotuner.py:634 - flashinfer.jit: [Autotuner]: Autotuning process ends
(Worker_TP4 pid=3196392) 2026-07-08 11:02:37,389 - INFO - autotuner.py:634 - flashinfer.jit: [Autotuner]: Autotuning process ends
(Worker_TP0 pid=3196388) Capturing CUDA graphs (mixed prefill-decode, PIECEWISE):   0%|          | 0/51 [00:00<?, ?it/s]Capturing CUDA graphs (mixed prefill-decode, PIECEWISE):   6%|▌         | 3/51 [00:00<00:02, 22.70it/s]Capturing CUDA graphs (mixed prefill-decode, PIECEWISE):  12%|█▏        | 6/51 [00:00<00:02, 22.23it/s]Capturing CUDA graphs (mixed prefill-decode, PIECEWISE):  18%|█▊        | 9/51 [00:00<00:01, 21.33it/s]Capturing CUDA graphs (mixed prefill-decode, PIECEWISE):  24%|██▎       | 12/51 [00:00<00:01, 20.98it/s]Capturing CUDA graphs (mixed prefill-decode, PIECEWISE):  29%|██▉       | 15/51 [00:00<00:01, 20.59it/s]Capturing CUDA graphs (mixed prefill-decode, PIECEWISE):  35%|███▌      | 18/51 [00:00<00:01, 20.51it/s]Capturing CUDA graphs (mixed prefill-decode, PIECEWISE):  41%|████      | 21/51 [00:01<00:01, 20.51it/s]Capturing CUDA graphs (mixed prefill-decode, PIECEWISE):  47%|████▋     | 24/51 [00:01<00:01, 20.05it/s]Capturing CUDA graphs (mixed prefill-decode, PIECEWISE):  53%|█████▎    | 27/51 [00:01<00:01, 19.75it/s]Capturing CUDA graphs (mixed prefill-decode, PIECEWISE):  57%|█████▋    | 29/51 [00:01<00:01, 19.52it/s]Capturing CUDA graphs (mixed prefill-decode, PIECEWISE):  61%|██████    | 31/51 [00:01<00:01, 19.25it/s]Capturing CUDA graphs (mixed prefill-decode, PIECEWISE):  65%|██████▍   | 33/51 [00:01<00:00, 19.13it/s]Capturing CUDA graphs (mixed prefill-decode, PIECEWISE):  69%|██████▊   | 35/51 [00:01<00:00, 19.00it/s]Capturing CUDA graphs (mixed prefill-decode, PIECEWISE):  73%|███████▎  | 37/51 [00:01<00:00, 18.40it/s]Capturing CUDA graphs (mixed prefill-decode, PIECEWISE):  76%|███████▋  | 39/51 [00:01<00:00, 18.26it/s]Capturing CUDA graphs (mixed prefill-decode, PIECEWISE):  80%|████████  | 41/51 [00:02<00:00, 18.02it/s]Capturing CUDA graphs (mixed prefill-decode, PIECEWISE):  84%|████████▍ | 43/51 [00:02<00:00,  9.93it/s]Capturing CUDA graphs (mixed prefill-decode, PIECEWISE):  88%|████████▊ | 45/51 [00:02<00:00, 10.62it/s]Capturing CUDA graphs (mixed prefill-decode, PIECEWISE):  92%|█████████▏| 47/51 [00:02<00:00, 11.21it/s]Capturing CUDA graphs (mixed prefill-decode, PIECEWISE):  96%|█████████▌| 49/51 [00:02<00:00, 11.56it/s]Capturing CUDA graphs (mixed prefill-decode, PIECEWISE): 100%|██████████| 51/51 [00:03<00:00, 12.06it/s]Capturing CUDA graphs (mixed prefill-decode, PIECEWISE): 100%|██████████| 51/51 [00:03<00:00, 16.27it/s]
(Worker_TP0 pid=3196388) Capturing CUDA graphs (decode, FULL):   0%|          | 0/51 [00:00<?, ?it/s]Capturing CUDA graphs (decode, FULL):   6%|▌         | 3/51 [00:00<00:01, 28.00it/s]Capturing CUDA graphs (decode, FULL):  12%|█▏        | 6/51 [00:00<00:01, 28.54it/s]Capturing CUDA graphs (decode, FULL):  18%|█▊        | 9/51 [00:00<00:01, 28.80it/s]Capturing CUDA graphs (decode, FULL):  24%|██▎       | 12/51 [00:00<00:01, 28.81it/s]Capturing CUDA graphs (decode, FULL):  29%|██▉       | 15/51 [00:00<00:01, 28.80it/s]Capturing CUDA graphs (decode, FULL):  35%|███▌      | 18/51 [00:00<00:01, 28.93it/s]Capturing CUDA graphs (decode, FULL):  41%|████      | 21/51 [00:00<00:01, 28.87it/s]Capturing CUDA graphs (decode, FULL):  47%|████▋     | 24/51 [00:00<00:00, 28.79it/s]Capturing CUDA graphs (decode, FULL):  53%|█████▎    | 27/51 [00:00<00:00, 28.85it/s]Capturing CUDA graphs (decode, FULL):  59%|█████▉    | 30/51 [00:01<00:00, 28.89it/s]Capturing CUDA graphs (decode, FULL):  65%|██████▍   | 33/51 [00:01<00:00, 28.63it/s]Capturing CUDA graphs (decode, FULL):  71%|███████   | 36/51 [00:01<00:00, 28.80it/s]Capturing CUDA graphs (decode, FULL):  76%|███████▋  | 39/51 [00:01<00:00, 28.54it/s]Capturing CUDA graphs (decode, FULL):  82%|████████▏ | 42/51 [00:01<00:00, 28.34it/s]Capturing CUDA graphs (decode, FULL):  88%|████████▊ | 45/51 [00:01<00:00, 14.20it/s]Capturing CUDA graphs (decode, FULL):  94%|█████████▍| 48/51 [00:02<00:00, 15.74it/s]Capturing CUDA graphs (decode, FULL): 100%|██████████| 51/51 [00:02<00:00, 16.82it/s]Capturing CUDA graphs (decode, FULL): 100%|██████████| 51/51 [00:02<00:00, 23.04it/s]
(Worker_TP0 pid=3196388) INFO 07-08 11:02:43 [custom_all_reduce.py:215] Registering 10836 cuda graph addresses
(Worker_TP3 pid=3196391) INFO 07-08 11:02:43 [custom_all_reduce.py:215] Registering 10836 cuda graph addresses
(Worker_TP2 pid=3196390) INFO 07-08 11:02:43 [custom_all_reduce.py:215] Registering 10836 cuda graph addresses
(Worker_TP1 pid=3196389) INFO 07-08 11:02:43 [custom_all_reduce.py:215] Registering 10836 cuda graph addresses
(Worker_TP7 pid=3196395) INFO 07-08 11:02:43 [custom_all_reduce.py:215] Registering 10836 cuda graph addresses
(Worker_TP5 pid=3196393) INFO 07-08 11:02:43 [custom_all_reduce.py:215] Registering 10836 cuda graph addresses
(Worker_TP6 pid=3196394) INFO 07-08 11:02:43 [custom_all_reduce.py:215] Registering 10836 cuda graph addresses
(Worker_TP4 pid=3196392) INFO 07-08 11:02:43 [custom_all_reduce.py:215] Registering 10836 cuda graph addresses
(Worker_TP6 pid=3196394) INFO 07-08 11:02:44 [gpu_worker.py:619] CUDA graph pool memory: 0.62 GiB (actual), 0.59 GiB (estimated), difference: 0.04 GiB (5.6%).
(Worker_TP7 pid=3196395) INFO 07-08 11:02:44 [gpu_worker.py:619] CUDA graph pool memory: 0.62 GiB (actual), 0.59 GiB (estimated), difference: 0.04 GiB (5.6%).
(Worker_TP5 pid=3196393) INFO 07-08 11:02:44 [gpu_worker.py:619] CUDA graph pool memory: 0.62 GiB (actual), 0.59 GiB (estimated), difference: 0.04 GiB (5.6%).
(Worker_TP4 pid=3196392) INFO 07-08 11:02:44 [gpu_worker.py:619] CUDA graph pool memory: 0.62 GiB (actual), 0.59 GiB (estimated), difference: 0.04 GiB (5.6%).
(Worker_TP2 pid=3196390) INFO 07-08 11:02:44 [gpu_worker.py:619] CUDA graph pool memory: 0.62 GiB (actual), 0.59 GiB (estimated), difference: 0.04 GiB (5.6%).
(Worker_TP0 pid=3196388) INFO 07-08 11:02:44 [gpu_model_runner.py:6456] Graph capturing finished in 7 secs, took 0.62 GiB
(Worker_TP0 pid=3196388) INFO 07-08 11:02:44 [gpu_worker.py:619] CUDA graph pool memory: 0.62 GiB (actual), 0.59 GiB (estimated), difference: 0.04 GiB (5.6%).
(Worker_TP1 pid=3196389) INFO 07-08 11:02:44 [gpu_worker.py:619] CUDA graph pool memory: 0.62 GiB (actual), 0.59 GiB (estimated), difference: 0.04 GiB (5.6%).
(Worker_TP3 pid=3196391) INFO 07-08 11:02:44 [gpu_worker.py:619] CUDA graph pool memory: 0.62 GiB (actual), 0.59 GiB (estimated), difference: 0.04 GiB (5.6%).
(Worker_TP2 pid=3196390) INFO 07-08 11:02:44 [jit_monitor.py:54] Kernel JIT monitor activated — Triton JIT compilations during inference will be logged as warnings.
(Worker_TP0 pid=3196388) INFO 07-08 11:02:44 [jit_monitor.py:54] Kernel JIT monitor activated — Triton JIT compilations during inference will be logged as warnings.
(Worker_TP1 pid=3196389) INFO 07-08 11:02:44 [jit_monitor.py:54] Kernel JIT monitor activated — Triton JIT compilations during inference will be logged as warnings.
(Worker_TP7 pid=3196395) INFO 07-08 11:02:44 [jit_monitor.py:54] Kernel JIT monitor activated — Triton JIT compilations during inference will be logged as warnings.
(Worker_TP3 pid=3196391) INFO 07-08 11:02:44 [jit_monitor.py:54] Kernel JIT monitor activated — Triton JIT compilations during inference will be logged as warnings.
(Worker_TP6 pid=3196394) INFO 07-08 11:02:44 [jit_monitor.py:54] Kernel JIT monitor activated — Triton JIT compilations during inference will be logged as warnings.
(Worker_TP4 pid=3196392) INFO 07-08 11:02:44 [jit_monitor.py:54] Kernel JIT monitor activated — Triton JIT compilations during inference will be logged as warnings.
(Worker_TP5 pid=3196393) INFO 07-08 11:02:44 [jit_monitor.py:54] Kernel JIT monitor activated — Triton JIT compilations during inference will be logged as warnings.
(EngineCore pid=3195936) INFO 07-08 11:02:44 [core.py:302] init engine (profile, create kv cache, warmup model) took 22.94 s (compilation: 11.30 s)
(EngineCore pid=3195936) Warning: You are sending unauthenticated requests to the HF Hub. Please set a HF_TOKEN to enable higher rate limits and faster downloads.
(EngineCore pid=3195936) INFO 07-08 11:02:46 [vllm.py:977] Asynchronous scheduling is enabled.
(EngineCore pid=3195936) INFO 07-08 11:02:46 [kernel.py:270] Final IR op priority after setting platform defaults: IrOpPriorityConfig(rms_norm=['native'], fused_add_rms_norm=['native'])
(EngineCore pid=3195936) <frozen importlib._bootstrap_external>:1297: FutureWarning: The cuda.cudart module is deprecated and will be removed in a future release, please switch to use the cuda.bindings.runtime module instead.
(EngineCore pid=3195936) <frozen importlib._bootstrap_external>:1297: FutureWarning: The cuda.nvrtc module is deprecated and will be removed in a future release, please switch to use the cuda.bindings.nvrtc module instead.
(EngineCore pid=3195936) INFO 07-08 11:02:47 [compilation.py:312] Enabled custom fusions: allreduce_rms
(APIServer pid=3194721) INFO 07-08 11:02:47 [api_server.py:592] Supported tasks: ['generate']
(APIServer pid=3194721) WARNING 07-08 11:02:47 [model.py:1509] Default vLLM sampling parameters have been overridden by the model's `generation_config.json`: `{'repetition_penalty': 1.05, 'temperature': 0.7, 'top_k': 20, 'top_p': 0.8}`. If this is not intended, please relaunch vLLM instance with `--generation-config vllm`.
(APIServer pid=3194721) INFO 07-08 11:02:49 [hf.py:488] Detected the chat template content format to be 'string'. You can set `--chat-template-content-format` to override this.
(APIServer pid=3194721) INFO 07-08 11:02:49 [api_server.py:596] Starting vLLM server on http://127.0.0.1:8000
(APIServer pid=3194721) INFO 07-08 11:02:49 [launcher.py:37] Available routes are:
(APIServer pid=3194721) INFO 07-08 11:02:49 [launcher.py:46] Route: /openapi.json, Methods: GET, HEAD
(APIServer pid=3194721) INFO 07-08 11:02:49 [launcher.py:46] Route: /docs, Methods: GET, HEAD
(APIServer pid=3194721) INFO 07-08 11:02:49 [launcher.py:46] Route: /docs/oauth2-redirect, Methods: GET, HEAD
(APIServer pid=3194721) INFO 07-08 11:02:49 [launcher.py:46] Route: /redoc, Methods: GET, HEAD
(APIServer pid=3194721) INFO 07-08 11:02:49 [launcher.py:46] Route: /tokenize, Methods: POST
(APIServer pid=3194721) INFO 07-08 11:02:49 [launcher.py:46] Route: /detokenize, Methods: POST
(APIServer pid=3194721) INFO 07-08 11:02:49 [launcher.py:46] Route: /load, Methods: GET
(APIServer pid=3194721) INFO 07-08 11:02:49 [launcher.py:46] Route: /version, Methods: GET
(APIServer pid=3194721) INFO 07-08 11:02:49 [launcher.py:46] Route: /health, Methods: GET
(APIServer pid=3194721) INFO 07-08 11:02:49 [launcher.py:46] Route: /metrics, Methods: GET
(APIServer pid=3194721) INFO 07-08 11:02:49 [launcher.py:46] Route: /v1/models, Methods: GET
(APIServer pid=3194721) INFO 07-08 11:02:49 [launcher.py:46] Route: /ping, Methods: GET
(APIServer pid=3194721) INFO 07-08 11:02:49 [launcher.py:46] Route: /ping, Methods: POST
(APIServer pid=3194721) INFO 07-08 11:02:49 [launcher.py:46] Route: /invocations, Methods: POST
(APIServer pid=3194721) INFO 07-08 11:02:49 [launcher.py:46] Route: /v1/chat/completions, Methods: POST
(APIServer pid=3194721) INFO 07-08 11:02:49 [launcher.py:46] Route: /v1/chat/completions/batch, Methods: POST
(APIServer pid=3194721) INFO 07-08 11:02:49 [launcher.py:46] Route: /v1/responses, Methods: POST
(APIServer pid=3194721) INFO 07-08 11:02:49 [launcher.py:46] Route: /v1/responses/{response_id}, Methods: GET
(APIServer pid=3194721) INFO 07-08 11:02:49 [launcher.py:46] Route: /v1/responses/{response_id}/cancel, Methods: POST
(APIServer pid=3194721) INFO 07-08 11:02:49 [launcher.py:46] Route: /v1/completions, Methods: POST
(APIServer pid=3194721) INFO 07-08 11:02:49 [launcher.py:46] Route: /v1/messages, Methods: POST
(APIServer pid=3194721) INFO 07-08 11:02:49 [launcher.py:46] Route: /v1/messages/count_tokens, Methods: POST
(APIServer pid=3194721) INFO 07-08 11:02:49 [launcher.py:46] Route: /inference/v1/generate, Methods: POST
(APIServer pid=3194721) INFO 07-08 11:02:49 [launcher.py:46] Route: /scale_elastic_ep, Methods: POST
(APIServer pid=3194721) INFO 07-08 11:02:49 [launcher.py:46] Route: /is_scaling_elastic_ep, Methods: POST
(APIServer pid=3194721) INFO 07-08 11:02:49 [launcher.py:46] Route: /generative_scoring, Methods: POST
(APIServer pid=3194721) INFO 07-08 11:02:49 [launcher.py:46] Route: /v1/chat/completions/render, Methods: POST
(APIServer pid=3194721) INFO 07-08 11:02:49 [launcher.py:46] Route: /v1/completions/render, Methods: POST
(APIServer pid=3194721) INFO:     Started server process [3194721]
(APIServer pid=3194721) INFO:     Waiting for application startup.
(APIServer pid=3194721) INFO:     Application startup complete.
(APIServer pid=3194721) INFO:     127.0.0.1:54574 - "POST /v1/completions HTTP/1.1" 200 OK
(Worker_TP0 pid=3196388) WARNING 07-08 11:02:54 [jit_monitor.py:103] Triton kernel JIT compilation during inference: _compute_slot_mapping_kernel. This causes a latency spike; consider extending warmup to cover this shape/config.
(APIServer pid=3194721) INFO 07-08 11:03:00 [loggers.py:271] Engine 000: Avg prompt throughput: 9.7 tokens/s, Avg generation throughput: 67.2 tokens/s, Running: 1 reqs, Waiting: 0 reqs, GPU KV cache usage: 0.1%, Prefix cache hit rate: 0.0%
(APIServer pid=3194721) INFO:     127.0.0.1:54574 - "POST /v1/completions HTTP/1.1" 200 OK
(APIServer pid=3194721) INFO:     127.0.0.1:41622 - "POST /v1/completions HTTP/1.1" 200 OK
(APIServer pid=3194721) INFO:     127.0.0.1:41624 - "POST /v1/completions HTTP/1.1" 200 OK
(APIServer pid=3194721) INFO:     127.0.0.1:41626 - "POST /v1/completions HTTP/1.1" 200 OK
(APIServer pid=3194721) INFO:     127.0.0.1:41636 - "POST /v1/completions HTTP/1.1" 200 OK
(APIServer pid=3194721) INFO:     127.0.0.1:41638 - "POST /v1/completions HTTP/1.1" 200 OK
(APIServer pid=3194721) INFO:     127.0.0.1:41640 - "POST /v1/completions HTTP/1.1" 200 OK
(APIServer pid=3194721) INFO:     127.0.0.1:41642 - "POST /v1/completions HTTP/1.1" 200 OK
(APIServer pid=3194721) INFO:     127.0.0.1:41656 - "POST /v1/completions HTTP/1.1" 200 OK
(APIServer pid=3194721) INFO:     127.0.0.1:41660 - "POST /v1/completions HTTP/1.1" 200 OK
(APIServer pid=3194721) INFO:     127.0.0.1:41676 - "POST /v1/completions HTTP/1.1" 200 OK
(APIServer pid=3194721) INFO:     127.0.0.1:41686 - "POST /v1/completions HTTP/1.1" 200 OK
(APIServer pid=3194721) INFO:     127.0.0.1:41700 - "POST /v1/completions HTTP/1.1" 200 OK
(APIServer pid=3194721) INFO:     127.0.0.1:41710 - "POST /v1/completions HTTP/1.1" 200 OK
(APIServer pid=3194721) INFO:     127.0.0.1:41726 - "POST /v1/completions HTTP/1.1" 200 OK
(APIServer pid=3194721) INFO:     127.0.0.1:41742 - "POST /v1/completions HTTP/1.1" 200 OK
(APIServer pid=3194721) INFO:     127.0.0.1:41756 - "POST /v1/completions HTTP/1.1" 200 OK
(APIServer pid=3194721) INFO:     127.0.0.1:41764 - "POST /v1/completions HTTP/1.1" 200 OK
(APIServer pid=3194721) INFO:     127.0.0.1:41776 - "POST /v1/completions HTTP/1.1" 200 OK
(APIServer pid=3194721) INFO:     127.0.0.1:41786 - "POST /v1/completions HTTP/1.1" 200 OK
(APIServer pid=3194721) INFO:     127.0.0.1:41800 - "POST /v1/completions HTTP/1.1" 200 OK
(APIServer pid=3194721) INFO:     127.0.0.1:41804 - "POST /v1/completions HTTP/1.1" 200 OK
(APIServer pid=3194721) INFO:     127.0.0.1:41806 - "POST /v1/completions HTTP/1.1" 200 OK
(APIServer pid=3194721) INFO:     127.0.0.1:41812 - "POST /v1/completions HTTP/1.1" 200 OK
(APIServer pid=3194721) INFO:     127.0.0.1:41828 - "POST /v1/completions HTTP/1.1" 200 OK
(APIServer pid=3194721) INFO:     127.0.0.1:41836 - "POST /v1/completions HTTP/1.1" 200 OK
(APIServer pid=3194721) INFO:     127.0.0.1:41838 - "POST /v1/completions HTTP/1.1" 200 OK
(APIServer pid=3194721) INFO:     127.0.0.1:41840 - "POST /v1/completions HTTP/1.1" 200 OK
(APIServer pid=3194721) INFO:     127.0.0.1:41846 - "POST /v1/completions HTTP/1.1" 200 OK
(APIServer pid=3194721) INFO:     127.0.0.1:41862 - "POST /v1/completions HTTP/1.1" 200 OK
(APIServer pid=3194721) INFO:     127.0.0.1:41872 - "POST /v1/completions HTTP/1.1" 200 OK
(APIServer pid=3194721) INFO:     127.0.0.1:41874 - "POST /v1/completions HTTP/1.1" 200 OK
(APIServer pid=3194721) INFO:     127.0.0.1:41878 - "POST /v1/completions HTTP/1.1" 200 OK
(APIServer pid=3194721) INFO:     127.0.0.1:41894 - "POST /v1/completions HTTP/1.1" 200 OK
(APIServer pid=3194721) INFO:     127.0.0.1:41910 - "POST /v1/completions HTTP/1.1" 200 OK
(APIServer pid=3194721) INFO:     127.0.0.1:41918 - "POST /v1/completions HTTP/1.1" 200 OK
(APIServer pid=3194721) INFO:     127.0.0.1:41934 - "POST /v1/completions HTTP/1.1" 200 OK
(APIServer pid=3194721) INFO:     127.0.0.1:41948 - "POST /v1/completions HTTP/1.1" 200 OK
(APIServer pid=3194721) INFO:     127.0.0.1:41964 - "POST /v1/completions HTTP/1.1" 200 OK
(APIServer pid=3194721) INFO:     127.0.0.1:41976 - "POST /v1/completions HTTP/1.1" 200 OK
(APIServer pid=3194721) INFO:     127.0.0.1:41978 - "POST /v1/completions HTTP/1.1" 200 OK
(APIServer pid=3194721) INFO:     127.0.0.1:41988 - "POST /v1/completions HTTP/1.1" 200 OK
(APIServer pid=3194721) INFO:     127.0.0.1:41996 - "POST /v1/completions HTTP/1.1" 200 OK
(APIServer pid=3194721) INFO:     127.0.0.1:42008 - "POST /v1/completions HTTP/1.1" 200 OK
(APIServer pid=3194721) INFO:     127.0.0.1:42010 - "POST /v1/completions HTTP/1.1" 200 OK
(APIServer pid=3194721) INFO:     127.0.0.1:42016 - "POST /v1/completions HTTP/1.1" 200 OK
(APIServer pid=3194721) INFO:     127.0.0.1:42024 - "POST /v1/completions HTTP/1.1" 200 OK
(APIServer pid=3194721) INFO:     127.0.0.1:42036 - "POST /v1/completions HTTP/1.1" 200 OK
(APIServer pid=3194721) INFO:     127.0.0.1:42040 - "POST /v1/completions HTTP/1.1" 200 OK
(APIServer pid=3194721) INFO:     127.0.0.1:42054 - "POST /v1/completions HTTP/1.1" 200 OK
(APIServer pid=3194721) INFO:     127.0.0.1:42060 - "POST /v1/completions HTTP/1.1" 200 OK
(APIServer pid=3194721) INFO:     127.0.0.1:42064 - "POST /v1/completions HTTP/1.1" 200 OK
(APIServer pid=3194721) INFO:     127.0.0.1:42068 - "POST /v1/completions HTTP/1.1" 200 OK
(APIServer pid=3194721) INFO:     127.0.0.1:42078 - "POST /v1/completions HTTP/1.1" 200 OK
(APIServer pid=3194721) INFO:     127.0.0.1:42086 - "POST /v1/completions HTTP/1.1" 200 OK
(APIServer pid=3194721) INFO:     127.0.0.1:42090 - "POST /v1/completions HTTP/1.1" 200 OK
(APIServer pid=3194721) INFO:     127.0.0.1:42092 - "POST /v1/completions HTTP/1.1" 200 OK
(APIServer pid=3194721) INFO:     127.0.0.1:42102 - "POST /v1/completions HTTP/1.1" 200 OK
(APIServer pid=3194721) INFO:     127.0.0.1:42118 - "POST /v1/completions HTTP/1.1" 200 OK
(APIServer pid=3194721) INFO:     127.0.0.1:42128 - "POST /v1/completions HTTP/1.1" 200 OK
(APIServer pid=3194721) INFO:     127.0.0.1:42132 - "POST /v1/completions HTTP/1.1" 200 OK
(APIServer pid=3194721) INFO:     127.0.0.1:42144 - "POST /v1/completions HTTP/1.1" 200 OK
(APIServer pid=3194721) INFO:     127.0.0.1:42156 - "POST /v1/completions HTTP/1.1" 200 OK
(APIServer pid=3194721) INFO:     127.0.0.1:42158 - "POST /v1/completions HTTP/1.1" 200 OK
(APIServer pid=3194721) INFO:     127.0.0.1:54574 - "GET /metrics HTTP/1.1" 200 OK
(APIServer pid=3194721) INFO:     127.0.0.1:41636 - "POST /v1/completions HTTP/1.1" 200 OK
(APIServer pid=3194721) INFO:     127.0.0.1:41626 - "POST /v1/completions HTTP/1.1" 200 OK
(APIServer pid=3194721) INFO:     127.0.0.1:41624 - "POST /v1/completions HTTP/1.1" 200 OK
(APIServer pid=3194721) INFO:     127.0.0.1:41622 - "POST /v1/completions HTTP/1.1" 200 OK
(APIServer pid=3194721) INFO:     127.0.0.1:41638 - "POST /v1/completions HTTP/1.1" 200 OK
(APIServer pid=3194721) INFO:     127.0.0.1:41686 - "POST /v1/completions HTTP/1.1" 200 OK
(APIServer pid=3194721) INFO:     127.0.0.1:41676 - "POST /v1/completions HTTP/1.1" 200 OK
(APIServer pid=3194721) INFO:     127.0.0.1:41660 - "POST /v1/completions HTTP/1.1" 200 OK
(APIServer pid=3194721) INFO:     127.0.0.1:41656 - "POST /v1/completions HTTP/1.1" 200 OK
(APIServer pid=3194721) INFO:     127.0.0.1:41640 - "POST /v1/completions HTTP/1.1" 200 OK
(APIServer pid=3194721) INFO:     127.0.0.1:41642 - "POST /v1/completions HTTP/1.1" 200 OK
(APIServer pid=3194721) INFO:     127.0.0.1:41726 - "POST /v1/completions HTTP/1.1" 200 OK
(APIServer pid=3194721) INFO:     127.0.0.1:41710 - "POST /v1/completions HTTP/1.1" 200 OK
(APIServer pid=3194721) INFO:     127.0.0.1:41700 - "POST /v1/completions HTTP/1.1" 200 OK
(APIServer pid=3194721) INFO:     127.0.0.1:41846 - "POST /v1/completions HTTP/1.1" 200 OK
(APIServer pid=3194721) INFO:     127.0.0.1:41838 - "POST /v1/completions HTTP/1.1" 200 OK
(APIServer pid=3194721) INFO:     127.0.0.1:41836 - "POST /v1/completions HTTP/1.1" 200 OK
(APIServer pid=3194721) INFO:     127.0.0.1:41828 - "POST /v1/completions HTTP/1.1" 200 OK
(APIServer pid=3194721) INFO:     127.0.0.1:41804 - "POST /v1/completions HTTP/1.1" 200 OK
(APIServer pid=3194721) INFO:     127.0.0.1:41800 - "POST /v1/completions HTTP/1.1" 200 OK
(APIServer pid=3194721) INFO:     127.0.0.1:41786 - "POST /v1/completions HTTP/1.1" 200 OK
(APIServer pid=3194721) INFO:     127.0.0.1:41806 - "POST /v1/completions HTTP/1.1" 200 OK
(APIServer pid=3194721) INFO:     127.0.0.1:41812 - "POST /v1/completions HTTP/1.1" 200 OK
(APIServer pid=3194721) INFO:     127.0.0.1:41840 - "POST /v1/completions HTTP/1.1" 200 OK
(APIServer pid=3194721) INFO:     127.0.0.1:41776 - "POST /v1/completions HTTP/1.1" 200 OK
(APIServer pid=3194721) INFO:     127.0.0.1:41764 - "POST /v1/completions HTTP/1.1" 200 OK
(APIServer pid=3194721) INFO:     127.0.0.1:41756 - "POST /v1/completions HTTP/1.1" 200 OK
(APIServer pid=3194721) INFO:     127.0.0.1:41742 - "POST /v1/completions HTTP/1.1" 200 OK
(APIServer pid=3194721) INFO:     127.0.0.1:41874 - "POST /v1/completions HTTP/1.1" 200 OK
(APIServer pid=3194721) INFO:     127.0.0.1:41872 - "POST /v1/completions HTTP/1.1" 200 OK
(APIServer pid=3194721) INFO:     127.0.0.1:41862 - "POST /v1/completions HTTP/1.1" 200 OK
(APIServer pid=3194721) INFO:     127.0.0.1:42016 - "POST /v1/completions HTTP/1.1" 200 OK
(APIServer pid=3194721) INFO:     127.0.0.1:42010 - "POST /v1/completions HTTP/1.1" 200 OK
(APIServer pid=3194721) INFO:     127.0.0.1:42024 - "POST /v1/completions HTTP/1.1" 200 OK
(APIServer pid=3194721) INFO:     127.0.0.1:41978 - "POST /v1/completions HTTP/1.1" 200 OK
(APIServer pid=3194721) INFO:     127.0.0.1:41976 - "POST /v1/completions HTTP/1.1" 200 OK
(APIServer pid=3194721) INFO:     127.0.0.1:41964 - "POST /v1/completions HTTP/1.1" 200 OK
(APIServer pid=3194721) INFO:     127.0.0.1:41948 - "POST /v1/completions HTTP/1.1" 200 OK
(APIServer pid=3194721) INFO:     127.0.0.1:41934 - "POST /v1/completions HTTP/1.1" 200 OK
(APIServer pid=3194721) INFO:     127.0.0.1:41918 - "POST /v1/completions HTTP/1.1" 200 OK
(APIServer pid=3194721) INFO:     127.0.0.1:41910 - "POST /v1/completions HTTP/1.1" 200 OK
(APIServer pid=3194721) INFO:     127.0.0.1:41894 - "POST /v1/completions HTTP/1.1" 200 OK
(APIServer pid=3194721) INFO:     127.0.0.1:41878 - "POST /v1/completions HTTP/1.1" 200 OK
(APIServer pid=3194721) INFO:     127.0.0.1:41996 - "POST /v1/completions HTTP/1.1" 200 OK
(APIServer pid=3194721) INFO:     127.0.0.1:41988 - "POST /v1/completions HTTP/1.1" 200 OK
(APIServer pid=3194721) INFO:     127.0.0.1:42008 - "POST /v1/completions HTTP/1.1" 200 OK
(APIServer pid=3194721) INFO:     127.0.0.1:42118 - "POST /v1/completions HTTP/1.1" 200 OK
(APIServer pid=3194721) INFO:     127.0.0.1:42144 - "POST /v1/completions HTTP/1.1" 200 OK
(APIServer pid=3194721) INFO:     127.0.0.1:42102 - "POST /v1/completions HTTP/1.1" 200 OK
(APIServer pid=3194721) INFO:     127.0.0.1:42092 - "POST /v1/completions HTTP/1.1" 200 OK
(APIServer pid=3194721) INFO:     127.0.0.1:42090 - "POST /v1/completions HTTP/1.1" 200 OK
(APIServer pid=3194721) INFO:     127.0.0.1:42086 - "POST /v1/completions HTTP/1.1" 200 OK
(APIServer pid=3194721) INFO:     127.0.0.1:42078 - "POST /v1/completions HTTP/1.1" 200 OK
(APIServer pid=3194721) INFO:     127.0.0.1:42068 - "POST /v1/completions HTTP/1.1" 200 OK
(APIServer pid=3194721) INFO:     127.0.0.1:42064 - "POST /v1/completions HTTP/1.1" 200 OK
(APIServer pid=3194721) INFO:     127.0.0.1:42060 - "POST /v1/completions HTTP/1.1" 200 OK
(APIServer pid=3194721) INFO:     127.0.0.1:42054 - "POST /v1/completions HTTP/1.1" 200 OK
(APIServer pid=3194721) INFO:     127.0.0.1:42040 - "POST /v1/completions HTTP/1.1" 200 OK
(APIServer pid=3194721) INFO:     127.0.0.1:42036 - "POST /v1/completions HTTP/1.1" 200 OK
(APIServer pid=3194721) INFO:     127.0.0.1:42156 - "POST /v1/completions HTTP/1.1" 200 OK
(APIServer pid=3194721) INFO:     127.0.0.1:42158 - "POST /v1/completions HTTP/1.1" 200 OK
(APIServer pid=3194721) INFO:     127.0.0.1:42132 - "POST /v1/completions HTTP/1.1" 200 OK
(APIServer pid=3194721) INFO:     127.0.0.1:42128 - "POST /v1/completions HTTP/1.1" 200 OK
(APIServer pid=3194721) INFO:     127.0.0.1:54574 - "POST /v1/completions HTTP/1.1" 200 OK
(APIServer pid=3194721) INFO:     127.0.0.1:41312 - "POST /v1/completions HTTP/1.1" 200 OK
(APIServer pid=3194721) INFO:     127.0.0.1:41314 - "POST /v1/completions HTTP/1.1" 200 OK
(APIServer pid=3194721) INFO:     127.0.0.1:41324 - "POST /v1/completions HTTP/1.1" 200 OK
(APIServer pid=3194721) INFO:     127.0.0.1:41340 - "POST /v1/completions HTTP/1.1" 200 OK
(APIServer pid=3194721) INFO:     127.0.0.1:41342 - "POST /v1/completions HTTP/1.1" 200 OK
(APIServer pid=3194721) INFO:     127.0.0.1:41350 - "POST /v1/completions HTTP/1.1" 200 OK
(APIServer pid=3194721) INFO:     127.0.0.1:41352 - "POST /v1/completions HTTP/1.1" 200 OK
(APIServer pid=3194721) INFO:     127.0.0.1:41356 - "POST /v1/completions HTTP/1.1" 200 OK
(APIServer pid=3194721) INFO:     127.0.0.1:41360 - "POST /v1/completions HTTP/1.1" 200 OK
(APIServer pid=3194721) INFO:     127.0.0.1:41374 - "POST /v1/completions HTTP/1.1" 200 OK
(APIServer pid=3194721) INFO:     127.0.0.1:41378 - "POST /v1/completions HTTP/1.1" 200 OK
(APIServer pid=3194721) INFO:     127.0.0.1:41388 - "POST /v1/completions HTTP/1.1" 200 OK
(APIServer pid=3194721) INFO:     127.0.0.1:41398 - "POST /v1/completions HTTP/1.1" 200 OK
(APIServer pid=3194721) INFO:     127.0.0.1:41400 - "POST /v1/completions HTTP/1.1" 200 OK
(APIServer pid=3194721) INFO:     127.0.0.1:41412 - "POST /v1/completions HTTP/1.1" 200 OK
(APIServer pid=3194721) INFO:     127.0.0.1:41418 - "POST /v1/completions HTTP/1.1" 200 OK
(APIServer pid=3194721) INFO:     127.0.0.1:41422 - "POST /v1/completions HTTP/1.1" 200 OK
(APIServer pid=3194721) INFO:     127.0.0.1:41434 - "POST /v1/completions HTTP/1.1" 200 OK
(APIServer pid=3194721) INFO:     127.0.0.1:41444 - "POST /v1/completions HTTP/1.1" 200 OK
(APIServer pid=3194721) INFO:     127.0.0.1:41460 - "POST /v1/completions HTTP/1.1" 200 OK
(APIServer pid=3194721) INFO:     127.0.0.1:41472 - "POST /v1/completions HTTP/1.1" 200 OK
(APIServer pid=3194721) INFO:     127.0.0.1:41476 - "POST /v1/completions HTTP/1.1" 200 OK
(APIServer pid=3194721) INFO:     127.0.0.1:41484 - "POST /v1/completions HTTP/1.1" 200 OK
(APIServer pid=3194721) INFO:     127.0.0.1:41496 - "POST /v1/completions HTTP/1.1" 200 OK
(APIServer pid=3194721) INFO:     127.0.0.1:41504 - "POST /v1/completions HTTP/1.1" 200 OK
(APIServer pid=3194721) INFO:     127.0.0.1:41520 - "POST /v1/completions HTTP/1.1" 200 OK
(APIServer pid=3194721) INFO:     127.0.0.1:41522 - "POST /v1/completions HTTP/1.1" 200 OK
(APIServer pid=3194721) INFO:     127.0.0.1:41530 - "POST /v1/completions HTTP/1.1" 200 OK
(APIServer pid=3194721) INFO:     127.0.0.1:41544 - "POST /v1/completions HTTP/1.1" 200 OK
(APIServer pid=3194721) INFO:     127.0.0.1:41556 - "POST /v1/completions HTTP/1.1" 200 OK
(APIServer pid=3194721) INFO:     127.0.0.1:41572 - "POST /v1/completions HTTP/1.1" 200 OK
(APIServer pid=3194721) INFO:     127.0.0.1:41578 - "POST /v1/completions HTTP/1.1" 200 OK
(APIServer pid=3194721) INFO:     127.0.0.1:41594 - "POST /v1/completions HTTP/1.1" 200 OK
(APIServer pid=3194721) INFO:     127.0.0.1:41598 - "POST /v1/completions HTTP/1.1" 200 OK
(APIServer pid=3194721) INFO:     127.0.0.1:41604 - "POST /v1/completions HTTP/1.1" 200 OK
(APIServer pid=3194721) INFO:     127.0.0.1:41614 - "POST /v1/completions HTTP/1.1" 200 OK
(APIServer pid=3194721) INFO:     127.0.0.1:41628 - "POST /v1/completions HTTP/1.1" 200 OK
(APIServer pid=3194721) INFO:     127.0.0.1:41644 - "POST /v1/completions HTTP/1.1" 200 OK
(APIServer pid=3194721) INFO:     127.0.0.1:41646 - "POST /v1/completions HTTP/1.1" 200 OK
(APIServer pid=3194721) INFO:     127.0.0.1:41658 - "POST /v1/completions HTTP/1.1" 200 OK
(APIServer pid=3194721) INFO:     127.0.0.1:41670 - "POST /v1/completions HTTP/1.1" 200 OK
(APIServer pid=3194721) INFO:     127.0.0.1:41672 - "POST /v1/completions HTTP/1.1" 200 OK
(APIServer pid=3194721) INFO:     127.0.0.1:41674 - "POST /v1/completions HTTP/1.1" 200 OK
(APIServer pid=3194721) INFO:     127.0.0.1:41682 - "POST /v1/completions HTTP/1.1" 200 OK
(APIServer pid=3194721) INFO:     127.0.0.1:41688 - "POST /v1/completions HTTP/1.1" 200 OK
(APIServer pid=3194721) INFO:     127.0.0.1:41702 - "POST /v1/completions HTTP/1.1" 200 OK
(APIServer pid=3194721) INFO:     127.0.0.1:41704 - "POST /v1/completions HTTP/1.1" 200 OK
(APIServer pid=3194721) INFO:     127.0.0.1:41712 - "POST /v1/completions HTTP/1.1" 200 OK
(APIServer pid=3194721) INFO:     127.0.0.1:41714 - "POST /v1/completions HTTP/1.1" 200 OK
(APIServer pid=3194721) INFO:     127.0.0.1:41724 - "POST /v1/completions HTTP/1.1" 200 OK
(APIServer pid=3194721) INFO:     127.0.0.1:41734 - "POST /v1/completions HTTP/1.1" 200 OK
(APIServer pid=3194721) INFO:     127.0.0.1:41748 - "POST /v1/completions HTTP/1.1" 200 OK
(APIServer pid=3194721) INFO:     127.0.0.1:41758 - "POST /v1/completions HTTP/1.1" 200 OK
(APIServer pid=3194721) INFO:     127.0.0.1:41760 - "POST /v1/completions HTTP/1.1" 200 OK
(APIServer pid=3194721) INFO:     127.0.0.1:41762 - "POST /v1/completions HTTP/1.1" 200 OK
(APIServer pid=3194721) INFO:     127.0.0.1:41770 - "POST /v1/completions HTTP/1.1" 200 OK
(APIServer pid=3194721) INFO:     127.0.0.1:41780 - "POST /v1/completions HTTP/1.1" 200 OK
(APIServer pid=3194721) INFO:     127.0.0.1:41788 - "POST /v1/completions HTTP/1.1" 200 OK
(APIServer pid=3194721) INFO:     127.0.0.1:41794 - "POST /v1/completions HTTP/1.1" 200 OK
(APIServer pid=3194721) INFO:     127.0.0.1:41798 - "POST /v1/completions HTTP/1.1" 200 OK
(APIServer pid=3194721) INFO:     127.0.0.1:41808 - "POST /v1/completions HTTP/1.1" 200 OK
(APIServer pid=3194721) INFO:     127.0.0.1:41814 - "POST /v1/completions HTTP/1.1" 200 OK
(APIServer pid=3194721) INFO:     127.0.0.1:41826 - "POST /v1/completions HTTP/1.1" 200 OK
(APIServer pid=3194721) INFO:     127.0.0.1:41842 - "POST /v1/completions HTTP/1.1" 200 OK
(APIServer pid=3194721) INFO:     127.0.0.1:41844 - "POST /v1/completions HTTP/1.1" 200 OK
(APIServer pid=3194721) INFO:     127.0.0.1:41858 - "POST /v1/completions HTTP/1.1" 200 OK
(APIServer pid=3194721) INFO:     127.0.0.1:41860 - "POST /v1/completions HTTP/1.1" 200 OK
(APIServer pid=3194721) INFO:     127.0.0.1:41876 - "POST /v1/completions HTTP/1.1" 200 OK
(APIServer pid=3194721) INFO:     127.0.0.1:41886 - "POST /v1/completions HTTP/1.1" 200 OK
(APIServer pid=3194721) INFO:     127.0.0.1:41892 - "POST /v1/completions HTTP/1.1" 200 OK
(APIServer pid=3194721) INFO:     127.0.0.1:41902 - "POST /v1/completions HTTP/1.1" 200 OK
(APIServer pid=3194721) INFO:     127.0.0.1:41916 - "POST /v1/completions HTTP/1.1" 200 OK
(APIServer pid=3194721) INFO:     127.0.0.1:41932 - "POST /v1/completions HTTP/1.1" 200 OK
(APIServer pid=3194721) INFO:     127.0.0.1:41942 - "POST /v1/completions HTTP/1.1" 200 OK
(APIServer pid=3194721) INFO:     127.0.0.1:41958 - "POST /v1/completions HTTP/1.1" 200 OK
(APIServer pid=3194721) INFO:     127.0.0.1:41968 - "POST /v1/completions HTTP/1.1" 200 OK
(APIServer pid=3194721) INFO:     127.0.0.1:41980 - "POST /v1/completions HTTP/1.1" 200 OK
(APIServer pid=3194721) INFO:     127.0.0.1:41994 - "POST /v1/completions HTTP/1.1" 200 OK
(APIServer pid=3194721) INFO:     127.0.0.1:41998 - "POST /v1/completions HTTP/1.1" 200 OK
(APIServer pid=3194721) INFO:     127.0.0.1:42000 - "POST /v1/completions HTTP/1.1" 200 OK
(APIServer pid=3194721) INFO:     127.0.0.1:42004 - "POST /v1/completions HTTP/1.1" 200 OK
(APIServer pid=3194721) INFO:     127.0.0.1:42018 - "POST /v1/completions HTTP/1.1" 200 OK
(APIServer pid=3194721) INFO:     127.0.0.1:42022 - "POST /v1/completions HTTP/1.1" 200 OK
(APIServer pid=3194721) INFO:     127.0.0.1:42028 - "POST /v1/completions HTTP/1.1" 200 OK
(APIServer pid=3194721) INFO:     127.0.0.1:42032 - "POST /v1/completions HTTP/1.1" 200 OK
(APIServer pid=3194721) INFO:     127.0.0.1:42042 - "POST /v1/completions HTTP/1.1" 200 OK
(APIServer pid=3194721) INFO:     127.0.0.1:42044 - "POST /v1/completions HTTP/1.1" 200 OK
(APIServer pid=3194721) INFO:     127.0.0.1:42056 - "POST /v1/completions HTTP/1.1" 200 OK
(APIServer pid=3194721) INFO:     127.0.0.1:42062 - "POST /v1/completions HTTP/1.1" 200 OK
(APIServer pid=3194721) INFO:     127.0.0.1:42072 - "POST /v1/completions HTTP/1.1" 200 OK
(APIServer pid=3194721) INFO:     127.0.0.1:42074 - "POST /v1/completions HTTP/1.1" 200 OK
(APIServer pid=3194721) INFO:     127.0.0.1:42082 - "POST /v1/completions HTTP/1.1" 200 OK
(APIServer pid=3194721) INFO:     127.0.0.1:42096 - "POST /v1/completions HTTP/1.1" 200 OK
(APIServer pid=3194721) INFO:     127.0.0.1:42100 - "POST /v1/completions HTTP/1.1" 200 OK
(APIServer pid=3194721) INFO:     127.0.0.1:42104 - "POST /v1/completions HTTP/1.1" 200 OK
(APIServer pid=3194721) INFO:     127.0.0.1:42110 - "POST /v1/completions HTTP/1.1" 200 OK
(APIServer pid=3194721) INFO:     127.0.0.1:42120 - "POST /v1/completions HTTP/1.1" 200 OK
(APIServer pid=3194721) INFO:     127.0.0.1:42124 - "POST /v1/completions HTTP/1.1" 200 OK
(APIServer pid=3194721) INFO:     127.0.0.1:42134 - "POST /v1/completions HTTP/1.1" 200 OK
(APIServer pid=3194721) INFO:     127.0.0.1:42136 - "POST /v1/completions HTTP/1.1" 200 OK
(APIServer pid=3194721) INFO:     127.0.0.1:42146 - "POST /v1/completions HTTP/1.1" 200 OK
(APIServer pid=3194721) INFO:     127.0.0.1:42160 - "POST /v1/completions HTTP/1.1" 200 OK
(APIServer pid=3194721) INFO:     127.0.0.1:42162 - "POST /v1/completions HTTP/1.1" 200 OK
(APIServer pid=3194721) INFO:     127.0.0.1:42168 - "POST /v1/completions HTTP/1.1" 200 OK
(APIServer pid=3194721) INFO:     127.0.0.1:42170 - "POST /v1/completions HTTP/1.1" 200 OK
(APIServer pid=3194721) INFO:     127.0.0.1:42180 - "POST /v1/completions HTTP/1.1" 200 OK
(APIServer pid=3194721) INFO:     127.0.0.1:42192 - "POST /v1/completions HTTP/1.1" 200 OK
(APIServer pid=3194721) INFO 07-08 11:03:10 [loggers.py:271] Engine 000: Avg prompt throughput: 231.9 tokens/s, Avg generation throughput: 6570.7 tokens/s, Running: 43 reqs, Waiting: 0 reqs, GPU KV cache usage: 0.3%, Prefix cache hit rate: 52.7%
(APIServer pid=3194721) INFO:     127.0.0.1:42202 - "POST /v1/completions HTTP/1.1" 200 OK
(APIServer pid=3194721) INFO:     127.0.0.1:42210 - "POST /v1/completions HTTP/1.1" 200 OK
(APIServer pid=3194721) INFO:     127.0.0.1:42216 - "POST /v1/completions HTTP/1.1" 200 OK
(APIServer pid=3194721) INFO:     127.0.0.1:42220 - "POST /v1/completions HTTP/1.1" 200 OK
(APIServer pid=3194721) INFO:     127.0.0.1:42234 - "POST /v1/completions HTTP/1.1" 200 OK
(APIServer pid=3194721) INFO:     127.0.0.1:42250 - "POST /v1/completions HTTP/1.1" 200 OK
(APIServer pid=3194721) INFO:     127.0.0.1:42262 - "POST /v1/completions HTTP/1.1" 200 OK
(APIServer pid=3194721) INFO:     127.0.0.1:42278 - "POST /v1/completions HTTP/1.1" 200 OK
(APIServer pid=3194721) INFO:     127.0.0.1:42292 - "POST /v1/completions HTTP/1.1" 200 OK
(APIServer pid=3194721) INFO:     127.0.0.1:42300 - "POST /v1/completions HTTP/1.1" 200 OK
(APIServer pid=3194721) INFO:     127.0.0.1:42308 - "POST /v1/completions HTTP/1.1" 200 OK
(APIServer pid=3194721) INFO:     127.0.0.1:42310 - "POST /v1/completions HTTP/1.1" 200 OK
(APIServer pid=3194721) INFO:     127.0.0.1:42312 - "POST /v1/completions HTTP/1.1" 200 OK
(APIServer pid=3194721) INFO:     127.0.0.1:42316 - "POST /v1/completions HTTP/1.1" 200 OK
(APIServer pid=3194721) INFO:     127.0.0.1:42332 - "POST /v1/completions HTTP/1.1" 200 OK
(APIServer pid=3194721) INFO:     127.0.0.1:42348 - "POST /v1/completions HTTP/1.1" 200 OK
(APIServer pid=3194721) INFO:     127.0.0.1:42350 - "POST /v1/completions HTTP/1.1" 200 OK
(APIServer pid=3194721) INFO:     127.0.0.1:42366 - "POST /v1/completions HTTP/1.1" 200 OK
(APIServer pid=3194721) INFO:     127.0.0.1:42382 - "POST /v1/completions HTTP/1.1" 200 OK
(APIServer pid=3194721) INFO:     127.0.0.1:42396 - "POST /v1/completions HTTP/1.1" 200 OK
(APIServer pid=3194721) INFO:     127.0.0.1:42402 - "POST /v1/completions HTTP/1.1" 200 OK
(APIServer pid=3194721) INFO:     127.0.0.1:42412 - "POST /v1/completions HTTP/1.1" 200 OK
(APIServer pid=3194721) INFO:     127.0.0.1:42426 - "POST /v1/completions HTTP/1.1" 200 OK
(APIServer pid=3194721) INFO:     127.0.0.1:42440 - "POST /v1/completions HTTP/1.1" 200 OK
(APIServer pid=3194721) INFO:     127.0.0.1:42450 - "POST /v1/completions HTTP/1.1" 200 OK
(APIServer pid=3194721) INFO:     127.0.0.1:42460 - "POST /v1/completions HTTP/1.1" 200 OK
(APIServer pid=3194721) INFO:     127.0.0.1:42466 - "POST /v1/completions HTTP/1.1" 200 OK
(APIServer pid=3194721) INFO:     127.0.0.1:42480 - "POST /v1/completions HTTP/1.1" 200 OK
(APIServer pid=3194721) INFO:     127.0.0.1:42496 - "POST /v1/completions HTTP/1.1" 200 OK
(APIServer pid=3194721) INFO:     127.0.0.1:42508 - "POST /v1/completions HTTP/1.1" 200 OK
(APIServer pid=3194721) INFO:     127.0.0.1:42514 - "POST /v1/completions HTTP/1.1" 200 OK
(APIServer pid=3194721) INFO:     127.0.0.1:42528 - "POST /v1/completions HTTP/1.1" 200 OK
(APIServer pid=3194721) INFO:     127.0.0.1:42542 - "POST /v1/completions HTTP/1.1" 200 OK
(APIServer pid=3194721) INFO:     127.0.0.1:42546 - "POST /v1/completions HTTP/1.1" 200 OK
(APIServer pid=3194721) INFO:     127.0.0.1:42548 - "POST /v1/completions HTTP/1.1" 200 OK
(APIServer pid=3194721) INFO:     127.0.0.1:42550 - "POST /v1/completions HTTP/1.1" 200 OK
(APIServer pid=3194721) INFO:     127.0.0.1:42558 - "POST /v1/completions HTTP/1.1" 200 OK
(APIServer pid=3194721) INFO:     127.0.0.1:42562 - "POST /v1/completions HTTP/1.1" 200 OK
(APIServer pid=3194721) INFO:     127.0.0.1:42568 - "POST /v1/completions HTTP/1.1" 200 OK
(APIServer pid=3194721) INFO:     127.0.0.1:42578 - "POST /v1/completions HTTP/1.1" 200 OK
(APIServer pid=3194721) INFO:     127.0.0.1:42584 - "POST /v1/completions HTTP/1.1" 200 OK
(APIServer pid=3194721) INFO:     127.0.0.1:42600 - "POST /v1/completions HTTP/1.1" 200 OK
(APIServer pid=3194721) INFO:     127.0.0.1:42606 - "POST /v1/completions HTTP/1.1" 200 OK
(APIServer pid=3194721) INFO:     127.0.0.1:42618 - "POST /v1/completions HTTP/1.1" 200 OK
(APIServer pid=3194721) INFO:     127.0.0.1:42628 - "POST /v1/completions HTTP/1.1" 200 OK
(APIServer pid=3194721) INFO:     127.0.0.1:42636 - "POST /v1/completions HTTP/1.1" 200 OK
(APIServer pid=3194721) INFO:     127.0.0.1:42648 - "POST /v1/completions HTTP/1.1" 200 OK
(APIServer pid=3194721) INFO:     127.0.0.1:42662 - "POST /v1/completions HTTP/1.1" 200 OK
(APIServer pid=3194721) INFO:     127.0.0.1:42666 - "POST /v1/completions HTTP/1.1" 200 OK
(APIServer pid=3194721) INFO:     127.0.0.1:42680 - "POST /v1/completions HTTP/1.1" 200 OK
(APIServer pid=3194721) INFO:     127.0.0.1:42694 - "POST /v1/completions HTTP/1.1" 200 OK
(APIServer pid=3194721) INFO:     127.0.0.1:42702 - "POST /v1/completions HTTP/1.1" 200 OK
(APIServer pid=3194721) INFO:     127.0.0.1:42708 - "POST /v1/completions HTTP/1.1" 200 OK
(APIServer pid=3194721) INFO:     127.0.0.1:42716 - "POST /v1/completions HTTP/1.1" 200 OK
(APIServer pid=3194721) INFO:     127.0.0.1:42722 - "POST /v1/completions HTTP/1.1" 200 OK
(APIServer pid=3194721) INFO:     127.0.0.1:42726 - "POST /v1/completions HTTP/1.1" 200 OK
(APIServer pid=3194721) INFO:     127.0.0.1:42734 - "POST /v1/completions HTTP/1.1" 200 OK
(APIServer pid=3194721) INFO:     127.0.0.1:42750 - "POST /v1/completions HTTP/1.1" 200 OK
(APIServer pid=3194721) INFO:     127.0.0.1:42756 - "POST /v1/completions HTTP/1.1" 200 OK
(APIServer pid=3194721) INFO:     127.0.0.1:42770 - "POST /v1/completions HTTP/1.1" 200 OK
(APIServer pid=3194721) INFO:     127.0.0.1:42782 - "POST /v1/completions HTTP/1.1" 200 OK
(APIServer pid=3194721) INFO:     127.0.0.1:42790 - "POST /v1/completions HTTP/1.1" 200 OK
(APIServer pid=3194721) INFO:     127.0.0.1:42794 - "POST /v1/completions HTTP/1.1" 200 OK
(APIServer pid=3194721) INFO:     127.0.0.1:42798 - "POST /v1/completions HTTP/1.1" 200 OK
(APIServer pid=3194721) INFO:     127.0.0.1:42806 - "POST /v1/completions HTTP/1.1" 200 OK
(APIServer pid=3194721) INFO:     127.0.0.1:42818 - "POST /v1/completions HTTP/1.1" 200 OK
(APIServer pid=3194721) INFO:     127.0.0.1:42828 - "POST /v1/completions HTTP/1.1" 200 OK
(APIServer pid=3194721) INFO:     127.0.0.1:42830 - "POST /v1/completions HTTP/1.1" 200 OK
(APIServer pid=3194721) INFO:     127.0.0.1:42840 - "POST /v1/completions HTTP/1.1" 200 OK
(APIServer pid=3194721) INFO:     127.0.0.1:42842 - "POST /v1/completions HTTP/1.1" 200 OK
(APIServer pid=3194721) INFO:     127.0.0.1:42856 - "POST /v1/completions HTTP/1.1" 200 OK
(APIServer pid=3194721) INFO:     127.0.0.1:42860 - "POST /v1/completions HTTP/1.1" 200 OK
(APIServer pid=3194721) INFO:     127.0.0.1:42864 - "POST /v1/completions HTTP/1.1" 200 OK
(APIServer pid=3194721) INFO:     127.0.0.1:42872 - "POST /v1/completions HTTP/1.1" 200 OK
(APIServer pid=3194721) INFO:     127.0.0.1:42882 - "POST /v1/completions HTTP/1.1" 200 OK
(APIServer pid=3194721) INFO:     127.0.0.1:42894 - "POST /v1/completions HTTP/1.1" 200 OK
(APIServer pid=3194721) INFO:     127.0.0.1:42910 - "POST /v1/completions HTTP/1.1" 200 OK
(APIServer pid=3194721) INFO:     127.0.0.1:42914 - "POST /v1/completions HTTP/1.1" 200 OK
(APIServer pid=3194721) INFO:     127.0.0.1:42930 - "POST /v1/completions HTTP/1.1" 200 OK
(APIServer pid=3194721) INFO:     127.0.0.1:42946 - "POST /v1/completions HTTP/1.1" 200 OK
(APIServer pid=3194721) INFO:     127.0.0.1:42958 - "POST /v1/completions HTTP/1.1" 200 OK
(APIServer pid=3194721) INFO:     127.0.0.1:42972 - "POST /v1/completions HTTP/1.1" 200 OK
(APIServer pid=3194721) INFO:     127.0.0.1:42974 - "POST /v1/completions HTTP/1.1" 200 OK
(APIServer pid=3194721) INFO:     127.0.0.1:42976 - "POST /v1/completions HTTP/1.1" 200 OK
(APIServer pid=3194721) INFO:     127.0.0.1:42980 - "POST /v1/completions HTTP/1.1" 200 OK
(APIServer pid=3194721) INFO 07-08 11:03:20 [loggers.py:271] Engine 000: Avg prompt throughput: 3123.4 tokens/s, Avg generation throughput: 17572.7 tokens/s, Running: 256 reqs, Waiting: 0 reqs, GPU KV cache usage: 10.7%, Prefix cache hit rate: 18.0%
(APIServer pid=3194721) INFO:     127.0.0.1:41636 - "POST /v1/completions HTTP/1.1" 200 OK
(APIServer pid=3194721) INFO:     127.0.0.1:41626 - "POST /v1/completions HTTP/1.1" 200 OK
(APIServer pid=3194721) INFO:     127.0.0.1:41624 - "POST /v1/completions HTTP/1.1" 200 OK
(APIServer pid=3194721) INFO:     127.0.0.1:41660 - "POST /v1/completions HTTP/1.1" 200 OK
(APIServer pid=3194721) INFO:     127.0.0.1:41638 - "POST /v1/completions HTTP/1.1" 200 OK
(APIServer pid=3194721) INFO:     127.0.0.1:41640 - "POST /v1/completions HTTP/1.1" 200 OK
(APIServer pid=3194721) INFO:     127.0.0.1:41676 - "POST /v1/completions HTTP/1.1" 200 OK
(APIServer pid=3194721) INFO:     127.0.0.1:41622 - "POST /v1/completions HTTP/1.1" 200 OK
(APIServer pid=3194721) INFO:     127.0.0.1:41686 - "POST /v1/completions HTTP/1.1" 200 OK
(APIServer pid=3194721) INFO:     127.0.0.1:41642 - "POST /v1/completions HTTP/1.1" 200 OK
(APIServer pid=3194721) INFO:     127.0.0.1:41656 - "POST /v1/completions HTTP/1.1" 200 OK
(APIServer pid=3194721) INFO:     127.0.0.1:41862 - "POST /v1/completions HTTP/1.1" 200 OK
(APIServer pid=3194721) INFO:     127.0.0.1:42024 - "POST /v1/completions HTTP/1.1" 200 OK
(APIServer pid=3194721) INFO:     127.0.0.1:41964 - "POST /v1/completions HTTP/1.1" 200 OK
(APIServer pid=3194721) INFO:     127.0.0.1:41836 - "POST /v1/completions HTTP/1.1" 200 OK
(APIServer pid=3194721) INFO:     127.0.0.1:41910 - "POST /v1/completions HTTP/1.1" 200 OK
(APIServer pid=3194721) INFO:     127.0.0.1:41804 - "POST /v1/completions HTTP/1.1" 200 OK
(APIServer pid=3194721) INFO:     127.0.0.1:41776 - "POST /v1/completions HTTP/1.1" 200 OK
(APIServer pid=3194721) INFO:     127.0.0.1:41726 - "POST /v1/completions HTTP/1.1" 200 OK
(APIServer pid=3194721) INFO:     127.0.0.1:41872 - "POST /v1/completions HTTP/1.1" 200 OK
(APIServer pid=3194721) INFO:     127.0.0.1:41976 - "POST /v1/completions HTTP/1.1" 200 OK
(APIServer pid=3194721) INFO:     127.0.0.1:41838 - "POST /v1/completions HTTP/1.1" 200 OK
(APIServer pid=3194721) INFO:     127.0.0.1:41918 - "POST /v1/completions HTTP/1.1" 200 OK
(APIServer pid=3194721) INFO:     127.0.0.1:41806 - "POST /v1/completions HTTP/1.1" 200 OK
(APIServer pid=3194721) INFO:     127.0.0.1:41742 - "POST /v1/completions HTTP/1.1" 200 OK
(APIServer pid=3194721) INFO:     127.0.0.1:41874 - "POST /v1/completions HTTP/1.1" 200 OK
(APIServer pid=3194721) INFO:     127.0.0.1:42010 - "POST /v1/completions HTTP/1.1" 200 OK
(APIServer pid=3194721) INFO:     127.0.0.1:41978 - "POST /v1/completions HTTP/1.1" 200 OK
(APIServer pid=3194721) INFO:     127.0.0.1:41934 - "POST /v1/completions HTTP/1.1" 200 OK
(APIServer pid=3194721) INFO:     127.0.0.1:41812 - "POST /v1/completions HTTP/1.1" 200 OK
(APIServer pid=3194721) INFO:     127.0.0.1:41786 - "POST /v1/completions HTTP/1.1" 200 OK
(APIServer pid=3194721) INFO:     127.0.0.1:41756 - "POST /v1/completions HTTP/1.1" 200 OK
(APIServer pid=3194721) INFO:     127.0.0.1:41700 - "POST /v1/completions HTTP/1.1" 200 OK
(APIServer pid=3194721) INFO:     127.0.0.1:41846 - "POST /v1/completions HTTP/1.1" 200 OK
(APIServer pid=3194721) INFO:     127.0.0.1:42016 - "POST /v1/completions HTTP/1.1" 200 OK
(APIServer pid=3194721) INFO:     127.0.0.1:41948 - "POST /v1/completions HTTP/1.1" 200 OK
(APIServer pid=3194721) INFO:     127.0.0.1:41828 - "POST /v1/completions HTTP/1.1" 200 OK
(APIServer pid=3194721) INFO:     127.0.0.1:41894 - "POST /v1/completions HTTP/1.1" 200 OK
(APIServer pid=3194721) INFO:     127.0.0.1:41800 - "POST /v1/completions HTTP/1.1" 200 OK
(APIServer pid=3194721) INFO:     127.0.0.1:41840 - "POST /v1/completions HTTP/1.1" 200 OK
(APIServer pid=3194721) INFO:     127.0.0.1:41764 - "POST /v1/completions HTTP/1.1" 200 OK
(APIServer pid=3194721) INFO:     127.0.0.1:41710 - "POST /v1/completions HTTP/1.1" 200 OK
(APIServer pid=3194721) INFO:     127.0.0.1:42086 - "POST /v1/completions HTTP/1.1" 200 OK
(APIServer pid=3194721) INFO:     127.0.0.1:42060 - "POST /v1/completions HTTP/1.1" 200 OK
(APIServer pid=3194721) INFO:     127.0.0.1:54574 - "POST /v1/completions HTTP/1.1" 200 OK
(APIServer pid=3194721) INFO:     127.0.0.1:42144 - "POST /v1/completions HTTP/1.1" 200 OK
(APIServer pid=3194721) INFO:     127.0.0.1:41996 - "POST /v1/completions HTTP/1.1" 200 OK
(APIServer pid=3194721) INFO:     127.0.0.1:42128 - "POST /v1/completions HTTP/1.1" 200 OK
(APIServer pid=3194721) INFO:     127.0.0.1:42008 - "POST /v1/completions HTTP/1.1" 200 OK
(APIServer pid=3194721) INFO:     127.0.0.1:42156 - "POST /v1/completions HTTP/1.1" 200 OK
(APIServer pid=3194721) INFO:     127.0.0.1:42090 - "POST /v1/completions HTTP/1.1" 200 OK
(APIServer pid=3194721) INFO:     127.0.0.1:42064 - "POST /v1/completions HTTP/1.1" 200 OK
(APIServer pid=3194721) INFO:     127.0.0.1:42036 - "POST /v1/completions HTTP/1.1" 200 OK
(APIServer pid=3194721) INFO:     127.0.0.1:42132 - "POST /v1/completions HTTP/1.1" 200 OK
(APIServer pid=3194721) INFO:     127.0.0.1:42158 - "POST /v1/completions HTTP/1.1" 200 OK
(APIServer pid=3194721) INFO:     127.0.0.1:42092 - "POST /v1/completions HTTP/1.1" 200 OK
(APIServer pid=3194721) INFO:     127.0.0.1:41360 - "POST /v1/completions HTTP/1.1" 200 OK
(APIServer pid=3194721) INFO:     127.0.0.1:42068 - "POST /v1/completions HTTP/1.1" 200 OK
(APIServer pid=3194721) INFO:     127.0.0.1:42040 - "POST /v1/completions HTTP/1.1" 200 OK
(APIServer pid=3194721) INFO:     127.0.0.1:41312 - "POST /v1/completions HTTP/1.1" 200 OK
(APIServer pid=3194721) INFO:     127.0.0.1:41342 - "POST /v1/completions HTTP/1.1" 200 OK
(APIServer pid=3194721) INFO:     127.0.0.1:41878 - "POST /v1/completions HTTP/1.1" 200 OK
(APIServer pid=3194721) INFO:     127.0.0.1:41324 - "POST /v1/completions HTTP/1.1" 200 OK
(APIServer pid=3194721) INFO:     127.0.0.1:41356 - "POST /v1/completions HTTP/1.1" 200 OK
(APIServer pid=3194721) INFO:     127.0.0.1:42102 - "POST /v1/completions HTTP/1.1" 200 OK
(APIServer pid=3194721) INFO:     127.0.0.1:42078 - "POST /v1/completions HTTP/1.1" 200 OK
(APIServer pid=3194721) INFO:     127.0.0.1:42054 - "POST /v1/completions HTTP/1.1" 200 OK
(APIServer pid=3194721) INFO:     127.0.0.1:41374 - "POST /v1/completions HTTP/1.1" 200 OK
(APIServer pid=3194721) INFO:     127.0.0.1:41350 - "POST /v1/completions HTTP/1.1" 200 OK
(APIServer pid=3194721) INFO:     127.0.0.1:41314 - "POST /v1/completions HTTP/1.1" 200 OK
(APIServer pid=3194721) INFO:     127.0.0.1:41352 - "POST /v1/completions HTTP/1.1" 200 OK
(APIServer pid=3194721) INFO:     127.0.0.1:41988 - "POST /v1/completions HTTP/1.1" 200 OK
(APIServer pid=3194721) INFO:     127.0.0.1:41340 - "POST /v1/completions HTTP/1.1" 200 OK
(APIServer pid=3194721) INFO:     127.0.0.1:42118 - "POST /v1/completions HTTP/1.1" 200 OK
(APIServer pid=3194721) INFO:     127.0.0.1:41378 - "POST /v1/completions HTTP/1.1" 200 OK
(APIServer pid=3194721) INFO:     127.0.0.1:41646 - "POST /v1/completions HTTP/1.1" 200 OK
(APIServer pid=3194721) INFO:     127.0.0.1:41604 - "POST /v1/completions HTTP/1.1" 200 OK
(APIServer pid=3194721) INFO:     127.0.0.1:41398 - "POST /v1/completions HTTP/1.1" 200 OK
(APIServer pid=3194721) INFO:     127.0.0.1:41434 - "POST /v1/completions HTTP/1.1" 200 OK
(APIServer pid=3194721) INFO:     127.0.0.1:41670 - "POST /v1/completions HTTP/1.1" 200 OK
(APIServer pid=3194721) INFO:     127.0.0.1:41412 - "POST /v1/completions HTTP/1.1" 200 OK
(APIServer pid=3194721) INFO:     127.0.0.1:41520 - "POST /v1/completions HTTP/1.1" 200 OK
(APIServer pid=3194721) INFO:     127.0.0.1:41598 - "POST /v1/completions HTTP/1.1" 200 OK
(APIServer pid=3194721) INFO:     127.0.0.1:41556 - "POST /v1/completions HTTP/1.1" 200 OK
(APIServer pid=3194721) INFO:     127.0.0.1:41484 - "POST /v1/completions HTTP/1.1" 200 OK
(APIServer pid=3194721) INFO:     127.0.0.1:41658 - "POST /v1/completions HTTP/1.1" 200 OK
(APIServer pid=3194721) INFO:     127.0.0.1:41496 - "POST /v1/completions HTTP/1.1" 200 OK
(APIServer pid=3194721) INFO:     127.0.0.1:41614 - "POST /v1/completions HTTP/1.1" 200 OK
(APIServer pid=3194721) INFO:     127.0.0.1:41472 - "POST /v1/completions HTTP/1.1" 200 OK
(APIServer pid=3194721) INFO:     127.0.0.1:41400 - "POST /v1/completions HTTP/1.1" 200 OK
(APIServer pid=3194721) INFO:     127.0.0.1:41444 - "POST /v1/completions HTTP/1.1" 200 OK
(APIServer pid=3194721) INFO:     127.0.0.1:41672 - "POST /v1/completions HTTP/1.1" 200 OK
(APIServer pid=3194721) INFO:     127.0.0.1:41418 - "POST /v1/completions HTTP/1.1" 200 OK
(APIServer pid=3194721) INFO:     127.0.0.1:41522 - "POST /v1/completions HTTP/1.1" 200 OK
(APIServer pid=3194721) INFO:     127.0.0.1:41572 - "POST /v1/completions HTTP/1.1" 200 OK
(APIServer pid=3194721) INFO:     127.0.0.1:41628 - "POST /v1/completions HTTP/1.1" 200 OK
(APIServer pid=3194721) INFO:     127.0.0.1:41476 - "POST /v1/completions HTTP/1.1" 200 OK
(APIServer pid=3194721) INFO:     127.0.0.1:41460 - "POST /v1/completions HTTP/1.1" 200 OK
(APIServer pid=3194721) INFO:     127.0.0.1:41530 - "POST /v1/completions HTTP/1.1" 200 OK
(APIServer pid=3194721) INFO:     127.0.0.1:41578 - "POST /v1/completions HTTP/1.1" 200 OK
(APIServer pid=3194721) INFO:     127.0.0.1:41644 - "POST /v1/completions HTTP/1.1" 200 OK
(APIServer pid=3194721) INFO:     127.0.0.1:41388 - "POST /v1/completions HTTP/1.1" 200 OK
(APIServer pid=3194721) INFO:     127.0.0.1:41422 - "POST /v1/completions HTTP/1.1" 200 OK
(APIServer pid=3194721) INFO:     127.0.0.1:41544 - "POST /v1/completions HTTP/1.1" 200 OK
(APIServer pid=3194721) INFO:     127.0.0.1:41504 - "POST /v1/completions HTTP/1.1" 200 OK
(APIServer pid=3194721) INFO:     127.0.0.1:41594 - "POST /v1/completions HTTP/1.1" 200 OK
(APIServer pid=3194721) INFO:     127.0.0.1:41748 - "POST /v1/completions HTTP/1.1" 200 OK
(APIServer pid=3194721) INFO:     127.0.0.1:41794 - "POST /v1/completions HTTP/1.1" 200 OK
(APIServer pid=3194721) INFO:     127.0.0.1:41712 - "POST /v1/completions HTTP/1.1" 200 OK
(APIServer pid=3194721) INFO:     127.0.0.1:41762 - "POST /v1/completions HTTP/1.1" 200 OK
(APIServer pid=3194721) INFO:     127.0.0.1:41826 - "POST /v1/completions HTTP/1.1" 200 OK
(APIServer pid=3194721) INFO:     127.0.0.1:41688 - "POST /v1/completions HTTP/1.1" 200 OK
(APIServer pid=3194721) INFO:     127.0.0.1:41932 - "POST /v1/completions HTTP/1.1" 200 OK
(APIServer pid=3194721) INFO:     127.0.0.1:41886 - "POST /v1/completions HTTP/1.1" 200 OK
(APIServer pid=3194721) INFO:     127.0.0.1:41714 - "POST /v1/completions HTTP/1.1" 200 OK
(APIServer pid=3194721) INFO:     127.0.0.1:41770 - "POST /v1/completions HTTP/1.1" 200 OK
(APIServer pid=3194721) INFO:     127.0.0.1:41842 - "POST /v1/completions HTTP/1.1" 200 OK
(APIServer pid=3194721) INFO:     127.0.0.1:41798 - "POST /v1/completions HTTP/1.1" 200 OK
(APIServer pid=3194721) INFO:     127.0.0.1:41702 - "POST /v1/completions HTTP/1.1" 200 OK
(APIServer pid=3194721) INFO:     127.0.0.1:41892 - "POST /v1/completions HTTP/1.1" 200 OK
(APIServer pid=3194721) INFO:     127.0.0.1:41724 - "POST /v1/completions HTTP/1.1" 200 OK
(APIServer pid=3194721) INFO:     127.0.0.1:41780 - "POST /v1/completions HTTP/1.1" 200 OK
(APIServer pid=3194721) INFO:     127.0.0.1:41758 - "POST /v1/completions HTTP/1.1" 200 OK
(APIServer pid=3194721) INFO:     127.0.0.1:41844 - "POST /v1/completions HTTP/1.1" 200 OK
(APIServer pid=3194721) INFO:     127.0.0.1:41808 - "POST /v1/completions HTTP/1.1" 200 OK
(APIServer pid=3194721) INFO:     127.0.0.1:41674 - "POST /v1/completions HTTP/1.1" 200 OK
(APIServer pid=3194721) INFO:     127.0.0.1:41902 - "POST /v1/completions HTTP/1.1" 200 OK
(APIServer pid=3194721) INFO:     127.0.0.1:41860 - "POST /v1/completions HTTP/1.1" 200 OK
(APIServer pid=3194721) INFO:     127.0.0.1:41734 - "POST /v1/completions HTTP/1.1" 200 OK
(APIServer pid=3194721) INFO:     127.0.0.1:41788 - "POST /v1/completions HTTP/1.1" 200 OK
(APIServer pid=3194721) INFO:     127.0.0.1:41704 - "POST /v1/completions HTTP/1.1" 200 OK
(APIServer pid=3194721) INFO:     127.0.0.1:41760 - "POST /v1/completions HTTP/1.1" 200 OK
(APIServer pid=3194721) INFO:     127.0.0.1:41858 - "POST /v1/completions HTTP/1.1" 200 OK
(APIServer pid=3194721) INFO:     127.0.0.1:41814 - "POST /v1/completions HTTP/1.1" 200 OK
(APIServer pid=3194721) INFO:     127.0.0.1:41682 - "POST /v1/completions HTTP/1.1" 200 OK
(APIServer pid=3194721) INFO:     127.0.0.1:41916 - "POST /v1/completions HTTP/1.1" 200 OK
(APIServer pid=3194721) INFO:     127.0.0.1:41876 - "POST /v1/completions HTTP/1.1" 200 OK
(APIServer pid=3194721) INFO:     127.0.0.1:42056 - "POST /v1/completions HTTP/1.1" 200 OK
(APIServer pid=3194721) INFO:     127.0.0.1:42028 - "POST /v1/completions HTTP/1.1" 200 OK
(APIServer pid=3194721) INFO:     127.0.0.1:42134 - "POST /v1/completions HTTP/1.1" 200 OK
(APIServer pid=3194721) INFO:     127.0.0.1:42300 - "POST /v1/completions HTTP/1.1" 200 OK
(APIServer pid=3194721) INFO:     127.0.0.1:42210 - "POST /v1/completions HTTP/1.1" 200 OK
(APIServer pid=3194721) INFO:     127.0.0.1:42480 - "POST /v1/completions HTTP/1.1" 200 OK
(APIServer pid=3194721) INFO:     127.0.0.1:42278 - "POST /v1/completions HTTP/1.1" 200 OK
(APIServer pid=3194721) INFO:     127.0.0.1:42168 - "POST /v1/completions HTTP/1.1" 200 OK
(APIServer pid=3194721) INFO:     127.0.0.1:42018 - "POST /v1/completions HTTP/1.1" 200 OK
(APIServer pid=3194721) INFO:     127.0.0.1:42450 - "POST /v1/completions HTTP/1.1" 200 OK
(APIServer pid=3194721) INFO:     127.0.0.1:41994 - "POST /v1/completions HTTP/1.1" 200 OK
(APIServer pid=3194721) INFO:     127.0.0.1:42062 - "POST /v1/completions HTTP/1.1" 200 OK
(APIServer pid=3194721) INFO:     127.0.0.1:42032 - "POST /v1/completions HTTP/1.1" 200 OK
(APIServer pid=3194721) INFO:     127.0.0.1:42426 - "POST /v1/completions HTTP/1.1" 200 OK
(APIServer pid=3194721) INFO:     127.0.0.1:42292 - "POST /v1/completions HTTP/1.1" 200 OK
(APIServer pid=3194721) INFO:     127.0.0.1:42216 - "POST /v1/completions HTTP/1.1" 200 OK
(APIServer pid=3194721) INFO:     127.0.0.1:42466 - "POST /v1/completions HTTP/1.1" 200 OK
(APIServer pid=3194721) INFO:     127.0.0.1:42124 - "POST /v1/completions HTTP/1.1" 200 OK
(APIServer pid=3194721) INFO:     127.0.0.1:42316 - "POST /v1/completions HTTP/1.1" 200 OK
(APIServer pid=3194721) INFO:     127.0.0.1:42262 - "POST /v1/completions HTTP/1.1" 200 OK
(APIServer pid=3194721) INFO:     127.0.0.1:42308 - "POST /v1/completions HTTP/1.1" 200 OK
(APIServer pid=3194721) INFO:     127.0.0.1:41942 - "POST /v1/completions HTTP/1.1" 200 OK
(APIServer pid=3194721) INFO:     127.0.0.1:42192 - "POST /v1/completions HTTP/1.1" 200 OK
(APIServer pid=3194721) INFO:     127.0.0.1:41998 - "POST /v1/completions HTTP/1.1" 200 OK
(APIServer pid=3194721) INFO:     127.0.0.1:41958 - "POST /v1/completions HTTP/1.1" 200 OK
(APIServer pid=3194721) INFO:     127.0.0.1:42072 - "POST /v1/completions HTTP/1.1" 200 OK
(APIServer pid=3194721) INFO:     127.0.0.1:42460 - "POST /v1/completions HTTP/1.1" 200 OK
(APIServer pid=3194721) INFO:     127.0.0.1:42042 - "POST /v1/completions HTTP/1.1" 200 OK
(APIServer pid=3194721) INFO:     127.0.0.1:42120 - "POST /v1/completions HTTP/1.1" 200 OK
(APIServer pid=3194721) INFO:     127.0.0.1:42082 - "POST /v1/completions HTTP/1.1" 200 OK
(APIServer pid=3194721) INFO:     127.0.0.1:42350 - "POST /v1/completions HTTP/1.1" 200 OK
(APIServer pid=3194721) INFO:     127.0.0.1:42170 - "POST /v1/completions HTTP/1.1" 200 OK
(APIServer pid=3194721) INFO:     127.0.0.1:42110 - "POST /v1/completions HTTP/1.1" 200 OK
(APIServer pid=3194721) INFO:     127.0.0.1:42310 - "POST /v1/completions HTTP/1.1" 200 OK
(APIServer pid=3194721) INFO:     127.0.0.1:42366 - "POST /v1/completions HTTP/1.1" 200 OK
(APIServer pid=3194721) INFO:     127.0.0.1:42136 - "POST /v1/completions HTTP/1.1" 200 OK
(APIServer pid=3194721) INFO:     127.0.0.1:42234 - "POST /v1/completions HTTP/1.1" 200 OK
(APIServer pid=3194721) INFO:     127.0.0.1:42162 - "POST /v1/completions HTTP/1.1" 200 OK
(APIServer pid=3194721) INFO:     127.0.0.1:42202 - "POST /v1/completions HTTP/1.1" 200 OK
(APIServer pid=3194721) INFO:     127.0.0.1:42348 - "POST /v1/completions HTTP/1.1" 200 OK
(APIServer pid=3194721) INFO:     127.0.0.1:42000 - "POST /v1/completions HTTP/1.1" 200 OK
(APIServer pid=3194721) INFO:     127.0.0.1:42096 - "POST /v1/completions HTTP/1.1" 200 OK
(APIServer pid=3194721) INFO:     127.0.0.1:41968 - "POST /v1/completions HTTP/1.1" 200 OK
(APIServer pid=3194721) INFO:     127.0.0.1:42074 - "POST /v1/completions HTTP/1.1" 200 OK
(APIServer pid=3194721) INFO:     127.0.0.1:42044 - "POST /v1/completions HTTP/1.1" 200 OK
(APIServer pid=3194721) INFO:     127.0.0.1:42022 - "POST /v1/completions HTTP/1.1" 200 OK
(APIServer pid=3194721) INFO:     127.0.0.1:42220 - "POST /v1/completions HTTP/1.1" 200 OK
(APIServer pid=3194721) INFO:     127.0.0.1:42412 - "POST /v1/completions HTTP/1.1" 200 OK
(APIServer pid=3194721) INFO:     127.0.0.1:42440 - "POST /v1/completions HTTP/1.1" 200 OK
(APIServer pid=3194721) INFO:     127.0.0.1:42312 - "POST /v1/completions HTTP/1.1" 200 OK
(APIServer pid=3194721) INFO:     127.0.0.1:42160 - "POST /v1/completions HTTP/1.1" 200 OK
(APIServer pid=3194721) INFO:     127.0.0.1:42402 - "POST /v1/completions HTTP/1.1" 200 OK
(APIServer pid=3194721) INFO:     127.0.0.1:42396 - "POST /v1/completions HTTP/1.1" 200 OK
(APIServer pid=3194721) INFO:     127.0.0.1:42180 - "POST /v1/completions HTTP/1.1" 200 OK
(APIServer pid=3194721) INFO:     127.0.0.1:42250 - "POST /v1/completions HTTP/1.1" 200 OK
(APIServer pid=3194721) INFO:     127.0.0.1:42382 - "POST /v1/completions HTTP/1.1" 200 OK
(APIServer pid=3194721) INFO:     127.0.0.1:42332 - "POST /v1/completions HTTP/1.1" 200 OK
(APIServer pid=3194721) INFO:     127.0.0.1:42004 - "POST /v1/completions HTTP/1.1" 200 OK
(APIServer pid=3194721) INFO:     127.0.0.1:42100 - "POST /v1/completions HTTP/1.1" 200 OK
(APIServer pid=3194721) INFO:     127.0.0.1:41980 - "POST /v1/completions HTTP/1.1" 200 OK
(APIServer pid=3194721) INFO:     127.0.0.1:42146 - "POST /v1/completions HTTP/1.1" 200 OK
(APIServer pid=3194721) INFO:     127.0.0.1:42104 - "POST /v1/completions HTTP/1.1" 200 OK
(APIServer pid=3194721) INFO:     127.0.0.1:42750 - "POST /v1/completions HTTP/1.1" 200 OK
(APIServer pid=3194721) INFO:     127.0.0.1:42798 - "POST /v1/completions HTTP/1.1" 200 OK
(APIServer pid=3194721) INFO:     127.0.0.1:42550 - "POST /v1/completions HTTP/1.1" 200 OK
(APIServer pid=3194721) INFO:     127.0.0.1:42860 - "POST /v1/completions HTTP/1.1" 200 OK
(APIServer pid=3194721) INFO:     127.0.0.1:42496 - "POST /v1/completions HTTP/1.1" 200 OK
(APIServer pid=3194721) INFO:     127.0.0.1:42600 - "POST /v1/completions HTTP/1.1" 200 OK
(APIServer pid=3194721) INFO:     127.0.0.1:42514 - "POST /v1/completions HTTP/1.1" 200 OK
(APIServer pid=3194721) INFO:     127.0.0.1:42578 - "POST /v1/completions HTTP/1.1" 200 OK
(APIServer pid=3194721) INFO:     127.0.0.1:42528 - "POST /v1/completions HTTP/1.1" 200 OK
(APIServer pid=3194721) INFO:     127.0.0.1:42548 - "POST /v1/completions HTTP/1.1" 200 OK
(APIServer pid=3194721) INFO:     127.0.0.1:42562 - "POST /v1/completions HTTP/1.1" 200 OK
(APIServer pid=3194721) INFO:     127.0.0.1:42680 - "POST /v1/completions HTTP/1.1" 200 OK
(APIServer pid=3194721) INFO:     127.0.0.1:42722 - "POST /v1/completions HTTP/1.1" 200 OK
(APIServer pid=3194721) INFO:     127.0.0.1:42882 - "POST /v1/completions HTTP/1.1" 200 OK
(APIServer pid=3194721) INFO:     127.0.0.1:42930 - "POST /v1/completions HTTP/1.1" 200 OK
(APIServer pid=3194721) INFO:     127.0.0.1:42648 - "POST /v1/completions HTTP/1.1" 200 OK
(APIServer pid=3194721) INFO:     127.0.0.1:42606 - "POST /v1/completions HTTP/1.1" 200 OK
(APIServer pid=3194721) INFO:     127.0.0.1:42508 - "POST /v1/completions HTTP/1.1" 200 OK
(APIServer pid=3194721) INFO:     127.0.0.1:42636 - "POST /v1/completions HTTP/1.1" 200 OK
(APIServer pid=3194721) INFO:     127.0.0.1:42856 - "POST /v1/completions HTTP/1.1" 200 OK
(APIServer pid=3194721) INFO:     127.0.0.1:42662 - "POST /v1/completions HTTP/1.1" 200 OK
(APIServer pid=3194721) INFO:     127.0.0.1:42726 - "POST /v1/completions HTTP/1.1" 200 OK
(APIServer pid=3194721) INFO:     127.0.0.1:42694 - "POST /v1/completions HTTP/1.1" 200 OK
(APIServer pid=3194721) INFO:     127.0.0.1:42770 - "POST /v1/completions HTTP/1.1" 200 OK
(APIServer pid=3194721) INFO:     127.0.0.1:42568 - "POST /v1/completions HTTP/1.1" 200 OK
(APIServer pid=3194721) INFO:     127.0.0.1:42584 - "POST /v1/completions HTTP/1.1" 200 OK
(APIServer pid=3194721) INFO:     127.0.0.1:42842 - "POST /v1/completions HTTP/1.1" 200 OK
(APIServer pid=3194721) INFO:     127.0.0.1:42790 - "POST /v1/completions HTTP/1.1" 200 OK
(APIServer pid=3194721) INFO:     127.0.0.1:42702 - "POST /v1/completions HTTP/1.1" 200 OK
(APIServer pid=3194721) INFO:     127.0.0.1:42782 - "POST /v1/completions HTTP/1.1" 200 OK
(APIServer pid=3194721) INFO:     127.0.0.1:42806 - "POST /v1/completions HTTP/1.1" 200 OK
(APIServer pid=3194721) INFO:     127.0.0.1:42910 - "POST /v1/completions HTTP/1.1" 200 OK
(APIServer pid=3194721) INFO:     127.0.0.1:42914 - "POST /v1/completions HTTP/1.1" 200 OK
(APIServer pid=3194721) INFO:     127.0.0.1:42546 - "POST /v1/completions HTTP/1.1" 200 OK
(APIServer pid=3194721) INFO:     127.0.0.1:42864 - "POST /v1/completions HTTP/1.1" 200 OK
(APIServer pid=3194721) INFO:     127.0.0.1:42716 - "POST /v1/completions HTTP/1.1" 200 OK
(APIServer pid=3194721) INFO:     127.0.0.1:42974 - "POST /v1/completions HTTP/1.1" 200 OK
(APIServer pid=3194721) INFO:     127.0.0.1:42734 - "POST /v1/completions HTTP/1.1" 200 OK
(APIServer pid=3194721) INFO:     127.0.0.1:42872 - "POST /v1/completions HTTP/1.1" 200 OK
(APIServer pid=3194721) INFO:     127.0.0.1:42958 - "POST /v1/completions HTTP/1.1" 200 OK
(APIServer pid=3194721) INFO:     127.0.0.1:42946 - "POST /v1/completions HTTP/1.1" 200 OK
(APIServer pid=3194721) INFO:     127.0.0.1:42818 - "POST /v1/completions HTTP/1.1" 200 OK
(APIServer pid=3194721) INFO:     127.0.0.1:42756 - "POST /v1/completions HTTP/1.1" 200 OK
(APIServer pid=3194721) INFO:     127.0.0.1:42976 - "POST /v1/completions HTTP/1.1" 200 OK
(APIServer pid=3194721) INFO:     127.0.0.1:42558 - "POST /v1/completions HTTP/1.1" 200 OK
(APIServer pid=3194721) INFO:     127.0.0.1:42980 - "POST /v1/completions HTTP/1.1" 200 OK
(APIServer pid=3194721) INFO:     127.0.0.1:42830 - "POST /v1/completions HTTP/1.1" 200 OK
(APIServer pid=3194721) INFO:     127.0.0.1:42894 - "POST /v1/completions HTTP/1.1" 200 OK
(APIServer pid=3194721) INFO:     127.0.0.1:42618 - "POST /v1/completions HTTP/1.1" 200 OK
(APIServer pid=3194721) INFO:     127.0.0.1:42794 - "POST /v1/completions HTTP/1.1" 200 OK
(APIServer pid=3194721) INFO:     127.0.0.1:42972 - "POST /v1/completions HTTP/1.1" 200 OK
(APIServer pid=3194721) INFO:     127.0.0.1:42666 - "POST /v1/completions HTTP/1.1" 200 OK
(APIServer pid=3194721) INFO:     127.0.0.1:42628 - "POST /v1/completions HTTP/1.1" 200 OK
(APIServer pid=3194721) INFO:     127.0.0.1:42828 - "POST /v1/completions HTTP/1.1" 200 OK
(APIServer pid=3194721) INFO:     127.0.0.1:42840 - "POST /v1/completions HTTP/1.1" 200 OK
(APIServer pid=3194721) INFO:     127.0.0.1:42542 - "POST /v1/completions HTTP/1.1" 200 OK
(APIServer pid=3194721) INFO:     127.0.0.1:42708 - "POST /v1/completions HTTP/1.1" 200 OK
(APIServer pid=3194721) INFO 07-08 11:03:30 [loggers.py:271] Engine 000: Avg prompt throughput: 3253.7 tokens/s, Avg generation throughput: 16567.4 tokens/s, Running: 256 reqs, Waiting: 0 reqs, GPU KV cache usage: 5.9%, Prefix cache hit rate: 10.3%
(APIServer pid=3194721) INFO 07-08 11:03:40 [loggers.py:271] Engine 000: Avg prompt throughput: 0.0 tokens/s, Avg generation throughput: 17501.0 tokens/s, Running: 253 reqs, Waiting: 0 reqs, GPU KV cache usage: 14.6%, Prefix cache hit rate: 10.3%
(APIServer pid=3194721) INFO:     127.0.0.1:41636 - "GET /metrics HTTP/1.1" 200 OK
(APIServer pid=3194721) INFO 07-08 11:03:50 [loggers.py:271] Engine 000: Avg prompt throughput: 0.0 tokens/s, Avg generation throughput: 762.7 tokens/s, Running: 0 reqs, Waiting: 0 reqs, GPU KV cache usage: 0.0%, Prefix cache hit rate: 10.3%
(APIServer pid=3194721) INFO:     127.0.0.1:38048 - "POST /v1/completions HTTP/1.1" 200 OK
(APIServer pid=3194721) INFO:     127.0.0.1:38048 - "POST /v1/completions HTTP/1.1" 200 OK
(APIServer pid=3194721) INFO:     127.0.0.1:38052 - "POST /v1/completions HTTP/1.1" 200 OK
(APIServer pid=3194721) INFO:     127.0.0.1:38058 - "POST /v1/completions HTTP/1.1" 200 OK
(APIServer pid=3194721) INFO:     127.0.0.1:38064 - "POST /v1/completions HTTP/1.1" 200 OK
(APIServer pid=3194721) INFO:     127.0.0.1:38066 - "POST /v1/completions HTTP/1.1" 200 OK
(APIServer pid=3194721) INFO:     127.0.0.1:38070 - "POST /v1/completions HTTP/1.1" 200 OK
(APIServer pid=3194721) INFO:     127.0.0.1:38086 - "POST /v1/completions HTTP/1.1" 200 OK
(APIServer pid=3194721) INFO:     127.0.0.1:38102 - "POST /v1/completions HTTP/1.1" 200 OK
(APIServer pid=3194721) INFO:     127.0.0.1:38106 - "POST /v1/completions HTTP/1.1" 200 OK
(APIServer pid=3194721) INFO:     127.0.0.1:38108 - "POST /v1/completions HTTP/1.1" 200 OK
(APIServer pid=3194721) INFO:     127.0.0.1:38114 - "POST /v1/completions HTTP/1.1" 200 OK
(APIServer pid=3194721) INFO:     127.0.0.1:38128 - "POST /v1/completions HTTP/1.1" 200 OK
(APIServer pid=3194721) INFO:     127.0.0.1:38144 - "POST /v1/completions HTTP/1.1" 200 OK
(APIServer pid=3194721) INFO:     127.0.0.1:38154 - "POST /v1/completions HTTP/1.1" 200 OK
(APIServer pid=3194721) INFO:     127.0.0.1:38160 - "POST /v1/completions HTTP/1.1" 200 OK
(APIServer pid=3194721) INFO:     127.0.0.1:38168 - "POST /v1/completions HTTP/1.1" 200 OK
(APIServer pid=3194721) INFO:     127.0.0.1:38174 - "POST /v1/completions HTTP/1.1" 200 OK
(APIServer pid=3194721) INFO:     127.0.0.1:38182 - "POST /v1/completions HTTP/1.1" 200 OK
(APIServer pid=3194721) INFO:     127.0.0.1:38198 - "POST /v1/completions HTTP/1.1" 200 OK
(APIServer pid=3194721) INFO:     127.0.0.1:38202 - "POST /v1/completions HTTP/1.1" 200 OK
(APIServer pid=3194721) INFO:     127.0.0.1:38218 - "POST /v1/completions HTTP/1.1" 200 OK
(APIServer pid=3194721) INFO:     127.0.0.1:38234 - "POST /v1/completions HTTP/1.1" 200 OK
(APIServer pid=3194721) INFO:     127.0.0.1:38248 - "POST /v1/completions HTTP/1.1" 200 OK
(APIServer pid=3194721) INFO:     127.0.0.1:38254 - "POST /v1/completions HTTP/1.1" 200 OK
(APIServer pid=3194721) INFO:     127.0.0.1:38268 - "POST /v1/completions HTTP/1.1" 200 OK
(APIServer pid=3194721) INFO:     127.0.0.1:38276 - "POST /v1/completions HTTP/1.1" 200 OK
(APIServer pid=3194721) INFO:     127.0.0.1:38288 - "POST /v1/completions HTTP/1.1" 200 OK
(APIServer pid=3194721) INFO:     127.0.0.1:38294 - "POST /v1/completions HTTP/1.1" 200 OK
(APIServer pid=3194721) INFO:     127.0.0.1:38296 - "POST /v1/completions HTTP/1.1" 200 OK
(APIServer pid=3194721) INFO:     127.0.0.1:38306 - "POST /v1/completions HTTP/1.1" 200 OK
(APIServer pid=3194721) INFO:     127.0.0.1:38318 - "POST /v1/completions HTTP/1.1" 200 OK
(APIServer pid=3194721) INFO:     127.0.0.1:38322 - "POST /v1/completions HTTP/1.1" 200 OK
(APIServer pid=3194721) INFO:     127.0.0.1:38336 - "POST /v1/completions HTTP/1.1" 200 OK
(APIServer pid=3194721) INFO:     127.0.0.1:38340 - "POST /v1/completions HTTP/1.1" 200 OK
(APIServer pid=3194721) INFO:     127.0.0.1:38354 - "POST /v1/completions HTTP/1.1" 200 OK
(APIServer pid=3194721) INFO:     127.0.0.1:38370 - "POST /v1/completions HTTP/1.1" 200 OK
(APIServer pid=3194721) INFO:     127.0.0.1:38386 - "POST /v1/completions HTTP/1.1" 200 OK
(APIServer pid=3194721) INFO:     127.0.0.1:38392 - "POST /v1/completions HTTP/1.1" 200 OK
(APIServer pid=3194721) INFO:     127.0.0.1:38404 - "POST /v1/completions HTTP/1.1" 200 OK
(APIServer pid=3194721) INFO:     127.0.0.1:38414 - "POST /v1/completions HTTP/1.1" 200 OK
(APIServer pid=3194721) INFO:     127.0.0.1:38420 - "POST /v1/completions HTTP/1.1" 200 OK
(APIServer pid=3194721) INFO:     127.0.0.1:38434 - "POST /v1/completions HTTP/1.1" 200 OK
(APIServer pid=3194721) INFO:     127.0.0.1:38446 - "POST /v1/completions HTTP/1.1" 200 OK
(APIServer pid=3194721) INFO:     127.0.0.1:38458 - "POST /v1/completions HTTP/1.1" 200 OK
(APIServer pid=3194721) INFO:     127.0.0.1:38462 - "POST /v1/completions HTTP/1.1" 200 OK
(APIServer pid=3194721) INFO:     127.0.0.1:38472 - "POST /v1/completions HTTP/1.1" 200 OK
(APIServer pid=3194721) INFO:     127.0.0.1:38482 - "POST /v1/completions HTTP/1.1" 200 OK
(APIServer pid=3194721) INFO:     127.0.0.1:38496 - "POST /v1/completions HTTP/1.1" 200 OK
(APIServer pid=3194721) INFO:     127.0.0.1:38502 - "POST /v1/completions HTTP/1.1" 200 OK
(APIServer pid=3194721) INFO:     127.0.0.1:38516 - "POST /v1/completions HTTP/1.1" 200 OK
(APIServer pid=3194721) INFO:     127.0.0.1:38518 - "POST /v1/completions HTTP/1.1" 200 OK
(APIServer pid=3194721) INFO:     127.0.0.1:38532 - "POST /v1/completions HTTP/1.1" 200 OK
(APIServer pid=3194721) INFO:     127.0.0.1:38548 - "POST /v1/completions HTTP/1.1" 200 OK
(APIServer pid=3194721) INFO:     127.0.0.1:38554 - "POST /v1/completions HTTP/1.1" 200 OK
(APIServer pid=3194721) INFO:     127.0.0.1:38562 - "POST /v1/completions HTTP/1.1" 200 OK
(APIServer pid=3194721) INFO:     127.0.0.1:38574 - "POST /v1/completions HTTP/1.1" 200 OK
(APIServer pid=3194721) INFO:     127.0.0.1:38588 - "POST /v1/completions HTTP/1.1" 200 OK
(APIServer pid=3194721) INFO:     127.0.0.1:38596 - "POST /v1/completions HTTP/1.1" 200 OK
(APIServer pid=3194721) INFO:     127.0.0.1:38612 - "POST /v1/completions HTTP/1.1" 200 OK
(APIServer pid=3194721) INFO:     127.0.0.1:38616 - "POST /v1/completions HTTP/1.1" 200 OK
(APIServer pid=3194721) INFO:     127.0.0.1:38620 - "POST /v1/completions HTTP/1.1" 200 OK
(APIServer pid=3194721) INFO:     127.0.0.1:38632 - "POST /v1/completions HTTP/1.1" 200 OK
(APIServer pid=3194721) INFO:     127.0.0.1:38648 - "POST /v1/completions HTTP/1.1" 200 OK
(APIServer pid=3194721) INFO:     127.0.0.1:38660 - "POST /v1/completions HTTP/1.1" 200 OK
(APIServer pid=3194721) INFO:     127.0.0.1:38048 - "GET /metrics HTTP/1.1" 200 OK
(APIServer pid=3194721) INFO:     127.0.0.1:38052 - "POST /v1/completions HTTP/1.1" 200 OK
(APIServer pid=3194721) INFO:     127.0.0.1:38144 - "POST /v1/completions HTTP/1.1" 200 OK
(APIServer pid=3194721) INFO:     127.0.0.1:38174 - "POST /v1/completions HTTP/1.1" 200 OK
(APIServer pid=3194721) INFO:     127.0.0.1:38322 - "POST /v1/completions HTTP/1.1" 200 OK
(APIServer pid=3194721) INFO:     127.0.0.1:38168 - "POST /v1/completions HTTP/1.1" 200 OK
(APIServer pid=3194721) INFO:     127.0.0.1:38128 - "POST /v1/completions HTTP/1.1" 200 OK
(APIServer pid=3194721) INFO:     127.0.0.1:38202 - "POST /v1/completions HTTP/1.1" 200 OK
(APIServer pid=3194721) INFO:     127.0.0.1:38268 - "POST /v1/completions HTTP/1.1" 200 OK
(APIServer pid=3194721) INFO:     127.0.0.1:38318 - "POST /v1/completions HTTP/1.1" 200 OK
(APIServer pid=3194721) INFO:     127.0.0.1:38102 - "POST /v1/completions HTTP/1.1" 200 OK
(APIServer pid=3194721) INFO:     127.0.0.1:38296 - "POST /v1/completions HTTP/1.1" 200 OK
(APIServer pid=3194721) INFO:     127.0.0.1:38154 - "POST /v1/completions HTTP/1.1" 200 OK
(APIServer pid=3194721) INFO:     127.0.0.1:38248 - "POST /v1/completions HTTP/1.1" 200 OK
(APIServer pid=3194721) INFO:     127.0.0.1:38066 - "POST /v1/completions HTTP/1.1" 200 OK
(APIServer pid=3194721) INFO:     127.0.0.1:38288 - "POST /v1/completions HTTP/1.1" 200 OK
(APIServer pid=3194721) INFO:     127.0.0.1:38070 - "POST /v1/completions HTTP/1.1" 200 OK
(APIServer pid=3194721) INFO:     127.0.0.1:38336 - "POST /v1/completions HTTP/1.1" 200 OK
(APIServer pid=3194721) INFO:     127.0.0.1:38254 - "POST /v1/completions HTTP/1.1" 200 OK
(APIServer pid=3194721) INFO:     127.0.0.1:38106 - "POST /v1/completions HTTP/1.1" 200 OK
(APIServer pid=3194721) INFO:     127.0.0.1:38160 - "POST /v1/completions HTTP/1.1" 200 OK
(APIServer pid=3194721) INFO:     127.0.0.1:38294 - "POST /v1/completions HTTP/1.1" 200 OK
(APIServer pid=3194721) INFO:     127.0.0.1:38306 - "POST /v1/completions HTTP/1.1" 200 OK
(APIServer pid=3194721) INFO:     127.0.0.1:38182 - "POST /v1/completions HTTP/1.1" 200 OK
(APIServer pid=3194721) INFO:     127.0.0.1:38114 - "POST /v1/completions HTTP/1.1" 200 OK
(APIServer pid=3194721) INFO:     127.0.0.1:38276 - "POST /v1/completions HTTP/1.1" 200 OK
(APIServer pid=3194721) INFO:     127.0.0.1:38086 - "POST /v1/completions HTTP/1.1" 200 OK
(APIServer pid=3194721) INFO:     127.0.0.1:38108 - "POST /v1/completions HTTP/1.1" 200 OK
(APIServer pid=3194721) INFO:     127.0.0.1:38058 - "POST /v1/completions HTTP/1.1" 200 OK
(APIServer pid=3194721) INFO:     127.0.0.1:38340 - "POST /v1/completions HTTP/1.1" 200 OK
(APIServer pid=3194721) INFO:     127.0.0.1:38234 - "POST /v1/completions HTTP/1.1" 200 OK
(APIServer pid=3194721) INFO:     127.0.0.1:38064 - "POST /v1/completions HTTP/1.1" 200 OK
(APIServer pid=3194721) INFO:     127.0.0.1:38218 - "POST /v1/completions HTTP/1.1" 200 OK
(APIServer pid=3194721) INFO:     127.0.0.1:38198 - "POST /v1/completions HTTP/1.1" 200 OK
(APIServer pid=3194721) INFO 07-08 11:04:00 [loggers.py:271] Engine 000: Avg prompt throughput: 486.4 tokens/s, Avg generation throughput: 834.9 tokens/s, Running: 4 reqs, Waiting: 12 reqs, GPU KV cache usage: 0.3%, Prefix cache hit rate: 64.3%
(APIServer pid=3194721) INFO:     127.0.0.1:38354 - "POST /v1/completions HTTP/1.1" 200 OK
(APIServer pid=3194721) INFO:     127.0.0.1:38370 - "POST /v1/completions HTTP/1.1" 200 OK
(APIServer pid=3194721) INFO:     127.0.0.1:38386 - "POST /v1/completions HTTP/1.1" 200 OK
(APIServer pid=3194721) INFO:     127.0.0.1:38434 - "POST /v1/completions HTTP/1.1" 200 OK
(APIServer pid=3194721) INFO:     127.0.0.1:38496 - "POST /v1/completions HTTP/1.1" 200 OK
(APIServer pid=3194721) INFO:     127.0.0.1:38414 - "POST /v1/completions HTTP/1.1" 200 OK
(APIServer pid=3194721) INFO:     127.0.0.1:38482 - "POST /v1/completions HTTP/1.1" 200 OK
(APIServer pid=3194721) INFO:     127.0.0.1:38404 - "POST /v1/completions HTTP/1.1" 200 OK
(APIServer pid=3194721) INFO:     127.0.0.1:38462 - "POST /v1/completions HTTP/1.1" 200 OK
(APIServer pid=3194721) INFO:     127.0.0.1:38420 - "POST /v1/completions HTTP/1.1" 200 OK
(APIServer pid=3194721) INFO:     127.0.0.1:38458 - "POST /v1/completions HTTP/1.1" 200 OK
(APIServer pid=3194721) INFO:     127.0.0.1:38548 - "POST /v1/completions HTTP/1.1" 200 OK
(APIServer pid=3194721) INFO:     127.0.0.1:38574 - "POST /v1/completions HTTP/1.1" 200 OK
(APIServer pid=3194721) INFO:     127.0.0.1:38502 - "POST /v1/completions HTTP/1.1" 200 OK
(APIServer pid=3194721) INFO:     127.0.0.1:38562 - "POST /v1/completions HTTP/1.1" 200 OK
(APIServer pid=3194721) INFO:     127.0.0.1:38588 - "POST /v1/completions HTTP/1.1" 200 OK
(APIServer pid=3194721) INFO:     127.0.0.1:38392 - "POST /v1/completions HTTP/1.1" 200 OK
(APIServer pid=3194721) INFO:     127.0.0.1:38516 - "POST /v1/completions HTTP/1.1" 200 OK
(APIServer pid=3194721) INFO:     127.0.0.1:38472 - "POST /v1/completions HTTP/1.1" 200 OK
(APIServer pid=3194721) INFO:     127.0.0.1:38518 - "POST /v1/completions HTTP/1.1" 200 OK
(APIServer pid=3194721) INFO:     127.0.0.1:38532 - "POST /v1/completions HTTP/1.1" 200 OK
(APIServer pid=3194721) INFO:     127.0.0.1:38554 - "POST /v1/completions HTTP/1.1" 200 OK
(APIServer pid=3194721) INFO:     127.0.0.1:38446 - "POST /v1/completions HTTP/1.1" 200 OK
(APIServer pid=3194721) INFO:     127.0.0.1:38620 - "POST /v1/completions HTTP/1.1" 200 OK
(APIServer pid=3194721) INFO:     127.0.0.1:38612 - "POST /v1/completions HTTP/1.1" 200 OK
(APIServer pid=3194721) INFO:     127.0.0.1:38616 - "POST /v1/completions HTTP/1.1" 200 OK
(APIServer pid=3194721) INFO:     127.0.0.1:38660 - "POST /v1/completions HTTP/1.1" 200 OK
(APIServer pid=3194721) INFO:     127.0.0.1:38648 - "POST /v1/completions HTTP/1.1" 200 OK
(APIServer pid=3194721) INFO:     127.0.0.1:38596 - "POST /v1/completions HTTP/1.1" 200 OK
(APIServer pid=3194721) INFO:     127.0.0.1:38632 - "POST /v1/completions HTTP/1.1" 200 OK
(APIServer pid=3194721) INFO:     127.0.0.1:38048 - "POST /v1/completions HTTP/1.1" 200 OK
(APIServer pid=3194721) INFO:     127.0.0.1:45178 - "POST /v1/completions HTTP/1.1" 200 OK
(APIServer pid=3194721) INFO:     127.0.0.1:45180 - "POST /v1/completions HTTP/1.1" 200 OK
(APIServer pid=3194721) INFO:     127.0.0.1:45182 - "POST /v1/completions HTTP/1.1" 200 OK
(APIServer pid=3194721) INFO:     127.0.0.1:45198 - "POST /v1/completions HTTP/1.1" 200 OK
(APIServer pid=3194721) INFO:     127.0.0.1:45202 - "POST /v1/completions HTTP/1.1" 200 OK
(APIServer pid=3194721) INFO:     127.0.0.1:45218 - "POST /v1/completions HTTP/1.1" 200 OK
(APIServer pid=3194721) INFO:     127.0.0.1:45234 - "POST /v1/completions HTTP/1.1" 200 OK
(APIServer pid=3194721) INFO:     127.0.0.1:45246 - "POST /v1/completions HTTP/1.1" 200 OK
(APIServer pid=3194721) INFO:     127.0.0.1:45262 - "POST /v1/completions HTTP/1.1" 200 OK
(APIServer pid=3194721) INFO:     127.0.0.1:45272 - "POST /v1/completions HTTP/1.1" 200 OK
(APIServer pid=3194721) INFO:     127.0.0.1:45274 - "POST /v1/completions HTTP/1.1" 200 OK
(APIServer pid=3194721) INFO:     127.0.0.1:45288 - "POST /v1/completions HTTP/1.1" 200 OK
(APIServer pid=3194721) INFO:     127.0.0.1:45294 - "POST /v1/completions HTTP/1.1" 200 OK
(APIServer pid=3194721) INFO:     127.0.0.1:45306 - "POST /v1/completions HTTP/1.1" 200 OK
(APIServer pid=3194721) INFO:     127.0.0.1:45318 - "POST /v1/completions HTTP/1.1" 200 OK
(APIServer pid=3194721) INFO:     127.0.0.1:45320 - "POST /v1/completions HTTP/1.1" 200 OK
(APIServer pid=3194721) INFO:     127.0.0.1:45334 - "POST /v1/completions HTTP/1.1" 200 OK
(APIServer pid=3194721) INFO:     127.0.0.1:45348 - "POST /v1/completions HTTP/1.1" 200 OK
(APIServer pid=3194721) INFO:     127.0.0.1:45358 - "POST /v1/completions HTTP/1.1" 200 OK
(APIServer pid=3194721) INFO:     127.0.0.1:45366 - "POST /v1/completions HTTP/1.1" 200 OK
(APIServer pid=3194721) INFO:     127.0.0.1:45372 - "POST /v1/completions HTTP/1.1" 200 OK
(APIServer pid=3194721) INFO:     127.0.0.1:45386 - "POST /v1/completions HTTP/1.1" 200 OK
(APIServer pid=3194721) INFO:     127.0.0.1:45400 - "POST /v1/completions HTTP/1.1" 200 OK
(APIServer pid=3194721) INFO:     127.0.0.1:45414 - "POST /v1/completions HTTP/1.1" 200 OK
(APIServer pid=3194721) INFO:     127.0.0.1:45424 - "POST /v1/completions HTTP/1.1" 200 OK
(APIServer pid=3194721) INFO:     127.0.0.1:45440 - "POST /v1/completions HTTP/1.1" 200 OK
(APIServer pid=3194721) INFO:     127.0.0.1:45442 - "POST /v1/completions HTTP/1.1" 200 OK
(APIServer pid=3194721) INFO:     127.0.0.1:45454 - "POST /v1/completions HTTP/1.1" 200 OK
(APIServer pid=3194721) INFO:     127.0.0.1:45464 - "POST /v1/completions HTTP/1.1" 200 OK
(APIServer pid=3194721) INFO:     127.0.0.1:45476 - "POST /v1/completions HTTP/1.1" 200 OK
(APIServer pid=3194721) INFO:     127.0.0.1:45488 - "POST /v1/completions HTTP/1.1" 200 OK
(APIServer pid=3194721) INFO:     127.0.0.1:45498 - "POST /v1/completions HTTP/1.1" 200 OK
(APIServer pid=3194721) INFO:     127.0.0.1:45512 - "POST /v1/completions HTTP/1.1" 200 OK
(APIServer pid=3194721) INFO:     127.0.0.1:45524 - "POST /v1/completions HTTP/1.1" 200 OK
(APIServer pid=3194721) INFO:     127.0.0.1:45530 - "POST /v1/completions HTTP/1.1" 200 OK
(APIServer pid=3194721) INFO:     127.0.0.1:45542 - "POST /v1/completions HTTP/1.1" 200 OK
(APIServer pid=3194721) INFO:     127.0.0.1:45556 - "POST /v1/completions HTTP/1.1" 200 OK
(APIServer pid=3194721) INFO:     127.0.0.1:45566 - "POST /v1/completions HTTP/1.1" 200 OK
(APIServer pid=3194721) INFO:     127.0.0.1:45570 - "POST /v1/completions HTTP/1.1" 200 OK
(APIServer pid=3194721) INFO:     127.0.0.1:45582 - "POST /v1/completions HTTP/1.1" 200 OK
(APIServer pid=3194721) INFO:     127.0.0.1:45598 - "POST /v1/completions HTTP/1.1" 200 OK
(APIServer pid=3194721) INFO:     127.0.0.1:45608 - "POST /v1/completions HTTP/1.1" 200 OK
(APIServer pid=3194721) INFO:     127.0.0.1:45612 - "POST /v1/completions HTTP/1.1" 200 OK
(APIServer pid=3194721) INFO:     127.0.0.1:45618 - "POST /v1/completions HTTP/1.1" 200 OK
(APIServer pid=3194721) INFO:     127.0.0.1:45628 - "POST /v1/completions HTTP/1.1" 200 OK
(APIServer pid=3194721) INFO:     127.0.0.1:45640 - "POST /v1/completions HTTP/1.1" 200 OK
(APIServer pid=3194721) INFO:     127.0.0.1:45642 - "POST /v1/completions HTTP/1.1" 200 OK
(APIServer pid=3194721) INFO:     127.0.0.1:45652 - "POST /v1/completions HTTP/1.1" 200 OK
(APIServer pid=3194721) INFO:     127.0.0.1:45662 - "POST /v1/completions HTTP/1.1" 200 OK
(APIServer pid=3194721) INFO:     127.0.0.1:45666 - "POST /v1/completions HTTP/1.1" 200 OK
(APIServer pid=3194721) INFO:     127.0.0.1:45670 - "POST /v1/completions HTTP/1.1" 200 OK
(APIServer pid=3194721) INFO:     127.0.0.1:45680 - "POST /v1/completions HTTP/1.1" 200 OK
(APIServer pid=3194721) INFO:     127.0.0.1:45690 - "POST /v1/completions HTTP/1.1" 200 OK
(APIServer pid=3194721) INFO:     127.0.0.1:45706 - "POST /v1/completions HTTP/1.1" 200 OK
(APIServer pid=3194721) INFO:     127.0.0.1:45718 - "POST /v1/completions HTTP/1.1" 200 OK
(APIServer pid=3194721) INFO:     127.0.0.1:45734 - "POST /v1/completions HTTP/1.1" 200 OK
(APIServer pid=3194721) INFO:     127.0.0.1:45740 - "POST /v1/completions HTTP/1.1" 200 OK
(APIServer pid=3194721) INFO:     127.0.0.1:45742 - "POST /v1/completions HTTP/1.1" 200 OK
(APIServer pid=3194721) INFO:     127.0.0.1:45752 - "POST /v1/completions HTTP/1.1" 200 OK
(APIServer pid=3194721) INFO:     127.0.0.1:45766 - "POST /v1/completions HTTP/1.1" 200 OK
(APIServer pid=3194721) INFO:     127.0.0.1:45768 - "POST /v1/completions HTTP/1.1" 200 OK
(APIServer pid=3194721) INFO:     127.0.0.1:45780 - "POST /v1/completions HTTP/1.1" 200 OK
(APIServer pid=3194721) INFO:     127.0.0.1:45782 - "POST /v1/completions HTTP/1.1" 200 OK
(APIServer pid=3194721) INFO:     127.0.0.1:45794 - "POST /v1/completions HTTP/1.1" 200 OK
(APIServer pid=3194721) INFO:     127.0.0.1:45800 - "POST /v1/completions HTTP/1.1" 200 OK
(APIServer pid=3194721) INFO:     127.0.0.1:45806 - "POST /v1/completions HTTP/1.1" 200 OK
(APIServer pid=3194721) INFO:     127.0.0.1:45808 - "POST /v1/completions HTTP/1.1" 200 OK
(APIServer pid=3194721) INFO:     127.0.0.1:45818 - "POST /v1/completions HTTP/1.1" 200 OK
(APIServer pid=3194721) INFO:     127.0.0.1:45824 - "POST /v1/completions HTTP/1.1" 200 OK
(APIServer pid=3194721) INFO:     127.0.0.1:45826 - "POST /v1/completions HTTP/1.1" 200 OK
(APIServer pid=3194721) INFO:     127.0.0.1:45832 - "POST /v1/completions HTTP/1.1" 200 OK
(APIServer pid=3194721) INFO:     127.0.0.1:45834 - "POST /v1/completions HTTP/1.1" 200 OK
(APIServer pid=3194721) INFO:     127.0.0.1:45848 - "POST /v1/completions HTTP/1.1" 200 OK
(APIServer pid=3194721) INFO:     127.0.0.1:45852 - "POST /v1/completions HTTP/1.1" 200 OK
(APIServer pid=3194721) INFO:     127.0.0.1:45868 - "POST /v1/completions HTTP/1.1" 200 OK
(APIServer pid=3194721) INFO:     127.0.0.1:45876 - "POST /v1/completions HTTP/1.1" 200 OK
(APIServer pid=3194721) INFO:     127.0.0.1:45884 - "POST /v1/completions HTTP/1.1" 200 OK
(APIServer pid=3194721) INFO:     127.0.0.1:45898 - "POST /v1/completions HTTP/1.1" 200 OK
(APIServer pid=3194721) INFO:     127.0.0.1:45900 - "POST /v1/completions HTTP/1.1" 200 OK
(APIServer pid=3194721) INFO:     127.0.0.1:45914 - "POST /v1/completions HTTP/1.1" 200 OK
(APIServer pid=3194721) INFO:     127.0.0.1:45920 - "POST /v1/completions HTTP/1.1" 200 OK
(APIServer pid=3194721) INFO:     127.0.0.1:45922 - "POST /v1/completions HTTP/1.1" 200 OK
(APIServer pid=3194721) INFO:     127.0.0.1:45938 - "POST /v1/completions HTTP/1.1" 200 OK
(APIServer pid=3194721) INFO:     127.0.0.1:45950 - "POST /v1/completions HTTP/1.1" 200 OK
(APIServer pid=3194721) INFO:     127.0.0.1:45956 - "POST /v1/completions HTTP/1.1" 200 OK
(APIServer pid=3194721) INFO:     127.0.0.1:45960 - "POST /v1/completions HTTP/1.1" 200 OK
(APIServer pid=3194721) INFO:     127.0.0.1:45970 - "POST /v1/completions HTTP/1.1" 200 OK
(APIServer pid=3194721) INFO:     127.0.0.1:45976 - "POST /v1/completions HTTP/1.1" 200 OK
(APIServer pid=3194721) INFO:     127.0.0.1:45980 - "POST /v1/completions HTTP/1.1" 200 OK
(APIServer pid=3194721) INFO:     127.0.0.1:45986 - "POST /v1/completions HTTP/1.1" 200 OK
(APIServer pid=3194721) INFO:     127.0.0.1:45992 - "POST /v1/completions HTTP/1.1" 200 OK
(APIServer pid=3194721) INFO:     127.0.0.1:45994 - "POST /v1/completions HTTP/1.1" 200 OK
(APIServer pid=3194721) INFO:     127.0.0.1:46004 - "POST /v1/completions HTTP/1.1" 200 OK
(APIServer pid=3194721) INFO:     127.0.0.1:46008 - "POST /v1/completions HTTP/1.1" 200 OK
(APIServer pid=3194721) INFO:     127.0.0.1:46020 - "POST /v1/completions HTTP/1.1" 200 OK
(APIServer pid=3194721) INFO:     127.0.0.1:46026 - "POST /v1/completions HTTP/1.1" 200 OK
(APIServer pid=3194721) INFO:     127.0.0.1:46034 - "POST /v1/completions HTTP/1.1" 200 OK
(APIServer pid=3194721) INFO:     127.0.0.1:46048 - "POST /v1/completions HTTP/1.1" 200 OK
(APIServer pid=3194721) INFO:     127.0.0.1:46056 - "POST /v1/completions HTTP/1.1" 200 OK
(APIServer pid=3194721) INFO:     127.0.0.1:46070 - "POST /v1/completions HTTP/1.1" 200 OK
(APIServer pid=3194721) INFO:     127.0.0.1:46084 - "POST /v1/completions HTTP/1.1" 200 OK
(APIServer pid=3194721) INFO:     127.0.0.1:46090 - "POST /v1/completions HTTP/1.1" 200 OK
(APIServer pid=3194721) INFO:     127.0.0.1:46106 - "POST /v1/completions HTTP/1.1" 200 OK
(APIServer pid=3194721) INFO:     127.0.0.1:46112 - "POST /v1/completions HTTP/1.1" 200 OK
(APIServer pid=3194721) INFO:     127.0.0.1:46118 - "POST /v1/completions HTTP/1.1" 200 OK
(APIServer pid=3194721) INFO:     127.0.0.1:46126 - "POST /v1/completions HTTP/1.1" 200 OK
(APIServer pid=3194721) INFO:     127.0.0.1:46136 - "POST /v1/completions HTTP/1.1" 200 OK
(APIServer pid=3194721) INFO:     127.0.0.1:46146 - "POST /v1/completions HTTP/1.1" 200 OK
(APIServer pid=3194721) INFO:     127.0.0.1:46150 - "POST /v1/completions HTTP/1.1" 200 OK
(APIServer pid=3194721) INFO:     127.0.0.1:46152 - "POST /v1/completions HTTP/1.1" 200 OK
(APIServer pid=3194721) INFO:     127.0.0.1:46168 - "POST /v1/completions HTTP/1.1" 200 OK
(APIServer pid=3194721) INFO:     127.0.0.1:46174 - "POST /v1/completions HTTP/1.1" 200 OK
(APIServer pid=3194721) INFO:     127.0.0.1:46188 - "POST /v1/completions HTTP/1.1" 200 OK
(APIServer pid=3194721) INFO:     127.0.0.1:46198 - "POST /v1/completions HTTP/1.1" 200 OK
(APIServer pid=3194721) INFO:     127.0.0.1:46202 - "POST /v1/completions HTTP/1.1" 200 OK
(APIServer pid=3194721) INFO:     127.0.0.1:46210 - "POST /v1/completions HTTP/1.1" 200 OK
(APIServer pid=3194721) INFO:     127.0.0.1:46212 - "POST /v1/completions HTTP/1.1" 200 OK
(APIServer pid=3194721) INFO:     127.0.0.1:46214 - "POST /v1/completions HTTP/1.1" 200 OK
(APIServer pid=3194721) INFO:     127.0.0.1:46220 - "POST /v1/completions HTTP/1.1" 200 OK
(APIServer pid=3194721) INFO:     127.0.0.1:46234 - "POST /v1/completions HTTP/1.1" 200 OK
(APIServer pid=3194721) INFO:     127.0.0.1:46244 - "POST /v1/completions HTTP/1.1" 200 OK
(APIServer pid=3194721) INFO:     127.0.0.1:46250 - "POST /v1/completions HTTP/1.1" 200 OK
(APIServer pid=3194721) INFO:     127.0.0.1:46262 - "POST /v1/completions HTTP/1.1" 200 OK
(APIServer pid=3194721) INFO:     127.0.0.1:46268 - "POST /v1/completions HTTP/1.1" 200 OK
(APIServer pid=3194721) INFO:     127.0.0.1:46272 - "POST /v1/completions HTTP/1.1" 200 OK
(APIServer pid=3194721) INFO:     127.0.0.1:46274 - "POST /v1/completions HTTP/1.1" 200 OK
(APIServer pid=3194721) INFO:     127.0.0.1:46286 - "POST /v1/completions HTTP/1.1" 200 OK
(APIServer pid=3194721) INFO:     127.0.0.1:46298 - "POST /v1/completions HTTP/1.1" 200 OK
(APIServer pid=3194721) INFO:     127.0.0.1:46300 - "POST /v1/completions HTTP/1.1" 200 OK
(APIServer pid=3194721) INFO:     127.0.0.1:46302 - "POST /v1/completions HTTP/1.1" 200 OK
(APIServer pid=3194721) INFO:     127.0.0.1:46310 - "POST /v1/completions HTTP/1.1" 200 OK
(APIServer pid=3194721) INFO:     127.0.0.1:46324 - "POST /v1/completions HTTP/1.1" 200 OK
(APIServer pid=3194721) INFO:     127.0.0.1:46332 - "POST /v1/completions HTTP/1.1" 200 OK
(APIServer pid=3194721) INFO:     127.0.0.1:46336 - "POST /v1/completions HTTP/1.1" 200 OK
(APIServer pid=3194721) INFO:     127.0.0.1:46352 - "POST /v1/completions HTTP/1.1" 200 OK
(APIServer pid=3194721) INFO:     127.0.0.1:46368 - "POST /v1/completions HTTP/1.1" 200 OK
(APIServer pid=3194721) INFO:     127.0.0.1:46384 - "POST /v1/completions HTTP/1.1" 200 OK
(APIServer pid=3194721) INFO:     127.0.0.1:46386 - "POST /v1/completions HTTP/1.1" 200 OK
(APIServer pid=3194721) INFO:     127.0.0.1:46394 - "POST /v1/completions HTTP/1.1" 200 OK
(APIServer pid=3194721) INFO:     127.0.0.1:46404 - "POST /v1/completions HTTP/1.1" 200 OK
(APIServer pid=3194721) INFO:     127.0.0.1:46418 - "POST /v1/completions HTTP/1.1" 200 OK
(APIServer pid=3194721) INFO:     127.0.0.1:46428 - "POST /v1/completions HTTP/1.1" 200 OK
(APIServer pid=3194721) INFO:     127.0.0.1:46442 - "POST /v1/completions HTTP/1.1" 200 OK
(APIServer pid=3194721) INFO:     127.0.0.1:46450 - "POST /v1/completions HTTP/1.1" 200 OK
(APIServer pid=3194721) INFO:     127.0.0.1:46456 - "POST /v1/completions HTTP/1.1" 200 OK
(APIServer pid=3194721) INFO:     127.0.0.1:46458 - "POST /v1/completions HTTP/1.1" 200 OK
(APIServer pid=3194721) INFO:     127.0.0.1:46470 - "POST /v1/completions HTTP/1.1" 200 OK
(APIServer pid=3194721) INFO:     127.0.0.1:46478 - "POST /v1/completions HTTP/1.1" 200 OK
(APIServer pid=3194721) INFO:     127.0.0.1:46490 - "POST /v1/completions HTTP/1.1" 200 OK
(APIServer pid=3194721) INFO:     127.0.0.1:46500 - "POST /v1/completions HTTP/1.1" 200 OK
(APIServer pid=3194721) INFO:     127.0.0.1:46508 - "POST /v1/completions HTTP/1.1" 200 OK
(APIServer pid=3194721) INFO:     127.0.0.1:46516 - "POST /v1/completions HTTP/1.1" 200 OK
(APIServer pid=3194721) INFO:     127.0.0.1:46520 - "POST /v1/completions HTTP/1.1" 200 OK
(APIServer pid=3194721) INFO:     127.0.0.1:46532 - "POST /v1/completions HTTP/1.1" 200 OK
(APIServer pid=3194721) INFO:     127.0.0.1:46540 - "POST /v1/completions HTTP/1.1" 200 OK
(APIServer pid=3194721) INFO:     127.0.0.1:46556 - "POST /v1/completions HTTP/1.1" 200 OK
(APIServer pid=3194721) INFO:     127.0.0.1:46562 - "POST /v1/completions HTTP/1.1" 200 OK
(APIServer pid=3194721) INFO:     127.0.0.1:46568 - "POST /v1/completions HTTP/1.1" 200 OK
(APIServer pid=3194721) INFO:     127.0.0.1:46570 - "POST /v1/completions HTTP/1.1" 200 OK
(APIServer pid=3194721) INFO:     127.0.0.1:46580 - "POST /v1/completions HTTP/1.1" 200 OK
(APIServer pid=3194721) INFO:     127.0.0.1:46588 - "POST /v1/completions HTTP/1.1" 200 OK
(APIServer pid=3194721) INFO:     127.0.0.1:46602 - "POST /v1/completions HTTP/1.1" 200 OK
(APIServer pid=3194721) INFO:     127.0.0.1:46606 - "POST /v1/completions HTTP/1.1" 200 OK
(APIServer pid=3194721) INFO:     127.0.0.1:46608 - "POST /v1/completions HTTP/1.1" 200 OK
(APIServer pid=3194721) INFO:     127.0.0.1:46618 - "POST /v1/completions HTTP/1.1" 200 OK
(APIServer pid=3194721) INFO:     127.0.0.1:46634 - "POST /v1/completions HTTP/1.1" 200 OK
(APIServer pid=3194721) INFO:     127.0.0.1:46636 - "POST /v1/completions HTTP/1.1" 200 OK
(APIServer pid=3194721) INFO:     127.0.0.1:46638 - "POST /v1/completions HTTP/1.1" 200 OK
(APIServer pid=3194721) INFO:     127.0.0.1:46640 - "POST /v1/completions HTTP/1.1" 200 OK
(APIServer pid=3194721) INFO:     127.0.0.1:46646 - "POST /v1/completions HTTP/1.1" 200 OK
(APIServer pid=3194721) INFO:     127.0.0.1:46654 - "POST /v1/completions HTTP/1.1" 200 OK
(APIServer pid=3194721) INFO:     127.0.0.1:46658 - "POST /v1/completions HTTP/1.1" 200 OK
(APIServer pid=3194721) INFO:     127.0.0.1:46668 - "POST /v1/completions HTTP/1.1" 200 OK
(APIServer pid=3194721) INFO:     127.0.0.1:46670 - "POST /v1/completions HTTP/1.1" 200 OK
(APIServer pid=3194721) INFO:     127.0.0.1:46676 - "POST /v1/completions HTTP/1.1" 200 OK
(APIServer pid=3194721) INFO:     127.0.0.1:46682 - "POST /v1/completions HTTP/1.1" 200 OK
(APIServer pid=3194721) INFO:     127.0.0.1:46698 - "POST /v1/completions HTTP/1.1" 200 OK
(APIServer pid=3194721) INFO:     127.0.0.1:46710 - "POST /v1/completions HTTP/1.1" 200 OK
(APIServer pid=3194721) INFO:     127.0.0.1:46724 - "POST /v1/completions HTTP/1.1" 200 OK
(APIServer pid=3194721) INFO:     127.0.0.1:46728 - "POST /v1/completions HTTP/1.1" 200 OK
(APIServer pid=3194721) INFO:     127.0.0.1:46736 - "POST /v1/completions HTTP/1.1" 200 OK
(APIServer pid=3194721) INFO:     127.0.0.1:46750 - "POST /v1/completions HTTP/1.1" 200 OK
(APIServer pid=3194721) INFO:     127.0.0.1:46752 - "POST /v1/completions HTTP/1.1" 200 OK
(APIServer pid=3194721) INFO:     127.0.0.1:46768 - "POST /v1/completions HTTP/1.1" 200 OK
(APIServer pid=3194721) INFO:     127.0.0.1:46780 - "POST /v1/completions HTTP/1.1" 200 OK
(APIServer pid=3194721) INFO:     127.0.0.1:46784 - "POST /v1/completions HTTP/1.1" 200 OK
(APIServer pid=3194721) INFO:     127.0.0.1:46792 - "POST /v1/completions HTTP/1.1" 200 OK
(APIServer pid=3194721) INFO:     127.0.0.1:46794 - "POST /v1/completions HTTP/1.1" 200 OK
(APIServer pid=3194721) INFO:     127.0.0.1:46798 - "POST /v1/completions HTTP/1.1" 200 OK
(APIServer pid=3194721) INFO:     127.0.0.1:46802 - "POST /v1/completions HTTP/1.1" 200 OK
(APIServer pid=3194721) INFO:     127.0.0.1:46806 - "POST /v1/completions HTTP/1.1" 200 OK
(APIServer pid=3194721) INFO:     127.0.0.1:46808 - "POST /v1/completions HTTP/1.1" 200 OK
(APIServer pid=3194721) INFO:     127.0.0.1:38052 - "POST /v1/completions HTTP/1.1" 200 OK
(APIServer pid=3194721) INFO 07-08 11:04:10 [loggers.py:271] Engine 000: Avg prompt throughput: 44523.6 tokens/s, Avg generation throughput: 1336.9 tokens/s, Running: 236 reqs, Waiting: 20 reqs, GPU KV cache usage: 25.3%, Prefix cache hit rate: 24.5%
(APIServer pid=3194721) INFO:     127.0.0.1:38174 - "POST /v1/completions HTTP/1.1" 200 OK
(APIServer pid=3194721) INFO:     127.0.0.1:38144 - "POST /v1/completions HTTP/1.1" 200 OK
(APIServer pid=3194721) INFO:     127.0.0.1:38168 - "POST /v1/completions HTTP/1.1" 200 OK
(APIServer pid=3194721) INFO:     127.0.0.1:38322 - "POST /v1/completions HTTP/1.1" 200 OK
(APIServer pid=3194721) INFO:     127.0.0.1:38202 - "POST /v1/completions HTTP/1.1" 200 OK
(APIServer pid=3194721) INFO:     127.0.0.1:38128 - "POST /v1/completions HTTP/1.1" 200 OK
(APIServer pid=3194721) INFO:     127.0.0.1:38318 - "POST /v1/completions HTTP/1.1" 200 OK
(APIServer pid=3194721) INFO:     127.0.0.1:38268 - "POST /v1/completions HTTP/1.1" 200 OK
(APIServer pid=3194721) INFO:     127.0.0.1:38296 - "POST /v1/completions HTTP/1.1" 200 OK
(APIServer pid=3194721) INFO:     127.0.0.1:38102 - "POST /v1/completions HTTP/1.1" 200 OK
(APIServer pid=3194721) INFO:     127.0.0.1:38154 - "POST /v1/completions HTTP/1.1" 200 OK
(APIServer pid=3194721) INFO:     127.0.0.1:38248 - "POST /v1/completions HTTP/1.1" 200 OK
(APIServer pid=3194721) INFO:     127.0.0.1:38066 - "POST /v1/completions HTTP/1.1" 200 OK
(APIServer pid=3194721) INFO:     127.0.0.1:38288 - "POST /v1/completions HTTP/1.1" 200 OK
(APIServer pid=3194721) INFO:     127.0.0.1:38070 - "POST /v1/completions HTTP/1.1" 200 OK
(APIServer pid=3194721) INFO:     127.0.0.1:38106 - "POST /v1/completions HTTP/1.1" 200 OK
(APIServer pid=3194721) INFO:     127.0.0.1:38336 - "POST /v1/completions HTTP/1.1" 200 OK
(APIServer pid=3194721) INFO:     127.0.0.1:38254 - "POST /v1/completions HTTP/1.1" 200 OK
(APIServer pid=3194721) INFO:     127.0.0.1:38294 - "POST /v1/completions HTTP/1.1" 200 OK
(APIServer pid=3194721) INFO:     127.0.0.1:38160 - "POST /v1/completions HTTP/1.1" 200 OK
(APIServer pid=3194721) INFO:     127.0.0.1:38182 - "POST /v1/completions HTTP/1.1" 200 OK
(APIServer pid=3194721) INFO:     127.0.0.1:38306 - "POST /v1/completions HTTP/1.1" 200 OK
(APIServer pid=3194721) INFO:     127.0.0.1:38114 - "POST /v1/completions HTTP/1.1" 200 OK
(APIServer pid=3194721) INFO:     127.0.0.1:38276 - "POST /v1/completions HTTP/1.1" 200 OK
(APIServer pid=3194721) INFO:     127.0.0.1:38086 - "POST /v1/completions HTTP/1.1" 200 OK
(APIServer pid=3194721) INFO:     127.0.0.1:38108 - "POST /v1/completions HTTP/1.1" 200 OK
(APIServer pid=3194721) INFO:     127.0.0.1:38340 - "POST /v1/completions HTTP/1.1" 200 OK
(APIServer pid=3194721) INFO:     127.0.0.1:38058 - "POST /v1/completions HTTP/1.1" 200 OK
(APIServer pid=3194721) INFO:     127.0.0.1:38234 - "POST /v1/completions HTTP/1.1" 200 OK
(APIServer pid=3194721) INFO:     127.0.0.1:38064 - "POST /v1/completions HTTP/1.1" 200 OK
(APIServer pid=3194721) INFO:     127.0.0.1:38198 - "POST /v1/completions HTTP/1.1" 200 OK
(APIServer pid=3194721) INFO:     127.0.0.1:38218 - "POST /v1/completions HTTP/1.1" 200 OK
(APIServer pid=3194721) INFO:     127.0.0.1:38354 - "POST /v1/completions HTTP/1.1" 200 OK
(APIServer pid=3194721) INFO:     127.0.0.1:38370 - "POST /v1/completions HTTP/1.1" 200 OK
(APIServer pid=3194721) INFO:     127.0.0.1:38496 - "POST /v1/completions HTTP/1.1" 200 OK
(APIServer pid=3194721) INFO:     127.0.0.1:38434 - "POST /v1/completions HTTP/1.1" 200 OK
(APIServer pid=3194721) INFO:     127.0.0.1:38386 - "POST /v1/completions HTTP/1.1" 200 OK
(APIServer pid=3194721) INFO:     127.0.0.1:38414 - "POST /v1/completions HTTP/1.1" 200 OK
(APIServer pid=3194721) INFO:     127.0.0.1:38482 - "POST /v1/completions HTTP/1.1" 200 OK
(APIServer pid=3194721) INFO:     127.0.0.1:38404 - "POST /v1/completions HTTP/1.1" 200 OK
(APIServer pid=3194721) INFO:     127.0.0.1:38462 - "POST /v1/completions HTTP/1.1" 200 OK
(APIServer pid=3194721) INFO:     127.0.0.1:38420 - "POST /v1/completions HTTP/1.1" 200 OK
(APIServer pid=3194721) INFO:     127.0.0.1:38458 - "POST /v1/completions HTTP/1.1" 200 OK
(APIServer pid=3194721) INFO:     127.0.0.1:38574 - "POST /v1/completions HTTP/1.1" 200 OK
(APIServer pid=3194721) INFO:     127.0.0.1:38548 - "POST /v1/completions HTTP/1.1" 200 OK
(APIServer pid=3194721) INFO:     127.0.0.1:38502 - "POST /v1/completions HTTP/1.1" 200 OK
(APIServer pid=3194721) INFO:     127.0.0.1:38562 - "POST /v1/completions HTTP/1.1" 200 OK
(APIServer pid=3194721) INFO:     127.0.0.1:38392 - "POST /v1/completions HTTP/1.1" 200 OK
(APIServer pid=3194721) INFO:     127.0.0.1:38588 - "POST /v1/completions HTTP/1.1" 200 OK
(APIServer pid=3194721) INFO:     127.0.0.1:38516 - "POST /v1/completions HTTP/1.1" 200 OK
(APIServer pid=3194721) INFO:     127.0.0.1:38472 - "POST /v1/completions HTTP/1.1" 200 OK
(APIServer pid=3194721) INFO:     127.0.0.1:38532 - "POST /v1/completions HTTP/1.1" 200 OK
(APIServer pid=3194721) INFO:     127.0.0.1:38518 - "POST /v1/completions HTTP/1.1" 200 OK
(APIServer pid=3194721) INFO:     127.0.0.1:38620 - "POST /v1/completions HTTP/1.1" 200 OK
(APIServer pid=3194721) INFO:     127.0.0.1:38554 - "POST /v1/completions HTTP/1.1" 200 OK
(APIServer pid=3194721) INFO:     127.0.0.1:38446 - "POST /v1/completions HTTP/1.1" 200 OK
(APIServer pid=3194721) INFO:     127.0.0.1:38612 - "POST /v1/completions HTTP/1.1" 200 OK
(APIServer pid=3194721) INFO:     127.0.0.1:38616 - "POST /v1/completions HTTP/1.1" 200 OK
(APIServer pid=3194721) INFO:     127.0.0.1:38648 - "POST /v1/completions HTTP/1.1" 200 OK
(APIServer pid=3194721) INFO:     127.0.0.1:38660 - "POST /v1/completions HTTP/1.1" 200 OK
(APIServer pid=3194721) INFO:     127.0.0.1:38596 - "POST /v1/completions HTTP/1.1" 200 OK
(APIServer pid=3194721) INFO:     127.0.0.1:38632 - "POST /v1/completions HTTP/1.1" 200 OK
(APIServer pid=3194721) INFO:     127.0.0.1:45178 - "POST /v1/completions HTTP/1.1" 200 OK
(APIServer pid=3194721) INFO:     127.0.0.1:38048 - "POST /v1/completions HTTP/1.1" 200 OK
(APIServer pid=3194721) INFO:     127.0.0.1:45182 - "POST /v1/completions HTTP/1.1" 200 OK
(APIServer pid=3194721) INFO:     127.0.0.1:45180 - "POST /v1/completions HTTP/1.1" 200 OK
(APIServer pid=3194721) INFO:     127.0.0.1:45198 - "POST /v1/completions HTTP/1.1" 200 OK
(APIServer pid=3194721) INFO:     127.0.0.1:45202 - "POST /v1/completions HTTP/1.1" 200 OK
(APIServer pid=3194721) INFO:     127.0.0.1:45218 - "POST /v1/completions HTTP/1.1" 200 OK
(APIServer pid=3194721) INFO:     127.0.0.1:45234 - "POST /v1/completions HTTP/1.1" 200 OK
(APIServer pid=3194721) INFO:     127.0.0.1:45262 - "POST /v1/completions HTTP/1.1" 200 OK
(APIServer pid=3194721) INFO:     127.0.0.1:45246 - "POST /v1/completions HTTP/1.1" 200 OK
(APIServer pid=3194721) INFO:     127.0.0.1:45274 - "POST /v1/completions HTTP/1.1" 200 OK
(APIServer pid=3194721) INFO:     127.0.0.1:45272 - "POST /v1/completions HTTP/1.1" 200 OK
(APIServer pid=3194721) INFO:     127.0.0.1:45306 - "POST /v1/completions HTTP/1.1" 200 OK
(APIServer pid=3194721) INFO:     127.0.0.1:45288 - "POST /v1/completions HTTP/1.1" 200 OK
(APIServer pid=3194721) INFO:     127.0.0.1:45294 - "POST /v1/completions HTTP/1.1" 200 OK
(APIServer pid=3194721) INFO:     127.0.0.1:45318 - "POST /v1/completions HTTP/1.1" 200 OK
(APIServer pid=3194721) INFO:     127.0.0.1:45320 - "POST /v1/completions HTTP/1.1" 200 OK
(APIServer pid=3194721) INFO:     127.0.0.1:45334 - "POST /v1/completions HTTP/1.1" 200 OK
(APIServer pid=3194721) INFO:     127.0.0.1:45348 - "POST /v1/completions HTTP/1.1" 200 OK
(APIServer pid=3194721) INFO:     127.0.0.1:45358 - "POST /v1/completions HTTP/1.1" 200 OK
(APIServer pid=3194721) INFO:     127.0.0.1:45366 - "POST /v1/completions HTTP/1.1" 200 OK
(APIServer pid=3194721) INFO:     127.0.0.1:45372 - "POST /v1/completions HTTP/1.1" 200 OK
(APIServer pid=3194721) INFO:     127.0.0.1:45386 - "POST /v1/completions HTTP/1.1" 200 OK
(APIServer pid=3194721) INFO:     127.0.0.1:45414 - "POST /v1/completions HTTP/1.1" 200 OK
(APIServer pid=3194721) INFO:     127.0.0.1:45400 - "POST /v1/completions HTTP/1.1" 200 OK
(APIServer pid=3194721) INFO:     127.0.0.1:45424 - "POST /v1/completions HTTP/1.1" 200 OK
(APIServer pid=3194721) INFO:     127.0.0.1:45440 - "POST /v1/completions HTTP/1.1" 200 OK
(APIServer pid=3194721) INFO:     127.0.0.1:45454 - "POST /v1/completions HTTP/1.1" 200 OK
(APIServer pid=3194721) INFO:     127.0.0.1:45442 - "POST /v1/completions HTTP/1.1" 200 OK
(APIServer pid=3194721) INFO:     127.0.0.1:45464 - "POST /v1/completions HTTP/1.1" 200 OK
(APIServer pid=3194721) INFO:     127.0.0.1:45476 - "POST /v1/completions HTTP/1.1" 200 OK
(APIServer pid=3194721) INFO:     127.0.0.1:45488 - "POST /v1/completions HTTP/1.1" 200 OK
(APIServer pid=3194721) INFO:     127.0.0.1:45498 - "POST /v1/completions HTTP/1.1" 200 OK
(APIServer pid=3194721) INFO:     127.0.0.1:45512 - "POST /v1/completions HTTP/1.1" 200 OK
(APIServer pid=3194721) INFO:     127.0.0.1:45524 - "POST /v1/completions HTTP/1.1" 200 OK
(APIServer pid=3194721) INFO:     127.0.0.1:45530 - "POST /v1/completions HTTP/1.1" 200 OK
(APIServer pid=3194721) INFO:     127.0.0.1:45542 - "POST /v1/completions HTTP/1.1" 200 OK
(APIServer pid=3194721) INFO:     127.0.0.1:45556 - "POST /v1/completions HTTP/1.1" 200 OK
(APIServer pid=3194721) INFO:     127.0.0.1:45570 - "POST /v1/completions HTTP/1.1" 200 OK
(APIServer pid=3194721) INFO:     127.0.0.1:45566 - "POST /v1/completions HTTP/1.1" 200 OK
(APIServer pid=3194721) INFO:     127.0.0.1:45598 - "POST /v1/completions HTTP/1.1" 200 OK
(APIServer pid=3194721) INFO:     127.0.0.1:45582 - "POST /v1/completions HTTP/1.1" 200 OK
(APIServer pid=3194721) INFO:     127.0.0.1:45608 - "POST /v1/completions HTTP/1.1" 200 OK
(APIServer pid=3194721) INFO:     127.0.0.1:45612 - "POST /v1/completions HTTP/1.1" 200 OK
(APIServer pid=3194721) INFO:     127.0.0.1:45628 - "POST /v1/completions HTTP/1.1" 200 OK
(APIServer pid=3194721) INFO:     127.0.0.1:45618 - "POST /v1/completions HTTP/1.1" 200 OK
(APIServer pid=3194721) INFO:     127.0.0.1:45640 - "POST /v1/completions HTTP/1.1" 200 OK
(APIServer pid=3194721) INFO:     127.0.0.1:45642 - "POST /v1/completions HTTP/1.1" 200 OK
(APIServer pid=3194721) INFO:     127.0.0.1:45662 - "POST /v1/completions HTTP/1.1" 200 OK
(APIServer pid=3194721) INFO:     127.0.0.1:45652 - "POST /v1/completions HTTP/1.1" 200 OK
(APIServer pid=3194721) INFO:     127.0.0.1:45666 - "POST /v1/completions HTTP/1.1" 200 OK
(APIServer pid=3194721) INFO:     127.0.0.1:45670 - "POST /v1/completions HTTP/1.1" 200 OK
(APIServer pid=3194721) INFO:     127.0.0.1:45680 - "POST /v1/completions HTTP/1.1" 200 OK
(APIServer pid=3194721) INFO:     127.0.0.1:45690 - "POST /v1/completions HTTP/1.1" 200 OK
(APIServer pid=3194721) INFO:     127.0.0.1:45706 - "POST /v1/completions HTTP/1.1" 200 OK
(APIServer pid=3194721) INFO:     127.0.0.1:45718 - "POST /v1/completions HTTP/1.1" 200 OK
(APIServer pid=3194721) INFO:     127.0.0.1:45740 - "POST /v1/completions HTTP/1.1" 200 OK
(APIServer pid=3194721) INFO:     127.0.0.1:45734 - "POST /v1/completions HTTP/1.1" 200 OK
(APIServer pid=3194721) INFO:     127.0.0.1:45742 - "POST /v1/completions HTTP/1.1" 200 OK
(APIServer pid=3194721) INFO:     127.0.0.1:45752 - "POST /v1/completions HTTP/1.1" 200 OK
(APIServer pid=3194721) INFO:     127.0.0.1:45766 - "POST /v1/completions HTTP/1.1" 200 OK
(APIServer pid=3194721) INFO:     127.0.0.1:45768 - "POST /v1/completions HTTP/1.1" 200 OK
(APIServer pid=3194721) INFO:     127.0.0.1:45780 - "POST /v1/completions HTTP/1.1" 200 OK
(APIServer pid=3194721) INFO:     127.0.0.1:45782 - "POST /v1/completions HTTP/1.1" 200 OK
(APIServer pid=3194721) INFO:     127.0.0.1:45800 - "POST /v1/completions HTTP/1.1" 200 OK
(APIServer pid=3194721) INFO:     127.0.0.1:45806 - "POST /v1/completions HTTP/1.1" 200 OK
(APIServer pid=3194721) INFO:     127.0.0.1:45794 - "POST /v1/completions HTTP/1.1" 200 OK
(APIServer pid=3194721) INFO:     127.0.0.1:45808 - "POST /v1/completions HTTP/1.1" 200 OK
(APIServer pid=3194721) INFO:     127.0.0.1:45818 - "POST /v1/completions HTTP/1.1" 200 OK
(APIServer pid=3194721) INFO:     127.0.0.1:45824 - "POST /v1/completions HTTP/1.1" 200 OK
(APIServer pid=3194721) INFO:     127.0.0.1:45826 - "POST /v1/completions HTTP/1.1" 200 OK
(APIServer pid=3194721) INFO:     127.0.0.1:45832 - "POST /v1/completions HTTP/1.1" 200 OK
(APIServer pid=3194721) INFO:     127.0.0.1:45834 - "POST /v1/completions HTTP/1.1" 200 OK
(APIServer pid=3194721) INFO:     127.0.0.1:45852 - "POST /v1/completions HTTP/1.1" 200 OK
(APIServer pid=3194721) INFO:     127.0.0.1:45848 - "POST /v1/completions HTTP/1.1" 200 OK
(APIServer pid=3194721) INFO:     127.0.0.1:45876 - "POST /v1/completions HTTP/1.1" 200 OK
(APIServer pid=3194721) INFO:     127.0.0.1:45868 - "POST /v1/completions HTTP/1.1" 200 OK
(APIServer pid=3194721) INFO:     127.0.0.1:45898 - "POST /v1/completions HTTP/1.1" 200 OK
(APIServer pid=3194721) INFO:     127.0.0.1:45884 - "POST /v1/completions HTTP/1.1" 200 OK
(APIServer pid=3194721) INFO:     127.0.0.1:45900 - "POST /v1/completions HTTP/1.1" 200 OK
(APIServer pid=3194721) INFO:     127.0.0.1:45914 - "POST /v1/completions HTTP/1.1" 200 OK
(APIServer pid=3194721) INFO:     127.0.0.1:45920 - "POST /v1/completions HTTP/1.1" 200 OK
(APIServer pid=3194721) INFO:     127.0.0.1:45922 - "POST /v1/completions HTTP/1.1" 200 OK
(APIServer pid=3194721) INFO:     127.0.0.1:45950 - "POST /v1/completions HTTP/1.1" 200 OK
(APIServer pid=3194721) INFO:     127.0.0.1:45938 - "POST /v1/completions HTTP/1.1" 200 OK
(APIServer pid=3194721) INFO:     127.0.0.1:45956 - "POST /v1/completions HTTP/1.1" 200 OK
(APIServer pid=3194721) INFO:     127.0.0.1:45960 - "POST /v1/completions HTTP/1.1" 200 OK
(APIServer pid=3194721) INFO:     127.0.0.1:45970 - "POST /v1/completions HTTP/1.1" 200 OK
(APIServer pid=3194721) INFO:     127.0.0.1:45976 - "POST /v1/completions HTTP/1.1" 200 OK
(APIServer pid=3194721) INFO:     127.0.0.1:45980 - "POST /v1/completions HTTP/1.1" 200 OK
(APIServer pid=3194721) INFO:     127.0.0.1:45986 - "POST /v1/completions HTTP/1.1" 200 OK
(APIServer pid=3194721) INFO:     127.0.0.1:45992 - "POST /v1/completions HTTP/1.1" 200 OK
(APIServer pid=3194721) INFO:     127.0.0.1:45994 - "POST /v1/completions HTTP/1.1" 200 OK
(APIServer pid=3194721) INFO:     127.0.0.1:46004 - "POST /v1/completions HTTP/1.1" 200 OK
(APIServer pid=3194721) INFO:     127.0.0.1:46008 - "POST /v1/completions HTTP/1.1" 200 OK
(APIServer pid=3194721) INFO:     127.0.0.1:46020 - "POST /v1/completions HTTP/1.1" 200 OK
(APIServer pid=3194721) INFO:     127.0.0.1:46026 - "POST /v1/completions HTTP/1.1" 200 OK
(APIServer pid=3194721) INFO:     127.0.0.1:46034 - "POST /v1/completions HTTP/1.1" 200 OK
(APIServer pid=3194721) INFO:     127.0.0.1:46048 - "POST /v1/completions HTTP/1.1" 200 OK
(APIServer pid=3194721) INFO:     127.0.0.1:46056 - "POST /v1/completions HTTP/1.1" 200 OK
(APIServer pid=3194721) INFO:     127.0.0.1:46070 - "POST /v1/completions HTTP/1.1" 200 OK
(APIServer pid=3194721) INFO:     127.0.0.1:46084 - "POST /v1/completions HTTP/1.1" 200 OK
(APIServer pid=3194721) INFO:     127.0.0.1:46106 - "POST /v1/completions HTTP/1.1" 200 OK
(APIServer pid=3194721) INFO:     127.0.0.1:46090 - "POST /v1/completions HTTP/1.1" 200 OK
(APIServer pid=3194721) INFO:     127.0.0.1:46118 - "POST /v1/completions HTTP/1.1" 200 OK
(APIServer pid=3194721) INFO:     127.0.0.1:46112 - "POST /v1/completions HTTP/1.1" 200 OK
(APIServer pid=3194721) INFO:     127.0.0.1:46126 - "POST /v1/completions HTTP/1.1" 200 OK
(APIServer pid=3194721) INFO:     127.0.0.1:46136 - "POST /v1/completions HTTP/1.1" 200 OK
(APIServer pid=3194721) INFO:     127.0.0.1:46150 - "POST /v1/completions HTTP/1.1" 200 OK
(APIServer pid=3194721) INFO:     127.0.0.1:46146 - "POST /v1/completions HTTP/1.1" 200 OK
(APIServer pid=3194721) INFO:     127.0.0.1:46168 - "POST /v1/completions HTTP/1.1" 200 OK
(APIServer pid=3194721) INFO:     127.0.0.1:46152 - "POST /v1/completions HTTP/1.1" 200 OK
(APIServer pid=3194721) INFO:     127.0.0.1:46174 - "POST /v1/completions HTTP/1.1" 200 OK
(APIServer pid=3194721) INFO:     127.0.0.1:46188 - "POST /v1/completions HTTP/1.1" 200 OK
(APIServer pid=3194721) INFO:     127.0.0.1:46202 - "POST /v1/completions HTTP/1.1" 200 OK
(APIServer pid=3194721) INFO:     127.0.0.1:46198 - "POST /v1/completions HTTP/1.1" 200 OK
(APIServer pid=3194721) INFO:     127.0.0.1:46210 - "POST /v1/completions HTTP/1.1" 200 OK
(APIServer pid=3194721) INFO:     127.0.0.1:46212 - "POST /v1/completions HTTP/1.1" 200 OK
(APIServer pid=3194721) INFO:     127.0.0.1:46220 - "POST /v1/completions HTTP/1.1" 200 OK
(APIServer pid=3194721) INFO:     127.0.0.1:46214 - "POST /v1/completions HTTP/1.1" 200 OK
(APIServer pid=3194721) INFO:     127.0.0.1:46234 - "POST /v1/completions HTTP/1.1" 200 OK
(APIServer pid=3194721) INFO:     127.0.0.1:46244 - "POST /v1/completions HTTP/1.1" 200 OK
(APIServer pid=3194721) INFO:     127.0.0.1:46262 - "POST /v1/completions HTTP/1.1" 200 OK
(APIServer pid=3194721) INFO:     127.0.0.1:46250 - "POST /v1/completions HTTP/1.1" 200 OK
(APIServer pid=3194721) INFO:     127.0.0.1:46268 - "POST /v1/completions HTTP/1.1" 200 OK
(APIServer pid=3194721) INFO:     127.0.0.1:46272 - "POST /v1/completions HTTP/1.1" 200 OK
(APIServer pid=3194721) INFO:     127.0.0.1:46274 - "POST /v1/completions HTTP/1.1" 200 OK
(APIServer pid=3194721) INFO:     127.0.0.1:46286 - "POST /v1/completions HTTP/1.1" 200 OK
(APIServer pid=3194721) INFO:     127.0.0.1:46298 - "POST /v1/completions HTTP/1.1" 200 OK
(APIServer pid=3194721) INFO:     127.0.0.1:46300 - "POST /v1/completions HTTP/1.1" 200 OK
(APIServer pid=3194721) INFO:     127.0.0.1:46310 - "POST /v1/completions HTTP/1.1" 200 OK
(APIServer pid=3194721) INFO:     127.0.0.1:46302 - "POST /v1/completions HTTP/1.1" 200 OK
(APIServer pid=3194721) INFO:     127.0.0.1:46324 - "POST /v1/completions HTTP/1.1" 200 OK
(APIServer pid=3194721) INFO:     127.0.0.1:46332 - "POST /v1/completions HTTP/1.1" 200 OK
(APIServer pid=3194721) INFO:     127.0.0.1:46336 - "POST /v1/completions HTTP/1.1" 200 OK
(APIServer pid=3194721) INFO:     127.0.0.1:46352 - "POST /v1/completions HTTP/1.1" 200 OK
(APIServer pid=3194721) INFO:     127.0.0.1:46384 - "POST /v1/completions HTTP/1.1" 200 OK
(APIServer pid=3194721) INFO:     127.0.0.1:46368 - "POST /v1/completions HTTP/1.1" 200 OK
(APIServer pid=3194721) INFO:     127.0.0.1:46386 - "POST /v1/completions HTTP/1.1" 200 OK
(APIServer pid=3194721) INFO:     127.0.0.1:46394 - "POST /v1/completions HTTP/1.1" 200 OK
(APIServer pid=3194721) INFO:     127.0.0.1:46404 - "POST /v1/completions HTTP/1.1" 200 OK
(APIServer pid=3194721) INFO:     127.0.0.1:46418 - "POST /v1/completions HTTP/1.1" 200 OK
(APIServer pid=3194721) INFO:     127.0.0.1:46428 - "POST /v1/completions HTTP/1.1" 200 OK
(APIServer pid=3194721) INFO:     127.0.0.1:46442 - "POST /v1/completions HTTP/1.1" 200 OK
(APIServer pid=3194721) INFO 07-08 11:04:20 [loggers.py:271] Engine 000: Avg prompt throughput: 40141.2 tokens/s, Avg generation throughput: 2781.9 tokens/s, Running: 240 reqs, Waiting: 12 reqs, GPU KV cache usage: 25.9%, Prefix cache hit rate: 17.6%
(APIServer pid=3194721) INFO:     127.0.0.1:46456 - "POST /v1/completions HTTP/1.1" 200 OK
(APIServer pid=3194721) INFO:     127.0.0.1:46450 - "POST /v1/completions HTTP/1.1" 200 OK
(APIServer pid=3194721) INFO:     127.0.0.1:46458 - "POST /v1/completions HTTP/1.1" 200 OK
(APIServer pid=3194721) INFO:     127.0.0.1:46470 - "POST /v1/completions HTTP/1.1" 200 OK
(APIServer pid=3194721) INFO:     127.0.0.1:46478 - "POST /v1/completions HTTP/1.1" 200 OK
(APIServer pid=3194721) INFO:     127.0.0.1:46490 - "POST /v1/completions HTTP/1.1" 200 OK
(APIServer pid=3194721) INFO:     127.0.0.1:46500 - "POST /v1/completions HTTP/1.1" 200 OK
(APIServer pid=3194721) INFO:     127.0.0.1:46508 - "POST /v1/completions HTTP/1.1" 200 OK
(APIServer pid=3194721) INFO:     127.0.0.1:46516 - "POST /v1/completions HTTP/1.1" 200 OK
(APIServer pid=3194721) INFO:     127.0.0.1:46520 - "POST /v1/completions HTTP/1.1" 200 OK
(APIServer pid=3194721) INFO:     127.0.0.1:46532 - "POST /v1/completions HTTP/1.1" 200 OK
(APIServer pid=3194721) INFO:     127.0.0.1:46540 - "POST /v1/completions HTTP/1.1" 200 OK
(APIServer pid=3194721) INFO:     127.0.0.1:46556 - "POST /v1/completions HTTP/1.1" 200 OK
(APIServer pid=3194721) INFO:     127.0.0.1:46562 - "POST /v1/completions HTTP/1.1" 200 OK
(APIServer pid=3194721) INFO:     127.0.0.1:46568 - "POST /v1/completions HTTP/1.1" 200 OK
(APIServer pid=3194721) INFO:     127.0.0.1:46570 - "POST /v1/completions HTTP/1.1" 200 OK
(APIServer pid=3194721) INFO:     127.0.0.1:46580 - "POST /v1/completions HTTP/1.1" 200 OK
(APIServer pid=3194721) INFO:     127.0.0.1:46588 - "POST /v1/completions HTTP/1.1" 200 OK
(APIServer pid=3194721) INFO:     127.0.0.1:46606 - "POST /v1/completions HTTP/1.1" 200 OK
(APIServer pid=3194721) INFO:     127.0.0.1:46602 - "POST /v1/completions HTTP/1.1" 200 OK
(APIServer pid=3194721) INFO:     127.0.0.1:46608 - "POST /v1/completions HTTP/1.1" 200 OK
(APIServer pid=3194721) INFO:     127.0.0.1:46618 - "POST /v1/completions HTTP/1.1" 200 OK
(APIServer pid=3194721) INFO:     127.0.0.1:46634 - "POST /v1/completions HTTP/1.1" 200 OK
(APIServer pid=3194721) INFO:     127.0.0.1:46638 - "POST /v1/completions HTTP/1.1" 200 OK
(APIServer pid=3194721) INFO:     127.0.0.1:46636 - "POST /v1/completions HTTP/1.1" 200 OK
(APIServer pid=3194721) INFO:     127.0.0.1:46640 - "POST /v1/completions HTTP/1.1" 200 OK
(APIServer pid=3194721) INFO:     127.0.0.1:46646 - "POST /v1/completions HTTP/1.1" 200 OK
(APIServer pid=3194721) INFO:     127.0.0.1:46654 - "POST /v1/completions HTTP/1.1" 200 OK
(APIServer pid=3194721) INFO:     127.0.0.1:46658 - "POST /v1/completions HTTP/1.1" 200 OK
(APIServer pid=3194721) INFO:     127.0.0.1:46668 - "POST /v1/completions HTTP/1.1" 200 OK
(APIServer pid=3194721) INFO:     127.0.0.1:46670 - "POST /v1/completions HTTP/1.1" 200 OK
(APIServer pid=3194721) INFO:     127.0.0.1:46676 - "POST /v1/completions HTTP/1.1" 200 OK
(APIServer pid=3194721) INFO:     127.0.0.1:46682 - "POST /v1/completions HTTP/1.1" 200 OK
(APIServer pid=3194721) INFO:     127.0.0.1:46698 - "POST /v1/completions HTTP/1.1" 200 OK
(APIServer pid=3194721) INFO:     127.0.0.1:46710 - "POST /v1/completions HTTP/1.1" 200 OK
(APIServer pid=3194721) INFO:     127.0.0.1:46724 - "POST /v1/completions HTTP/1.1" 200 OK
(APIServer pid=3194721) INFO:     127.0.0.1:46728 - "POST /v1/completions HTTP/1.1" 200 OK
(APIServer pid=3194721) INFO:     127.0.0.1:46736 - "POST /v1/completions HTTP/1.1" 200 OK
(APIServer pid=3194721) INFO:     127.0.0.1:46750 - "POST /v1/completions HTTP/1.1" 200 OK
(APIServer pid=3194721) INFO:     127.0.0.1:46768 - "POST /v1/completions HTTP/1.1" 200 OK
(APIServer pid=3194721) INFO:     127.0.0.1:46780 - "POST /v1/completions HTTP/1.1" 200 OK
(APIServer pid=3194721) INFO:     127.0.0.1:46752 - "POST /v1/completions HTTP/1.1" 200 OK
(APIServer pid=3194721) INFO:     127.0.0.1:46792 - "POST /v1/completions HTTP/1.1" 200 OK
(APIServer pid=3194721) INFO:     127.0.0.1:46784 - "POST /v1/completions HTTP/1.1" 200 OK
(APIServer pid=3194721) INFO:     127.0.0.1:46798 - "POST /v1/completions HTTP/1.1" 200 OK
(APIServer pid=3194721) INFO:     127.0.0.1:46794 - "POST /v1/completions HTTP/1.1" 200 OK
(APIServer pid=3194721) INFO:     127.0.0.1:46806 - "POST /v1/completions HTTP/1.1" 200 OK
(APIServer pid=3194721) INFO:     127.0.0.1:46802 - "POST /v1/completions HTTP/1.1" 200 OK
(APIServer pid=3194721) INFO:     127.0.0.1:38052 - "POST /v1/completions HTTP/1.1" 200 OK
(APIServer pid=3194721) INFO:     127.0.0.1:46808 - "GET /metrics HTTP/1.1" 200 OK
(EngineCore pid=3195936) INFO 07-08 11:04:25 [core.py:1266] Shutdown initiated (timeout=0)
(EngineCore pid=3195936) INFO 07-08 11:04:25 [core.py:1289] Shutdown complete
(Worker_TP0 pid=3196388) INFO 07-08 11:04:25 [multiproc_executor.py:775] Parent process exited, terminating worker queues
(Worker_TP7 pid=3196395) INFO 07-08 11:04:25 [multiproc_executor.py:872] WorkerProc shutting down.
(Worker_TP4 pid=3196392) INFO 07-08 11:04:25 [multiproc_executor.py:872] WorkerProc shutting down.
(Worker_TP5 pid=3196393) INFO 07-08 11:04:25 [multiproc_executor.py:872] WorkerProc shutting down.
(Worker_TP0 pid=3196388) INFO 07-08 11:04:25 [multiproc_executor.py:872] WorkerProc shutting down.
(Worker_TP6 pid=3196394) INFO 07-08 11:04:25 [multiproc_executor.py:872] WorkerProc shutting down.
(Worker_TP2 pid=3196390) INFO 07-08 11:04:25 [multiproc_executor.py:872] WorkerProc shutting down.
(Worker_TP3 pid=3196391) INFO 07-08 11:04:25 [multiproc_executor.py:872] WorkerProc shutting down.
(Worker_TP1 pid=3196389) INFO 07-08 11:04:25 [multiproc_executor.py:872] WorkerProc shutting down.
(APIServer pid=3194721) INFO:     Shutting down
(APIServer pid=3194721) INFO 07-08 11:04:25 [launcher.py:137] Shutting down FastAPI HTTP server.
(APIServer pid=3194721) INFO:     Shutting down
(APIServer pid=3194721) INFO:     Waiting for application shutdown.
(APIServer pid=3194721) INFO:     Application shutdown complete.
/usr/lib/python3.12/multiprocessing/resource_tracker.py:254: UserWarning: resource_tracker: There appear to be 8 leaked semaphore objects to clean up at shutdown
  warnings.warn('resource_tracker: There appear to be %d '
/usr/lib/python3.12/multiprocessing/resource_tracker.py:254: UserWarning: resource_tracker: There appear to be 10 leaked shared_memory objects to clean up at shutdown
  warnings.warn('resource_tracker: There appear to be %d '
