Warning: FT_COLLECTIVE_PYTHON does not exist: /Users/tstamler/nccl/contrib/fault_tolerant_collectives/ft_handle/python
Starting FT NCCL communicator server: model=Qwen/Qwen2.5-32B-Instruct tp=8 port=8000
FT_COLLECTIVE_PYTHON=/Users/tstamler/nccl/contrib/fault_tolerant_collectives/ft_handle/python
FT_NCCL_MAX_COUNT=33554432
[E708 11:07:32.931265575 shim_common.cpp:1458] Exception in aoti_torch: Tried to register an operator (_C::persistent_masked_m_silu_mul_quant(Tensor input, Tensor counts, Tensor($0! -> ) y_q, Tensor($1! -> ) y_s, bool use_ue8m0) -> ()) with the same name and overload name multiple times. Each overload's schema should only be registered with a single call to def(). Duplicate registration: registered at /workspace/csrc/libtorch_stable/torch_bindings.cpp:10. Original registration: registered at /workspace/csrc/torch_bindings.cpp:21
Exception raised from registerDef at /pytorch/aten/src/ATen/core/dispatch/Dispatcher.cpp:248 (most recent call first):
frame #0: c10::Error::Error(c10::SourceLocation, std::__cxx11::basic_string<char, std::char_traits<char>, std::allocator<char> >) + 0x9d (0x7ffff6d7205d in /workspace/vllm/.venv/lib/python3.12/site-packages/torch/lib/libc10.so)
frame #1: c10::detail::torchCheckFail(char const*, char const*, unsigned int, std::__cxx11::basic_string<char, std::char_traits<char>, std::allocator<char> > const&) + 0xc3 (0x7ffff6d066fd in /workspace/vllm/.venv/lib/python3.12/site-packages/torch/lib/libc10.so)
frame #2: c10::Dispatcher::registerDef(c10::FunctionSchema, std::__cxx11::basic_string<char, std::char_traits<char>, std::allocator<char> >, std::vector<at::Tag, std::allocator<at::Tag> >) + 0x35e (0x7fff0e8811fe in /workspace/vllm/.venv/lib/python3.12/site-packages/torch/lib/libtorch_cpu.so)
frame #3: torch::Library::_def(c10::FunctionSchema&&, c10::OperatorName*, std::vector<at::Tag, std::allocator<at::Tag> > const&, torch::_RegisterOrVerify) & + 0x514 (0x7fff0e8c2254 in /workspace/vllm/.venv/lib/python3.12/site-packages/torch/lib/libtorch_cpu.so)
frame #4: aoti_torch_library_def + 0x99 (0x7fff12ad45b9 in /workspace/vllm/.venv/lib/python3.12/site-packages/torch/lib/libtorch_cpu.so)
frame #5: <unknown function> + 0x2bdaf1 (0x7ffded2beaf1 in /workspace/vllm/vllm/_C_stable_libtorch.abi3.so)
frame #6: <unknown function> + 0x2bf0ce (0x7ffded2c00ce in /workspace/vllm/vllm/_C_stable_libtorch.abi3.so)
frame #7: <unknown function> + 0x279d92 (0x7ffded27ad92 in /workspace/vllm/vllm/_C_stable_libtorch.abi3.so)
frame #8: <unknown function> + 0x571f (0x7ffff7fca71f in /lib64/ld-linux-x86-64.so.2)
frame #9: <unknown function> + 0x5824 (0x7ffff7fca824 in /lib64/ld-linux-x86-64.so.2)
frame #10: _dl_catch_exception + 0x132 (0x7ffff7fc65b2 in /lib64/ld-linux-x86-64.so.2)
frame #11: <unknown function> + 0xcd7c (0x7ffff7fd1d7c in /lib64/ld-linux-x86-64.so.2)
frame #12: _dl_catch_exception + 0x9c (0x7ffff7fc651c in /lib64/ld-linux-x86-64.so.2)
frame #13: <unknown function> + 0xd164 (0x7ffff7fd2164 in /lib64/ld-linux-x86-64.so.2)
frame #14: <unknown function> + 0x981a4 (0x7ffff7d0c1a4 in /usr/lib/x86_64-linux-gnu/libc.so.6)
frame #15: _dl_catch_exception + 0x9c (0x7ffff7fc651c in /lib64/ld-linux-x86-64.so.2)
frame #16: <unknown function> + 0x1669 (0x7ffff7fc6669 in /lib64/ld-linux-x86-64.so.2)
frame #17: <unknown function> + 0x97c83 (0x7ffff7d0bc83 in /usr/lib/x86_64-linux-gnu/libc.so.6)
frame #18: dlopen + 0x6f (0x7ffff7d0c25f in /usr/lib/x86_64-linux-gnu/libc.so.6)
frame #19: /workspace/vllm/.venv/bin/python() [0x6bc36c]
frame #20: /workspace/vllm/.venv/bin/python() [0x6a946a]
frame #21: /workspace/vllm/.venv/bin/python() [0x6a8bf2]
frame #22: /workspace/vllm/.venv/bin/python() [0x581f37]
frame #23: _PyEval_EvalFrameDefault + 0x4c3a (0x5db0ba in /workspace/vllm/.venv/bin/python)
frame #24: /workspace/vllm/.venv/bin/python() [0x549d47]
frame #25: PyObject_CallMethodObjArgs + 0xe3 (0x54b5c3 in /workspace/vllm/.venv/bin/python)
frame #26: PyImport_ImportModuleLevelObject + 0x395 (0x5fd805 in /workspace/vllm/.venv/bin/python)
frame #27: _PyEval_EvalFrameDefault + 0x5eee (0x5dc36e in /workspace/vllm/.venv/bin/python)
frame #28: PyEval_EvalCode + 0x15b (0x5d543b in /workspace/vllm/.venv/bin/python)
frame #29: /workspace/vllm/.venv/bin/python() [0x5d322c]
frame #30: /workspace/vllm/.venv/bin/python() [0x581d1d]
frame #31: _PyEval_EvalFrameDefault + 0x4c3a (0x5db0ba in /workspace/vllm/.venv/bin/python)
frame #32: PyObject_CallOneArg + 0x4d (0x54a65d in /workspace/vllm/.venv/bin/python)
frame #33: /workspace/vllm/.venv/bin/python() [0x582e84]
frame #34: _PyObject_LookupAttr + 0x7a (0x584bea in /workspace/vllm/.venv/bin/python)
frame #35: /workspace/vllm/.venv/bin/python() [0x5d2b8a]
frame #36: _PyEval_EvalFrameDefault + 0x207d (0x5d84fd in /workspace/vllm/.venv/bin/python)
frame #37: /workspace/vllm/.venv/bin/python() [0x549d47]
frame #38: PyObject_CallMethodObjArgs + 0xe3 (0x54b5c3 in /workspace/vllm/.venv/bin/python)
frame #39: PyImport_ImportModuleLevelObject + 0x5eb (0x5fda5b in /workspace/vllm/.venv/bin/python)
frame #40: _PyEval_EvalFrameDefault + 0x5eee (0x5dc36e in /workspace/vllm/.venv/bin/python)
frame #41: PyEval_EvalCode + 0x15b (0x5d543b in /workspace/vllm/.venv/bin/python)
frame #42: /workspace/vllm/.venv/bin/python() [0x5d322c]
frame #43: /workspace/vllm/.venv/bin/python() [0x581d1d]
frame #44: _PyEval_EvalFrameDefault + 0x4c3a (0x5db0ba in /workspace/vllm/.venv/bin/python)
frame #45: /workspace/vllm/.venv/bin/python() [0x549d47]
frame #46: PyObject_CallMethodObjArgs + 0xe3 (0x54b5c3 in /workspace/vllm/.venv/bin/python)
frame #47: PyImport_ImportModuleLevelObject + 0x395 (0x5fd805 in /workspace/vllm/.venv/bin/python)
frame #48: _PyEval_EvalFrameDefault + 0x5eee (0x5dc36e in /workspace/vllm/.venv/bin/python)
frame #49: PyEval_EvalCode + 0x15b (0x5d543b in /workspace/vllm/.venv/bin/python)
frame #50: /workspace/vllm/.venv/bin/python() [0x5d322c]
frame #51: /workspace/vllm/.venv/bin/python() [0x581d1d]
frame #52: _PyEval_EvalFrameDefault + 0x4c3a (0x5db0ba in /workspace/vllm/.venv/bin/python)
frame #53: /workspace/vllm/.venv/bin/python() [0x549d47]
frame #54: PyObject_CallMethodObjArgs + 0xe3 (0x54b5c3 in /workspace/vllm/.venv/bin/python)
frame #55: PyImport_ImportModuleLevelObject + 0x395 (0x5fd805 in /workspace/vllm/.venv/bin/python)
frame #56: _PyEval_EvalFrameDefault + 0x5eee (0x5dc36e in /workspace/vllm/.venv/bin/python)
frame #57: PyEval_EvalCode + 0x15b (0x5d543b in /workspace/vllm/.venv/bin/python)
frame #58: /workspace/vllm/.venv/bin/python() [0x5d322c]
frame #59: /workspace/vllm/.venv/bin/python() [0x581d1d]
frame #60: _PyEval_EvalFrameDefault + 0x4c3a (0x5db0ba in /workspace/vllm/.venv/bin/python)
frame #61: /workspace/vllm/.venv/bin/python() [0x549d47]
frame #62: PyObject_CallMethodObjArgs + 0xe3 (0x54b5c3 in /workspace/vllm/.venv/bin/python)

[E708 11:07:32.933259847 shim_common.cpp:1458] Exception in aoti_torch: Tried to register an operator (_C::weak_ref_tensor(Tensor input) -> Tensor) with the same name and overload name multiple times. Each overload's schema should only be registered with a single call to def(). Duplicate registration: registered at /workspace/csrc/libtorch_stable/torch_bindings.cpp:10. Original registration: registered at /workspace/csrc/torch_bindings.cpp:21
Exception raised from registerDef at /pytorch/aten/src/ATen/core/dispatch/Dispatcher.cpp:248 (most recent call first):
frame #0: c10::Error::Error(c10::SourceLocation, std::__cxx11::basic_string<char, std::char_traits<char>, std::allocator<char> >) + 0x9d (0x7ffff6d7205d in /workspace/vllm/.venv/lib/python3.12/site-packages/torch/lib/libc10.so)
frame #1: c10::detail::torchCheckFail(char const*, char const*, unsigned int, std::__cxx11::basic_string<char, std::char_traits<char>, std::allocator<char> > const&) + 0xc3 (0x7ffff6d066fd in /workspace/vllm/.venv/lib/python3.12/site-packages/torch/lib/libc10.so)
frame #2: c10::Dispatcher::registerDef(c10::FunctionSchema, std::__cxx11::basic_string<char, std::char_traits<char>, std::allocator<char> >, std::vector<at::Tag, std::allocator<at::Tag> >) + 0x35e (0x7fff0e8811fe in /workspace/vllm/.venv/lib/python3.12/site-packages/torch/lib/libtorch_cpu.so)
frame #3: torch::Library::_def(c10::FunctionSchema&&, c10::OperatorName*, std::vector<at::Tag, std::allocator<at::Tag> > const&, torch::_RegisterOrVerify) & + 0x514 (0x7fff0e8c2254 in /workspace/vllm/.venv/lib/python3.12/site-packages/torch/lib/libtorch_cpu.so)
frame #4: aoti_torch_library_def + 0x99 (0x7fff12ad45b9 in /workspace/vllm/.venv/lib/python3.12/site-packages/torch/lib/libtorch_cpu.so)
frame #5: <unknown function> + 0x2bdb00 (0x7ffded2beb00 in /workspace/vllm/vllm/_C_stable_libtorch.abi3.so)
frame #6: <unknown function> + 0x2bf0ce (0x7ffded2c00ce in /workspace/vllm/vllm/_C_stable_libtorch.abi3.so)
frame #7: <unknown function> + 0x279d92 (0x7ffded27ad92 in /workspace/vllm/vllm/_C_stable_libtorch.abi3.so)
frame #8: <unknown function> + 0x571f (0x7ffff7fca71f in /lib64/ld-linux-x86-64.so.2)
frame #9: <unknown function> + 0x5824 (0x7ffff7fca824 in /lib64/ld-linux-x86-64.so.2)
frame #10: _dl_catch_exception + 0x132 (0x7ffff7fc65b2 in /lib64/ld-linux-x86-64.so.2)
frame #11: <unknown function> + 0xcd7c (0x7ffff7fd1d7c in /lib64/ld-linux-x86-64.so.2)
frame #12: _dl_catch_exception + 0x9c (0x7ffff7fc651c in /lib64/ld-linux-x86-64.so.2)
frame #13: <unknown function> + 0xd164 (0x7ffff7fd2164 in /lib64/ld-linux-x86-64.so.2)
frame #14: <unknown function> + 0x981a4 (0x7ffff7d0c1a4 in /usr/lib/x86_64-linux-gnu/libc.so.6)
frame #15: _dl_catch_exception + 0x9c (0x7ffff7fc651c in /lib64/ld-linux-x86-64.so.2)
frame #16: <unknown function> + 0x1669 (0x7ffff7fc6669 in /lib64/ld-linux-x86-64.so.2)
frame #17: <unknown function> + 0x97c83 (0x7ffff7d0bc83 in /usr/lib/x86_64-linux-gnu/libc.so.6)
frame #18: dlopen + 0x6f (0x7ffff7d0c25f in /usr/lib/x86_64-linux-gnu/libc.so.6)
frame #19: /workspace/vllm/.venv/bin/python() [0x6bc36c]
frame #20: /workspace/vllm/.venv/bin/python() [0x6a946a]
frame #21: /workspace/vllm/.venv/bin/python() [0x6a8bf2]
frame #22: /workspace/vllm/.venv/bin/python() [0x581f37]
frame #23: _PyEval_EvalFrameDefault + 0x4c3a (0x5db0ba in /workspace/vllm/.venv/bin/python)
frame #24: /workspace/vllm/.venv/bin/python() [0x549d47]
frame #25: PyObject_CallMethodObjArgs + 0xe3 (0x54b5c3 in /workspace/vllm/.venv/bin/python)
frame #26: PyImport_ImportModuleLevelObject + 0x395 (0x5fd805 in /workspace/vllm/.venv/bin/python)
frame #27: _PyEval_EvalFrameDefault + 0x5eee (0x5dc36e in /workspace/vllm/.venv/bin/python)
frame #28: PyEval_EvalCode + 0x15b (0x5d543b in /workspace/vllm/.venv/bin/python)
frame #29: /workspace/vllm/.venv/bin/python() [0x5d322c]
frame #30: /workspace/vllm/.venv/bin/python() [0x581d1d]
frame #31: _PyEval_EvalFrameDefault + 0x4c3a (0x5db0ba in /workspace/vllm/.venv/bin/python)
frame #32: PyObject_CallOneArg + 0x4d (0x54a65d in /workspace/vllm/.venv/bin/python)
frame #33: /workspace/vllm/.venv/bin/python() [0x582e84]
frame #34: _PyObject_LookupAttr + 0x7a (0x584bea in /workspace/vllm/.venv/bin/python)
frame #35: /workspace/vllm/.venv/bin/python() [0x5d2b8a]
frame #36: _PyEval_EvalFrameDefault + 0x207d (0x5d84fd in /workspace/vllm/.venv/bin/python)
frame #37: /workspace/vllm/.venv/bin/python() [0x549d47]
frame #38: PyObject_CallMethodObjArgs + 0xe3 (0x54b5c3 in /workspace/vllm/.venv/bin/python)
frame #39: PyImport_ImportModuleLevelObject + 0x5eb (0x5fda5b in /workspace/vllm/.venv/bin/python)
frame #40: _PyEval_EvalFrameDefault + 0x5eee (0x5dc36e in /workspace/vllm/.venv/bin/python)
frame #41: PyEval_EvalCode + 0x15b (0x5d543b in /workspace/vllm/.venv/bin/python)
frame #42: /workspace/vllm/.venv/bin/python() [0x5d322c]
frame #43: /workspace/vllm/.venv/bin/python() [0x581d1d]
frame #44: _PyEval_EvalFrameDefault + 0x4c3a (0x5db0ba in /workspace/vllm/.venv/bin/python)
frame #45: /workspace/vllm/.venv/bin/python() [0x549d47]
frame #46: PyObject_CallMethodObjArgs + 0xe3 (0x54b5c3 in /workspace/vllm/.venv/bin/python)
frame #47: PyImport_ImportModuleLevelObject + 0x395 (0x5fd805 in /workspace/vllm/.venv/bin/python)
frame #48: _PyEval_EvalFrameDefault + 0x5eee (0x5dc36e in /workspace/vllm/.venv/bin/python)
frame #49: PyEval_EvalCode + 0x15b (0x5d543b in /workspace/vllm/.venv/bin/python)
frame #50: /workspace/vllm/.venv/bin/python() [0x5d322c]
frame #51: /workspace/vllm/.venv/bin/python() [0x581d1d]
frame #52: _PyEval_EvalFrameDefault + 0x4c3a (0x5db0ba in /workspace/vllm/.venv/bin/python)
frame #53: /workspace/vllm/.venv/bin/python() [0x549d47]
frame #54: PyObject_CallMethodObjArgs + 0xe3 (0x54b5c3 in /workspace/vllm/.venv/bin/python)
frame #55: PyImport_ImportModuleLevelObject + 0x395 (0x5fd805 in /workspace/vllm/.venv/bin/python)
frame #56: _PyEval_EvalFrameDefault + 0x5eee (0x5dc36e in /workspace/vllm/.venv/bin/python)
frame #57: PyEval_EvalCode + 0x15b (0x5d543b in /workspace/vllm/.venv/bin/python)
frame #58: /workspace/vllm/.venv/bin/python() [0x5d322c]
frame #59: /workspace/vllm/.venv/bin/python() [0x581d1d]
frame #60: _PyEval_EvalFrameDefault + 0x4c3a (0x5db0ba in /workspace/vllm/.venv/bin/python)
frame #61: /workspace/vllm/.venv/bin/python() [0x549d47]
frame #62: PyObject_CallMethodObjArgs + 0xe3 (0x54b5c3 in /workspace/vllm/.venv/bin/python)

[E708 11:07:32.935226724 shim_common.cpp:1458] Exception in aoti_torch: Tried to register an operator (_C::silu_and_mul_quant(Tensor($0! -> ) result, Tensor input, Tensor scale) -> ()) with the same name and overload name multiple times. Each overload's schema should only be registered with a single call to def(). Duplicate registration: registered at /workspace/csrc/libtorch_stable/torch_bindings.cpp:10. Original registration: registered at /workspace/csrc/torch_bindings.cpp:21
Exception raised from registerDef at /pytorch/aten/src/ATen/core/dispatch/Dispatcher.cpp:248 (most recent call first):
frame #0: c10::Error::Error(c10::SourceLocation, std::__cxx11::basic_string<char, std::char_traits<char>, std::allocator<char> >) + 0x9d (0x7ffff6d7205d in /workspace/vllm/.venv/lib/python3.12/site-packages/torch/lib/libc10.so)
frame #1: c10::detail::torchCheckFail(char const*, char const*, unsigned int, std::__cxx11::basic_string<char, std::char_traits<char>, std::allocator<char> > const&) + 0xc3 (0x7ffff6d066fd in /workspace/vllm/.venv/lib/python3.12/site-packages/torch/lib/libc10.so)
frame #2: c10::Dispatcher::registerDef(c10::FunctionSchema, std::__cxx11::basic_string<char, std::char_traits<char>, std::allocator<char> >, std::vector<at::Tag, std::allocator<at::Tag> >) + 0x35e (0x7fff0e8811fe in /workspace/vllm/.venv/lib/python3.12/site-packages/torch/lib/libtorch_cpu.so)
frame #3: torch::Library::_def(c10::FunctionSchema&&, c10::OperatorName*, std::vector<at::Tag, std::allocator<at::Tag> > const&, torch::_RegisterOrVerify) & + 0x514 (0x7fff0e8c2254 in /workspace/vllm/.venv/lib/python3.12/site-packages/torch/lib/libtorch_cpu.so)
frame #4: aoti_torch_library_def + 0x99 (0x7fff12ad45b9 in /workspace/vllm/.venv/lib/python3.12/site-packages/torch/lib/libtorch_cpu.so)
frame #5: <unknown function> + 0x2bdb3c (0x7ffded2beb3c in /workspace/vllm/vllm/_C_stable_libtorch.abi3.so)
frame #6: <unknown function> + 0x2bf0ce (0x7ffded2c00ce in /workspace/vllm/vllm/_C_stable_libtorch.abi3.so)
frame #7: <unknown function> + 0x279d92 (0x7ffded27ad92 in /workspace/vllm/vllm/_C_stable_libtorch.abi3.so)
frame #8: <unknown function> + 0x571f (0x7ffff7fca71f in /lib64/ld-linux-x86-64.so.2)
frame #9: <unknown function> + 0x5824 (0x7ffff7fca824 in /lib64/ld-linux-x86-64.so.2)
frame #10: _dl_catch_exception + 0x132 (0x7ffff7fc65b2 in /lib64/ld-linux-x86-64.so.2)
frame #11: <unknown function> + 0xcd7c (0x7ffff7fd1d7c in /lib64/ld-linux-x86-64.so.2)
frame #12: _dl_catch_exception + 0x9c (0x7ffff7fc651c in /lib64/ld-linux-x86-64.so.2)
frame #13: <unknown function> + 0xd164 (0x7ffff7fd2164 in /lib64/ld-linux-x86-64.so.2)
frame #14: <unknown function> + 0x981a4 (0x7ffff7d0c1a4 in /usr/lib/x86_64-linux-gnu/libc.so.6)
frame #15: _dl_catch_exception + 0x9c (0x7ffff7fc651c in /lib64/ld-linux-x86-64.so.2)
frame #16: <unknown function> + 0x1669 (0x7ffff7fc6669 in /lib64/ld-linux-x86-64.so.2)
frame #17: <unknown function> + 0x97c83 (0x7ffff7d0bc83 in /usr/lib/x86_64-linux-gnu/libc.so.6)
frame #18: dlopen + 0x6f (0x7ffff7d0c25f in /usr/lib/x86_64-linux-gnu/libc.so.6)
frame #19: /workspace/vllm/.venv/bin/python() [0x6bc36c]
frame #20: /workspace/vllm/.venv/bin/python() [0x6a946a]
frame #21: /workspace/vllm/.venv/bin/python() [0x6a8bf2]
frame #22: /workspace/vllm/.venv/bin/python() [0x581f37]
frame #23: _PyEval_EvalFrameDefault + 0x4c3a (0x5db0ba in /workspace/vllm/.venv/bin/python)
frame #24: /workspace/vllm/.venv/bin/python() [0x549d47]
frame #25: PyObject_CallMethodObjArgs + 0xe3 (0x54b5c3 in /workspace/vllm/.venv/bin/python)
frame #26: PyImport_ImportModuleLevelObject + 0x395 (0x5fd805 in /workspace/vllm/.venv/bin/python)
frame #27: _PyEval_EvalFrameDefault + 0x5eee (0x5dc36e in /workspace/vllm/.venv/bin/python)
frame #28: PyEval_EvalCode + 0x15b (0x5d543b in /workspace/vllm/.venv/bin/python)
frame #29: /workspace/vllm/.venv/bin/python() [0x5d322c]
frame #30: /workspace/vllm/.venv/bin/python() [0x581d1d]
frame #31: _PyEval_EvalFrameDefault + 0x4c3a (0x5db0ba in /workspace/vllm/.venv/bin/python)
frame #32: PyObject_CallOneArg + 0x4d (0x54a65d in /workspace/vllm/.venv/bin/python)
frame #33: /workspace/vllm/.venv/bin/python() [0x582e84]
frame #34: _PyObject_LookupAttr + 0x7a (0x584bea in /workspace/vllm/.venv/bin/python)
frame #35: /workspace/vllm/.venv/bin/python() [0x5d2b8a]
frame #36: _PyEval_EvalFrameDefault + 0x207d (0x5d84fd in /workspace/vllm/.venv/bin/python)
frame #37: /workspace/vllm/.venv/bin/python() [0x549d47]
frame #38: PyObject_CallMethodObjArgs + 0xe3 (0x54b5c3 in /workspace/vllm/.venv/bin/python)
frame #39: PyImport_ImportModuleLevelObject + 0x5eb (0x5fda5b in /workspace/vllm/.venv/bin/python)
frame #40: _PyEval_EvalFrameDefault + 0x5eee (0x5dc36e in /workspace/vllm/.venv/bin/python)
frame #41: PyEval_EvalCode + 0x15b (0x5d543b in /workspace/vllm/.venv/bin/python)
frame #42: /workspace/vllm/.venv/bin/python() [0x5d322c]
frame #43: /workspace/vllm/.venv/bin/python() [0x581d1d]
frame #44: _PyEval_EvalFrameDefault + 0x4c3a (0x5db0ba in /workspace/vllm/.venv/bin/python)
frame #45: /workspace/vllm/.venv/bin/python() [0x549d47]
frame #46: PyObject_CallMethodObjArgs + 0xe3 (0x54b5c3 in /workspace/vllm/.venv/bin/python)
frame #47: PyImport_ImportModuleLevelObject + 0x395 (0x5fd805 in /workspace/vllm/.venv/bin/python)
frame #48: _PyEval_EvalFrameDefault + 0x5eee (0x5dc36e in /workspace/vllm/.venv/bin/python)
frame #49: PyEval_EvalCode + 0x15b (0x5d543b in /workspace/vllm/.venv/bin/python)
frame #50: /workspace/vllm/.venv/bin/python() [0x5d322c]
frame #51: /workspace/vllm/.venv/bin/python() [0x581d1d]
frame #52: _PyEval_EvalFrameDefault + 0x4c3a (0x5db0ba in /workspace/vllm/.venv/bin/python)
frame #53: /workspace/vllm/.venv/bin/python() [0x549d47]
frame #54: PyObject_CallMethodObjArgs + 0xe3 (0x54b5c3 in /workspace/vllm/.venv/bin/python)
frame #55: PyImport_ImportModuleLevelObject + 0x395 (0x5fd805 in /workspace/vllm/.venv/bin/python)
frame #56: _PyEval_EvalFrameDefault + 0x5eee (0x5dc36e in /workspace/vllm/.venv/bin/python)
frame #57: PyEval_EvalCode + 0x15b (0x5d543b in /workspace/vllm/.venv/bin/python)
frame #58: /workspace/vllm/.venv/bin/python() [0x5d322c]
frame #59: /workspace/vllm/.venv/bin/python() [0x581d1d]
frame #60: _PyEval_EvalFrameDefault + 0x4c3a (0x5db0ba in /workspace/vllm/.venv/bin/python)
frame #61: /workspace/vllm/.venv/bin/python() [0x549d47]
frame #62: PyObject_CallMethodObjArgs + 0xe3 (0x54b5c3 in /workspace/vllm/.venv/bin/python)

[W708 11:07:32.937373410 OperatorEntry.cpp:208] Warning: Warning only once for all operators,  other operators may also be overridden.
  Overriding a previously registered kernel for the same operator and the same dispatch key
  operator: _C::persistent_masked_m_silu_mul_quant(Tensor input, Tensor counts, Tensor($0! -> ) y_q, Tensor($1! -> ) y_s, bool use_ue8m0) -> ()
    registered at /workspace/csrc/torch_bindings.cpp:21
  dispatch key: CUDA
  previous kernel: registered at /workspace/csrc/torch_bindings.cpp:21
       new kernel: registered at /workspace/csrc/libtorch_stable/torch_bindings.cpp:603 (function operator())
(APIServer pid=3210476) INFO 07-08 11:07:37 [utils.py:344] 
(APIServer pid=3210476) INFO 07-08 11:07:37 [utils.py:344]        █     █     █▄   ▄█
(APIServer pid=3210476) INFO 07-08 11:07:37 [utils.py:344]  ▄▄ ▄█ █     █     █ ▀▄▀ █  version 0.22.1.dev4+g431701083
(APIServer pid=3210476) INFO 07-08 11:07:37 [utils.py:344]   █▄█▀ █     █     █     █  model   Qwen/Qwen2.5-32B-Instruct
(APIServer pid=3210476) INFO 07-08 11:07:37 [utils.py:344]    ▀▀  ▀▀▀▀▀ ▀▀▀▀▀ ▀     ▀
(APIServer pid=3210476) INFO 07-08 11:07:37 [utils.py:344] 
(APIServer pid=3210476) INFO 07-08 11:07:37 [utils.py:278] non-default args: {'model_tag': 'Qwen/Qwen2.5-32B-Instruct', 'host': '127.0.0.1', 'model': 'Qwen/Qwen2.5-32B-Instruct', 'dtype': 'bfloat16', 'max_model_len': 4096, 'tensor_parallel_size': 8, 'disable_custom_all_reduce': True, 'gpu_memory_utilization': 0.9, 'max_num_batched_tokens': 4096}
(APIServer pid=3210476) WARNING 07-08 11:07:37 [system_utils.py:299] Found ulimit of 51200 and failed to automatically increase with error current limit exceeds maximum limit. This can cause fd limit errors like `OSError: [Errno 24] Too many open files`. Consider increasing with ulimit -n
(APIServer pid=3210476) WARNING 07-08 11:07:37 [envs.py:2057] Unknown vLLM environment variable detected: VLLM_USE_FT_NCCL_COMMUNICATOR
(APIServer pid=3210476) WARNING 07-08 11:07:37 [envs.py:2057] Unknown vLLM environment variable detected: VLLM_USE_FT_NCCL_TP
(APIServer pid=3210476) Warning: You are sending unauthenticated requests to the HF Hub. Please set a HF_TOKEN to enable higher rate limits and faster downloads.
(APIServer pid=3210476) INFO 07-08 11:07:38 [model.py:617] Resolved architecture: Qwen2ForCausalLM
(APIServer pid=3210476) INFO 07-08 11:07:38 [model.py:1752] Using max model len 4096
(APIServer pid=3210476) INFO 07-08 11:07:38 [scheduler.py:239] Chunked prefill is enabled with max_num_batched_tokens=4096.
(APIServer pid=3210476) INFO 07-08 11:07:38 [vllm.py:977] Asynchronous scheduling is enabled.
(APIServer pid=3210476) INFO 07-08 11:07:38 [kernel.py:270] Final IR op priority after setting platform defaults: IrOpPriorityConfig(rms_norm=['native'], fused_add_rms_norm=['native'])
(APIServer pid=3210476) <frozen importlib._bootstrap_external>:1297: FutureWarning: The cuda.cudart module is deprecated and will be removed in a future release, please switch to use the cuda.bindings.runtime module instead.
(APIServer pid=3210476) <frozen importlib._bootstrap_external>:1297: FutureWarning: The cuda.nvrtc module is deprecated and will be removed in a future release, please switch to use the cuda.bindings.nvrtc module instead.
(APIServer pid=3210476) INFO 07-08 11:07:42 [compilation.py:312] Enabled custom fusions: allreduce_rms
[E708 11:07:49.586748171 shim_common.cpp:1458] Exception in aoti_torch: Tried to register an operator (_C::persistent_masked_m_silu_mul_quant(Tensor input, Tensor counts, Tensor($0! -> ) y_q, Tensor($1! -> ) y_s, bool use_ue8m0) -> ()) with the same name and overload name multiple times. Each overload's schema should only be registered with a single call to def(). Duplicate registration: registered at /workspace/csrc/libtorch_stable/torch_bindings.cpp:10. Original registration: registered at /workspace/csrc/torch_bindings.cpp:21
Exception raised from registerDef at /pytorch/aten/src/ATen/core/dispatch/Dispatcher.cpp:248 (most recent call first):
frame #0: c10::Error::Error(c10::SourceLocation, std::__cxx11::basic_string<char, std::char_traits<char>, std::allocator<char> >) + 0x9d (0x7ffff6b7205d in /workspace/vllm/.venv/lib/python3.12/site-packages/torch/lib/libc10.so)
frame #1: c10::detail::torchCheckFail(char const*, char const*, unsigned int, std::__cxx11::basic_string<char, std::char_traits<char>, std::allocator<char> > const&) + 0xc3 (0x7ffff6b066fd in /workspace/vllm/.venv/lib/python3.12/site-packages/torch/lib/libc10.so)
frame #2: c10::Dispatcher::registerDef(c10::FunctionSchema, std::__cxx11::basic_string<char, std::char_traits<char>, std::allocator<char> >, std::vector<at::Tag, std::allocator<at::Tag> >) + 0x35e (0x7fff0e6811fe in /workspace/vllm/.venv/lib/python3.12/site-packages/torch/lib/libtorch_cpu.so)
frame #3: torch::Library::_def(c10::FunctionSchema&&, c10::OperatorName*, std::vector<at::Tag, std::allocator<at::Tag> > const&, torch::_RegisterOrVerify) & + 0x514 (0x7fff0e6c2254 in /workspace/vllm/.venv/lib/python3.12/site-packages/torch/lib/libtorch_cpu.so)
frame #4: aoti_torch_library_def + 0x99 (0x7fff128d45b9 in /workspace/vllm/.venv/lib/python3.12/site-packages/torch/lib/libtorch_cpu.so)
frame #5: <unknown function> + 0x2bdaf1 (0x7ff8ec4beaf1 in /workspace/vllm/vllm/_C_stable_libtorch.abi3.so)
frame #6: <unknown function> + 0x2bf0ce (0x7ff8ec4c00ce in /workspace/vllm/vllm/_C_stable_libtorch.abi3.so)
frame #7: <unknown function> + 0x279d92 (0x7ff8ec47ad92 in /workspace/vllm/vllm/_C_stable_libtorch.abi3.so)
frame #8: <unknown function> + 0x571f (0x7ffff7fca71f in /lib64/ld-linux-x86-64.so.2)
frame #9: <unknown function> + 0x5824 (0x7ffff7fca824 in /lib64/ld-linux-x86-64.so.2)
frame #10: _dl_catch_exception + 0x132 (0x7ffff7fc65b2 in /lib64/ld-linux-x86-64.so.2)
frame #11: <unknown function> + 0xcd7c (0x7ffff7fd1d7c in /lib64/ld-linux-x86-64.so.2)
frame #12: _dl_catch_exception + 0x9c (0x7ffff7fc651c in /lib64/ld-linux-x86-64.so.2)
frame #13: <unknown function> + 0xd164 (0x7ffff7fd2164 in /lib64/ld-linux-x86-64.so.2)
frame #14: <unknown function> + 0x981a4 (0x7ffff7d0c1a4 in /usr/lib/x86_64-linux-gnu/libc.so.6)
frame #15: _dl_catch_exception + 0x9c (0x7ffff7fc651c in /lib64/ld-linux-x86-64.so.2)
frame #16: <unknown function> + 0x1669 (0x7ffff7fc6669 in /lib64/ld-linux-x86-64.so.2)
frame #17: <unknown function> + 0x97c83 (0x7ffff7d0bc83 in /usr/lib/x86_64-linux-gnu/libc.so.6)
frame #18: dlopen + 0x6f (0x7ffff7d0c25f in /usr/lib/x86_64-linux-gnu/libc.so.6)
frame #19: /workspace/vllm/.venv/bin/python() [0x6bc36c]
frame #20: /workspace/vllm/.venv/bin/python() [0x6a946a]
frame #21: /workspace/vllm/.venv/bin/python() [0x6a8bf2]
frame #22: /workspace/vllm/.venv/bin/python() [0x581f37]
frame #23: _PyEval_EvalFrameDefault + 0x4c3a (0x5db0ba in /workspace/vllm/.venv/bin/python)
frame #24: /workspace/vllm/.venv/bin/python() [0x549d47]
frame #25: PyObject_CallMethodObjArgs + 0xe3 (0x54b5c3 in /workspace/vllm/.venv/bin/python)
frame #26: PyImport_ImportModuleLevelObject + 0x395 (0x5fd805 in /workspace/vllm/.venv/bin/python)
frame #27: _PyEval_EvalFrameDefault + 0x5eee (0x5dc36e in /workspace/vllm/.venv/bin/python)
frame #28: PyEval_EvalCode + 0x15b (0x5d543b in /workspace/vllm/.venv/bin/python)
frame #29: /workspace/vllm/.venv/bin/python() [0x5d322c]
frame #30: /workspace/vllm/.venv/bin/python() [0x581d1d]
frame #31: _PyEval_EvalFrameDefault + 0x4c3a (0x5db0ba in /workspace/vllm/.venv/bin/python)
frame #32: PyObject_CallOneArg + 0x4d (0x54a65d in /workspace/vllm/.venv/bin/python)
frame #33: /workspace/vllm/.venv/bin/python() [0x582e84]
frame #34: _PyObject_LookupAttr + 0x7a (0x584bea in /workspace/vllm/.venv/bin/python)
frame #35: /workspace/vllm/.venv/bin/python() [0x5d2b8a]
frame #36: _PyEval_EvalFrameDefault + 0x207d (0x5d84fd in /workspace/vllm/.venv/bin/python)
frame #37: /workspace/vllm/.venv/bin/python() [0x549d47]
frame #38: PyObject_CallMethodObjArgs + 0xe3 (0x54b5c3 in /workspace/vllm/.venv/bin/python)
frame #39: PyImport_ImportModuleLevelObject + 0x5eb (0x5fda5b in /workspace/vllm/.venv/bin/python)
frame #40: _PyEval_EvalFrameDefault + 0x5eee (0x5dc36e in /workspace/vllm/.venv/bin/python)
frame #41: PyEval_EvalCode + 0x15b (0x5d543b in /workspace/vllm/.venv/bin/python)
frame #42: /workspace/vllm/.venv/bin/python() [0x5d322c]
frame #43: /workspace/vllm/.venv/bin/python() [0x581d1d]
frame #44: _PyEval_EvalFrameDefault + 0x4c3a (0x5db0ba in /workspace/vllm/.venv/bin/python)
frame #45: /workspace/vllm/.venv/bin/python() [0x549d47]
frame #46: PyObject_CallMethodObjArgs + 0xe3 (0x54b5c3 in /workspace/vllm/.venv/bin/python)
frame #47: PyImport_ImportModuleLevelObject + 0x395 (0x5fd805 in /workspace/vllm/.venv/bin/python)
frame #48: _PyEval_EvalFrameDefault + 0x5eee (0x5dc36e in /workspace/vllm/.venv/bin/python)
frame #49: PyEval_EvalCode + 0x15b (0x5d543b in /workspace/vllm/.venv/bin/python)
frame #50: /workspace/vllm/.venv/bin/python() [0x5d322c]
frame #51: /workspace/vllm/.venv/bin/python() [0x581d1d]
frame #52: _PyEval_EvalFrameDefault + 0x4c3a (0x5db0ba in /workspace/vllm/.venv/bin/python)
frame #53: /workspace/vllm/.venv/bin/python() [0x549d47]
frame #54: PyObject_CallMethodObjArgs + 0xe3 (0x54b5c3 in /workspace/vllm/.venv/bin/python)
frame #55: PyImport_ImportModuleLevelObject + 0x395 (0x5fd805 in /workspace/vllm/.venv/bin/python)
frame #56: _PyEval_EvalFrameDefault + 0x5eee (0x5dc36e in /workspace/vllm/.venv/bin/python)
frame #57: PyEval_EvalCode + 0x15b (0x5d543b in /workspace/vllm/.venv/bin/python)
frame #58: /workspace/vllm/.venv/bin/python() [0x5d322c]
frame #59: /workspace/vllm/.venv/bin/python() [0x581d1d]
frame #60: _PyEval_EvalFrameDefault + 0x4c3a (0x5db0ba in /workspace/vllm/.venv/bin/python)
frame #61: /workspace/vllm/.venv/bin/python() [0x549d47]
frame #62: PyObject_CallMethodObjArgs + 0xe3 (0x54b5c3 in /workspace/vllm/.venv/bin/python)

[E708 11:07:49.588844841 shim_common.cpp:1458] Exception in aoti_torch: Tried to register an operator (_C::weak_ref_tensor(Tensor input) -> Tensor) with the same name and overload name multiple times. Each overload's schema should only be registered with a single call to def(). Duplicate registration: registered at /workspace/csrc/libtorch_stable/torch_bindings.cpp:10. Original registration: registered at /workspace/csrc/torch_bindings.cpp:21
Exception raised from registerDef at /pytorch/aten/src/ATen/core/dispatch/Dispatcher.cpp:248 (most recent call first):
frame #0: c10::Error::Error(c10::SourceLocation, std::__cxx11::basic_string<char, std::char_traits<char>, std::allocator<char> >) + 0x9d (0x7ffff6b7205d in /workspace/vllm/.venv/lib/python3.12/site-packages/torch/lib/libc10.so)
frame #1: c10::detail::torchCheckFail(char const*, char const*, unsigned int, std::__cxx11::basic_string<char, std::char_traits<char>, std::allocator<char> > const&) + 0xc3 (0x7ffff6b066fd in /workspace/vllm/.venv/lib/python3.12/site-packages/torch/lib/libc10.so)
frame #2: c10::Dispatcher::registerDef(c10::FunctionSchema, std::__cxx11::basic_string<char, std::char_traits<char>, std::allocator<char> >, std::vector<at::Tag, std::allocator<at::Tag> >) + 0x35e (0x7fff0e6811fe in /workspace/vllm/.venv/lib/python3.12/site-packages/torch/lib/libtorch_cpu.so)
frame #3: torch::Library::_def(c10::FunctionSchema&&, c10::OperatorName*, std::vector<at::Tag, std::allocator<at::Tag> > const&, torch::_RegisterOrVerify) & + 0x514 (0x7fff0e6c2254 in /workspace/vllm/.venv/lib/python3.12/site-packages/torch/lib/libtorch_cpu.so)
frame #4: aoti_torch_library_def + 0x99 (0x7fff128d45b9 in /workspace/vllm/.venv/lib/python3.12/site-packages/torch/lib/libtorch_cpu.so)
frame #5: <unknown function> + 0x2bdb00 (0x7ff8ec4beb00 in /workspace/vllm/vllm/_C_stable_libtorch.abi3.so)
frame #6: <unknown function> + 0x2bf0ce (0x7ff8ec4c00ce in /workspace/vllm/vllm/_C_stable_libtorch.abi3.so)
frame #7: <unknown function> + 0x279d92 (0x7ff8ec47ad92 in /workspace/vllm/vllm/_C_stable_libtorch.abi3.so)
frame #8: <unknown function> + 0x571f (0x7ffff7fca71f in /lib64/ld-linux-x86-64.so.2)
frame #9: <unknown function> + 0x5824 (0x7ffff7fca824 in /lib64/ld-linux-x86-64.so.2)
frame #10: _dl_catch_exception + 0x132 (0x7ffff7fc65b2 in /lib64/ld-linux-x86-64.so.2)
frame #11: <unknown function> + 0xcd7c (0x7ffff7fd1d7c in /lib64/ld-linux-x86-64.so.2)
frame #12: _dl_catch_exception + 0x9c (0x7ffff7fc651c in /lib64/ld-linux-x86-64.so.2)
frame #13: <unknown function> + 0xd164 (0x7ffff7fd2164 in /lib64/ld-linux-x86-64.so.2)
frame #14: <unknown function> + 0x981a4 (0x7ffff7d0c1a4 in /usr/lib/x86_64-linux-gnu/libc.so.6)
frame #15: _dl_catch_exception + 0x9c (0x7ffff7fc651c in /lib64/ld-linux-x86-64.so.2)
frame #16: <unknown function> + 0x1669 (0x7ffff7fc6669 in /lib64/ld-linux-x86-64.so.2)
frame #17: <unknown function> + 0x97c83 (0x7ffff7d0bc83 in /usr/lib/x86_64-linux-gnu/libc.so.6)
frame #18: dlopen + 0x6f (0x7ffff7d0c25f in /usr/lib/x86_64-linux-gnu/libc.so.6)
frame #19: /workspace/vllm/.venv/bin/python() [0x6bc36c]
frame #20: /workspace/vllm/.venv/bin/python() [0x6a946a]
frame #21: /workspace/vllm/.venv/bin/python() [0x6a8bf2]
frame #22: /workspace/vllm/.venv/bin/python() [0x581f37]
frame #23: _PyEval_EvalFrameDefault + 0x4c3a (0x5db0ba in /workspace/vllm/.venv/bin/python)
frame #24: /workspace/vllm/.venv/bin/python() [0x549d47]
frame #25: PyObject_CallMethodObjArgs + 0xe3 (0x54b5c3 in /workspace/vllm/.venv/bin/python)
frame #26: PyImport_ImportModuleLevelObject + 0x395 (0x5fd805 in /workspace/vllm/.venv/bin/python)
frame #27: _PyEval_EvalFrameDefault + 0x5eee (0x5dc36e in /workspace/vllm/.venv/bin/python)
frame #28: PyEval_EvalCode + 0x15b (0x5d543b in /workspace/vllm/.venv/bin/python)
frame #29: /workspace/vllm/.venv/bin/python() [0x5d322c]
frame #30: /workspace/vllm/.venv/bin/python() [0x581d1d]
frame #31: _PyEval_EvalFrameDefault + 0x4c3a (0x5db0ba in /workspace/vllm/.venv/bin/python)
frame #32: PyObject_CallOneArg + 0x4d (0x54a65d in /workspace/vllm/.venv/bin/python)
frame #33: /workspace/vllm/.venv/bin/python() [0x582e84]
frame #34: _PyObject_LookupAttr + 0x7a (0x584bea in /workspace/vllm/.venv/bin/python)
frame #35: /workspace/vllm/.venv/bin/python() [0x5d2b8a]
frame #36: _PyEval_EvalFrameDefault + 0x207d (0x5d84fd in /workspace/vllm/.venv/bin/python)
frame #37: /workspace/vllm/.venv/bin/python() [0x549d47]
frame #38: PyObject_CallMethodObjArgs + 0xe3 (0x54b5c3 in /workspace/vllm/.venv/bin/python)
frame #39: PyImport_ImportModuleLevelObject + 0x5eb (0x5fda5b in /workspace/vllm/.venv/bin/python)
frame #40: _PyEval_EvalFrameDefault + 0x5eee (0x5dc36e in /workspace/vllm/.venv/bin/python)
frame #41: PyEval_EvalCode + 0x15b (0x5d543b in /workspace/vllm/.venv/bin/python)
frame #42: /workspace/vllm/.venv/bin/python() [0x5d322c]
frame #43: /workspace/vllm/.venv/bin/python() [0x581d1d]
frame #44: _PyEval_EvalFrameDefault + 0x4c3a (0x5db0ba in /workspace/vllm/.venv/bin/python)
frame #45: /workspace/vllm/.venv/bin/python() [0x549d47]
frame #46: PyObject_CallMethodObjArgs + 0xe3 (0x54b5c3 in /workspace/vllm/.venv/bin/python)
frame #47: PyImport_ImportModuleLevelObject + 0x395 (0x5fd805 in /workspace/vllm/.venv/bin/python)
frame #48: _PyEval_EvalFrameDefault + 0x5eee (0x5dc36e in /workspace/vllm/.venv/bin/python)
frame #49: PyEval_EvalCode + 0x15b (0x5d543b in /workspace/vllm/.venv/bin/python)
frame #50: /workspace/vllm/.venv/bin/python() [0x5d322c]
frame #51: /workspace/vllm/.venv/bin/python() [0x581d1d]
frame #52: _PyEval_EvalFrameDefault + 0x4c3a (0x5db0ba in /workspace/vllm/.venv/bin/python)
frame #53: /workspace/vllm/.venv/bin/python() [0x549d47]
frame #54: PyObject_CallMethodObjArgs + 0xe3 (0x54b5c3 in /workspace/vllm/.venv/bin/python)
frame #55: PyImport_ImportModuleLevelObject + 0x395 (0x5fd805 in /workspace/vllm/.venv/bin/python)
frame #56: _PyEval_EvalFrameDefault + 0x5eee (0x5dc36e in /workspace/vllm/.venv/bin/python)
frame #57: PyEval_EvalCode + 0x15b (0x5d543b in /workspace/vllm/.venv/bin/python)
frame #58: /workspace/vllm/.venv/bin/python() [0x5d322c]
frame #59: /workspace/vllm/.venv/bin/python() [0x581d1d]
frame #60: _PyEval_EvalFrameDefault + 0x4c3a (0x5db0ba in /workspace/vllm/.venv/bin/python)
frame #61: /workspace/vllm/.venv/bin/python() [0x549d47]
frame #62: PyObject_CallMethodObjArgs + 0xe3 (0x54b5c3 in /workspace/vllm/.venv/bin/python)

[E708 11:07:49.590825418 shim_common.cpp:1458] Exception in aoti_torch: Tried to register an operator (_C::silu_and_mul_quant(Tensor($0! -> ) result, Tensor input, Tensor scale) -> ()) with the same name and overload name multiple times. Each overload's schema should only be registered with a single call to def(). Duplicate registration: registered at /workspace/csrc/libtorch_stable/torch_bindings.cpp:10. Original registration: registered at /workspace/csrc/torch_bindings.cpp:21
Exception raised from registerDef at /pytorch/aten/src/ATen/core/dispatch/Dispatcher.cpp:248 (most recent call first):
frame #0: c10::Error::Error(c10::SourceLocation, std::__cxx11::basic_string<char, std::char_traits<char>, std::allocator<char> >) + 0x9d (0x7ffff6b7205d in /workspace/vllm/.venv/lib/python3.12/site-packages/torch/lib/libc10.so)
frame #1: c10::detail::torchCheckFail(char const*, char const*, unsigned int, std::__cxx11::basic_string<char, std::char_traits<char>, std::allocator<char> > const&) + 0xc3 (0x7ffff6b066fd in /workspace/vllm/.venv/lib/python3.12/site-packages/torch/lib/libc10.so)
frame #2: c10::Dispatcher::registerDef(c10::FunctionSchema, std::__cxx11::basic_string<char, std::char_traits<char>, std::allocator<char> >, std::vector<at::Tag, std::allocator<at::Tag> >) + 0x35e (0x7fff0e6811fe in /workspace/vllm/.venv/lib/python3.12/site-packages/torch/lib/libtorch_cpu.so)
frame #3: torch::Library::_def(c10::FunctionSchema&&, c10::OperatorName*, std::vector<at::Tag, std::allocator<at::Tag> > const&, torch::_RegisterOrVerify) & + 0x514 (0x7fff0e6c2254 in /workspace/vllm/.venv/lib/python3.12/site-packages/torch/lib/libtorch_cpu.so)
frame #4: aoti_torch_library_def + 0x99 (0x7fff128d45b9 in /workspace/vllm/.venv/lib/python3.12/site-packages/torch/lib/libtorch_cpu.so)
frame #5: <unknown function> + 0x2bdb3c (0x7ff8ec4beb3c in /workspace/vllm/vllm/_C_stable_libtorch.abi3.so)
frame #6: <unknown function> + 0x2bf0ce (0x7ff8ec4c00ce in /workspace/vllm/vllm/_C_stable_libtorch.abi3.so)
frame #7: <unknown function> + 0x279d92 (0x7ff8ec47ad92 in /workspace/vllm/vllm/_C_stable_libtorch.abi3.so)
frame #8: <unknown function> + 0x571f (0x7ffff7fca71f in /lib64/ld-linux-x86-64.so.2)
frame #9: <unknown function> + 0x5824 (0x7ffff7fca824 in /lib64/ld-linux-x86-64.so.2)
frame #10: _dl_catch_exception + 0x132 (0x7ffff7fc65b2 in /lib64/ld-linux-x86-64.so.2)
frame #11: <unknown function> + 0xcd7c (0x7ffff7fd1d7c in /lib64/ld-linux-x86-64.so.2)
frame #12: _dl_catch_exception + 0x9c (0x7ffff7fc651c in /lib64/ld-linux-x86-64.so.2)
frame #13: <unknown function> + 0xd164 (0x7ffff7fd2164 in /lib64/ld-linux-x86-64.so.2)
frame #14: <unknown function> + 0x981a4 (0x7ffff7d0c1a4 in /usr/lib/x86_64-linux-gnu/libc.so.6)
frame #15: _dl_catch_exception + 0x9c (0x7ffff7fc651c in /lib64/ld-linux-x86-64.so.2)
frame #16: <unknown function> + 0x1669 (0x7ffff7fc6669 in /lib64/ld-linux-x86-64.so.2)
frame #17: <unknown function> + 0x97c83 (0x7ffff7d0bc83 in /usr/lib/x86_64-linux-gnu/libc.so.6)
frame #18: dlopen + 0x6f (0x7ffff7d0c25f in /usr/lib/x86_64-linux-gnu/libc.so.6)
frame #19: /workspace/vllm/.venv/bin/python() [0x6bc36c]
frame #20: /workspace/vllm/.venv/bin/python() [0x6a946a]
frame #21: /workspace/vllm/.venv/bin/python() [0x6a8bf2]
frame #22: /workspace/vllm/.venv/bin/python() [0x581f37]
frame #23: _PyEval_EvalFrameDefault + 0x4c3a (0x5db0ba in /workspace/vllm/.venv/bin/python)
frame #24: /workspace/vllm/.venv/bin/python() [0x549d47]
frame #25: PyObject_CallMethodObjArgs + 0xe3 (0x54b5c3 in /workspace/vllm/.venv/bin/python)
frame #26: PyImport_ImportModuleLevelObject + 0x395 (0x5fd805 in /workspace/vllm/.venv/bin/python)
frame #27: _PyEval_EvalFrameDefault + 0x5eee (0x5dc36e in /workspace/vllm/.venv/bin/python)
frame #28: PyEval_EvalCode + 0x15b (0x5d543b in /workspace/vllm/.venv/bin/python)
frame #29: /workspace/vllm/.venv/bin/python() [0x5d322c]
frame #30: /workspace/vllm/.venv/bin/python() [0x581d1d]
frame #31: _PyEval_EvalFrameDefault + 0x4c3a (0x5db0ba in /workspace/vllm/.venv/bin/python)
frame #32: PyObject_CallOneArg + 0x4d (0x54a65d in /workspace/vllm/.venv/bin/python)
frame #33: /workspace/vllm/.venv/bin/python() [0x582e84]
frame #34: _PyObject_LookupAttr + 0x7a (0x584bea in /workspace/vllm/.venv/bin/python)
frame #35: /workspace/vllm/.venv/bin/python() [0x5d2b8a]
frame #36: _PyEval_EvalFrameDefault + 0x207d (0x5d84fd in /workspace/vllm/.venv/bin/python)
frame #37: /workspace/vllm/.venv/bin/python() [0x549d47]
frame #38: PyObject_CallMethodObjArgs + 0xe3 (0x54b5c3 in /workspace/vllm/.venv/bin/python)
frame #39: PyImport_ImportModuleLevelObject + 0x5eb (0x5fda5b in /workspace/vllm/.venv/bin/python)
frame #40: _PyEval_EvalFrameDefault + 0x5eee (0x5dc36e in /workspace/vllm/.venv/bin/python)
frame #41: PyEval_EvalCode + 0x15b (0x5d543b in /workspace/vllm/.venv/bin/python)
frame #42: /workspace/vllm/.venv/bin/python() [0x5d322c]
frame #43: /workspace/vllm/.venv/bin/python() [0x581d1d]
frame #44: _PyEval_EvalFrameDefault + 0x4c3a (0x5db0ba in /workspace/vllm/.venv/bin/python)
frame #45: /workspace/vllm/.venv/bin/python() [0x549d47]
frame #46: PyObject_CallMethodObjArgs + 0xe3 (0x54b5c3 in /workspace/vllm/.venv/bin/python)
frame #47: PyImport_ImportModuleLevelObject + 0x395 (0x5fd805 in /workspace/vllm/.venv/bin/python)
frame #48: _PyEval_EvalFrameDefault + 0x5eee (0x5dc36e in /workspace/vllm/.venv/bin/python)
frame #49: PyEval_EvalCode + 0x15b (0x5d543b in /workspace/vllm/.venv/bin/python)
frame #50: /workspace/vllm/.venv/bin/python() [0x5d322c]
frame #51: /workspace/vllm/.venv/bin/python() [0x581d1d]
frame #52: _PyEval_EvalFrameDefault + 0x4c3a (0x5db0ba in /workspace/vllm/.venv/bin/python)
frame #53: /workspace/vllm/.venv/bin/python() [0x549d47]
frame #54: PyObject_CallMethodObjArgs + 0xe3 (0x54b5c3 in /workspace/vllm/.venv/bin/python)
frame #55: PyImport_ImportModuleLevelObject + 0x395 (0x5fd805 in /workspace/vllm/.venv/bin/python)
frame #56: _PyEval_EvalFrameDefault + 0x5eee (0x5dc36e in /workspace/vllm/.venv/bin/python)
frame #57: PyEval_EvalCode + 0x15b (0x5d543b in /workspace/vllm/.venv/bin/python)
frame #58: /workspace/vllm/.venv/bin/python() [0x5d322c]
frame #59: /workspace/vllm/.venv/bin/python() [0x581d1d]
frame #60: _PyEval_EvalFrameDefault + 0x4c3a (0x5db0ba in /workspace/vllm/.venv/bin/python)
frame #61: /workspace/vllm/.venv/bin/python() [0x549d47]
frame #62: PyObject_CallMethodObjArgs + 0xe3 (0x54b5c3 in /workspace/vllm/.venv/bin/python)

[W708 11:07:49.592968752 OperatorEntry.cpp:208] Warning: Warning only once for all operators,  other operators may also be overridden.
  Overriding a previously registered kernel for the same operator and the same dispatch key
  operator: _C::persistent_masked_m_silu_mul_quant(Tensor input, Tensor counts, Tensor($0! -> ) y_q, Tensor($1! -> ) y_s, bool use_ue8m0) -> ()
    registered at /workspace/csrc/torch_bindings.cpp:21
  dispatch key: CUDA
  previous kernel: registered at /workspace/csrc/torch_bindings.cpp:21
       new kernel: registered at /workspace/csrc/libtorch_stable/torch_bindings.cpp:603 (function operator())
(EngineCore pid=3211825) INFO 07-08 11:07:50 [core.py:112] Initializing a V1 LLM engine (v0.22.1.dev4+g431701083) with config: model='Qwen/Qwen2.5-32B-Instruct', speculative_config=None, tokenizer='Qwen/Qwen2.5-32B-Instruct', skip_tokenizer_init=False, tokenizer_mode=auto, revision=None, tokenizer_revision=None, trust_remote_code=False, dtype=torch.bfloat16, max_seq_len=4096, download_dir=None, load_format=auto, tensor_parallel_size=8, pipeline_parallel_size=1, data_parallel_size=1, decode_context_parallel_size=1, dcp_comm_backend=ag_rs, disable_custom_all_reduce=True, quantization=None, quantization_config=None, enforce_eager=False, enable_return_routed_experts=False, kv_cache_dtype=auto, device_config=cuda, structured_outputs_config=StructuredOutputsConfig(backend='auto', disable_any_whitespace=False, disable_additional_properties=False, reasoning_parser='', reasoning_parser_plugin='', enable_in_reasoning=False), observability_config=ObservabilityConfig(show_hidden_metrics_for_version=None, otlp_traces_endpoint=None, collect_detailed_traces=None, kv_cache_metrics=False, kv_cache_metrics_sample=0.01, cudagraph_metrics=False, enable_layerwise_nvtx_tracing=False, enable_mfu_metrics=False, enable_mm_processor_stats=False, enable_logging_iteration_details=False), seed=0, served_model_name=Qwen/Qwen2.5-32B-Instruct, enable_prefix_caching=True, enable_chunked_prefill=True, pooler_config=None, compilation_config={'mode': <CompilationMode.VLLM_COMPILE: 3>, 'debug_dump_path': None, 'cache_dir': '', 'compile_cache_save_format': 'binary', 'backend': 'inductor', 'custom_ops': ['none'], 'ir_enable_torch_wrap': True, 'splitting_ops': ['vllm::unified_attention_with_output', 'vllm::unified_mla_attention_with_output', 'vllm::mamba_mixer2', 'vllm::mamba_mixer', 'vllm::short_conv', 'vllm::linear_attention', 'vllm::plamo2_mamba_mixer', 'vllm::qwen_gdn_attention_core', 'vllm::gdn_attention_core_xpu', 'vllm::olmo_hybrid_gdn_full_forward', 'vllm::kda_attention', 'vllm::sparse_attn_indexer', 'vllm::rocm_aiter_sparse_attn_indexer', 'vllm::deepseek_v4_attention', 'vllm::unified_kv_cache_update', 'vllm::unified_mla_kv_cache_update'], 'compile_mm_encoder': False, 'cudagraph_mm_encoder': False, 'encoder_cudagraph_token_budgets': [], 'encoder_cudagraph_max_vision_items_per_batch': 0, 'encoder_cudagraph_max_frames_per_batch': None, 'compile_sizes': [], 'compile_ranges_endpoints': [51, 4096], 'inductor_compile_config': {'enable_auto_functionalized_v2': False, 'size_asserts': False, 'alignment_asserts': False, 'scalar_asserts': False, 'combo_kernels': True, 'benchmark_combo_kernel': True}, 'inductor_passes': {}, 'cudagraph_mode': <CUDAGraphMode.FULL_AND_PIECEWISE: (2, 1)>, 'cudagraph_num_of_warmups': 1, 'cudagraph_capture_sizes': [1, 2, 4, 8, 16, 24, 32, 40, 48, 56, 64, 72, 80, 88, 96, 104, 112, 120, 128, 136, 144, 152, 160, 168, 176, 184, 192, 200, 208, 216, 224, 232, 240, 248, 256, 272, 288, 304, 320, 336, 352, 368, 384, 400, 416, 432, 448, 464, 480, 496, 512], 'cudagraph_copy_inputs': False, 'cudagraph_specialize_lora': True, 'use_inductor_graph_partition': False, 'pass_config': {'fuse_norm_quant': False, 'fuse_act_quant': False, 'fuse_attn_quant': False, 'enable_sp': False, 'fuse_gemm_comms': False, 'fuse_allreduce_rms': True, 'fuse_rope_kvcache_cat_mla': False, 'fuse_act_padding': False}, 'max_cudagraph_capture_size': 512, 'dynamic_shapes_config': {'type': <DynamicShapesType.BACKED: 'backed'>, 'evaluate_guards': False, 'assume_32_bit_indexing': False}, 'local_cache_dir': None, 'fast_moe_cold_start': False, 'static_all_moe_layers': []}, kernel_config=KernelConfig(ir_op_priority=IrOpPriorityConfig(rms_norm=['native'], fused_add_rms_norm=['native']), enable_flashinfer_autotune=True, moe_backend='auto', linear_backend='auto')
(EngineCore pid=3211825) WARNING 07-08 11:07:50 [multiproc_executor.py:1029] Reducing Torch parallelism from 112 threads to 1 to avoid unnecessary CPU contention. Set OMP_NUM_THREADS in the external environment to tune this value as needed.
(EngineCore pid=3211825) INFO 07-08 11:07:50 [multiproc_executor.py:139] DP group leader: node_rank=0, node_rank_within_dp=0, master_addr=127.0.0.1, mq_connect_ip=10.52.48.194 (local), world_size=8, local_world_size=8
[E708 11:07:53.350527379 shim_common.cpp:1458] Exception in aoti_torch: Tried to register an operator (_C::persistent_masked_m_silu_mul_quant(Tensor input, Tensor counts, Tensor($0! -> ) y_q, Tensor($1! -> ) y_s, bool use_ue8m0) -> ()) with the same name and overload name multiple times. Each overload's schema should only be registered with a single call to def(). Duplicate registration: registered at /workspace/csrc/libtorch_stable/torch_bindings.cpp:10. Original registration: registered at /workspace/csrc/torch_bindings.cpp:21
Exception raised from registerDef at /pytorch/aten/src/ATen/core/dispatch/Dispatcher.cpp:248 (most recent call first):
frame #0: c10::Error::Error(c10::SourceLocation, std::__cxx11::basic_string<char, std::char_traits<char>, std::allocator<char> >) + 0x9d (0x7ffff6b7205d in /workspace/vllm/.venv/lib/python3.12/site-packages/torch/lib/libc10.so)
frame #1: c10::detail::torchCheckFail(char const*, char const*, unsigned int, std::__cxx11::basic_string<char, std::char_traits<char>, std::allocator<char> > const&) + 0xc3 (0x7ffff6b066fd in /workspace/vllm/.venv/lib/python3.12/site-packages/torch/lib/libc10.so)
frame #2: c10::Dispatcher::registerDef(c10::FunctionSchema, std::__cxx11::basic_string<char, std::char_traits<char>, std::allocator<char> >, std::vector<at::Tag, std::allocator<at::Tag> >) + 0x35e (0x7fff0e6811fe in /workspace/vllm/.venv/lib/python3.12/site-packages/torch/lib/libtorch_cpu.so)
frame #3: torch::Library::_def(c10::FunctionSchema&&, c10::OperatorName*, std::vector<at::Tag, std::allocator<at::Tag> > const&, torch::_RegisterOrVerify) & + 0x514 (0x7fff0e6c2254 in /workspace/vllm/.venv/lib/python3.12/site-packages/torch/lib/libtorch_cpu.so)
frame #4: aoti_torch_library_def + 0x99 (0x7fff128d45b9 in /workspace/vllm/.venv/lib/python3.12/site-packages/torch/lib/libtorch_cpu.so)
frame #5: <unknown function> + 0x2bdaf1 (0x7ffe8aebeaf1 in /workspace/vllm/vllm/_C_stable_libtorch.abi3.so)
frame #6: <unknown function> + 0x2bf0ce (0x7ffe8aec00ce in /workspace/vllm/vllm/_C_stable_libtorch.abi3.so)
frame #7: <unknown function> + 0x279d92 (0x7ffe8ae7ad92 in /workspace/vllm/vllm/_C_stable_libtorch.abi3.so)
frame #8: <unknown function> + 0x571f (0x7ffff7fca71f in /lib64/ld-linux-x86-64.so.2)
frame #9: <unknown function> + 0x5824 (0x7ffff7fca824 in /lib64/ld-linux-x86-64.so.2)
frame #10: _dl_catch_exception + 0x132 (0x7ffff7fc65b2 in /lib64/ld-linux-x86-64.so.2)
frame #11: <unknown function> + 0xcd7c (0x7ffff7fd1d7c in /lib64/ld-linux-x86-64.so.2)
frame #12: _dl_catch_exception + 0x9c (0x7ffff7fc651c in /lib64/ld-linux-x86-64.so.2)
frame #13: <unknown function> + 0xd164 (0x7ffff7fd2164 in /lib64/ld-linux-x86-64.so.2)
frame #14: <unknown function> + 0x981a4 (0x7ffff7d0c1a4 in /usr/lib/x86_64-linux-gnu/libc.so.6)
frame #15: _dl_catch_exception + 0x9c (0x7ffff7fc651c in /lib64/ld-linux-x86-64.so.2)
frame #16: <unknown function> + 0x1669 (0x7ffff7fc6669 in /lib64/ld-linux-x86-64.so.2)
frame #17: <unknown function> + 0x97c83 (0x7ffff7d0bc83 in /usr/lib/x86_64-linux-gnu/libc.so.6)
frame #18: dlopen + 0x6f (0x7ffff7d0c25f in /usr/lib/x86_64-linux-gnu/libc.so.6)
frame #19: /workspace/vllm/.venv/bin/python() [0x6bc36c]
frame #20: /workspace/vllm/.venv/bin/python() [0x6a946a]
frame #21: /workspace/vllm/.venv/bin/python() [0x6a8bf2]
frame #22: /workspace/vllm/.venv/bin/python() [0x581f37]
frame #23: _PyEval_EvalFrameDefault + 0x4c3a (0x5db0ba in /workspace/vllm/.venv/bin/python)
frame #24: /workspace/vllm/.venv/bin/python() [0x549d47]
frame #25: PyObject_CallMethodObjArgs + 0xe3 (0x54b5c3 in /workspace/vllm/.venv/bin/python)
frame #26: PyImport_ImportModuleLevelObject + 0x395 (0x5fd805 in /workspace/vllm/.venv/bin/python)
frame #27: _PyEval_EvalFrameDefault + 0x5eee (0x5dc36e in /workspace/vllm/.venv/bin/python)
frame #28: PyEval_EvalCode + 0x15b (0x5d543b in /workspace/vllm/.venv/bin/python)
frame #29: /workspace/vllm/.venv/bin/python() [0x5d322c]
frame #30: /workspace/vllm/.venv/bin/python() [0x581d1d]
frame #31: _PyEval_EvalFrameDefault + 0x4c3a (0x5db0ba in /workspace/vllm/.venv/bin/python)
frame #32: PyObject_CallOneArg + 0x4d (0x54a65d in /workspace/vllm/.venv/bin/python)
frame #33: /workspace/vllm/.venv/bin/python() [0x582e84]
frame #34: _PyObject_LookupAttr + 0x7a (0x584bea in /workspace/vllm/.venv/bin/python)
frame #35: /workspace/vllm/.venv/bin/python() [0x5d2b8a]
frame #36: _PyEval_EvalFrameDefault + 0x207d (0x5d84fd in /workspace/vllm/.venv/bin/python)
frame #37: /workspace/vllm/.venv/bin/python() [0x549d47]
frame #38: PyObject_CallMethodObjArgs + 0xe3 (0x54b5c3 in /workspace/vllm/.venv/bin/python)
frame #39: PyImport_ImportModuleLevelObject + 0x5eb (0x5fda5b in /workspace/vllm/.venv/bin/python)
frame #40: _PyEval_EvalFrameDefault + 0x5eee (0x5dc36e in /workspace/vllm/.venv/bin/python)
frame #41: PyEval_EvalCode + 0x15b (0x5d543b in /workspace/vllm/.venv/bin/python)
frame #42: /workspace/vllm/.venv/bin/python() [0x5d322c]
frame #43: /workspace/vllm/.venv/bin/python() [0x581d1d]
frame #44: _PyEval_EvalFrameDefault + 0x4c3a (0x5db0ba in /workspace/vllm/.venv/bin/python)
frame #45: /workspace/vllm/.venv/bin/python() [0x549d47]
frame #46: PyObject_CallMethodObjArgs + 0xe3 (0x54b5c3 in /workspace/vllm/.venv/bin/python)
frame #47: PyImport_ImportModuleLevelObject + 0x395 (0x5fd805 in /workspace/vllm/.venv/bin/python)
frame #48: _PyEval_EvalFrameDefault + 0x5eee (0x5dc36e in /workspace/vllm/.venv/bin/python)
frame #49: PyEval_EvalCode + 0x15b (0x5d543b in /workspace/vllm/.venv/bin/python)
frame #50: /workspace/vllm/.venv/bin/python() [0x5d322c]
frame #51: /workspace/vllm/.venv/bin/python() [0x581d1d]
frame #52: _PyEval_EvalFrameDefault + 0x4c3a (0x5db0ba in /workspace/vllm/.venv/bin/python)
frame #53: /workspace/vllm/.venv/bin/python() [0x549d47]
frame #54: PyObject_CallMethodObjArgs + 0xe3 (0x54b5c3 in /workspace/vllm/.venv/bin/python)
frame #55: PyImport_ImportModuleLevelObject + 0x395 (0x5fd805 in /workspace/vllm/.venv/bin/python)
frame #56: _PyEval_EvalFrameDefault + 0x5eee (0x5dc36e in /workspace/vllm/.venv/bin/python)
frame #57: PyEval_EvalCode + 0x15b (0x5d543b in /workspace/vllm/.venv/bin/python)
frame #58: /workspace/vllm/.venv/bin/python() [0x5d322c]
frame #59: /workspace/vllm/.venv/bin/python() [0x581d1d]
frame #60: _PyEval_EvalFrameDefault + 0x4c3a (0x5db0ba in /workspace/vllm/.venv/bin/python)
frame #61: /workspace/vllm/.venv/bin/python() [0x549d47]
frame #62: PyObject_CallMethodObjArgs + 0xe3 (0x54b5c3 in /workspace/vllm/.venv/bin/python)

[E708 11:07:53.352630078 shim_common.cpp:1458] Exception in aoti_torch: Tried to register an operator (_C::weak_ref_tensor(Tensor input) -> Tensor) with the same name and overload name multiple times. Each overload's schema should only be registered with a single call to def(). Duplicate registration: registered at /workspace/csrc/libtorch_stable/torch_bindings.cpp:10. Original registration: registered at /workspace/csrc/torch_bindings.cpp:21
Exception raised from registerDef at /pytorch/aten/src/ATen/core/dispatch/Dispatcher.cpp:248 (most recent call first):
frame #0: c10::Error::Error(c10::SourceLocation, std::__cxx11::basic_string<char, std::char_traits<char>, std::allocator<char> >) + 0x9d (0x7ffff6b7205d in /workspace/vllm/.venv/lib/python3.12/site-packages/torch/lib/libc10.so)
frame #1: c10::detail::torchCheckFail(char const*, char const*, unsigned int, std::__cxx11::basic_string<char, std::char_traits<char>, std::allocator<char> > const&) + 0xc3 (0x7ffff6b066fd in /workspace/vllm/.venv/lib/python3.12/site-packages/torch/lib/libc10.so)
frame #2: c10::Dispatcher::registerDef(c10::FunctionSchema, std::__cxx11::basic_string<char, std::char_traits<char>, std::allocator<char> >, std::vector<at::Tag, std::allocator<at::Tag> >) + 0x35e (0x7fff0e6811fe in /workspace/vllm/.venv/lib/python3.12/site-packages/torch/lib/libtorch_cpu.so)
frame #3: torch::Library::_def(c10::FunctionSchema&&, c10::OperatorName*, std::vector<at::Tag, std::allocator<at::Tag> > const&, torch::_RegisterOrVerify) & + 0x514 (0x7fff0e6c2254 in /workspace/vllm/.venv/lib/python3.12/site-packages/torch/lib/libtorch_cpu.so)
frame #4: aoti_torch_library_def + 0x99 (0x7fff128d45b9 in /workspace/vllm/.venv/lib/python3.12/site-packages/torch/lib/libtorch_cpu.so)
frame #5: <unknown function> + 0x2bdb00 (0x7ffe8aebeb00 in /workspace/vllm/vllm/_C_stable_libtorch.abi3.so)
frame #6: <unknown function> + 0x2bf0ce (0x7ffe8aec00ce in /workspace/vllm/vllm/_C_stable_libtorch.abi3.so)
frame #7: <unknown function> + 0x279d92 (0x7ffe8ae7ad92 in /workspace/vllm/vllm/_C_stable_libtorch.abi3.so)
frame #8: <unknown function> + 0x571f (0x7ffff7fca71f in /lib64/ld-linux-x86-64.so.2)
frame #9: <unknown function> + 0x5824 (0x7ffff7fca824 in /lib64/ld-linux-x86-64.so.2)
frame #10: _dl_catch_exception + 0x132 (0x7ffff7fc65b2 in /lib64/ld-linux-x86-64.so.2)
frame #11: <unknown function> + 0xcd7c (0x7ffff7fd1d7c in /lib64/ld-linux-x86-64.so.2)
frame #12: _dl_catch_exception + 0x9c (0x7ffff7fc651c in /lib64/ld-linux-x86-64.so.2)
frame #13: <unknown function> + 0xd164 (0x7ffff7fd2164 in /lib64/ld-linux-x86-64.so.2)
frame #14: <unknown function> + 0x981a4 (0x7ffff7d0c1a4 in /usr/lib/x86_64-linux-gnu/libc.so.6)
frame #15: _dl_catch_exception + 0x9c (0x7ffff7fc651c in /lib64/ld-linux-x86-64.so.2)
frame #16: <unknown function> + 0x1669 (0x7ffff7fc6669 in /lib64/ld-linux-x86-64.so.2)
frame #17: <unknown function> + 0x97c83 (0x7ffff7d0bc83 in /usr/lib/x86_64-linux-gnu/libc.so.6)
frame #18: dlopen + 0x6f (0x7ffff7d0c25f in /usr/lib/x86_64-linux-gnu/libc.so.6)
frame #19: /workspace/vllm/.venv/bin/python() [0x6bc36c]
frame #20: /workspace/vllm/.venv/bin/python() [0x6a946a]
frame #21: /workspace/vllm/.venv/bin/python() [0x6a8bf2]
frame #22: /workspace/vllm/.venv/bin/python() [0x581f37]
frame #23: _PyEval_EvalFrameDefault + 0x4c3a (0x5db0ba in /workspace/vllm/.venv/bin/python)
frame #24: /workspace/vllm/.venv/bin/python() [0x549d47]
frame #25: PyObject_CallMethodObjArgs + 0xe3 (0x54b5c3 in /workspace/vllm/.venv/bin/python)
frame #26: PyImport_ImportModuleLevelObject + 0x395 (0x5fd805 in /workspace/vllm/.venv/bin/python)
frame #27: _PyEval_EvalFrameDefault + 0x5eee (0x5dc36e in /workspace/vllm/.venv/bin/python)
frame #28: PyEval_EvalCode + 0x15b (0x5d543b in /workspace/vllm/.venv/bin/python)
frame #29: /workspace/vllm/.venv/bin/python() [0x5d322c]
frame #30: /workspace/vllm/.venv/bin/python() [0x581d1d]
frame #31: _PyEval_EvalFrameDefault + 0x4c3a (0x5db0ba in /workspace/vllm/.venv/bin/python)
frame #32: PyObject_CallOneArg + 0x4d (0x54a65d in /workspace/vllm/.venv/bin/python)
frame #33: /workspace/vllm/.venv/bin/python() [0x582e84]
frame #34: _PyObject_LookupAttr + 0x7a (0x584bea in /workspace/vllm/.venv/bin/python)
frame #35: /workspace/vllm/.venv/bin/python() [0x5d2b8a]
frame #36: _PyEval_EvalFrameDefault + 0x207d (0x5d84fd in /workspace/vllm/.venv/bin/python)
frame #37: /workspace/vllm/.venv/bin/python() [0x549d47]
frame #38: PyObject_CallMethodObjArgs + 0xe3 (0x54b5c3 in /workspace/vllm/.venv/bin/python)
frame #39: PyImport_ImportModuleLevelObject + 0x5eb (0x5fda5b in /workspace/vllm/.venv/bin/python)
frame #40: _PyEval_EvalFrameDefault + 0x5eee (0x5dc36e in /workspace/vllm/.venv/bin/python)
frame #41: PyEval_EvalCode + 0x15b (0x5d543b in /workspace/vllm/.venv/bin/python)
frame #42: /workspace/vllm/.venv/bin/python() [0x5d322c]
frame #43: /workspace/vllm/.venv/bin/python() [0x581d1d]
frame #44: _PyEval_EvalFrameDefault + 0x4c3a (0x5db0ba in /workspace/vllm/.venv/bin/python)
frame #45: /workspace/vllm/.venv/bin/python() [0x549d47]
frame #46: PyObject_CallMethodObjArgs + 0xe3 (0x54b5c3 in /workspace/vllm/.venv/bin/python)
frame #47: PyImport_ImportModuleLevelObject + 0x395 (0x5fd805 in /workspace/vllm/.venv/bin/python)
frame #48: _PyEval_EvalFrameDefault + 0x5eee (0x5dc36e in /workspace/vllm/.venv/bin/python)
frame #49: PyEval_EvalCode + 0x15b (0x5d543b in /workspace/vllm/.venv/bin/python)
frame #50: /workspace/vllm/.venv/bin/python() [0x5d322c]
frame #51: /workspace/vllm/.venv/bin/python() [0x581d1d]
frame #52: _PyEval_EvalFrameDefault + 0x4c3a (0x5db0ba in /workspace/vllm/.venv/bin/python)
frame #53: /workspace/vllm/.venv/bin/python() [0x549d47]
frame #54: PyObject_CallMethodObjArgs + 0xe3 (0x54b5c3 in /workspace/vllm/.venv/bin/python)
frame #55: PyImport_ImportModuleLevelObject + 0x395 (0x5fd805 in /workspace/vllm/.venv/bin/python)
frame #56: _PyEval_EvalFrameDefault + 0x5eee (0x5dc36e in /workspace/vllm/.venv/bin/python)
frame #57: PyEval_EvalCode + 0x15b (0x5d543b in /workspace/vllm/.venv/bin/python)
frame #58: /workspace/vllm/.venv/bin/python() [0x5d322c]
frame #59: /workspace/vllm/.venv/bin/python() [0x581d1d]
frame #60: _PyEval_EvalFrameDefault + 0x4c3a (0x5db0ba in /workspace/vllm/.venv/bin/python)
frame #61: /workspace/vllm/.venv/bin/python() [0x549d47]
frame #62: PyObject_CallMethodObjArgs + 0xe3 (0x54b5c3 in /workspace/vllm/.venv/bin/python)

[E708 11:07:53.354621244 shim_common.cpp:1458] Exception in aoti_torch: Tried to register an operator (_C::silu_and_mul_quant(Tensor($0! -> ) result, Tensor input, Tensor scale) -> ()) with the same name and overload name multiple times. Each overload's schema should only be registered with a single call to def(). Duplicate registration: registered at /workspace/csrc/libtorch_stable/torch_bindings.cpp:10. Original registration: registered at /workspace/csrc/torch_bindings.cpp:21
Exception raised from registerDef at /pytorch/aten/src/ATen/core/dispatch/Dispatcher.cpp:248 (most recent call first):
frame #0: c10::Error::Error(c10::SourceLocation, std::__cxx11::basic_string<char, std::char_traits<char>, std::allocator<char> >) + 0x9d (0x7ffff6b7205d in /workspace/vllm/.venv/lib/python3.12/site-packages/torch/lib/libc10.so)
frame #1: c10::detail::torchCheckFail(char const*, char const*, unsigned int, std::__cxx11::basic_string<char, std::char_traits<char>, std::allocator<char> > const&) + 0xc3 (0x7ffff6b066fd in /workspace/vllm/.venv/lib/python3.12/site-packages/torch/lib/libc10.so)
frame #2: c10::Dispatcher::registerDef(c10::FunctionSchema, std::__cxx11::basic_string<char, std::char_traits<char>, std::allocator<char> >, std::vector<at::Tag, std::allocator<at::Tag> >) + 0x35e (0x7fff0e6811fe in /workspace/vllm/.venv/lib/python3.12/site-packages/torch/lib/libtorch_cpu.so)
frame #3: torch::Library::_def(c10::FunctionSchema&&, c10::OperatorName*, std::vector<at::Tag, std::allocator<at::Tag> > const&, torch::_RegisterOrVerify) & + 0x514 (0x7fff0e6c2254 in /workspace/vllm/.venv/lib/python3.12/site-packages/torch/lib/libtorch_cpu.so)
frame #4: aoti_torch_library_def + 0x99 (0x7fff128d45b9 in /workspace/vllm/.venv/lib/python3.12/site-packages/torch/lib/libtorch_cpu.so)
frame #5: <unknown function> + 0x2bdb3c (0x7ffe8aebeb3c in /workspace/vllm/vllm/_C_stable_libtorch.abi3.so)
frame #6: <unknown function> + 0x2bf0ce (0x7ffe8aec00ce in /workspace/vllm/vllm/_C_stable_libtorch.abi3.so)
frame #7: <unknown function> + 0x279d92 (0x7ffe8ae7ad92 in /workspace/vllm/vllm/_C_stable_libtorch.abi3.so)
frame #8: <unknown function> + 0x571f (0x7ffff7fca71f in /lib64/ld-linux-x86-64.so.2)
frame #9: <unknown function> + 0x5824 (0x7ffff7fca824 in /lib64/ld-linux-x86-64.so.2)
frame #10: _dl_catch_exception + 0x132 (0x7ffff7fc65b2 in /lib64/ld-linux-x86-64.so.2)
frame #11: <unknown function> + 0xcd7c (0x7ffff7fd1d7c in /lib64/ld-linux-x86-64.so.2)
frame #12: _dl_catch_exception + 0x9c (0x7ffff7fc651c in /lib64/ld-linux-x86-64.so.2)
frame #13: <unknown function> + 0xd164 (0x7ffff7fd2164 in /lib64/ld-linux-x86-64.so.2)
frame #14: <unknown function> + 0x981a4 (0x7ffff7d0c1a4 in /usr/lib/x86_64-linux-gnu/libc.so.6)
frame #15: _dl_catch_exception + 0x9c (0x7ffff7fc651c in /lib64/ld-linux-x86-64.so.2)
frame #16: <unknown function> + 0x1669 (0x7ffff7fc6669 in /lib64/ld-linux-x86-64.so.2)
frame #17: <unknown function> + 0x97c83 (0x7ffff7d0bc83 in /usr/lib/x86_64-linux-gnu/libc.so.6)
frame #18: dlopen + 0x6f (0x7ffff7d0c25f in /usr/lib/x86_64-linux-gnu/libc.so.6)
frame #19: /workspace/vllm/.venv/bin/python() [0x6bc36c]
frame #20: /workspace/vllm/.venv/bin/python() [0x6a946a]
frame #21: /workspace/vllm/.venv/bin/python() [0x6a8bf2]
frame #22: /workspace/vllm/.venv/bin/python() [0x581f37]
frame #23: _PyEval_EvalFrameDefault + 0x4c3a (0x5db0ba in /workspace/vllm/.venv/bin/python)
frame #24: /workspace/vllm/.venv/bin/python() [0x549d47]
frame #25: PyObject_CallMethodObjArgs + 0xe3 (0x54b5c3 in /workspace/vllm/.venv/bin/python)
frame #26: PyImport_ImportModuleLevelObject + 0x395 (0x5fd805 in /workspace/vllm/.venv/bin/python)
frame #27: _PyEval_EvalFrameDefault + 0x5eee (0x5dc36e in /workspace/vllm/.venv/bin/python)
frame #28: PyEval_EvalCode + 0x15b (0x5d543b in /workspace/vllm/.venv/bin/python)
frame #29: /workspace/vllm/.venv/bin/python() [0x5d322c]
frame #30: /workspace/vllm/.venv/bin/python() [0x581d1d]
frame #31: _PyEval_EvalFrameDefault + 0x4c3a (0x5db0ba in /workspace/vllm/.venv/bin/python)
frame #32: PyObject_CallOneArg + 0x4d (0x54a65d in /workspace/vllm/.venv/bin/python)
frame #33: /workspace/vllm/.venv/bin/python() [0x582e84]
frame #34: _PyObject_LookupAttr + 0x7a (0x584bea in /workspace/vllm/.venv/bin/python)
frame #35: /workspace/vllm/.venv/bin/python() [0x5d2b8a]
frame #36: _PyEval_EvalFrameDefault + 0x207d (0x5d84fd in /workspace/vllm/.venv/bin/python)
frame #37: /workspace/vllm/.venv/bin/python() [0x549d47]
frame #38: PyObject_CallMethodObjArgs + 0xe3 (0x54b5c3 in /workspace/vllm/.venv/bin/python)
frame #39: PyImport_ImportModuleLevelObject + 0x5eb (0x5fda5b in /workspace/vllm/.venv/bin/python)
frame #40: _PyEval_EvalFrameDefault + 0x5eee (0x5dc36e in /workspace/vllm/.venv/bin/python)
frame #41: PyEval_EvalCode + 0x15b (0x5d543b in /workspace/vllm/.venv/bin/python)
frame #42: /workspace/vllm/.venv/bin/python() [0x5d322c]
frame #43: /workspace/vllm/.venv/bin/python() [0x581d1d]
frame #44: _PyEval_EvalFrameDefault + 0x4c3a (0x5db0ba in /workspace/vllm/.venv/bin/python)
frame #45: /workspace/vllm/.venv/bin/python() [0x549d47]
frame #46: PyObject_CallMethodObjArgs + 0xe3 (0x54b5c3 in /workspace/vllm/.venv/bin/python)
frame #47: PyImport_ImportModuleLevelObject + 0x395 (0x5fd805 in /workspace/vllm/.venv/bin/python)
frame #48: _PyEval_EvalFrameDefault + 0x5eee (0x5dc36e in /workspace/vllm/.venv/bin/python)
frame #49: PyEval_EvalCode + 0x15b (0x5d543b in /workspace/vllm/.venv/bin/python)
frame #50: /workspace/vllm/.venv/bin/python() [0x5d322c]
frame #51: /workspace/vllm/.venv/bin/python() [0x581d1d]
frame #52: _PyEval_EvalFrameDefault + 0x4c3a (0x5db0ba in /workspace/vllm/.venv/bin/python)
frame #53: /workspace/vllm/.venv/bin/python() [0x549d47]
frame #54: PyObject_CallMethodObjArgs + 0xe3 (0x54b5c3 in /workspace/vllm/.venv/bin/python)
frame #55: PyImport_ImportModuleLevelObject + 0x395 (0x5fd805 in /workspace/vllm/.venv/bin/python)
frame #56: _PyEval_EvalFrameDefault + 0x5eee (0x5dc36e in /workspace/vllm/.venv/bin/python)
frame #57: PyEval_EvalCode + 0x15b (0x5d543b in /workspace/vllm/.venv/bin/python)
frame #58: /workspace/vllm/.venv/bin/python() [0x5d322c]
frame #59: /workspace/vllm/.venv/bin/python() [0x581d1d]
frame #60: _PyEval_EvalFrameDefault + 0x4c3a (0x5db0ba in /workspace/vllm/.venv/bin/python)
frame #61: /workspace/vllm/.venv/bin/python() [0x549d47]
frame #62: PyObject_CallMethodObjArgs + 0xe3 (0x54b5c3 in /workspace/vllm/.venv/bin/python)

[W708 11:07:53.356797077 OperatorEntry.cpp:208] Warning: Warning only once for all operators,  other operators may also be overridden.
  Overriding a previously registered kernel for the same operator and the same dispatch key
  operator: _C::persistent_masked_m_silu_mul_quant(Tensor input, Tensor counts, Tensor($0! -> ) y_q, Tensor($1! -> ) y_s, bool use_ue8m0) -> ()
    registered at /workspace/csrc/torch_bindings.cpp:21
  dispatch key: CUDA
  previous kernel: registered at /workspace/csrc/torch_bindings.cpp:21
       new kernel: registered at /workspace/csrc/libtorch_stable/torch_bindings.cpp:603 (function operator())
[E708 11:07:53.819142805 shim_common.cpp:1458] Exception in aoti_torch: Tried to register an operator (_C::persistent_masked_m_silu_mul_quant(Tensor input, Tensor counts, Tensor($0! -> ) y_q, Tensor($1! -> ) y_s, bool use_ue8m0) -> ()) with the same name and overload name multiple times. Each overload's schema should only be registered with a single call to def(). Duplicate registration: registered at /workspace/csrc/libtorch_stable/torch_bindings.cpp:10. Original registration: registered at /workspace/csrc/torch_bindings.cpp:21
Exception raised from registerDef at /pytorch/aten/src/ATen/core/dispatch/Dispatcher.cpp:248 (most recent call first):
frame #0: c10::Error::Error(c10::SourceLocation, std::__cxx11::basic_string<char, std::char_traits<char>, std::allocator<char> >) + 0x9d (0x7ffff6b7205d in /workspace/vllm/.venv/lib/python3.12/site-packages/torch/lib/libc10.so)
frame #1: c10::detail::torchCheckFail(char const*, char const*, unsigned int, std::__cxx11::basic_string<char, std::char_traits<char>, std::allocator<char> > const&) + 0xc3 (0x7ffff6b066fd in /workspace/vllm/.venv/lib/python3.12/site-packages/torch/lib/libc10.so)
frame #2: c10::Dispatcher::registerDef(c10::FunctionSchema, std::__cxx11::basic_string<char, std::char_traits<char>, std::allocator<char> >, std::vector<at::Tag, std::allocator<at::Tag> >) + 0x35e (0x7fff0e6811fe in /workspace/vllm/.venv/lib/python3.12/site-packages/torch/lib/libtorch_cpu.so)
frame #3: torch::Library::_def(c10::FunctionSchema&&, c10::OperatorName*, std::vector<at::Tag, std::allocator<at::Tag> > const&, torch::_RegisterOrVerify) & + 0x514 (0x7fff0e6c2254 in /workspace/vllm/.venv/lib/python3.12/site-packages/torch/lib/libtorch_cpu.so)
frame #4: aoti_torch_library_def + 0x99 (0x7fff128d45b9 in /workspace/vllm/.venv/lib/python3.12/site-packages/torch/lib/libtorch_cpu.so)
frame #5: <unknown function> + 0x2bdaf1 (0x7ffe8aebeaf1 in /workspace/vllm/vllm/_C_stable_libtorch.abi3.so)
frame #6: <unknown function> + 0x2bf0ce (0x7ffe8aec00ce in /workspace/vllm/vllm/_C_stable_libtorch.abi3.so)
frame #7: <unknown function> + 0x279d92 (0x7ffe8ae7ad92 in /workspace/vllm/vllm/_C_stable_libtorch.abi3.so)
frame #8: <unknown function> + 0x571f (0x7ffff7fca71f in /lib64/ld-linux-x86-64.so.2)
frame #9: <unknown function> + 0x5824 (0x7ffff7fca824 in /lib64/ld-linux-x86-64.so.2)
frame #10: _dl_catch_exception + 0x132 (0x7ffff7fc65b2 in /lib64/ld-linux-x86-64.so.2)
frame #11: <unknown function> + 0xcd7c (0x7ffff7fd1d7c in /lib64/ld-linux-x86-64.so.2)
frame #12: _dl_catch_exception + 0x9c (0x7ffff7fc651c in /lib64/ld-linux-x86-64.so.2)
frame #13: <unknown function> + 0xd164 (0x7ffff7fd2164 in /lib64/ld-linux-x86-64.so.2)
frame #14: <unknown function> + 0x981a4 (0x7ffff7d0c1a4 in /usr/lib/x86_64-linux-gnu/libc.so.6)
frame #15: _dl_catch_exception + 0x9c (0x7ffff7fc651c in /lib64/ld-linux-x86-64.so.2)
frame #16: <unknown function> + 0x1669 (0x7ffff7fc6669 in /lib64/ld-linux-x86-64.so.2)
frame #17: <unknown function> + 0x97c83 (0x7ffff7d0bc83 in /usr/lib/x86_64-linux-gnu/libc.so.6)
frame #18: dlopen + 0x6f (0x7ffff7d0c25f in /usr/lib/x86_64-linux-gnu/libc.so.6)
frame #19: /workspace/vllm/.venv/bin/python() [0x6bc36c]
frame #20: /workspace/vllm/.venv/bin/python() [0x6a946a]
frame #21: /workspace/vllm/.venv/bin/python() [0x6a8bf2]
frame #22: /workspace/vllm/.venv/bin/python() [0x581f37]
frame #23: _PyEval_EvalFrameDefault + 0x4c3a (0x5db0ba in /workspace/vllm/.venv/bin/python)
frame #24: /workspace/vllm/.venv/bin/python() [0x549d47]
frame #25: PyObject_CallMethodObjArgs + 0xe3 (0x54b5c3 in /workspace/vllm/.venv/bin/python)
frame #26: PyImport_ImportModuleLevelObject + 0x395 (0x5fd805 in /workspace/vllm/.venv/bin/python)
frame #27: _PyEval_EvalFrameDefault + 0x5eee (0x5dc36e in /workspace/vllm/.venv/bin/python)
frame #28: PyEval_EvalCode + 0x15b (0x5d543b in /workspace/vllm/.venv/bin/python)
frame #29: /workspace/vllm/.venv/bin/python() [0x5d322c]
frame #30: /workspace/vllm/.venv/bin/python() [0x581d1d]
frame #31: _PyEval_EvalFrameDefault + 0x4c3a (0x5db0ba in /workspace/vllm/.venv/bin/python)
frame #32: PyObject_CallOneArg + 0x4d (0x54a65d in /workspace/vllm/.venv/bin/python)
frame #33: /workspace/vllm/.venv/bin/python() [0x582e84]
frame #34: _PyObject_LookupAttr + 0x7a (0x584bea in /workspace/vllm/.venv/bin/python)
frame #35: /workspace/vllm/.venv/bin/python() [0x5d2b8a]
frame #36: _PyEval_EvalFrameDefault + 0x207d (0x5d84fd in /workspace/vllm/.venv/bin/python)
frame #37: /workspace/vllm/.venv/bin/python() [0x549d47]
frame #38: PyObject_CallMethodObjArgs + 0xe3 (0x54b5c3 in /workspace/vllm/.venv/bin/python)
frame #39: PyImport_ImportModuleLevelObject + 0x5eb (0x5fda5b in /workspace/vllm/.venv/bin/python)
frame #40: _PyEval_EvalFrameDefault + 0x5eee (0x5dc36e in /workspace/vllm/.venv/bin/python)
frame #41: PyEval_EvalCode + 0x15b (0x5d543b in /workspace/vllm/.venv/bin/python)
frame #42: /workspace/vllm/.venv/bin/python() [0x5d322c]
frame #43: /workspace/vllm/.venv/bin/python() [0x581d1d]
frame #44: _PyEval_EvalFrameDefault + 0x4c3a (0x5db0ba in /workspace/vllm/.venv/bin/python)
frame #45: /workspace/vllm/.venv/bin/python() [0x549d47]
frame #46: PyObject_CallMethodObjArgs + 0xe3 (0x54b5c3 in /workspace/vllm/.venv/bin/python)
frame #47: PyImport_ImportModuleLevelObject + 0x395 (0x5fd805 in /workspace/vllm/.venv/bin/python)
frame #48: _PyEval_EvalFrameDefault + 0x5eee (0x5dc36e in /workspace/vllm/.venv/bin/python)
frame #49: PyEval_EvalCode + 0x15b (0x5d543b in /workspace/vllm/.venv/bin/python)
frame #50: /workspace/vllm/.venv/bin/python() [0x5d322c]
frame #51: /workspace/vllm/.venv/bin/python() [0x581d1d]
frame #52: _PyEval_EvalFrameDefault + 0x4c3a (0x5db0ba in /workspace/vllm/.venv/bin/python)
frame #53: /workspace/vllm/.venv/bin/python() [0x549d47]
frame #54: PyObject_CallMethodObjArgs + 0xe3 (0x54b5c3 in /workspace/vllm/.venv/bin/python)
frame #55: PyImport_ImportModuleLevelObject + 0x395 (0x5fd805 in /workspace/vllm/.venv/bin/python)
frame #56: _PyEval_EvalFrameDefault + 0x5eee (0x5dc36e in /workspace/vllm/.venv/bin/python)
frame #57: PyEval_EvalCode + 0x15b (0x5d543b in /workspace/vllm/.venv/bin/python)
frame #58: /workspace/vllm/.venv/bin/python() [0x5d322c]
frame #59: /workspace/vllm/.venv/bin/python() [0x581d1d]
frame #60: _PyEval_EvalFrameDefault + 0x4c3a (0x5db0ba in /workspace/vllm/.venv/bin/python)
frame #61: /workspace/vllm/.venv/bin/python() [0x549d47]
frame #62: PyObject_CallMethodObjArgs + 0xe3 (0x54b5c3 in /workspace/vllm/.venv/bin/python)

[E708 11:07:53.821061262 shim_common.cpp:1458] Exception in aoti_torch: Tried to register an operator (_C::weak_ref_tensor(Tensor input) -> Tensor) with the same name and overload name multiple times. Each overload's schema should only be registered with a single call to def(). Duplicate registration: registered at /workspace/csrc/libtorch_stable/torch_bindings.cpp:10. Original registration: registered at /workspace/csrc/torch_bindings.cpp:21
Exception raised from registerDef at /pytorch/aten/src/ATen/core/dispatch/Dispatcher.cpp:248 (most recent call first):
frame #0: c10::Error::Error(c10::SourceLocation, std::__cxx11::basic_string<char, std::char_traits<char>, std::allocator<char> >) + 0x9d (0x7ffff6b7205d in /workspace/vllm/.venv/lib/python3.12/site-packages/torch/lib/libc10.so)
frame #1: c10::detail::torchCheckFail(char const*, char const*, unsigned int, std::__cxx11::basic_string<char, std::char_traits<char>, std::allocator<char> > const&) + 0xc3 (0x7ffff6b066fd in /workspace/vllm/.venv/lib/python3.12/site-packages/torch/lib/libc10.so)
frame #2: c10::Dispatcher::registerDef(c10::FunctionSchema, std::__cxx11::basic_string<char, std::char_traits<char>, std::allocator<char> >, std::vector<at::Tag, std::allocator<at::Tag> >) + 0x35e (0x7fff0e6811fe in /workspace/vllm/.venv/lib/python3.12/site-packages/torch/lib/libtorch_cpu.so)
frame #3: torch::Library::_def(c10::FunctionSchema&&, c10::OperatorName*, std::vector<at::Tag, std::allocator<at::Tag> > const&, torch::_RegisterOrVerify) & + 0x514 (0x7fff0e6c2254 in /workspace/vllm/.venv/lib/python3.12/site-packages/torch/lib/libtorch_cpu.so)
frame #4: aoti_torch_library_def + 0x99 (0x7fff128d45b9 in /workspace/vllm/.venv/lib/python3.12/site-packages/torch/lib/libtorch_cpu.so)
frame #5: <unknown function> + 0x2bdb00 (0x7ffe8aebeb00 in /workspace/vllm/vllm/_C_stable_libtorch.abi3.so)
frame #6: <unknown function> + 0x2bf0ce (0x7ffe8aec00ce in /workspace/vllm/vllm/_C_stable_libtorch.abi3.so)
frame #7: <unknown function> + 0x279d92 (0x7ffe8ae7ad92 in /workspace/vllm/vllm/_C_stable_libtorch.abi3.so)
frame #8: <unknown function> + 0x571f (0x7ffff7fca71f in /lib64/ld-linux-x86-64.so.2)
frame #9: <unknown function> + 0x5824 (0x7ffff7fca824 in /lib64/ld-linux-x86-64.so.2)
frame #10: _dl_catch_exception + 0x132 (0x7ffff7fc65b2 in /lib64/ld-linux-x86-64.so.2)
frame #11: <unknown function> + 0xcd7c (0x7ffff7fd1d7c in /lib64/ld-linux-x86-64.so.2)
frame #12: _dl_catch_exception + 0x9c (0x7ffff7fc651c in /lib64/ld-linux-x86-64.so.2)
frame #13: <unknown function> + 0xd164 (0x7ffff7fd2164 in /lib64/ld-linux-x86-64.so.2)
frame #14: <unknown function> + 0x981a4 (0x7ffff7d0c1a4 in /usr/lib/x86_64-linux-gnu/libc.so.6)
frame #15: _dl_catch_exception + 0x9c (0x7ffff7fc651c in /lib64/ld-linux-x86-64.so.2)
frame #16: <unknown function> + 0x1669 (0x7ffff7fc6669 in /lib64/ld-linux-x86-64.so.2)
frame #17: <unknown function> + 0x97c83 (0x7ffff7d0bc83 in /usr/lib/x86_64-linux-gnu/libc.so.6)
frame #18: dlopen + 0x6f (0x7ffff7d0c25f in /usr/lib/x86_64-linux-gnu/libc.so.6)
frame #19: /workspace/vllm/.venv/bin/python() [0x6bc36c]
frame #20: /workspace/vllm/.venv/bin/python() [0x6a946a]
frame #21: /workspace/vllm/.venv/bin/python() [0x6a8bf2]
frame #22: /workspace/vllm/.venv/bin/python() [0x581f37]
frame #23: _PyEval_EvalFrameDefault + 0x4c3a (0x5db0ba in /workspace/vllm/.venv/bin/python)
frame #24: /workspace/vllm/.venv/bin/python() [0x549d47]
frame #25: PyObject_CallMethodObjArgs + 0xe3 (0x54b5c3 in /workspace/vllm/.venv/bin/python)
frame #26: PyImport_ImportModuleLevelObject + 0x395 (0x5fd805 in /workspace/vllm/.venv/bin/python)
frame #27: _PyEval_EvalFrameDefault + 0x5eee (0x5dc36e in /workspace/vllm/.venv/bin/python)
frame #28: PyEval_EvalCode + 0x15b (0x5d543b in /workspace/vllm/.venv/bin/python)
frame #29: /workspace/vllm/.venv/bin/python() [0x5d322c]
frame #30: /workspace/vllm/.venv/bin/python() [0x581d1d]
frame #31: _PyEval_EvalFrameDefault + 0x4c3a (0x5db0ba in /workspace/vllm/.venv/bin/python)
frame #32: PyObject_CallOneArg + 0x4d (0x54a65d in /workspace/vllm/.venv/bin/python)
frame #33: /workspace/vllm/.venv/bin/python() [0x582e84]
frame #34: _PyObject_LookupAttr + 0x7a (0x584bea in /workspace/vllm/.venv/bin/python)
frame #35: /workspace/vllm/.venv/bin/python() [0x5d2b8a]
frame #36: _PyEval_EvalFrameDefault + 0x207d (0x5d84fd in /workspace/vllm/.venv/bin/python)
frame #37: /workspace/vllm/.venv/bin/python() [0x549d47]
frame #38: PyObject_CallMethodObjArgs + 0xe3 (0x54b5c3 in /workspace/vllm/.venv/bin/python)
frame #39: PyImport_ImportModuleLevelObject + 0x5eb (0x5fda5b in /workspace/vllm/.venv/bin/python)
frame #40: _PyEval_EvalFrameDefault + 0x5eee (0x5dc36e in /workspace/vllm/.venv/bin/python)
frame #41: PyEval_EvalCode + 0x15b (0x5d543b in /workspace/vllm/.venv/bin/python)
frame #42: /workspace/vllm/.venv/bin/python() [0x5d322c]
frame #43: /workspace/vllm/.venv/bin/python() [0x581d1d]
frame #44: _PyEval_EvalFrameDefault + 0x4c3a (0x5db0ba in /workspace/vllm/.venv/bin/python)
frame #45: /workspace/vllm/.venv/bin/python() [0x549d47]
frame #46: PyObject_CallMethodObjArgs + 0xe3 (0x54b5c3 in /workspace/vllm/.venv/bin/python)
frame #47: PyImport_ImportModuleLevelObject + 0x395 (0x5fd805 in /workspace/vllm/.venv/bin/python)
frame #48: _PyEval_EvalFrameDefault + 0x5eee (0x5dc36e in /workspace/vllm/.venv/bin/python)
frame #49: PyEval_EvalCode + 0x15b (0x5d543b in /workspace/vllm/.venv/bin/python)
frame #50: /workspace/vllm/.venv/bin/python() [0x5d322c]
frame #51: /workspace/vllm/.venv/bin/python() [0x581d1d]
frame #52: _PyEval_EvalFrameDefault + 0x4c3a (0x5db0ba in /workspace/vllm/.venv/bin/python)
frame #53: /workspace/vllm/.venv/bin/python() [0x549d47]
frame #54: PyObject_CallMethodObjArgs + 0xe3 (0x54b5c3 in /workspace/vllm/.venv/bin/python)
frame #55: PyImport_ImportModuleLevelObject + 0x395 (0x5fd805 in /workspace/vllm/.venv/bin/python)
frame #56: _PyEval_EvalFrameDefault + 0x5eee (0x5dc36e in /workspace/vllm/.venv/bin/python)
frame #57: PyEval_EvalCode + 0x15b (0x5d543b in /workspace/vllm/.venv/bin/python)
frame #58: /workspace/vllm/.venv/bin/python() [0x5d322c]
frame #59: /workspace/vllm/.venv/bin/python() [0x581d1d]
frame #60: _PyEval_EvalFrameDefault + 0x4c3a (0x5db0ba in /workspace/vllm/.venv/bin/python)
frame #61: /workspace/vllm/.venv/bin/python() [0x549d47]
frame #62: PyObject_CallMethodObjArgs + 0xe3 (0x54b5c3 in /workspace/vllm/.venv/bin/python)

[E708 11:07:53.822918729 shim_common.cpp:1458] Exception in aoti_torch: Tried to register an operator (_C::silu_and_mul_quant(Tensor($0! -> ) result, Tensor input, Tensor scale) -> ()) with the same name and overload name multiple times. Each overload's schema should only be registered with a single call to def(). Duplicate registration: registered at /workspace/csrc/libtorch_stable/torch_bindings.cpp:10. Original registration: registered at /workspace/csrc/torch_bindings.cpp:21
Exception raised from registerDef at /pytorch/aten/src/ATen/core/dispatch/Dispatcher.cpp:248 (most recent call first):
frame #0: c10::Error::Error(c10::SourceLocation, std::__cxx11::basic_string<char, std::char_traits<char>, std::allocator<char> >) + 0x9d (0x7ffff6b7205d in /workspace/vllm/.venv/lib/python3.12/site-packages/torch/lib/libc10.so)
frame #1: c10::detail::torchCheckFail(char const*, char const*, unsigned int, std::__cxx11::basic_string<char, std::char_traits<char>, std::allocator<char> > const&) + 0xc3 (0x7ffff6b066fd in /workspace/vllm/.venv/lib/python3.12/site-packages/torch/lib/libc10.so)
frame #2: c10::Dispatcher::registerDef(c10::FunctionSchema, std::__cxx11::basic_string<char, std::char_traits<char>, std::allocator<char> >, std::vector<at::Tag, std::allocator<at::Tag> >) + 0x35e (0x7fff0e6811fe in /workspace/vllm/.venv/lib/python3.12/site-packages/torch/lib/libtorch_cpu.so)
frame #3: torch::Library::_def(c10::FunctionSchema&&, c10::OperatorName*, std::vector<at::Tag, std::allocator<at::Tag> > const&, torch::_RegisterOrVerify) & + 0x514 (0x7fff0e6c2254 in /workspace/vllm/.venv/lib/python3.12/site-packages/torch/lib/libtorch_cpu.so)
frame #4: aoti_torch_library_def + 0x99 (0x7fff128d45b9 in /workspace/vllm/.venv/lib/python3.12/site-packages/torch/lib/libtorch_cpu.so)
frame #5: <unknown function> + 0x2bdb3c (0x7ffe8aebeb3c in /workspace/vllm/vllm/_C_stable_libtorch.abi3.so)
frame #6: <unknown function> + 0x2bf0ce (0x7ffe8aec00ce in /workspace/vllm/vllm/_C_stable_libtorch.abi3.so)
frame #7: <unknown function> + 0x279d92 (0x7ffe8ae7ad92 in /workspace/vllm/vllm/_C_stable_libtorch.abi3.so)
frame #8: <unknown function> + 0x571f (0x7ffff7fca71f in /lib64/ld-linux-x86-64.so.2)
frame #9: <unknown function> + 0x5824 (0x7ffff7fca824 in /lib64/ld-linux-x86-64.so.2)
frame #10: _dl_catch_exception + 0x132 (0x7ffff7fc65b2 in /lib64/ld-linux-x86-64.so.2)
frame #11: <unknown function> + 0xcd7c (0x7ffff7fd1d7c in /lib64/ld-linux-x86-64.so.2)
frame #12: _dl_catch_exception + 0x9c (0x7ffff7fc651c in /lib64/ld-linux-x86-64.so.2)
frame #13: <unknown function> + 0xd164 (0x7ffff7fd2164 in /lib64/ld-linux-x86-64.so.2)
frame #14: <unknown function> + 0x981a4 (0x7ffff7d0c1a4 in /usr/lib/x86_64-linux-gnu/libc.so.6)
frame #15: _dl_catch_exception + 0x9c (0x7ffff7fc651c in /lib64/ld-linux-x86-64.so.2)
frame #16: <unknown function> + 0x1669 (0x7ffff7fc6669 in /lib64/ld-linux-x86-64.so.2)
frame #17: <unknown function> + 0x97c83 (0x7ffff7d0bc83 in /usr/lib/x86_64-linux-gnu/libc.so.6)
frame #18: dlopen + 0x6f (0x7ffff7d0c25f in /usr/lib/x86_64-linux-gnu/libc.so.6)
frame #19: /workspace/vllm/.venv/bin/python() [0x6bc36c]
frame #20: /workspace/vllm/.venv/bin/python() [0x6a946a]
frame #21: /workspace/vllm/.venv/bin/python() [0x6a8bf2]
frame #22: /workspace/vllm/.venv/bin/python() [0x581f37]
frame #23: _PyEval_EvalFrameDefault + 0x4c3a (0x5db0ba in /workspace/vllm/.venv/bin/python)
frame #24: /workspace/vllm/.venv/bin/python() [0x549d47]
frame #25: PyObject_CallMethodObjArgs + 0xe3 (0x54b5c3 in /workspace/vllm/.venv/bin/python)
frame #26: PyImport_ImportModuleLevelObject + 0x395 (0x5fd805 in /workspace/vllm/.venv/bin/python)
frame #27: _PyEval_EvalFrameDefault + 0x5eee (0x5dc36e in /workspace/vllm/.venv/bin/python)
frame #28: PyEval_EvalCode + 0x15b (0x5d543b in /workspace/vllm/.venv/bin/python)
frame #29: /workspace/vllm/.venv/bin/python() [0x5d322c]
frame #30: /workspace/vllm/.venv/bin/python() [0x581d1d]
frame #31: _PyEval_EvalFrameDefault + 0x4c3a (0x5db0ba in /workspace/vllm/.venv/bin/python)
frame #32: PyObject_CallOneArg + 0x4d (0x54a65d in /workspace/vllm/.venv/bin/python)
frame #33: /workspace/vllm/.venv/bin/python() [0x582e84]
frame #34: _PyObject_LookupAttr + 0x7a (0x584bea in /workspace/vllm/.venv/bin/python)
frame #35: /workspace/vllm/.venv/bin/python() [0x5d2b8a]
frame #36: _PyEval_EvalFrameDefault + 0x207d (0x5d84fd in /workspace/vllm/.venv/bin/python)
frame #37: /workspace/vllm/.venv/bin/python() [0x549d47]
frame #38: PyObject_CallMethodObjArgs + 0xe3 (0x54b5c3 in /workspace/vllm/.venv/bin/python)
frame #39: PyImport_ImportModuleLevelObject + 0x5eb (0x5fda5b in /workspace/vllm/.venv/bin/python)
frame #40: _PyEval_EvalFrameDefault + 0x5eee (0x5dc36e in /workspace/vllm/.venv/bin/python)
frame #41: PyEval_EvalCode + 0x15b (0x5d543b in /workspace/vllm/.venv/bin/python)
frame #42: /workspace/vllm/.venv/bin/python() [0x5d322c]
frame #43: /workspace/vllm/.venv/bin/python() [0x581d1d]
frame #44: _PyEval_EvalFrameDefault + 0x4c3a (0x5db0ba in /workspace/vllm/.venv/bin/python)
frame #45: /workspace/vllm/.venv/bin/python() [0x549d47]
frame #46: PyObject_CallMethodObjArgs + 0xe3 (0x54b5c3 in /workspace/vllm/.venv/bin/python)
frame #47: PyImport_ImportModuleLevelObject + 0x395 (0x5fd805 in /workspace/vllm/.venv/bin/python)
frame #48: _PyEval_EvalFrameDefault + 0x5eee (0x5dc36e in /workspace/vllm/.venv/bin/python)
frame #49: PyEval_EvalCode + 0x15b (0x5d543b in /workspace/vllm/.venv/bin/python)
frame #50: /workspace/vllm/.venv/bin/python() [0x5d322c]
frame #51: /workspace/vllm/.venv/bin/python() [0x581d1d]
frame #52: _PyEval_EvalFrameDefault + 0x4c3a (0x5db0ba in /workspace/vllm/.venv/bin/python)
frame #53: /workspace/vllm/.venv/bin/python() [0x549d47]
frame #54: PyObject_CallMethodObjArgs + 0xe3 (0x54b5c3 in /workspace/vllm/.venv/bin/python)
frame #55: PyImport_ImportModuleLevelObject + 0x395 (0x5fd805 in /workspace/vllm/.venv/bin/python)
frame #56: _PyEval_EvalFrameDefault + 0x5eee (0x5dc36e in /workspace/vllm/.venv/bin/python)
frame #57: PyEval_EvalCode + 0x15b (0x5d543b in /workspace/vllm/.venv/bin/python)
frame #58: /workspace/vllm/.venv/bin/python() [0x5d322c]
frame #59: /workspace/vllm/.venv/bin/python() [0x581d1d]
frame #60: _PyEval_EvalFrameDefault + 0x4c3a (0x5db0ba in /workspace/vllm/.venv/bin/python)
frame #61: /workspace/vllm/.venv/bin/python() [0x549d47]
frame #62: PyObject_CallMethodObjArgs + 0xe3 (0x54b5c3 in /workspace/vllm/.venv/bin/python)

[W708 11:07:53.824962184 OperatorEntry.cpp:208] Warning: Warning only once for all operators,  other operators may also be overridden.
  Overriding a previously registered kernel for the same operator and the same dispatch key
  operator: _C::persistent_masked_m_silu_mul_quant(Tensor input, Tensor counts, Tensor($0! -> ) y_q, Tensor($1! -> ) y_s, bool use_ue8m0) -> ()
    registered at /workspace/csrc/torch_bindings.cpp:21
  dispatch key: CUDA
  previous kernel: registered at /workspace/csrc/torch_bindings.cpp:21
       new kernel: registered at /workspace/csrc/libtorch_stable/torch_bindings.cpp:603 (function operator())
[E708 11:07:53.829872524 shim_common.cpp:1458] Exception in aoti_torch: Tried to register an operator (_C::persistent_masked_m_silu_mul_quant(Tensor input, Tensor counts, Tensor($0! -> ) y_q, Tensor($1! -> ) y_s, bool use_ue8m0) -> ()) with the same name and overload name multiple times. Each overload's schema should only be registered with a single call to def(). Duplicate registration: registered at /workspace/csrc/libtorch_stable/torch_bindings.cpp:10. Original registration: registered at /workspace/csrc/torch_bindings.cpp:21
Exception raised from registerDef at /pytorch/aten/src/ATen/core/dispatch/Dispatcher.cpp:248 (most recent call first):
frame #0: c10::Error::Error(c10::SourceLocation, std::__cxx11::basic_string<char, std::char_traits<char>, std::allocator<char> >) + 0x9d (0x7ffff6b7205d in /workspace/vllm/.venv/lib/python3.12/site-packages/torch/lib/libc10.so)
frame #1: c10::detail::torchCheckFail(char const*, char const*, unsigned int, std::__cxx11::basic_string<char, std::char_traits<char>, std::allocator<char> > const&) + 0xc3 (0x7ffff6b066fd in /workspace/vllm/.venv/lib/python3.12/site-packages/torch/lib/libc10.so)
frame #2: c10::Dispatcher::registerDef(c10::FunctionSchema, std::__cxx11::basic_string<char, std::char_traits<char>, std::allocator<char> >, std::vector<at::Tag, std::allocator<at::Tag> >) + 0x35e (0x7fff0e6811fe in /workspace/vllm/.venv/lib/python3.12/site-packages/torch/lib/libtorch_cpu.so)
frame #3: torch::Library::_def(c10::FunctionSchema&&, c10::OperatorName*, std::vector<at::Tag, std::allocator<at::Tag> > const&, torch::_RegisterOrVerify) & + 0x514 (0x7fff0e6c2254 in /workspace/vllm/.venv/lib/python3.12/site-packages/torch/lib/libtorch_cpu.so)
frame #4: aoti_torch_library_def + 0x99 (0x7fff128d45b9 in /workspace/vllm/.venv/lib/python3.12/site-packages/torch/lib/libtorch_cpu.so)
frame #5: <unknown function> + 0x2bdaf1 (0x7ffe8aebeaf1 in /workspace/vllm/vllm/_C_stable_libtorch.abi3.so)
frame #6: <unknown function> + 0x2bf0ce (0x7ffe8aec00ce in /workspace/vllm/vllm/_C_stable_libtorch.abi3.so)
frame #7: <unknown function> + 0x279d92 (0x7ffe8ae7ad92 in /workspace/vllm/vllm/_C_stable_libtorch.abi3.so)
frame #8: <unknown function> + 0x571f (0x7ffff7fca71f in /lib64/ld-linux-x86-64.so.2)
frame #9: <unknown function> + 0x5824 (0x7ffff7fca824 in /lib64/ld-linux-x86-64.so.2)
frame #10: _dl_catch_exception + 0x132 (0x7ffff7fc65b2 in /lib64/ld-linux-x86-64.so.2)
frame #11: <unknown function> + 0xcd7c (0x7ffff7fd1d7c in /lib64/ld-linux-x86-64.so.2)
frame #12: _dl_catch_exception + 0x9c (0x7ffff7fc651c in /lib64/ld-linux-x86-64.so.2)
frame #13: <unknown function> + 0xd164 (0x7ffff7fd2164 in /lib64/ld-linux-x86-64.so.2)
frame #14: <unknown function> + 0x981a4 (0x7ffff7d0c1a4 in /usr/lib/x86_64-linux-gnu/libc.so.6)
frame #15: _dl_catch_exception + 0x9c (0x7ffff7fc651c in /lib64/ld-linux-x86-64.so.2)
frame #16: <unknown function> + 0x1669 (0x7ffff7fc6669 in /lib64/ld-linux-x86-64.so.2)
frame #17: <unknown function> + 0x97c83 (0x7ffff7d0bc83 in /usr/lib/x86_64-linux-gnu/libc.so.6)
frame #18: dlopen + 0x6f (0x7ffff7d0c25f in /usr/lib/x86_64-linux-gnu/libc.so.6)
frame #19: /workspace/vllm/.venv/bin/python() [0x6bc36c]
frame #20: /workspace/vllm/.venv/bin/python() [0x6a946a]
frame #21: /workspace/vllm/.venv/bin/python() [0x6a8bf2]
frame #22: /workspace/vllm/.venv/bin/python() [0x581f37]
frame #23: _PyEval_EvalFrameDefault + 0x4c3a (0x5db0ba in /workspace/vllm/.venv/bin/python)
frame #24: /workspace/vllm/.venv/bin/python() [0x549d47]
frame #25: PyObject_CallMethodObjArgs + 0xe3 (0x54b5c3 in /workspace/vllm/.venv/bin/python)
frame #26: PyImport_ImportModuleLevelObject + 0x395 (0x5fd805 in /workspace/vllm/.venv/bin/python)
frame #27: _PyEval_EvalFrameDefault + 0x5eee (0x5dc36e in /workspace/vllm/.venv/bin/python)
frame #28: PyEval_EvalCode + 0x15b (0x5d543b in /workspace/vllm/.venv/bin/python)
frame #29: /workspace/vllm/.venv/bin/python() [0x5d322c]
frame #30: /workspace/vllm/.venv/bin/python() [0x581d1d]
frame #31: _PyEval_EvalFrameDefault + 0x4c3a (0x5db0ba in /workspace/vllm/.venv/bin/python)
frame #32: PyObject_CallOneArg + 0x4d (0x54a65d in /workspace/vllm/.venv/bin/python)
frame #33: /workspace/vllm/.venv/bin/python() [0x582e84]
frame #34: _PyObject_LookupAttr + 0x7a (0x584bea in /workspace/vllm/.venv/bin/python)
frame #35: /workspace/vllm/.venv/bin/python() [0x5d2b8a]
frame #36: _PyEval_EvalFrameDefault + 0x207d (0x5d84fd in /workspace/vllm/.venv/bin/python)
frame #37: /workspace/vllm/.venv/bin/python() [0x549d47]
frame #38: PyObject_CallMethodObjArgs + 0xe3 (0x54b5c3 in /workspace/vllm/.venv/bin/python)
frame #39: PyImport_ImportModuleLevelObject + 0x5eb (0x5fda5b in /workspace/vllm/.venv/bin/python)
frame #40: _PyEval_EvalFrameDefault + 0x5eee (0x5dc36e in /workspace/vllm/.venv/bin/python)
frame #41: PyEval_EvalCode + 0x15b (0x5d543b in /workspace/vllm/.venv/bin/python)
frame #42: /workspace/vllm/.venv/bin/python() [0x5d322c]
frame #43: /workspace/vllm/.venv/bin/python() [0x581d1d]
frame #44: _PyEval_EvalFrameDefault + 0x4c3a (0x5db0ba in /workspace/vllm/.venv/bin/python)
frame #45: /workspace/vllm/.venv/bin/python() [0x549d47]
frame #46: PyObject_CallMethodObjArgs + 0xe3 (0x54b5c3 in /workspace/vllm/.venv/bin/python)
frame #47: PyImport_ImportModuleLevelObject + 0x395 (0x5fd805 in /workspace/vllm/.venv/bin/python)
frame #48: _PyEval_EvalFrameDefault + 0x5eee (0x5dc36e in /workspace/vllm/.venv/bin/python)
frame #49: PyEval_EvalCode + 0x15b (0x5d543b in /workspace/vllm/.venv/bin/python)
frame #50: /workspace/vllm/.venv/bin/python() [0x5d322c]
frame #51: /workspace/vllm/.venv/bin/python() [0x581d1d]
frame #52: _PyEval_EvalFrameDefault + 0x4c3a (0x5db0ba in /workspace/vllm/.venv/bin/python)
frame #53: /workspace/vllm/.venv/bin/python() [0x549d47]
frame #54: PyObject_CallMethodObjArgs + 0xe3 (0x54b5c3 in /workspace/vllm/.venv/bin/python)
frame #55: PyImport_ImportModuleLevelObject + 0x395 (0x5fd805 in /workspace/vllm/.venv/bin/python)
frame #56: _PyEval_EvalFrameDefault + 0x5eee (0x5dc36e in /workspace/vllm/.venv/bin/python)
frame #57: PyEval_EvalCode + 0x15b (0x5d543b in /workspace/vllm/.venv/bin/python)
frame #58: /workspace/vllm/.venv/bin/python() [0x5d322c]
frame #59: /workspace/vllm/.venv/bin/python() [0x581d1d]
frame #60: _PyEval_EvalFrameDefault + 0x4c3a (0x5db0ba in /workspace/vllm/.venv/bin/python)
frame #61: /workspace/vllm/.venv/bin/python() [0x549d47]
frame #62: PyObject_CallMethodObjArgs + 0xe3 (0x54b5c3 in /workspace/vllm/.venv/bin/python)

[E708 11:07:53.831834298 shim_common.cpp:1458] Exception in aoti_torch: Tried to register an operator (_C::weak_ref_tensor(Tensor input) -> Tensor) with the same name and overload name multiple times. Each overload's schema should only be registered with a single call to def(). Duplicate registration: registered at /workspace/csrc/libtorch_stable/torch_bindings.cpp:10. Original registration: registered at /workspace/csrc/torch_bindings.cpp:21
Exception raised from registerDef at /pytorch/aten/src/ATen/core/dispatch/Dispatcher.cpp:248 (most recent call first):
frame #0: c10::Error::Error(c10::SourceLocation, std::__cxx11::basic_string<char, std::char_traits<char>, std::allocator<char> >) + 0x9d (0x7ffff6b7205d in /workspace/vllm/.venv/lib/python3.12/site-packages/torch/lib/libc10.so)
frame #1: c10::detail::torchCheckFail(char const*, char const*, unsigned int, std::__cxx11::basic_string<char, std::char_traits<char>, std::allocator<char> > const&) + 0xc3 (0x7ffff6b066fd in /workspace/vllm/.venv/lib/python3.12/site-packages/torch/lib/libc10.so)
frame #2: c10::Dispatcher::registerDef(c10::FunctionSchema, std::__cxx11::basic_string<char, std::char_traits<char>, std::allocator<char> >, std::vector<at::Tag, std::allocator<at::Tag> >) + 0x35e (0x7fff0e6811fe in /workspace/vllm/.venv/lib/python3.12/site-packages/torch/lib/libtorch_cpu.so)
frame #3: torch::Library::_def(c10::FunctionSchema&&, c10::OperatorName*, std::vector<at::Tag, std::allocator<at::Tag> > const&, torch::_RegisterOrVerify) & + 0x514 (0x7fff0e6c2254 in /workspace/vllm/.venv/lib/python3.12/site-packages/torch/lib/libtorch_cpu.so)
frame #4: aoti_torch_library_def + 0x99 (0x7fff128d45b9 in /workspace/vllm/.venv/lib/python3.12/site-packages/torch/lib/libtorch_cpu.so)
frame #5: <unknown function> + 0x2bdb00 (0x7ffe8aebeb00 in /workspace/vllm/vllm/_C_stable_libtorch.abi3.so)
frame #6: <unknown function> + 0x2bf0ce (0x7ffe8aec00ce in /workspace/vllm/vllm/_C_stable_libtorch.abi3.so)
frame #7: <unknown function> + 0x279d92 (0x7ffe8ae7ad92 in /workspace/vllm/vllm/_C_stable_libtorch.abi3.so)
frame #8: <unknown function> + 0x571f (0x7ffff7fca71f in /lib64/ld-linux-x86-64.so.2)
frame #9: <unknown function> + 0x5824 (0x7ffff7fca824 in /lib64/ld-linux-x86-64.so.2)
frame #10: _dl_catch_exception + 0x132 (0x7ffff7fc65b2 in /lib64/ld-linux-x86-64.so.2)
frame #11: <unknown function> + 0xcd7c (0x7ffff7fd1d7c in /lib64/ld-linux-x86-64.so.2)
frame #12: _dl_catch_exception + 0x9c (0x7ffff7fc651c in /lib64/ld-linux-x86-64.so.2)
frame #13: <unknown function> + 0xd164 (0x7ffff7fd2164 in /lib64/ld-linux-x86-64.so.2)
frame #14: <unknown function> + 0x981a4 (0x7ffff7d0c1a4 in /usr/lib/x86_64-linux-gnu/libc.so.6)
frame #15: _dl_catch_exception + 0x9c (0x7ffff7fc651c in /lib64/ld-linux-x86-64.so.2)
frame #16: <unknown function> + 0x1669 (0x7ffff7fc6669 in /lib64/ld-linux-x86-64.so.2)
frame #17: <unknown function> + 0x97c83 (0x7ffff7d0bc83 in /usr/lib/x86_64-linux-gnu/libc.so.6)
frame #18: dlopen + 0x6f (0x7ffff7d0c25f in /usr/lib/x86_64-linux-gnu/libc.so.6)
frame #19: /workspace/vllm/.venv/bin/python() [0x6bc36c]
frame #20: /workspace/vllm/.venv/bin/python() [0x6a946a]
frame #21: /workspace/vllm/.venv/bin/python() [0x6a8bf2]
frame #22: /workspace/vllm/.venv/bin/python() [0x581f37]
frame #23: _PyEval_EvalFrameDefault + 0x4c3a (0x5db0ba in /workspace/vllm/.venv/bin/python)
frame #24: /workspace/vllm/.venv/bin/python() [0x549d47]
frame #25: PyObject_CallMethodObjArgs + 0xe3 (0x54b5c3 in /workspace/vllm/.venv/bin/python)
frame #26: PyImport_ImportModuleLevelObject + 0x395 (0x5fd805 in /workspace/vllm/.venv/bin/python)
frame #27: _PyEval_EvalFrameDefault + 0x5eee (0x5dc36e in /workspace/vllm/.venv/bin/python)
frame #28: PyEval_EvalCode + 0x15b (0x5d543b in /workspace/vllm/.venv/bin/python)
frame #29: /workspace/vllm/.venv/bin/python() [0x5d322c]
frame #30: /workspace/vllm/.venv/bin/python() [0x581d1d]
frame #31: _PyEval_EvalFrameDefault + 0x4c3a (0x5db0ba in /workspace/vllm/.venv/bin/python)
frame #32: PyObject_CallOneArg + 0x4d (0x54a65d in /workspace/vllm/.venv/bin/python)
frame #33: /workspace/vllm/.venv/bin/python() [0x582e84]
frame #34: _PyObject_LookupAttr + 0x7a (0x584bea in /workspace/vllm/.venv/bin/python)
frame #35: /workspace/vllm/.venv/bin/python() [0x5d2b8a]
frame #36: _PyEval_EvalFrameDefault + 0x207d (0x5d84fd in /workspace/vllm/.venv/bin/python)
frame #37: /workspace/vllm/.venv/bin/python() [0x549d47]
frame #38: PyObject_CallMethodObjArgs + 0xe3 (0x54b5c3 in /workspace/vllm/.venv/bin/python)
frame #39: PyImport_ImportModuleLevelObject + 0x5eb (0x5fda5b in /workspace/vllm/.venv/bin/python)
frame #40: _PyEval_EvalFrameDefault + 0x5eee (0x5dc36e in /workspace/vllm/.venv/bin/python)
frame #41: PyEval_EvalCode + 0x15b (0x5d543b in /workspace/vllm/.venv/bin/python)
frame #42: /workspace/vllm/.venv/bin/python() [0x5d322c]
frame #43: /workspace/vllm/.venv/bin/python() [0x581d1d]
frame #44: _PyEval_EvalFrameDefault + 0x4c3a (0x5db0ba in /workspace/vllm/.venv/bin/python)
frame #45: /workspace/vllm/.venv/bin/python() [0x549d47]
frame #46: PyObject_CallMethodObjArgs + 0xe3 (0x54b5c3 in /workspace/vllm/.venv/bin/python)
frame #47: PyImport_ImportModuleLevelObject + 0x395 (0x5fd805 in /workspace/vllm/.venv/bin/python)
frame #48: _PyEval_EvalFrameDefault + 0x5eee (0x5dc36e in /workspace/vllm/.venv/bin/python)
frame #49: PyEval_EvalCode + 0x15b (0x5d543b in /workspace/vllm/.venv/bin/python)
frame #50: /workspace/vllm/.venv/bin/python() [0x5d322c]
frame #51: /workspace/vllm/.venv/bin/python() [0x581d1d]
frame #52: _PyEval_EvalFrameDefault + 0x4c3a (0x5db0ba in /workspace/vllm/.venv/bin/python)
frame #53: /workspace/vllm/.venv/bin/python() [0x549d47]
frame #54: PyObject_CallMethodObjArgs + 0xe3 (0x54b5c3 in /workspace/vllm/.venv/bin/python)
frame #55: PyImport_ImportModuleLevelObject + 0x395 (0x5fd805 in /workspace/vllm/.venv/bin/python)
frame #56: _PyEval_EvalFrameDefault + 0x5eee (0x5dc36e in /workspace/vllm/.venv/bin/python)
frame #57: PyEval_EvalCode + 0x15b (0x5d543b in /workspace/vllm/.venv/bin/python)
frame #58: /workspace/vllm/.venv/bin/python() [0x5d322c]
frame #59: /workspace/vllm/.venv/bin/python() [0x581d1d]
frame #60: _PyEval_EvalFrameDefault + 0x4c3a (0x5db0ba in /workspace/vllm/.venv/bin/python)
frame #61: /workspace/vllm/.venv/bin/python() [0x549d47]
frame #62: PyObject_CallMethodObjArgs + 0xe3 (0x54b5c3 in /workspace/vllm/.venv/bin/python)

[E708 11:07:53.833812583 shim_common.cpp:1458] Exception in aoti_torch: Tried to register an operator (_C::silu_and_mul_quant(Tensor($0! -> ) result, Tensor input, Tensor scale) -> ()) with the same name and overload name multiple times. Each overload's schema should only be registered with a single call to def(). Duplicate registration: registered at /workspace/csrc/libtorch_stable/torch_bindings.cpp:10. Original registration: registered at /workspace/csrc/torch_bindings.cpp:21
Exception raised from registerDef at /pytorch/aten/src/ATen/core/dispatch/Dispatcher.cpp:248 (most recent call first):
frame #0: c10::Error::Error(c10::SourceLocation, std::__cxx11::basic_string<char, std::char_traits<char>, std::allocator<char> >) + 0x9d (0x7ffff6b7205d in /workspace/vllm/.venv/lib/python3.12/site-packages/torch/lib/libc10.so)
frame #1: c10::detail::torchCheckFail(char const*, char const*, unsigned int, std::__cxx11::basic_string<char, std::char_traits<char>, std::allocator<char> > const&) + 0xc3 (0x7ffff6b066fd in /workspace/vllm/.venv/lib/python3.12/site-packages/torch/lib/libc10.so)
frame #2: c10::Dispatcher::registerDef(c10::FunctionSchema, std::__cxx11::basic_string<char, std::char_traits<char>, std::allocator<char> >, std::vector<at::Tag, std::allocator<at::Tag> >) + 0x35e (0x7fff0e6811fe in /workspace/vllm/.venv/lib/python3.12/site-packages/torch/lib/libtorch_cpu.so)
frame #3: torch::Library::_def(c10::FunctionSchema&&, c10::OperatorName*, std::vector<at::Tag, std::allocator<at::Tag> > const&, torch::_RegisterOrVerify) & + 0x514 (0x7fff0e6c2254 in /workspace/vllm/.venv/lib/python3.12/site-packages/torch/lib/libtorch_cpu.so)
frame #4: aoti_torch_library_def + 0x99 (0x7fff128d45b9 in /workspace/vllm/.venv/lib/python3.12/site-packages/torch/lib/libtorch_cpu.so)
frame #5: <unknown function> + 0x2bdb3c (0x7ffe8aebeb3c in /workspace/vllm/vllm/_C_stable_libtorch.abi3.so)
frame #6: <unknown function> + 0x2bf0ce (0x7ffe8aec00ce in /workspace/vllm/vllm/_C_stable_libtorch.abi3.so)
frame #7: <unknown function> + 0x279d92 (0x7ffe8ae7ad92 in /workspace/vllm/vllm/_C_stable_libtorch.abi3.so)
frame #8: <unknown function> + 0x571f (0x7ffff7fca71f in /lib64/ld-linux-x86-64.so.2)
frame #9: <unknown function> + 0x5824 (0x7ffff7fca824 in /lib64/ld-linux-x86-64.so.2)
frame #10: _dl_catch_exception + 0x132 (0x7ffff7fc65b2 in /lib64/ld-linux-x86-64.so.2)
frame #11: <unknown function> + 0xcd7c (0x7ffff7fd1d7c in /lib64/ld-linux-x86-64.so.2)
frame #12: _dl_catch_exception + 0x9c (0x7ffff7fc651c in /lib64/ld-linux-x86-64.so.2)
frame #13: <unknown function> + 0xd164 (0x7ffff7fd2164 in /lib64/ld-linux-x86-64.so.2)
frame #14: <unknown function> + 0x981a4 (0x7ffff7d0c1a4 in /usr/lib/x86_64-linux-gnu/libc.so.6)
frame #15: _dl_catch_exception + 0x9c (0x7ffff7fc651c in /lib64/ld-linux-x86-64.so.2)
frame #16: <unknown function> + 0x1669 (0x7ffff7fc6669 in /lib64/ld-linux-x86-64.so.2)
frame #17: <unknown function> + 0x97c83 (0x7ffff7d0bc83 in /usr/lib/x86_64-linux-gnu/libc.so.6)
frame #18: dlopen + 0x6f (0x7ffff7d0c25f in /usr/lib/x86_64-linux-gnu/libc.so.6)
frame #19: /workspace/vllm/.venv/bin/python() [0x6bc36c]
frame #20: /workspace/vllm/.venv/bin/python() [0x6a946a]
frame #21: /workspace/vllm/.venv/bin/python() [0x6a8bf2]
frame #22: /workspace/vllm/.venv/bin/python() [0x581f37]
frame #23: _PyEval_EvalFrameDefault + 0x4c3a (0x5db0ba in /workspace/vllm/.venv/bin/python)
frame #24: /workspace/vllm/.venv/bin/python() [0x549d47]
frame #25: PyObject_CallMethodObjArgs + 0xe3 (0x54b5c3 in /workspace/vllm/.venv/bin/python)
frame #26: PyImport_ImportModuleLevelObject + 0x395 (0x5fd805 in /workspace/vllm/.venv/bin/python)
frame #27: _PyEval_EvalFrameDefault + 0x5eee (0x5dc36e in /workspace/vllm/.venv/bin/python)
frame #28: PyEval_EvalCode + 0x15b (0x5d543b in /workspace/vllm/.venv/bin/python)
frame #29: /workspace/vllm/.venv/bin/python() [0x5d322c]
frame #30: /workspace/vllm/.venv/bin/python() [0x581d1d]
frame #31: _PyEval_EvalFrameDefault + 0x4c3a (0x5db0ba in /workspace/vllm/.venv/bin/python)
frame #32: PyObject_CallOneArg + 0x4d (0x54a65d in /workspace/vllm/.venv/bin/python)
frame #33: /workspace/vllm/.venv/bin/python() [0x582e84]
frame #34: _PyObject_LookupAttr + 0x7a (0x584bea in /workspace/vllm/.venv/bin/python)
frame #35: /workspace/vllm/.venv/bin/python() [0x5d2b8a]
frame #36: _PyEval_EvalFrameDefault + 0x207d (0x5d84fd in /workspace/vllm/.venv/bin/python)
frame #37: /workspace/vllm/.venv/bin/python() [0x549d47]
frame #38: PyObject_CallMethodObjArgs + 0xe3 (0x54b5c3 in /workspace/vllm/.venv/bin/python)
frame #39: PyImport_ImportModuleLevelObject + 0x5eb (0x5fda5b in /workspace/vllm/.venv/bin/python)
frame #40: _PyEval_EvalFrameDefault + 0x5eee (0x5dc36e in /workspace/vllm/.venv/bin/python)
frame #41: PyEval_EvalCode + 0x15b (0x5d543b in /workspace/vllm/.venv/bin/python)
frame #42: /workspace/vllm/.venv/bin/python() [0x5d322c]
frame #43: /workspace/vllm/.venv/bin/python() [0x581d1d]
frame #44: _PyEval_EvalFrameDefault + 0x4c3a (0x5db0ba in /workspace/vllm/.venv/bin/python)
frame #45: /workspace/vllm/.venv/bin/python() [0x549d47]
frame #46: PyObject_CallMethodObjArgs + 0xe3 (0x54b5c3 in /workspace/vllm/.venv/bin/python)
frame #47: PyImport_ImportModuleLevelObject + 0x395 (0x5fd805 in /workspace/vllm/.venv/bin/python)
frame #48: _PyEval_EvalFrameDefault + 0x5eee (0x5dc36e in /workspace/vllm/.venv/bin/python)
frame #49: PyEval_EvalCode + 0x15b (0x5d543b in /workspace/vllm/.venv/bin/python)
frame #50: /workspace/vllm/.venv/bin/python() [0x5d322c]
frame #51: /workspace/vllm/.venv/bin/python() [0x581d1d]
frame #52: _PyEval_EvalFrameDefault + 0x4c3a (0x5db0ba in /workspace/vllm/.venv/bin/python)
frame #53: /workspace/vllm/.venv/bin/python() [0x549d47]
frame #54: PyObject_CallMethodObjArgs + 0xe3 (0x54b5c3 in /workspace/vllm/.venv/bin/python)
frame #55: PyImport_ImportModuleLevelObject + 0x395 (0x5fd805 in /workspace/vllm/.venv/bin/python)
frame #56: _PyEval_EvalFrameDefault + 0x5eee (0x5dc36e in /workspace/vllm/.venv/bin/python)
frame #57: PyEval_EvalCode + 0x15b (0x5d543b in /workspace/vllm/.venv/bin/python)
frame #58: /workspace/vllm/.venv/bin/python() [0x5d322c]
frame #59: /workspace/vllm/.venv/bin/python() [0x581d1d]
frame #60: _PyEval_EvalFrameDefault + 0x4c3a (0x5db0ba in /workspace/vllm/.venv/bin/python)
frame #61: /workspace/vllm/.venv/bin/python() [0x549d47]
frame #62: PyObject_CallMethodObjArgs + 0xe3 (0x54b5c3 in /workspace/vllm/.venv/bin/python)

[W708 11:07:53.835950807 OperatorEntry.cpp:208] Warning: Warning only once for all operators,  other operators may also be overridden.
  Overriding a previously registered kernel for the same operator and the same dispatch key
  operator: _C::persistent_masked_m_silu_mul_quant(Tensor input, Tensor counts, Tensor($0! -> ) y_q, Tensor($1! -> ) y_s, bool use_ue8m0) -> ()
    registered at /workspace/csrc/torch_bindings.cpp:21
  dispatch key: CUDA
  previous kernel: registered at /workspace/csrc/torch_bindings.cpp:21
       new kernel: registered at /workspace/csrc/libtorch_stable/torch_bindings.cpp:603 (function operator())
[E708 11:07:53.837382646 shim_common.cpp:1458] Exception in aoti_torch: Tried to register an operator (_C::persistent_masked_m_silu_mul_quant(Tensor input, Tensor counts, Tensor($0! -> ) y_q, Tensor($1! -> ) y_s, bool use_ue8m0) -> ()) with the same name and overload name multiple times. Each overload's schema should only be registered with a single call to def(). Duplicate registration: registered at /workspace/csrc/libtorch_stable/torch_bindings.cpp:10. Original registration: registered at /workspace/csrc/torch_bindings.cpp:21
Exception raised from registerDef at /pytorch/aten/src/ATen/core/dispatch/Dispatcher.cpp:248 (most recent call first):
frame #0: c10::Error::Error(c10::SourceLocation, std::__cxx11::basic_string<char, std::char_traits<char>, std::allocator<char> >) + 0x9d (0x7ffff6b7205d in /workspace/vllm/.venv/lib/python3.12/site-packages/torch/lib/libc10.so)
frame #1: c10::detail::torchCheckFail(char const*, char const*, unsigned int, std::__cxx11::basic_string<char, std::char_traits<char>, std::allocator<char> > const&) + 0xc3 (0x7ffff6b066fd in /workspace/vllm/.venv/lib/python3.12/site-packages/torch/lib/libc10.so)
frame #2: c10::Dispatcher::registerDef(c10::FunctionSchema, std::__cxx11::basic_string<char, std::char_traits<char>, std::allocator<char> >, std::vector<at::Tag, std::allocator<at::Tag> >) + 0x35e (0x7fff0e6811fe in /workspace/vllm/.venv/lib/python3.12/site-packages/torch/lib/libtorch_cpu.so)
frame #3: torch::Library::_def(c10::FunctionSchema&&, c10::OperatorName*, std::vector<at::Tag, std::allocator<at::Tag> > const&, torch::_RegisterOrVerify) & + 0x514 (0x7fff0e6c2254 in /workspace/vllm/.venv/lib/python3.12/site-packages/torch/lib/libtorch_cpu.so)
frame #4: aoti_torch_library_def + 0x99 (0x7fff128d45b9 in /workspace/vllm/.venv/lib/python3.12/site-packages/torch/lib/libtorch_cpu.so)
frame #5: <unknown function> + 0x2bdaf1 (0x7ffe8aebeaf1 in /workspace/vllm/vllm/_C_stable_libtorch.abi3.so)
frame #6: <unknown function> + 0x2bf0ce (0x7ffe8aec00ce in /workspace/vllm/vllm/_C_stable_libtorch.abi3.so)
frame #7: <unknown function> + 0x279d92 (0x7ffe8ae7ad92 in /workspace/vllm/vllm/_C_stable_libtorch.abi3.so)
frame #8: <unknown function> + 0x571f (0x7ffff7fca71f in /lib64/ld-linux-x86-64.so.2)
frame #9: <unknown function> + 0x5824 (0x7ffff7fca824 in /lib64/ld-linux-x86-64.so.2)
frame #10: _dl_catch_exception + 0x132 (0x7ffff7fc65b2 in /lib64/ld-linux-x86-64.so.2)
frame #11: <unknown function> + 0xcd7c (0x7ffff7fd1d7c in /lib64/ld-linux-x86-64.so.2)
frame #12: _dl_catch_exception + 0x9c (0x7ffff7fc651c in /lib64/ld-linux-x86-64.so.2)
frame #13: <unknown function> + 0xd164 (0x7ffff7fd2164 in /lib64/ld-linux-x86-64.so.2)
frame #14: <unknown function> + 0x981a4 (0x7ffff7d0c1a4 in /usr/lib/x86_64-linux-gnu/libc.so.6)
frame #15: _dl_catch_exception + 0x9c (0x7ffff7fc651c in /lib64/ld-linux-x86-64.so.2)
frame #16: <unknown function> + 0x1669 (0x7ffff7fc6669 in /lib64/ld-linux-x86-64.so.2)
frame #17: <unknown function> + 0x97c83 (0x7ffff7d0bc83 in /usr/lib/x86_64-linux-gnu/libc.so.6)
frame #18: dlopen + 0x6f (0x7ffff7d0c25f in /usr/lib/x86_64-linux-gnu/libc.so.6)
frame #19: /workspace/vllm/.venv/bin/python() [0x6bc36c]
frame #20: /workspace/vllm/.venv/bin/python() [0x6a946a]
frame #21: /workspace/vllm/.venv/bin/python() [0x6a8bf2]
frame #22: /workspace/vllm/.venv/bin/python() [0x581f37]
frame #23: _PyEval_EvalFrameDefault + 0x4c3a (0x5db0ba in /workspace/vllm/.venv/bin/python)
frame #24: /workspace/vllm/.venv/bin/python() [0x549d47]
frame #25: PyObject_CallMethodObjArgs + 0xe3 (0x54b5c3 in /workspace/vllm/.venv/bin/python)
frame #26: PyImport_ImportModuleLevelObject + 0x395 (0x5fd805 in /workspace/vllm/.venv/bin/python)
frame #27: _PyEval_EvalFrameDefault + 0x5eee (0x5dc36e in /workspace/vllm/.venv/bin/python)
frame #28: PyEval_EvalCode + 0x15b (0x5d543b in /workspace/vllm/.venv/bin/python)
frame #29: /workspace/vllm/.venv/bin/python() [0x5d322c]
frame #30: /workspace/vllm/.venv/bin/python() [0x581d1d]
frame #31: _PyEval_EvalFrameDefault + 0x4c3a (0x5db0ba in /workspace/vllm/.venv/bin/python)
frame #32: PyObject_CallOneArg + 0x4d (0x54a65d in /workspace/vllm/.venv/bin/python)
frame #33: /workspace/vllm/.venv/bin/python() [0x582e84]
frame #34: _PyObject_LookupAttr + 0x7a (0x584bea in /workspace/vllm/.venv/bin/python)
frame #35: /workspace/vllm/.venv/bin/python() [0x5d2b8a]
frame #36: _PyEval_EvalFrameDefault + 0x207d (0x5d84fd in /workspace/vllm/.venv/bin/python)
frame #37: /workspace/vllm/.venv/bin/python() [0x549d47]
frame #38: PyObject_CallMethodObjArgs + 0xe3 (0x54b5c3 in /workspace/vllm/.venv/bin/python)
frame #39: PyImport_ImportModuleLevelObject + 0x5eb (0x5fda5b in /workspace/vllm/.venv/bin/python)
frame #40: _PyEval_EvalFrameDefault + 0x5eee (0x5dc36e in /workspace/vllm/.venv/bin/python)
frame #41: PyEval_EvalCode + 0x15b (0x5d543b in /workspace/vllm/.venv/bin/python)
frame #42: /workspace/vllm/.venv/bin/python() [0x5d322c]
frame #43: /workspace/vllm/.venv/bin/python() [0x581d1d]
frame #44: _PyEval_EvalFrameDefault + 0x4c3a (0x5db0ba in /workspace/vllm/.venv/bin/python)
frame #45: /workspace/vllm/.venv/bin/python() [0x549d47]
frame #46: PyObject_CallMethodObjArgs + 0xe3 (0x54b5c3 in /workspace/vllm/.venv/bin/python)
frame #47: PyImport_ImportModuleLevelObject + 0x395 (0x5fd805 in /workspace/vllm/.venv/bin/python)
frame #48: _PyEval_EvalFrameDefault + 0x5eee (0x5dc36e in /workspace/vllm/.venv/bin/python)
frame #49: PyEval_EvalCode + 0x15b (0x5d543b in /workspace/vllm/.venv/bin/python)
frame #50: /workspace/vllm/.venv/bin/python() [0x5d322c]
frame #51: /workspace/vllm/.venv/bin/python() [0x581d1d]
frame #52: _PyEval_EvalFrameDefault + 0x4c3a (0x5db0ba in /workspace/vllm/.venv/bin/python)
frame #53: /workspace/vllm/.venv/bin/python() [0x549d47]
frame #54: PyObject_CallMethodObjArgs + 0xe3 (0x54b5c3 in /workspace/vllm/.venv/bin/python)
frame #55: PyImport_ImportModuleLevelObject + 0x395 (0x5fd805 in /workspace/vllm/.venv/bin/python)
frame #56: _PyEval_EvalFrameDefault + 0x5eee (0x5dc36e in /workspace/vllm/.venv/bin/python)
frame #57: PyEval_EvalCode + 0x15b (0x5d543b in /workspace/vllm/.venv/bin/python)
frame #58: /workspace/vllm/.venv/bin/python() [0x5d322c]
frame #59: /workspace/vllm/.venv/bin/python() [0x581d1d]
frame #60: _PyEval_EvalFrameDefault + 0x4c3a (0x5db0ba in /workspace/vllm/.venv/bin/python)
frame #61: /workspace/vllm/.venv/bin/python() [0x549d47]
frame #62: PyObject_CallMethodObjArgs + 0xe3 (0x54b5c3 in /workspace/vllm/.venv/bin/python)

[E708 11:07:53.839367969 shim_common.cpp:1458] Exception in aoti_torch: Tried to register an operator (_C::weak_ref_tensor(Tensor input) -> Tensor) with the same name and overload name multiple times. Each overload's schema should only be registered with a single call to def(). Duplicate registration: registered at /workspace/csrc/libtorch_stable/torch_bindings.cpp:10. Original registration: registered at /workspace/csrc/torch_bindings.cpp:21
Exception raised from registerDef at /pytorch/aten/src/ATen/core/dispatch/Dispatcher.cpp:248 (most recent call first):
frame #0: c10::Error::Error(c10::SourceLocation, std::__cxx11::basic_string<char, std::char_traits<char>, std::allocator<char> >) + 0x9d (0x7ffff6b7205d in /workspace/vllm/.venv/lib/python3.12/site-packages/torch/lib/libc10.so)
frame #1: c10::detail::torchCheckFail(char const*, char const*, unsigned int, std::__cxx11::basic_string<char, std::char_traits<char>, std::allocator<char> > const&) + 0xc3 (0x7ffff6b066fd in /workspace/vllm/.venv/lib/python3.12/site-packages/torch/lib/libc10.so)
frame #2: c10::Dispatcher::registerDef(c10::FunctionSchema, std::__cxx11::basic_string<char, std::char_traits<char>, std::allocator<char> >, std::vector<at::Tag, std::allocator<at::Tag> >) + 0x35e (0x7fff0e6811fe in /workspace/vllm/.venv/lib/python3.12/site-packages/torch/lib/libtorch_cpu.so)
frame #3: torch::Library::_def(c10::FunctionSchema&&, c10::OperatorName*, std::vector<at::Tag, std::allocator<at::Tag> > const&, torch::_RegisterOrVerify) & + 0x514 (0x7fff0e6c2254 in /workspace/vllm/.venv/lib/python3.12/site-packages/torch/lib/libtorch_cpu.so)
frame #4: aoti_torch_library_def + 0x99 (0x7fff128d45b9 in /workspace/vllm/.venv/lib/python3.12/site-packages/torch/lib/libtorch_cpu.so)
frame #5: <unknown function> + 0x2bdb00 (0x7ffe8aebeb00 in /workspace/vllm/vllm/_C_stable_libtorch.abi3.so)
frame #6: <unknown function> + 0x2bf0ce (0x7ffe8aec00ce in /workspace/vllm/vllm/_C_stable_libtorch.abi3.so)
frame #7: <unknown function> + 0x279d92 (0x7ffe8ae7ad92 in /workspace/vllm/vllm/_C_stable_libtorch.abi3.so)
frame #8: <unknown function> + 0x571f (0x7ffff7fca71f in /lib64/ld-linux-x86-64.so.2)
frame #9: <unknown function> + 0x5824 (0x7ffff7fca824 in /lib64/ld-linux-x86-64.so.2)
frame #10: _dl_catch_exception + 0x132 (0x7ffff7fc65b2 in /lib64/ld-linux-x86-64.so.2)
frame #11: <unknown function> + 0xcd7c (0x7ffff7fd1d7c in /lib64/ld-linux-x86-64.so.2)
frame #12: _dl_catch_exception + 0x9c (0x7ffff7fc651c in /lib64/ld-linux-x86-64.so.2)
frame #13: <unknown function> + 0xd164 (0x7ffff7fd2164 in /lib64/ld-linux-x86-64.so.2)
frame #14: <unknown function> + 0x981a4 (0x7ffff7d0c1a4 in /usr/lib/x86_64-linux-gnu/libc.so.6)
frame #15: _dl_catch_exception + 0x9c (0x7ffff7fc651c in /lib64/ld-linux-x86-64.so.2)
frame #16: <unknown function> + 0x1669 (0x7ffff7fc6669 in /lib64/ld-linux-x86-64.so.2)
frame #17: <unknown function> + 0x97c83 (0x7ffff7d0bc83 in /usr/lib/x86_64-linux-gnu/libc.so.6)
frame #18: dlopen + 0x6f (0x7ffff7d0c25f in /usr/lib/x86_64-linux-gnu/libc.so.6)
frame #19: /workspace/vllm/.venv/bin/python() [0x6bc36c]
frame #20: /workspace/vllm/.venv/bin/python() [0x6a946a]
frame #21: /workspace/vllm/.venv/bin/python() [0x6a8bf2]
frame #22: /workspace/vllm/.venv/bin/python() [0x581f37]
frame #23: _PyEval_EvalFrameDefault + 0x4c3a (0x5db0ba in /workspace/vllm/.venv/bin/python)
frame #24: /workspace/vllm/.venv/bin/python() [0x549d47]
frame #25: PyObject_CallMethodObjArgs + 0xe3 (0x54b5c3 in /workspace/vllm/.venv/bin/python)
frame #26: PyImport_ImportModuleLevelObject + 0x395 (0x5fd805 in /workspace/vllm/.venv/bin/python)
frame #27: _PyEval_EvalFrameDefault + 0x5eee (0x5dc36e in /workspace/vllm/.venv/bin/python)
frame #28: PyEval_EvalCode + 0x15b (0x5d543b in /workspace/vllm/.venv/bin/python)
frame #29: /workspace/vllm/.venv/bin/python() [0x5d322c]
frame #30: /workspace/vllm/.venv/bin/python() [0x581d1d]
frame #31: _PyEval_EvalFrameDefault + 0x4c3a (0x5db0ba in /workspace/vllm/.venv/bin/python)
frame #32: PyObject_CallOneArg + 0x4d (0x54a65d in /workspace/vllm/.venv/bin/python)
frame #33: /workspace/vllm/.venv/bin/python() [0x582e84]
frame #34: _PyObject_LookupAttr + 0x7a (0x584bea in /workspace/vllm/.venv/bin/python)
frame #35: /workspace/vllm/.venv/bin/python() [0x5d2b8a]
frame #36: _PyEval_EvalFrameDefault + 0x207d (0x5d84fd in /workspace/vllm/.venv/bin/python)
frame #37: /workspace/vllm/.venv/bin/python() [0x549d47]
frame #38: PyObject_CallMethodObjArgs + 0xe3 (0x54b5c3 in /workspace/vllm/.venv/bin/python)
frame #39: PyImport_ImportModuleLevelObject + 0x5eb (0x5fda5b in /workspace/vllm/.venv/bin/python)
frame #40: _PyEval_EvalFrameDefault + 0x5eee (0x5dc36e in /workspace/vllm/.venv/bin/python)
frame #41: PyEval_EvalCode + 0x15b (0x5d543b in /workspace/vllm/.venv/bin/python)
frame #42: /workspace/vllm/.venv/bin/python() [0x5d322c]
frame #43: /workspace/vllm/.venv/bin/python() [0x581d1d]
frame #44: _PyEval_EvalFrameDefault + 0x4c3a (0x5db0ba in /workspace/vllm/.venv/bin/python)
frame #45: /workspace/vllm/.venv/bin/python() [0x549d47]
frame #46: PyObject_CallMethodObjArgs + 0xe3 (0x54b5c3 in /workspace/vllm/.venv/bin/python)
frame #47: PyImport_ImportModuleLevelObject + 0x395 (0x5fd805 in /workspace/vllm/.venv/bin/python)
frame #48: _PyEval_EvalFrameDefault + 0x5eee (0x5dc36e in /workspace/vllm/.venv/bin/python)
frame #49: PyEval_EvalCode + 0x15b (0x5d543b in /workspace/vllm/.venv/bin/python)
frame #50: /workspace/vllm/.venv/bin/python() [0x5d322c]
frame #51: /workspace/vllm/.venv/bin/python() [0x581d1d]
frame #52: _PyEval_EvalFrameDefault + 0x4c3a (0x5db0ba in /workspace/vllm/.venv/bin/python)
frame #53: /workspace/vllm/.venv/bin/python() [0x549d47]
frame #54: PyObject_CallMethodObjArgs + 0xe3 (0x54b5c3 in /workspace/vllm/.venv/bin/python)
frame #55: PyImport_ImportModuleLevelObject + 0x395 (0x5fd805 in /workspace/vllm/.venv/bin/python)
frame #56: _PyEval_EvalFrameDefault + 0x5eee (0x5dc36e in /workspace/vllm/.venv/bin/python)
frame #57: PyEval_EvalCode + 0x15b (0x5d543b in /workspace/vllm/.venv/bin/python)
frame #58: /workspace/vllm/.venv/bin/python() [0x5d322c]
frame #59: /workspace/vllm/.venv/bin/python() [0x581d1d]
frame #60: _PyEval_EvalFrameDefault + 0x4c3a (0x5db0ba in /workspace/vllm/.venv/bin/python)
frame #61: /workspace/vllm/.venv/bin/python() [0x549d47]
frame #62: PyObject_CallMethodObjArgs + 0xe3 (0x54b5c3 in /workspace/vllm/.venv/bin/python)

[E708 11:07:53.841374840 shim_common.cpp:1458] Exception in aoti_torch: Tried to register an operator (_C::silu_and_mul_quant(Tensor($0! -> ) result, Tensor input, Tensor scale) -> ()) with the same name and overload name multiple times. Each overload's schema should only be registered with a single call to def(). Duplicate registration: registered at /workspace/csrc/libtorch_stable/torch_bindings.cpp:10. Original registration: registered at /workspace/csrc/torch_bindings.cpp:21
Exception raised from registerDef at /pytorch/aten/src/ATen/core/dispatch/Dispatcher.cpp:248 (most recent call first):
frame #0: c10::Error::Error(c10::SourceLocation, std::__cxx11::basic_string<char, std::char_traits<char>, std::allocator<char> >) + 0x9d (0x7ffff6b7205d in /workspace/vllm/.venv/lib/python3.12/site-packages/torch/lib/libc10.so)
frame #1: c10::detail::torchCheckFail(char const*, char const*, unsigned int, std::__cxx11::basic_string<char, std::char_traits<char>, std::allocator<char> > const&) + 0xc3 (0x7ffff6b066fd in /workspace/vllm/.venv/lib/python3.12/site-packages/torch/lib/libc10.so)
frame #2: c10::Dispatcher::registerDef(c10::FunctionSchema, std::__cxx11::basic_string<char, std::char_traits<char>, std::allocator<char> >, std::vector<at::Tag, std::allocator<at::Tag> >) + 0x35e (0x7fff0e6811fe in /workspace/vllm/.venv/lib/python3.12/site-packages/torch/lib/libtorch_cpu.so)
frame #3: torch::Library::_def(c10::FunctionSchema&&, c10::OperatorName*, std::vector<at::Tag, std::allocator<at::Tag> > const&, torch::_RegisterOrVerify) & + 0x514 (0x7fff0e6c2254 in /workspace/vllm/.venv/lib/python3.12/site-packages/torch/lib/libtorch_cpu.so)
frame #4: aoti_torch_library_def + 0x99 (0x7fff128d45b9 in /workspace/vllm/.venv/lib/python3.12/site-packages/torch/lib/libtorch_cpu.so)
frame #5: <unknown function> + 0x2bdb3c (0x7ffe8aebeb3c in /workspace/vllm/vllm/_C_stable_libtorch.abi3.so)
frame #6: <unknown function> + 0x2bf0ce (0x7ffe8aec00ce in /workspace/vllm/vllm/_C_stable_libtorch.abi3.so)
frame #7: <unknown function> + 0x279d92 (0x7ffe8ae7ad92 in /workspace/vllm/vllm/_C_stable_libtorch.abi3.so)
frame #8: <unknown function> + 0x571f (0x7ffff7fca71f in /lib64/ld-linux-x86-64.so.2)
frame #9: <unknown function> + 0x5824 (0x7ffff7fca824 in /lib64/ld-linux-x86-64.so.2)
frame #10: _dl_catch_exception + 0x132 (0x7ffff7fc65b2 in /lib64/ld-linux-x86-64.so.2)
frame #11: <unknown function> + 0xcd7c (0x7ffff7fd1d7c in /lib64/ld-linux-x86-64.so.2)
frame #12: _dl_catch_exception + 0x9c (0x7ffff7fc651c in /lib64/ld-linux-x86-64.so.2)
frame #13: <unknown function> + 0xd164 (0x7ffff7fd2164 in /lib64/ld-linux-x86-64.so.2)
frame #14: <unknown function> + 0x981a4 (0x7ffff7d0c1a4 in /usr/lib/x86_64-linux-gnu/libc.so.6)
frame #15: _dl_catch_exception + 0x9c (0x7ffff7fc651c in /lib64/ld-linux-x86-64.so.2)
frame #16: <unknown function> + 0x1669 (0x7ffff7fc6669 in /lib64/ld-linux-x86-64.so.2)
frame #17: <unknown function> + 0x97c83 (0x7ffff7d0bc83 in /usr/lib/x86_64-linux-gnu/libc.so.6)
frame #18: dlopen + 0x6f (0x7ffff7d0c25f in /usr/lib/x86_64-linux-gnu/libc.so.6)
frame #19: /workspace/vllm/.venv/bin/python() [0x6bc36c]
frame #20: /workspace/vllm/.venv/bin/python() [0x6a946a]
frame #21: /workspace/vllm/.venv/bin/python() [0x6a8bf2]
frame #22: /workspace/vllm/.venv/bin/python() [0x581f37]
frame #23: _PyEval_EvalFrameDefault + 0x4c3a (0x5db0ba in /workspace/vllm/.venv/bin/python)
frame #24: /workspace/vllm/.venv/bin/python() [0x549d47]
frame #25: PyObject_CallMethodObjArgs + 0xe3 (0x54b5c3 in /workspace/vllm/.venv/bin/python)
frame #26: PyImport_ImportModuleLevelObject + 0x395 (0x5fd805 in /workspace/vllm/.venv/bin/python)
frame #27: _PyEval_EvalFrameDefault + 0x5eee (0x5dc36e in /workspace/vllm/.venv/bin/python)
frame #28: PyEval_EvalCode + 0x15b (0x5d543b in /workspace/vllm/.venv/bin/python)
frame #29: /workspace/vllm/.venv/bin/python() [0x5d322c]
frame #30: /workspace/vllm/.venv/bin/python() [0x581d1d]
frame #31: _PyEval_EvalFrameDefault + 0x4c3a (0x5db0ba in /workspace/vllm/.venv/bin/python)
frame #32: PyObject_CallOneArg + 0x4d (0x54a65d in /workspace/vllm/.venv/bin/python)
frame #33: /workspace/vllm/.venv/bin/python() [0x582e84]
frame #34: _PyObject_LookupAttr + 0x7a (0x584bea in /workspace/vllm/.venv/bin/python)
frame #35: /workspace/vllm/.venv/bin/python() [0x5d2b8a]
frame #36: _PyEval_EvalFrameDefault + 0x207d (0x5d84fd in /workspace/vllm/.venv/bin/python)
frame #37: /workspace/vllm/.venv/bin/python() [0x549d47]
frame #38: PyObject_CallMethodObjArgs + 0xe3 (0x54b5c3 in /workspace/vllm/.venv/bin/python)
frame #39: PyImport_ImportModuleLevelObject + 0x5eb (0x5fda5b in /workspace/vllm/.venv/bin/python)
frame #40: _PyEval_EvalFrameDefault + 0x5eee (0x5dc36e in /workspace/vllm/.venv/bin/python)
frame #41: PyEval_EvalCode + 0x15b (0x5d543b in /workspace/vllm/.venv/bin/python)
frame #42: /workspace/vllm/.venv/bin/python() [0x5d322c]
frame #43: /workspace/vllm/.venv/bin/python() [0x581d1d]
frame #44: _PyEval_EvalFrameDefault + 0x4c3a (0x5db0ba in /workspace/vllm/.venv/bin/python)
frame #45: /workspace/vllm/.venv/bin/python() [0x549d47]
frame #46: PyObject_CallMethodObjArgs + 0xe3 (0x54b5c3 in /workspace/vllm/.venv/bin/python)
frame #47: PyImport_ImportModuleLevelObject + 0x395 (0x5fd805 in /workspace/vllm/.venv/bin/python)
frame #48: _PyEval_EvalFrameDefault + 0x5eee (0x5dc36e in /workspace/vllm/.venv/bin/python)
frame #49: PyEval_EvalCode + 0x15b (0x5d543b in /workspace/vllm/.venv/bin/python)
frame #50: /workspace/vllm/.venv/bin/python() [0x5d322c]
frame #51: /workspace/vllm/.venv/bin/python() [0x581d1d]
frame #52: _PyEval_EvalFrameDefault + 0x4c3a (0x5db0ba in /workspace/vllm/.venv/bin/python)
frame #53: /workspace/vllm/.venv/bin/python() [0x549d47]
frame #54: PyObject_CallMethodObjArgs + 0xe3 (0x54b5c3 in /workspace/vllm/.venv/bin/python)
frame #55: PyImport_ImportModuleLevelObject + 0x395 (0x5fd805 in /workspace/vllm/.venv/bin/python)
frame #56: _PyEval_EvalFrameDefault + 0x5eee (0x5dc36e in /workspace/vllm/.venv/bin/python)
frame #57: PyEval_EvalCode + 0x15b (0x5d543b in /workspace/vllm/.venv/bin/python)
frame #58: /workspace/vllm/.venv/bin/python() [0x5d322c]
frame #59: /workspace/vllm/.venv/bin/python() [0x581d1d]
frame #60: _PyEval_EvalFrameDefault + 0x4c3a (0x5db0ba in /workspace/vllm/.venv/bin/python)
frame #61: /workspace/vllm/.venv/bin/python() [0x549d47]
frame #62: PyObject_CallMethodObjArgs + 0xe3 (0x54b5c3 in /workspace/vllm/.venv/bin/python)

[W708 11:07:53.843522410 OperatorEntry.cpp:208] Warning: Warning only once for all operators,  other operators may also be overridden.
  Overriding a previously registered kernel for the same operator and the same dispatch key
  operator: _C::persistent_masked_m_silu_mul_quant(Tensor input, Tensor counts, Tensor($0! -> ) y_q, Tensor($1! -> ) y_s, bool use_ue8m0) -> ()
    registered at /workspace/csrc/torch_bindings.cpp:21
  dispatch key: CUDA
  previous kernel: registered at /workspace/csrc/torch_bindings.cpp:21
       new kernel: registered at /workspace/csrc/libtorch_stable/torch_bindings.cpp:603 (function operator())
[E708 11:07:53.844075915 shim_common.cpp:1458] Exception in aoti_torch: Tried to register an operator (_C::persistent_masked_m_silu_mul_quant(Tensor input, Tensor counts, Tensor($0! -> ) y_q, Tensor($1! -> ) y_s, bool use_ue8m0) -> ()) with the same name and overload name multiple times. Each overload's schema should only be registered with a single call to def(). Duplicate registration: registered at /workspace/csrc/libtorch_stable/torch_bindings.cpp:10. Original registration: registered at /workspace/csrc/torch_bindings.cpp:21
Exception raised from registerDef at /pytorch/aten/src/ATen/core/dispatch/Dispatcher.cpp:248 (most recent call first):
frame #0: c10::Error::Error(c10::SourceLocation, std::__cxx11::basic_string<char, std::char_traits<char>, std::allocator<char> >) + 0x9d (0x7ffff6b7205d in /workspace/vllm/.venv/lib/python3.12/site-packages/torch/lib/libc10.so)
frame #1: c10::detail::torchCheckFail(char const*, char const*, unsigned int, std::__cxx11::basic_string<char, std::char_traits<char>, std::allocator<char> > const&) + 0xc3 (0x7ffff6b066fd in /workspace/vllm/.venv/lib/python3.12/site-packages/torch/lib/libc10.so)
frame #2: c10::Dispatcher::registerDef(c10::FunctionSchema, std::__cxx11::basic_string<char, std::char_traits<char>, std::allocator<char> >, std::vector<at::Tag, std::allocator<at::Tag> >) + 0x35e (0x7fff0e6811fe in /workspace/vllm/.venv/lib/python3.12/site-packages/torch/lib/libtorch_cpu.so)
frame #3: torch::Library::_def(c10::FunctionSchema&&, c10::OperatorName*, std::vector<at::Tag, std::allocator<at::Tag> > const&, torch::_RegisterOrVerify) & + 0x514 (0x7fff0e6c2254 in /workspace/vllm/.venv/lib/python3.12/site-packages/torch/lib/libtorch_cpu.so)
frame #4: aoti_torch_library_def + 0x99 (0x7fff128d45b9 in /workspace/vllm/.venv/lib/python3.12/site-packages/torch/lib/libtorch_cpu.so)
frame #5: <unknown function> + 0x2bdaf1 (0x7ffe8aebeaf1 in /workspace/vllm/vllm/_C_stable_libtorch.abi3.so)
frame #6: <unknown function> + 0x2bf0ce (0x7ffe8aec00ce in /workspace/vllm/vllm/_C_stable_libtorch.abi3.so)
frame #7: <unknown function> + 0x279d92 (0x7ffe8ae7ad92 in /workspace/vllm/vllm/_C_stable_libtorch.abi3.so)
frame #8: <unknown function> + 0x571f (0x7ffff7fca71f in /lib64/ld-linux-x86-64.so.2)
frame #9: <unknown function> + 0x5824 (0x7ffff7fca824 in /lib64/ld-linux-x86-64.so.2)
frame #10: _dl_catch_exception + 0x132 (0x7ffff7fc65b2 in /lib64/ld-linux-x86-64.so.2)
frame #11: <unknown function> + 0xcd7c (0x7ffff7fd1d7c in /lib64/ld-linux-x86-64.so.2)
frame #12: _dl_catch_exception + 0x9c (0x7ffff7fc651c in /lib64/ld-linux-x86-64.so.2)
frame #13: <unknown function> + 0xd164 (0x7ffff7fd2164 in /lib64/ld-linux-x86-64.so.2)
frame #14: <unknown function> + 0x981a4 (0x7ffff7d0c1a4 in /usr/lib/x86_64-linux-gnu/libc.so.6)
frame #15: _dl_catch_exception + 0x9c (0x7ffff7fc651c in /lib64/ld-linux-x86-64.so.2)
frame #16: <unknown function> + 0x1669 (0x7ffff7fc6669 in /lib64/ld-linux-x86-64.so.2)
frame #17: <unknown function> + 0x97c83 (0x7ffff7d0bc83 in /usr/lib/x86_64-linux-gnu/libc.so.6)
frame #18: dlopen + 0x6f (0x7ffff7d0c25f in /usr/lib/x86_64-linux-gnu/libc.so.6)
frame #19: /workspace/vllm/.venv/bin/python() [0x6bc36c]
frame #20: /workspace/vllm/.venv/bin/python() [0x6a946a]
frame #21: /workspace/vllm/.venv/bin/python() [0x6a8bf2]
frame #22: /workspace/vllm/.venv/bin/python() [0x581f37]
frame #23: _PyEval_EvalFrameDefault + 0x4c3a (0x5db0ba in /workspace/vllm/.venv/bin/python)
frame #24: /workspace/vllm/.venv/bin/python() [0x549d47]
frame #25: PyObject_CallMethodObjArgs + 0xe3 (0x54b5c3 in /workspace/vllm/.venv/bin/python)
frame #26: PyImport_ImportModuleLevelObject + 0x395 (0x5fd805 in /workspace/vllm/.venv/bin/python)
frame #27: _PyEval_EvalFrameDefault + 0x5eee (0x5dc36e in /workspace/vllm/.venv/bin/python)
frame #28: PyEval_EvalCode + 0x15b (0x5d543b in /workspace/vllm/.venv/bin/python)
frame #29: /workspace/vllm/.venv/bin/python() [0x5d322c]
frame #30: /workspace/vllm/.venv/bin/python() [0x581d1d]
frame #31: _PyEval_EvalFrameDefault + 0x4c3a (0x5db0ba in /workspace/vllm/.venv/bin/python)
frame #32: PyObject_CallOneArg + 0x4d (0x54a65d in /workspace/vllm/.venv/bin/python)
frame #33: /workspace/vllm/.venv/bin/python() [0x582e84]
frame #34: _PyObject_LookupAttr + 0x7a (0x584bea in /workspace/vllm/.venv/bin/python)
frame #35: /workspace/vllm/.venv/bin/python() [0x5d2b8a]
frame #36: _PyEval_EvalFrameDefault + 0x207d (0x5d84fd in /workspace/vllm/.venv/bin/python)
frame #37: /workspace/vllm/.venv/bin/python() [0x549d47]
frame #38: PyObject_CallMethodObjArgs + 0xe3 (0x54b5c3 in /workspace/vllm/.venv/bin/python)
frame #39: PyImport_ImportModuleLevelObject + 0x5eb (0x5fda5b in /workspace/vllm/.venv/bin/python)
frame #40: _PyEval_EvalFrameDefault + 0x5eee (0x5dc36e in /workspace/vllm/.venv/bin/python)
frame #41: PyEval_EvalCode + 0x15b (0x5d543b in /workspace/vllm/.venv/bin/python)
frame #42: /workspace/vllm/.venv/bin/python() [0x5d322c]
frame #43: /workspace/vllm/.venv/bin/python() [0x581d1d]
frame #44: _PyEval_EvalFrameDefault + 0x4c3a (0x5db0ba in /workspace/vllm/.venv/bin/python)
frame #45: /workspace/vllm/.venv/bin/python() [0x549d47]
frame #46: PyObject_CallMethodObjArgs + 0xe3 (0x54b5c3 in /workspace/vllm/.venv/bin/python)
frame #47: PyImport_ImportModuleLevelObject + 0x395 (0x5fd805 in /workspace/vllm/.venv/bin/python)
frame #48: _PyEval_EvalFrameDefault + 0x5eee (0x5dc36e in /workspace/vllm/.venv/bin/python)
frame #49: PyEval_EvalCode + 0x15b (0x5d543b in /workspace/vllm/.venv/bin/python)
frame #50: /workspace/vllm/.venv/bin/python() [0x5d322c]
frame #51: /workspace/vllm/.venv/bin/python() [0x581d1d]
frame #52: _PyEval_EvalFrameDefault + 0x4c3a (0x5db0ba in /workspace/vllm/.venv/bin/python)
frame #53: /workspace/vllm/.venv/bin/python() [0x549d47]
frame #54: PyObject_CallMethodObjArgs + 0xe3 (0x54b5c3 in /workspace/vllm/.venv/bin/python)
frame #55: PyImport_ImportModuleLevelObject + 0x395 (0x5fd805 in /workspace/vllm/.venv/bin/python)
frame #56: _PyEval_EvalFrameDefault + 0x5eee (0x5dc36e in /workspace/vllm/.venv/bin/python)
frame #57: PyEval_EvalCode + 0x15b (0x5d543b in /workspace/vllm/.venv/bin/python)
frame #58: /workspace/vllm/.venv/bin/python() [0x5d322c]
frame #59: /workspace/vllm/.venv/bin/python() [0x581d1d]
frame #60: _PyEval_EvalFrameDefault + 0x4c3a (0x5db0ba in /workspace/vllm/.venv/bin/python)
frame #61: /workspace/vllm/.venv/bin/python() [0x549d47]
frame #62: PyObject_CallMethodObjArgs + 0xe3 (0x54b5c3 in /workspace/vllm/.venv/bin/python)

[E708 11:07:53.844403870 shim_common.cpp:1458] Exception in aoti_torch: Tried to register an operator (_C::persistent_masked_m_silu_mul_quant(Tensor input, Tensor counts, Tensor($0! -> ) y_q, Tensor($1! -> ) y_s, bool use_ue8m0) -> ()) with the same name and overload name multiple times. Each overload's schema should only be registered with a single call to def(). Duplicate registration: registered at /workspace/csrc/libtorch_stable/torch_bindings.cpp:10. Original registration: registered at /workspace/csrc/torch_bindings.cpp:21
Exception raised from registerDef at /pytorch/aten/src/ATen/core/dispatch/Dispatcher.cpp:248 (most recent call first):
frame #0: c10::Error::Error(c10::SourceLocation, std::__cxx11::basic_string<char, std::char_traits<char>, std::allocator<char> >) + 0x9d (0x7ffff6b7205d in /workspace/vllm/.venv/lib/python3.12/site-packages/torch/lib/libc10.so)
frame #1: c10::detail::torchCheckFail(char const*, char const*, unsigned int, std::__cxx11::basic_string<char, std::char_traits<char>, std::allocator<char> > const&) + 0xc3 (0x7ffff6b066fd in /workspace/vllm/.venv/lib/python3.12/site-packages/torch/lib/libc10.so)
frame #2: c10::Dispatcher::registerDef(c10::FunctionSchema, std::__cxx11::basic_string<char, std::char_traits<char>, std::allocator<char> >, std::vector<at::Tag, std::allocator<at::Tag> >) + 0x35e (0x7fff0e6811fe in /workspace/vllm/.venv/lib/python3.12/site-packages/torch/lib/libtorch_cpu.so)
frame #3: torch::Library::_def(c10::FunctionSchema&&, c10::OperatorName*, std::vector<at::Tag, std::allocator<at::Tag> > const&, torch::_RegisterOrVerify) & + 0x514 (0x7fff0e6c2254 in /workspace/vllm/.venv/lib/python3.12/site-packages/torch/lib/libtorch_cpu.so)
frame #4: aoti_torch_library_def + 0x99 (0x7fff128d45b9 in /workspace/vllm/.venv/lib/python3.12/site-packages/torch/lib/libtorch_cpu.so)
frame #5: <unknown function> + 0x2bdaf1 (0x7ffe8aebeaf1 in /workspace/vllm/vllm/_C_stable_libtorch.abi3.so)
frame #6: <unknown function> + 0x2bf0ce (0x7ffe8aec00ce in /workspace/vllm/vllm/_C_stable_libtorch.abi3.so)
frame #7: <unknown function> + 0x279d92 (0x7ffe8ae7ad92 in /workspace/vllm/vllm/_C_stable_libtorch.abi3.so)
frame #8: <unknown function> + 0x571f (0x7ffff7fca71f in /lib64/ld-linux-x86-64.so.2)
frame #9: <unknown function> + 0x5824 (0x7ffff7fca824 in /lib64/ld-linux-x86-64.so.2)
frame #10: _dl_catch_exception + 0x132 (0x7ffff7fc65b2 in /lib64/ld-linux-x86-64.so.2)
frame #11: <unknown function> + 0xcd7c (0x7ffff7fd1d7c in /lib64/ld-linux-x86-64.so.2)
frame #12: _dl_catch_exception + 0x9c (0x7ffff7fc651c in /lib64/ld-linux-x86-64.so.2)
frame #13: <unknown function> + 0xd164 (0x7ffff7fd2164 in /lib64/ld-linux-x86-64.so.2)
frame #14: <unknown function> + 0x981a4 (0x7ffff7d0c1a4 in /usr/lib/x86_64-linux-gnu/libc.so.6)
frame #15: _dl_catch_exception + 0x9c (0x7ffff7fc651c in /lib64/ld-linux-x86-64.so.2)
frame #16: <unknown function> + 0x1669 (0x7ffff7fc6669 in /lib64/ld-linux-x86-64.so.2)
frame #17: <unknown function> + 0x97c83 (0x7ffff7d0bc83 in /usr/lib/x86_64-linux-gnu/libc.so.6)
frame #18: dlopen + 0x6f (0x7ffff7d0c25f in /usr/lib/x86_64-linux-gnu/libc.so.6)
frame #19: /workspace/vllm/.venv/bin/python() [0x6bc36c]
frame #20: /workspace/vllm/.venv/bin/python() [0x6a946a]
frame #21: /workspace/vllm/.venv/bin/python() [0x6a8bf2]
frame #22: /workspace/vllm/.venv/bin/python() [0x581f37]
frame #23: _PyEval_EvalFrameDefault + 0x4c3a (0x5db0ba in /workspace/vllm/.venv/bin/python)
frame #24: /workspace/vllm/.venv/bin/python() [0x549d47]
frame #25: PyObject_CallMethodObjArgs + 0xe3 (0x54b5c3 in /workspace/vllm/.venv/bin/python)
frame #26: PyImport_ImportModuleLevelObject + 0x395 (0x5fd805 in /workspace/vllm/.venv/bin/python)
frame #27: _PyEval_EvalFrameDefault + 0x5eee (0x5dc36e in /workspace/vllm/.venv/bin/python)
frame #28: PyEval_EvalCode + 0x15b (0x5d543b in /workspace/vllm/.venv/bin/python)
frame #29: /workspace/vllm/.venv/bin/python() [0x5d322c]
frame #30: /workspace/vllm/.venv/bin/python() [0x581d1d]
frame #31: _PyEval_EvalFrameDefault + 0x4c3a (0x5db0ba in /workspace/vllm/.venv/bin/python)
frame #32: PyObject_CallOneArg + 0x4d (0x54a65d in /workspace/vllm/.venv/bin/python)
frame #33: /workspace/vllm/.venv/bin/python() [0x582e84]
frame #34: _PyObject_LookupAttr + 0x7a (0x584bea in /workspace/vllm/.venv/bin/python)
frame #35: /workspace/vllm/.venv/bin/python() [0x5d2b8a]
frame #36: _PyEval_EvalFrameDefault + 0x207d (0x5d84fd in /workspace/vllm/.venv/bin/python)
frame #37: /workspace/vllm/.venv/bin/python() [0x549d47]
frame #38: PyObject_CallMethodObjArgs + 0xe3 (0x54b5c3 in /workspace/vllm/.venv/bin/python)
frame #39: PyImport_ImportModuleLevelObject + 0x5eb (0x5fda5b in /workspace/vllm/.venv/bin/python)
frame #40: _PyEval_EvalFrameDefault + 0x5eee (0x5dc36e in /workspace/vllm/.venv/bin/python)
frame #41: PyEval_EvalCode + 0x15b (0x5d543b in /workspace/vllm/.venv/bin/python)
frame #42: /workspace/vllm/.venv/bin/python() [0x5d322c]
frame #43: /workspace/vllm/.venv/bin/python() [0x581d1d]
frame #44: _PyEval_EvalFrameDefault + 0x4c3a (0x5db0ba in /workspace/vllm/.venv/bin/python)
frame #45: /workspace/vllm/.venv/bin/python() [0x549d47]
frame #46: PyObject_CallMethodObjArgs + 0xe3 (0x54b5c3 in /workspace/vllm/.venv/bin/python)
frame #47: PyImport_ImportModuleLevelObject + 0x395 (0x5fd805 in /workspace/vllm/.venv/bin/python)
frame #48: _PyEval_EvalFrameDefault + 0x5eee (0x5dc36e in /workspace/vllm/.venv/bin/python)
frame #49: PyEval_EvalCode + 0x15b (0x5d543b in /workspace/vllm/.venv/bin/python)
frame #50: /workspace/vllm/.venv/bin/python() [0x5d322c]
frame #51: /workspace/vllm/.venv/bin/python() [0x581d1d]
frame #52: _PyEval_EvalFrameDefault + 0x4c3a (0x5db0ba in /workspace/vllm/.venv/bin/python)
frame #53: /workspace/vllm/.venv/bin/python() [0x549d47]
frame #54: PyObject_CallMethodObjArgs + 0xe3 (0x54b5c3 in /workspace/vllm/.venv/bin/python)
frame #55: PyImport_ImportModuleLevelObject + 0x395 (0x5fd805 in /workspace/vllm/.venv/bin/python)
frame #56: _PyEval_EvalFrameDefault + 0x5eee (0x5dc36e in /workspace/vllm/.venv/bin/python)
frame #57: PyEval_EvalCode + 0x15b (0x5d543b in /workspace/vllm/.venv/bin/python)
frame #58: /workspace/vllm/.venv/bin/python() [0x5d322c]
frame #59: /workspace/vllm/.venv/bin/python() [0x581d1d]
frame #60: _PyEval_EvalFrameDefault + 0x4c3a (0x5db0ba in /workspace/vllm/.venv/bin/python)
frame #61: /workspace/vllm/.venv/bin/python() [0x549d47]
frame #62: PyObject_CallMethodObjArgs + 0xe3 (0x54b5c3 in /workspace/vllm/.venv/bin/python)

[E708 11:07:53.846056555 shim_common.cpp:1458] Exception in aoti_torch: Tried to register an operator (_C::weak_ref_tensor(Tensor input) -> Tensor) with the same name and overload name multiple times. Each overload's schema should only be registered with a single call to def(). Duplicate registration: registered at /workspace/csrc/libtorch_stable/torch_bindings.cpp:10. Original registration: registered at /workspace/csrc/torch_bindings.cpp:21
Exception raised from registerDef at /pytorch/aten/src/ATen/core/dispatch/Dispatcher.cpp:248 (most recent call first):
frame #0: c10::Error::Error(c10::SourceLocation, std::__cxx11::basic_string<char, std::char_traits<char>, std::allocator<char> >) + 0x9d (0x7ffff6b7205d in /workspace/vllm/.venv/lib/python3.12/site-packages/torch/lib/libc10.so)
frame #1: c10::detail::torchCheckFail(char const*, char const*, unsigned int, std::__cxx11::basic_string<char, std::char_traits<char>, std::allocator<char> > const&) + 0xc3 (0x7ffff6b066fd in /workspace/vllm/.venv/lib/python3.12/site-packages/torch/lib/libc10.so)
frame #2: c10::Dispatcher::registerDef(c10::FunctionSchema, std::__cxx11::basic_string<char, std::char_traits<char>, std::allocator<char> >, std::vector<at::Tag, std::allocator<at::Tag> >) + 0x35e (0x7fff0e6811fe in /workspace/vllm/.venv/lib/python3.12/site-packages/torch/lib/libtorch_cpu.so)
frame #3: torch::Library::_def(c10::FunctionSchema&&, c10::OperatorName*, std::vector<at::Tag, std::allocator<at::Tag> > const&, torch::_RegisterOrVerify) & + 0x514 (0x7fff0e6c2254 in /workspace/vllm/.venv/lib/python3.12/site-packages/torch/lib/libtorch_cpu.so)
frame #4: aoti_torch_library_def + 0x99 (0x7fff128d45b9 in /workspace/vllm/.venv/lib/python3.12/site-packages/torch/lib/libtorch_cpu.so)
frame #5: <unknown function> + 0x2bdb00 (0x7ffe8aebeb00 in /workspace/vllm/vllm/_C_stable_libtorch.abi3.so)
frame #6: <unknown function> + 0x2bf0ce (0x7ffe8aec00ce in /workspace/vllm/vllm/_C_stable_libtorch.abi3.so)
frame #7: <unknown function> + 0x279d92 (0x7ffe8ae7ad92 in /workspace/vllm/vllm/_C_stable_libtorch.abi3.so)
frame #8: <unknown function> + 0x571f (0x7ffff7fca71f in /lib64/ld-linux-x86-64.so.2)
frame #9: <unknown function> + 0x5824 (0x7ffff7fca824 in /lib64/ld-linux-x86-64.so.2)
frame #10: _dl_catch_exception + 0x132 (0x7ffff7fc65b2 in /lib64/ld-linux-x86-64.so.2)
frame #11: <unknown function> + 0xcd7c (0x7ffff7fd1d7c in /lib64/ld-linux-x86-64.so.2)
frame #12: _dl_catch_exception + 0x9c (0x7ffff7fc651c in /lib64/ld-linux-x86-64.so.2)
frame #13: <unknown function> + 0xd164 (0x7ffff7fd2164 in /lib64/ld-linux-x86-64.so.2)
frame #14: <unknown function> + 0x981a4 (0x7ffff7d0c1a4 in /usr/lib/x86_64-linux-gnu/libc.so.6)
frame #15: _dl_catch_exception + 0x9c (0x7ffff7fc651c in /lib64/ld-linux-x86-64.so.2)
frame #16: <unknown function> + 0x1669 (0x7ffff7fc6669 in /lib64/ld-linux-x86-64.so.2)
frame #17: <unknown function> + 0x97c83 (0x7ffff7d0bc83 in /usr/lib/x86_64-linux-gnu/libc.so.6)
frame #18: dlopen + 0x6f (0x7ffff7d0c25f in /usr/lib/x86_64-linux-gnu/libc.so.6)
frame #19: /workspace/vllm/.venv/bin/python() [0x6bc36c]
frame #20: /workspace/vllm/.venv/bin/python() [0x6a946a]
frame #21: /workspace/vllm/.venv/bin/python() [0x6a8bf2]
frame #22: /workspace/vllm/.venv/bin/python() [0x581f37]
frame #23: _PyEval_EvalFrameDefault + 0x4c3a (0x5db0ba in /workspace/vllm/.venv/bin/python)
frame #24: /workspace/vllm/.venv/bin/python() [0x549d47]
frame #25: PyObject_CallMethodObjArgs + 0xe3 (0x54b5c3 in /workspace/vllm/.venv/bin/python)
frame #26: PyImport_ImportModuleLevelObject + 0x395 (0x5fd805 in /workspace/vllm/.venv/bin/python)
frame #27: _PyEval_EvalFrameDefault + 0x5eee (0x5dc36e in /workspace/vllm/.venv/bin/python)
frame #28: PyEval_EvalCode + 0x15b (0x5d543b in /workspace/vllm/.venv/bin/python)
frame #29: /workspace/vllm/.venv/bin/python() [0x5d322c]
frame #30: /workspace/vllm/.venv/bin/python() [0x581d1d]
frame #31: _PyEval_EvalFrameDefault + 0x4c3a (0x5db0ba in /workspace/vllm/.venv/bin/python)
frame #32: PyObject_CallOneArg + 0x4d (0x54a65d in /workspace/vllm/.venv/bin/python)
frame #33: /workspace/vllm/.venv/bin/python() [0x582e84]
frame #34: _PyObject_LookupAttr + 0x7a (0x584bea in /workspace/vllm/.venv/bin/python)
frame #35: /workspace/vllm/.venv/bin/python() [0x5d2b8a]
frame #36: _PyEval_EvalFrameDefault + 0x207d (0x5d84fd in /workspace/vllm/.venv/bin/python)
frame #37: /workspace/vllm/.venv/bin/python() [0x549d47]
frame #38: PyObject_CallMethodObjArgs + 0xe3 (0x54b5c3 in /workspace/vllm/.venv/bin/python)
frame #39: PyImport_ImportModuleLevelObject + 0x5eb (0x5fda5b in /workspace/vllm/.venv/bin/python)
frame #40: _PyEval_EvalFrameDefault + 0x5eee (0x5dc36e in /workspace/vllm/.venv/bin/python)
frame #41: PyEval_EvalCode + 0x15b (0x5d543b in /workspace/vllm/.venv/bin/python)
frame #42: /workspace/vllm/.venv/bin/python() [0x5d322c]
frame #43: /workspace/vllm/.venv/bin/python() [0x581d1d]
frame #44: _PyEval_EvalFrameDefault + 0x4c3a (0x5db0ba in /workspace/vllm/.venv/bin/python)
frame #45: /workspace/vllm/.venv/bin/python() [0x549d47]
frame #46: PyObject_CallMethodObjArgs + 0xe3 (0x54b5c3 in /workspace/vllm/.venv/bin/python)
frame #47: PyImport_ImportModuleLevelObject + 0x395 (0x5fd805 in /workspace/vllm/.venv/bin/python)
frame #48: _PyEval_EvalFrameDefault + 0x5eee (0x5dc36e in /workspace/vllm/.venv/bin/python)
frame #49: PyEval_EvalCode + 0x15b (0x5d543b in /workspace/vllm/.venv/bin/python)
frame #50: /workspace/vllm/.venv/bin/python() [0x5d322c]
frame #51: /workspace/vllm/.venv/bin/python() [0x581d1d]
frame #52: _PyEval_EvalFrameDefault + 0x4c3a (0x5db0ba in /workspace/vllm/.venv/bin/python)
frame #53: /workspace/vllm/.venv/bin/python() [0x549d47]
frame #54: PyObject_CallMethodObjArgs + 0xe3 (0x54b5c3 in /workspace/vllm/.venv/bin/python)
frame #55: PyImport_ImportModuleLevelObject + 0x395 (0x5fd805 in /workspace/vllm/.venv/bin/python)
frame #56: _PyEval_EvalFrameDefault + 0x5eee (0x5dc36e in /workspace/vllm/.venv/bin/python)
frame #57: PyEval_EvalCode + 0x15b (0x5d543b in /workspace/vllm/.venv/bin/python)
frame #58: /workspace/vllm/.venv/bin/python() [0x5d322c]
frame #59: /workspace/vllm/.venv/bin/python() [0x581d1d]
frame #60: _PyEval_EvalFrameDefault + 0x4c3a (0x5db0ba in /workspace/vllm/.venv/bin/python)
frame #61: /workspace/vllm/.venv/bin/python() [0x549d47]
frame #62: PyObject_CallMethodObjArgs + 0xe3 (0x54b5c3 in /workspace/vllm/.venv/bin/python)

[E708 11:07:53.846368515 shim_common.cpp:1458] Exception in aoti_torch: Tried to register an operator (_C::weak_ref_tensor(Tensor input) -> Tensor) with the same name and overload name multiple times. Each overload's schema should only be registered with a single call to def(). Duplicate registration: registered at /workspace/csrc/libtorch_stable/torch_bindings.cpp:10. Original registration: registered at /workspace/csrc/torch_bindings.cpp:21
Exception raised from registerDef at /pytorch/aten/src/ATen/core/dispatch/Dispatcher.cpp:248 (most recent call first):
frame #0: c10::Error::Error(c10::SourceLocation, std::__cxx11::basic_string<char, std::char_traits<char>, std::allocator<char> >) + 0x9d (0x7ffff6b7205d in /workspace/vllm/.venv/lib/python3.12/site-packages/torch/lib/libc10.so)
frame #1: c10::detail::torchCheckFail(char const*, char const*, unsigned int, std::__cxx11::basic_string<char, std::char_traits<char>, std::allocator<char> > const&) + 0xc3 (0x7ffff6b066fd in /workspace/vllm/.venv/lib/python3.12/site-packages/torch/lib/libc10.so)
frame #2: c10::Dispatcher::registerDef(c10::FunctionSchema, std::__cxx11::basic_string<char, std::char_traits<char>, std::allocator<char> >, std::vector<at::Tag, std::allocator<at::Tag> >) + 0x35e (0x7fff0e6811fe in /workspace/vllm/.venv/lib/python3.12/site-packages/torch/lib/libtorch_cpu.so)
frame #3: torch::Library::_def(c10::FunctionSchema&&, c10::OperatorName*, std::vector<at::Tag, std::allocator<at::Tag> > const&, torch::_RegisterOrVerify) & + 0x514 (0x7fff0e6c2254 in /workspace/vllm/.venv/lib/python3.12/site-packages/torch/lib/libtorch_cpu.so)
frame #4: aoti_torch_library_def + 0x99 (0x7fff128d45b9 in /workspace/vllm/.venv/lib/python3.12/site-packages/torch/lib/libtorch_cpu.so)
frame #5: <unknown function> + 0x2bdb00 (0x7ffe8aebeb00 in /workspace/vllm/vllm/_C_stable_libtorch.abi3.so)
frame #6: <unknown function> + 0x2bf0ce (0x7ffe8aec00ce in /workspace/vllm/vllm/_C_stable_libtorch.abi3.so)
frame #7: <unknown function> + 0x279d92 (0x7ffe8ae7ad92 in /workspace/vllm/vllm/_C_stable_libtorch.abi3.so)
frame #8: <unknown function> + 0x571f (0x7ffff7fca71f in /lib64/ld-linux-x86-64.so.2)
frame #9: <unknown function> + 0x5824 (0x7ffff7fca824 in /lib64/ld-linux-x86-64.so.2)
frame #10: _dl_catch_exception + 0x132 (0x7ffff7fc65b2 in /lib64/ld-linux-x86-64.so.2)
frame #11: <unknown function> + 0xcd7c (0x7ffff7fd1d7c in /lib64/ld-linux-x86-64.so.2)
frame #12: _dl_catch_exception + 0x9c (0x7ffff7fc651c in /lib64/ld-linux-x86-64.so.2)
frame #13: <unknown function> + 0xd164 (0x7ffff7fd2164 in /lib64/ld-linux-x86-64.so.2)
frame #14: <unknown function> + 0x981a4 (0x7ffff7d0c1a4 in /usr/lib/x86_64-linux-gnu/libc.so.6)
frame #15: _dl_catch_exception + 0x9c (0x7ffff7fc651c in /lib64/ld-linux-x86-64.so.2)
frame #16: <unknown function> + 0x1669 (0x7ffff7fc6669 in /lib64/ld-linux-x86-64.so.2)
frame #17: <unknown function> + 0x97c83 (0x7ffff7d0bc83 in /usr/lib/x86_64-linux-gnu/libc.so.6)
frame #18: dlopen + 0x6f (0x7ffff7d0c25f in /usr/lib/x86_64-linux-gnu/libc.so.6)
frame #19: /workspace/vllm/.venv/bin/python() [0x6bc36c]
frame #20: /workspace/vllm/.venv/bin/python() [0x6a946a]
frame #21: /workspace/vllm/.venv/bin/python() [0x6a8bf2]
frame #22: /workspace/vllm/.venv/bin/python() [0x581f37]
frame #23: _PyEval_EvalFrameDefault + 0x4c3a (0x5db0ba in /workspace/vllm/.venv/bin/python)
frame #24: /workspace/vllm/.venv/bin/python() [0x549d47]
frame #25: PyObject_CallMethodObjArgs + 0xe3 (0x54b5c3 in /workspace/vllm/.venv/bin/python)
frame #26: PyImport_ImportModuleLevelObject + 0x395 (0x5fd805 in /workspace/vllm/.venv/bin/python)
frame #27: _PyEval_EvalFrameDefault + 0x5eee (0x5dc36e in /workspace/vllm/.venv/bin/python)
frame #28: PyEval_EvalCode + 0x15b (0x5d543b in /workspace/vllm/.venv/bin/python)
frame #29: /workspace/vllm/.venv/bin/python() [0x5d322c]
frame #30: /workspace/vllm/.venv/bin/python() [0x581d1d]
frame #31: _PyEval_EvalFrameDefault + 0x4c3a (0x5db0ba in /workspace/vllm/.venv/bin/python)
frame #32: PyObject_CallOneArg + 0x4d (0x54a65d in /workspace/vllm/.venv/bin/python)
frame #33: /workspace/vllm/.venv/bin/python() [0x582e84]
frame #34: _PyObject_LookupAttr + 0x7a (0x584bea in /workspace/vllm/.venv/bin/python)
frame #35: /workspace/vllm/.venv/bin/python() [0x5d2b8a]
frame #36: _PyEval_EvalFrameDefault + 0x207d (0x5d84fd in /workspace/vllm/.venv/bin/python)
frame #37: /workspace/vllm/.venv/bin/python() [0x549d47]
frame #38: PyObject_CallMethodObjArgs + 0xe3 (0x54b5c3 in /workspace/vllm/.venv/bin/python)
frame #39: PyImport_ImportModuleLevelObject + 0x5eb (0x5fda5b in /workspace/vllm/.venv/bin/python)
frame #40: _PyEval_EvalFrameDefault + 0x5eee (0x5dc36e in /workspace/vllm/.venv/bin/python)
frame #41: PyEval_EvalCode + 0x15b (0x5d543b in /workspace/vllm/.venv/bin/python)
frame #42: /workspace/vllm/.venv/bin/python() [0x5d322c]
frame #43: /workspace/vllm/.venv/bin/python() [0x581d1d]
frame #44: _PyEval_EvalFrameDefault + 0x4c3a (0x5db0ba in /workspace/vllm/.venv/bin/python)
frame #45: /workspace/vllm/.venv/bin/python() [0x549d47]
frame #46: PyObject_CallMethodObjArgs + 0xe3 (0x54b5c3 in /workspace/vllm/.venv/bin/python)
frame #47: PyImport_ImportModuleLevelObject + 0x395 (0x5fd805 in /workspace/vllm/.venv/bin/python)
frame #48: _PyEval_EvalFrameDefault + 0x5eee (0x5dc36e in /workspace/vllm/.venv/bin/python)
frame #49: PyEval_EvalCode + 0x15b (0x5d543b in /workspace/vllm/.venv/bin/python)
frame #50: /workspace/vllm/.venv/bin/python() [0x5d322c]
frame #51: /workspace/vllm/.venv/bin/python() [0x581d1d]
frame #52: _PyEval_EvalFrameDefault + 0x4c3a (0x5db0ba in /workspace/vllm/.venv/bin/python)
frame #53: /workspace/vllm/.venv/bin/python() [0x549d47]
frame #54: PyObject_CallMethodObjArgs + 0xe3 (0x54b5c3 in /workspace/vllm/.venv/bin/python)
frame #55: PyImport_ImportModuleLevelObject + 0x395 (0x5fd805 in /workspace/vllm/.venv/bin/python)
frame #56: _PyEval_EvalFrameDefault + 0x5eee (0x5dc36e in /workspace/vllm/.venv/bin/python)
frame #57: PyEval_EvalCode + 0x15b (0x5d543b in /workspace/vllm/.venv/bin/python)
frame #58: /workspace/vllm/.venv/bin/python() [0x5d322c]
frame #59: /workspace/vllm/.venv/bin/python() [0x581d1d]
frame #60: _PyEval_EvalFrameDefault + 0x4c3a (0x5db0ba in /workspace/vllm/.venv/bin/python)
frame #61: /workspace/vllm/.venv/bin/python() [0x549d47]
frame #62: PyObject_CallMethodObjArgs + 0xe3 (0x54b5c3 in /workspace/vllm/.venv/bin/python)

[E708 11:07:53.847984018 shim_common.cpp:1458] Exception in aoti_torch: Tried to register an operator (_C::silu_and_mul_quant(Tensor($0! -> ) result, Tensor input, Tensor scale) -> ()) with the same name and overload name multiple times. Each overload's schema should only be registered with a single call to def(). Duplicate registration: registered at /workspace/csrc/libtorch_stable/torch_bindings.cpp:10. Original registration: registered at /workspace/csrc/torch_bindings.cpp:21
Exception raised from registerDef at /pytorch/aten/src/ATen/core/dispatch/Dispatcher.cpp:248 (most recent call first):
frame #0: c10::Error::Error(c10::SourceLocation, std::__cxx11::basic_string<char, std::char_traits<char>, std::allocator<char> >) + 0x9d (0x7ffff6b7205d in /workspace/vllm/.venv/lib/python3.12/site-packages/torch/lib/libc10.so)
frame #1: c10::detail::torchCheckFail(char const*, char const*, unsigned int, std::__cxx11::basic_string<char, std::char_traits<char>, std::allocator<char> > const&) + 0xc3 (0x7ffff6b066fd in /workspace/vllm/.venv/lib/python3.12/site-packages/torch/lib/libc10.so)
frame #2: c10::Dispatcher::registerDef(c10::FunctionSchema, std::__cxx11::basic_string<char, std::char_traits<char>, std::allocator<char> >, std::vector<at::Tag, std::allocator<at::Tag> >) + 0x35e (0x7fff0e6811fe in /workspace/vllm/.venv/lib/python3.12/site-packages/torch/lib/libtorch_cpu.so)
frame #3: torch::Library::_def(c10::FunctionSchema&&, c10::OperatorName*, std::vector<at::Tag, std::allocator<at::Tag> > const&, torch::_RegisterOrVerify) & + 0x514 (0x7fff0e6c2254 in /workspace/vllm/.venv/lib/python3.12/site-packages/torch/lib/libtorch_cpu.so)
frame #4: aoti_torch_library_def + 0x99 (0x7fff128d45b9 in /workspace/vllm/.venv/lib/python3.12/site-packages/torch/lib/libtorch_cpu.so)
frame #5: <unknown function> + 0x2bdb3c (0x7ffe8aebeb3c in /workspace/vllm/vllm/_C_stable_libtorch.abi3.so)
frame #6: <unknown function> + 0x2bf0ce (0x7ffe8aec00ce in /workspace/vllm/vllm/_C_stable_libtorch.abi3.so)
frame #7: <unknown function> + 0x279d92 (0x7ffe8ae7ad92 in /workspace/vllm/vllm/_C_stable_libtorch.abi3.so)
frame #8: <unknown function> + 0x571f (0x7ffff7fca71f in /lib64/ld-linux-x86-64.so.2)
frame #9: <unknown function> + 0x5824 (0x7ffff7fca824 in /lib64/ld-linux-x86-64.so.2)
frame #10: _dl_catch_exception + 0x132 (0x7ffff7fc65b2 in /lib64/ld-linux-x86-64.so.2)
frame #11: <unknown function> + 0xcd7c (0x7ffff7fd1d7c in /lib64/ld-linux-x86-64.so.2)
frame #12: _dl_catch_exception + 0x9c (0x7ffff7fc651c in /lib64/ld-linux-x86-64.so.2)
frame #13: <unknown function> + 0xd164 (0x7ffff7fd2164 in /lib64/ld-linux-x86-64.so.2)
frame #14: <unknown function> + 0x981a4 (0x7ffff7d0c1a4 in /usr/lib/x86_64-linux-gnu/libc.so.6)
frame #15: _dl_catch_exception + 0x9c (0x7ffff7fc651c in /lib64/ld-linux-x86-64.so.2)
frame #16: <unknown function> + 0x1669 (0x7ffff7fc6669 in /lib64/ld-linux-x86-64.so.2)
frame #17: <unknown function> + 0x97c83 (0x7ffff7d0bc83 in /usr/lib/x86_64-linux-gnu/libc.so.6)
frame #18: dlopen + 0x6f (0x7ffff7d0c25f in /usr/lib/x86_64-linux-gnu/libc.so.6)
frame #19: /workspace/vllm/.venv/bin/python() [0x6bc36c]
frame #20: /workspace/vllm/.venv/bin/python() [0x6a946a]
frame #21: /workspace/vllm/.venv/bin/python() [0x6a8bf2]
frame #22: /workspace/vllm/.venv/bin/python() [0x581f37]
frame #23: _PyEval_EvalFrameDefault + 0x4c3a (0x5db0ba in /workspace/vllm/.venv/bin/python)
frame #24: /workspace/vllm/.venv/bin/python() [0x549d47]
frame #25: PyObject_CallMethodObjArgs + 0xe3 (0x54b5c3 in /workspace/vllm/.venv/bin/python)
frame #26: PyImport_ImportModuleLevelObject + 0x395 (0x5fd805 in /workspace/vllm/.venv/bin/python)
frame #27: _PyEval_EvalFrameDefault + 0x5eee (0x5dc36e in /workspace/vllm/.venv/bin/python)
frame #28: PyEval_EvalCode + 0x15b (0x5d543b in /workspace/vllm/.venv/bin/python)
frame #29: /workspace/vllm/.venv/bin/python() [0x5d322c]
frame #30: /workspace/vllm/.venv/bin/python() [0x581d1d]
frame #31: _PyEval_EvalFrameDefault + 0x4c3a (0x5db0ba in /workspace/vllm/.venv/bin/python)
frame #32: PyObject_CallOneArg + 0x4d (0x54a65d in /workspace/vllm/.venv/bin/python)
frame #33: /workspace/vllm/.venv/bin/python() [0x582e84]
frame #34: _PyObject_LookupAttr + 0x7a (0x584bea in /workspace/vllm/.venv/bin/python)
frame #35: /workspace/vllm/.venv/bin/python() [0x5d2b8a]
frame #36: _PyEval_EvalFrameDefault + 0x207d (0x5d84fd in /workspace/vllm/.venv/bin/python)
frame #37: /workspace/vllm/.venv/bin/python() [0x549d47]
frame #38: PyObject_CallMethodObjArgs + 0xe3 (0x54b5c3 in /workspace/vllm/.venv/bin/python)
frame #39: PyImport_ImportModuleLevelObject + 0x5eb (0x5fda5b in /workspace/vllm/.venv/bin/python)
frame #40: _PyEval_EvalFrameDefault + 0x5eee (0x5dc36e in /workspace/vllm/.venv/bin/python)
frame #41: PyEval_EvalCode + 0x15b (0x5d543b in /workspace/vllm/.venv/bin/python)
frame #42: /workspace/vllm/.venv/bin/python() [0x5d322c]
frame #43: /workspace/vllm/.venv/bin/python() [0x581d1d]
frame #44: _PyEval_EvalFrameDefault + 0x4c3a (0x5db0ba in /workspace/vllm/.venv/bin/python)
frame #45: /workspace/vllm/.venv/bin/python() [0x549d47]
frame #46: PyObject_CallMethodObjArgs + 0xe3 (0x54b5c3 in /workspace/vllm/.venv/bin/python)
frame #47: PyImport_ImportModuleLevelObject + 0x395 (0x5fd805 in /workspace/vllm/.venv/bin/python)
frame #48: _PyEval_EvalFrameDefault + 0x5eee (0x5dc36e in /workspace/vllm/.venv/bin/python)
frame #49: PyEval_EvalCode + 0x15b (0x5d543b in /workspace/vllm/.venv/bin/python)
frame #50: /workspace/vllm/.venv/bin/python() [0x5d322c]
frame #51: /workspace/vllm/.venv/bin/python() [0x581d1d]
frame #52: _PyEval_EvalFrameDefault + 0x4c3a (0x5db0ba in /workspace/vllm/.venv/bin/python)
frame #53: /workspace/vllm/.venv/bin/python() [0x549d47]
frame #54: PyObject_CallMethodObjArgs + 0xe3 (0x54b5c3 in /workspace/vllm/.venv/bin/python)
frame #55: PyImport_ImportModuleLevelObject + 0x395 (0x5fd805 in /workspace/vllm/.venv/bin/python)
frame #56: _PyEval_EvalFrameDefault + 0x5eee (0x5dc36e in /workspace/vllm/.venv/bin/python)
frame #57: PyEval_EvalCode + 0x15b (0x5d543b in /workspace/vllm/.venv/bin/python)
frame #58: /workspace/vllm/.venv/bin/python() [0x5d322c]
frame #59: /workspace/vllm/.venv/bin/python() [0x581d1d]
frame #60: _PyEval_EvalFrameDefault + 0x4c3a (0x5db0ba in /workspace/vllm/.venv/bin/python)
frame #61: /workspace/vllm/.venv/bin/python() [0x549d47]
frame #62: PyObject_CallMethodObjArgs + 0xe3 (0x54b5c3 in /workspace/vllm/.venv/bin/python)

[W708 11:07:53.850109895 OperatorEntry.cpp:208] Warning: Warning only once for all operators,  other operators may also be overridden.
  Overriding a previously registered kernel for the same operator and the same dispatch key
  operator: _C::persistent_masked_m_silu_mul_quant(Tensor input, Tensor counts, Tensor($0! -> ) y_q, Tensor($1! -> ) y_s, bool use_ue8m0) -> ()
    registered at /workspace/csrc/torch_bindings.cpp:21
  dispatch key: CUDA
  previous kernel: registered at /workspace/csrc/torch_bindings.cpp:21
       new kernel: registered at /workspace/csrc/libtorch_stable/torch_bindings.cpp:603 (function operator())
[E708 11:07:53.848350892 shim_common.cpp:1458] Exception in aoti_torch: Tried to register an operator (_C::silu_and_mul_quant(Tensor($0! -> ) result, Tensor input, Tensor scale) -> ()) with the same name and overload name multiple times. Each overload's schema should only be registered with a single call to def(). Duplicate registration: registered at /workspace/csrc/libtorch_stable/torch_bindings.cpp:10. Original registration: registered at /workspace/csrc/torch_bindings.cpp:21
Exception raised from registerDef at /pytorch/aten/src/ATen/core/dispatch/Dispatcher.cpp:248 (most recent call first):
frame #0: c10::Error::Error(c10::SourceLocation, std::__cxx11::basic_string<char, std::char_traits<char>, std::allocator<char> >) + 0x9d (0x7ffff6b7205d in /workspace/vllm/.venv/lib/python3.12/site-packages/torch/lib/libc10.so)
frame #1: c10::detail::torchCheckFail(char const*, char const*, unsigned int, std::__cxx11::basic_string<char, std::char_traits<char>, std::allocator<char> > const&) + 0xc3 (0x7ffff6b066fd in /workspace/vllm/.venv/lib/python3.12/site-packages/torch/lib/libc10.so)
frame #2: c10::Dispatcher::registerDef(c10::FunctionSchema, std::__cxx11::basic_string<char, std::char_traits<char>, std::allocator<char> >, std::vector<at::Tag, std::allocator<at::Tag> >) + 0x35e (0x7fff0e6811fe in /workspace/vllm/.venv/lib/python3.12/site-packages/torch/lib/libtorch_cpu.so)
frame #3: torch::Library::_def(c10::FunctionSchema&&, c10::OperatorName*, std::vector<at::Tag, std::allocator<at::Tag> > const&, torch::_RegisterOrVerify) & + 0x514 (0x7fff0e6c2254 in /workspace/vllm/.venv/lib/python3.12/site-packages/torch/lib/libtorch_cpu.so)
frame #4: aoti_torch_library_def + 0x99 (0x7fff128d45b9 in /workspace/vllm/.venv/lib/python3.12/site-packages/torch/lib/libtorch_cpu.so)
frame #5: <unknown function> + 0x2bdb3c (0x7ffe8aebeb3c in /workspace/vllm/vllm/_C_stable_libtorch.abi3.so)
frame #6: <unknown function> + 0x2bf0ce (0x7ffe8aec00ce in /workspace/vllm/vllm/_C_stable_libtorch.abi3.so)
frame #7: <unknown function> + 0x279d92 (0x7ffe8ae7ad92 in /workspace/vllm/vllm/_C_stable_libtorch.abi3.so)
frame #8: <unknown function> + 0x571f (0x7ffff7fca71f in /lib64/ld-linux-x86-64.so.2)
frame #9: <unknown function> + 0x5824 (0x7ffff7fca824 in /lib64/ld-linux-x86-64.so.2)
frame #10: _dl_catch_exception + 0x132 (0x7ffff7fc65b2 in /lib64/ld-linux-x86-64.so.2)
frame #11: <unknown function> + 0xcd7c (0x7ffff7fd1d7c in /lib64/ld-linux-x86-64.so.2)
frame #12: _dl_catch_exception + 0x9c (0x7ffff7fc651c in /lib64/ld-linux-x86-64.so.2)
frame #13: <unknown function> + 0xd164 (0x7ffff7fd2164 in /lib64/ld-linux-x86-64.so.2)
frame #14: <unknown function> + 0x981a4 (0x7ffff7d0c1a4 in /usr/lib/x86_64-linux-gnu/libc.so.6)
frame #15: _dl_catch_exception + 0x9c (0x7ffff7fc651c in /lib64/ld-linux-x86-64.so.2)
frame #16: <unknown function> + 0x1669 (0x7ffff7fc6669 in /lib64/ld-linux-x86-64.so.2)
frame #17: <unknown function> + 0x97c83 (0x7ffff7d0bc83 in /usr/lib/x86_64-linux-gnu/libc.so.6)
frame #18: dlopen + 0x6f (0x7ffff7d0c25f in /usr/lib/x86_64-linux-gnu/libc.so.6)
frame #19: /workspace/vllm/.venv/bin/python() [0x6bc36c]
frame #20: /workspace/vllm/.venv/bin/python() [0x6a946a]
frame #21: /workspace/vllm/.venv/bin/python() [0x6a8bf2]
frame #22: /workspace/vllm/.venv/bin/python() [0x581f37]
frame #23: _PyEval_EvalFrameDefault + 0x4c3a (0x5db0ba in /workspace/vllm/.venv/bin/python)
frame #24: /workspace/vllm/.venv/bin/python() [0x549d47]
frame #25: PyObject_CallMethodObjArgs + 0xe3 (0x54b5c3 in /workspace/vllm/.venv/bin/python)
frame #26: PyImport_ImportModuleLevelObject + 0x395 (0x5fd805 in /workspace/vllm/.venv/bin/python)
frame #27: _PyEval_EvalFrameDefault + 0x5eee (0x5dc36e in /workspace/vllm/.venv/bin/python)
frame #28: PyEval_EvalCode + 0x15b (0x5d543b in /workspace/vllm/.venv/bin/python)
frame #29: /workspace/vllm/.venv/bin/python() [0x5d322c]
frame #30: /workspace/vllm/.venv/bin/python() [0x581d1d]
frame #31: _PyEval_EvalFrameDefault + 0x4c3a (0x5db0ba in /workspace/vllm/.venv/bin/python)
frame #32: PyObject_CallOneArg + 0x4d (0x54a65d in /workspace/vllm/.venv/bin/python)
frame #33: /workspace/vllm/.venv/bin/python() [0x582e84]
frame #34: _PyObject_LookupAttr + 0x7a (0x584bea in /workspace/vllm/.venv/bin/python)
frame #35: /workspace/vllm/.venv/bin/python() [0x5d2b8a]
frame #36: _PyEval_EvalFrameDefault + 0x207d (0x5d84fd in /workspace/vllm/.venv/bin/python)
frame #37: /workspace/vllm/.venv/bin/python() [0x549d47]
frame #38: PyObject_CallMethodObjArgs + 0xe3 (0x54b5c3 in /workspace/vllm/.venv/bin/python)
frame #39: PyImport_ImportModuleLevelObject + 0x5eb (0x5fda5b in /workspace/vllm/.venv/bin/python)
frame #40: _PyEval_EvalFrameDefault + 0x5eee (0x5dc36e in /workspace/vllm/.venv/bin/python)
frame #41: PyEval_EvalCode + 0x15b (0x5d543b in /workspace/vllm/.venv/bin/python)
frame #42: /workspace/vllm/.venv/bin/python() [0x5d322c]
frame #43: /workspace/vllm/.venv/bin/python() [0x581d1d]
frame #44: _PyEval_EvalFrameDefault + 0x4c3a (0x5db0ba in /workspace/vllm/.venv/bin/python)
frame #45: /workspace/vllm/.venv/bin/python() [0x549d47]
frame #46: PyObject_CallMethodObjArgs + 0xe3 (0x54b5c3 in /workspace/vllm/.venv/bin/python)
frame #47: PyImport_ImportModuleLevelObject + 0x395 (0x5fd805 in /workspace/vllm/.venv/bin/python)
frame #48: _PyEval_EvalFrameDefault + 0x5eee (0x5dc36e in /workspace/vllm/.venv/bin/python)
frame #49: PyEval_EvalCode + 0x15b (0x5d543b in /workspace/vllm/.venv/bin/python)
frame #50: /workspace/vllm/.venv/bin/python() [0x5d322c]
frame #51: /workspace/vllm/.venv/bin/python() [0x581d1d]
frame #52: _PyEval_EvalFrameDefault + 0x4c3a (0x5db0ba in /workspace/vllm/.venv/bin/python)
frame #53: /workspace/vllm/.venv/bin/python() [0x549d47]
frame #54: PyObject_CallMethodObjArgs + 0xe3 (0x54b5c3 in /workspace/vllm/.venv/bin/python)
frame #55: PyImport_ImportModuleLevelObject + 0x395 (0x5fd805 in /workspace/vllm/.venv/bin/python)
frame #56: _PyEval_EvalFrameDefault + 0x5eee (0x5dc36e in /workspace/vllm/.venv/bin/python)
frame #57: PyEval_EvalCode + 0x15b (0x5d543b in /workspace/vllm/.venv/bin/python)
frame #58: /workspace/vllm/.venv/bin/python() [0x5d322c]
frame #59: /workspace/vllm/.venv/bin/python() [0x581d1d]
frame #60: _PyEval_EvalFrameDefault + 0x4c3a (0x5db0ba in /workspace/vllm/.venv/bin/python)
frame #61: /workspace/vllm/.venv/bin/python() [0x549d47]
frame #62: PyObject_CallMethodObjArgs + 0xe3 (0x54b5c3 in /workspace/vllm/.venv/bin/python)

[W708 11:07:53.850460819 OperatorEntry.cpp:208] Warning: Warning only once for all operators,  other operators may also be overridden.
  Overriding a previously registered kernel for the same operator and the same dispatch key
  operator: _C::persistent_masked_m_silu_mul_quant(Tensor input, Tensor counts, Tensor($0! -> ) y_q, Tensor($1! -> ) y_s, bool use_ue8m0) -> ()
    registered at /workspace/csrc/torch_bindings.cpp:21
  dispatch key: CUDA
  previous kernel: registered at /workspace/csrc/torch_bindings.cpp:21
       new kernel: registered at /workspace/csrc/libtorch_stable/torch_bindings.cpp:603 (function operator())
[E708 11:07:53.851208681 shim_common.cpp:1458] Exception in aoti_torch: Tried to register an operator (_C::persistent_masked_m_silu_mul_quant(Tensor input, Tensor counts, Tensor($0! -> ) y_q, Tensor($1! -> ) y_s, bool use_ue8m0) -> ()) with the same name and overload name multiple times. Each overload's schema should only be registered with a single call to def(). Duplicate registration: registered at /workspace/csrc/libtorch_stable/torch_bindings.cpp:10. Original registration: registered at /workspace/csrc/torch_bindings.cpp:21
Exception raised from registerDef at /pytorch/aten/src/ATen/core/dispatch/Dispatcher.cpp:248 (most recent call first):
frame #0: c10::Error::Error(c10::SourceLocation, std::__cxx11::basic_string<char, std::char_traits<char>, std::allocator<char> >) + 0x9d (0x7ffff6b7205d in /workspace/vllm/.venv/lib/python3.12/site-packages/torch/lib/libc10.so)
frame #1: c10::detail::torchCheckFail(char const*, char const*, unsigned int, std::__cxx11::basic_string<char, std::char_traits<char>, std::allocator<char> > const&) + 0xc3 (0x7ffff6b066fd in /workspace/vllm/.venv/lib/python3.12/site-packages/torch/lib/libc10.so)
frame #2: c10::Dispatcher::registerDef(c10::FunctionSchema, std::__cxx11::basic_string<char, std::char_traits<char>, std::allocator<char> >, std::vector<at::Tag, std::allocator<at::Tag> >) + 0x35e (0x7fff0e6811fe in /workspace/vllm/.venv/lib/python3.12/site-packages/torch/lib/libtorch_cpu.so)
frame #3: torch::Library::_def(c10::FunctionSchema&&, c10::OperatorName*, std::vector<at::Tag, std::allocator<at::Tag> > const&, torch::_RegisterOrVerify) & + 0x514 (0x7fff0e6c2254 in /workspace/vllm/.venv/lib/python3.12/site-packages/torch/lib/libtorch_cpu.so)
frame #4: aoti_torch_library_def + 0x99 (0x7fff128d45b9 in /workspace/vllm/.venv/lib/python3.12/site-packages/torch/lib/libtorch_cpu.so)
frame #5: <unknown function> + 0x2bdaf1 (0x7ffe8aebeaf1 in /workspace/vllm/vllm/_C_stable_libtorch.abi3.so)
frame #6: <unknown function> + 0x2bf0ce (0x7ffe8aec00ce in /workspace/vllm/vllm/_C_stable_libtorch.abi3.so)
frame #7: <unknown function> + 0x279d92 (0x7ffe8ae7ad92 in /workspace/vllm/vllm/_C_stable_libtorch.abi3.so)
frame #8: <unknown function> + 0x571f (0x7ffff7fca71f in /lib64/ld-linux-x86-64.so.2)
frame #9: <unknown function> + 0x5824 (0x7ffff7fca824 in /lib64/ld-linux-x86-64.so.2)
frame #10: _dl_catch_exception + 0x132 (0x7ffff7fc65b2 in /lib64/ld-linux-x86-64.so.2)
frame #11: <unknown function> + 0xcd7c (0x7ffff7fd1d7c in /lib64/ld-linux-x86-64.so.2)
frame #12: _dl_catch_exception + 0x9c (0x7ffff7fc651c in /lib64/ld-linux-x86-64.so.2)
frame #13: <unknown function> + 0xd164 (0x7ffff7fd2164 in /lib64/ld-linux-x86-64.so.2)
frame #14: <unknown function> + 0x981a4 (0x7ffff7d0c1a4 in /usr/lib/x86_64-linux-gnu/libc.so.6)
frame #15: _dl_catch_exception + 0x9c (0x7ffff7fc651c in /lib64/ld-linux-x86-64.so.2)
frame #16: <unknown function> + 0x1669 (0x7ffff7fc6669 in /lib64/ld-linux-x86-64.so.2)
frame #17: <unknown function> + 0x97c83 (0x7ffff7d0bc83 in /usr/lib/x86_64-linux-gnu/libc.so.6)
frame #18: dlopen + 0x6f (0x7ffff7d0c25f in /usr/lib/x86_64-linux-gnu/libc.so.6)
frame #19: /workspace/vllm/.venv/bin/python() [0x6bc36c]
frame #20: /workspace/vllm/.venv/bin/python() [0x6a946a]
frame #21: /workspace/vllm/.venv/bin/python() [0x6a8bf2]
frame #22: /workspace/vllm/.venv/bin/python() [0x581f37]
frame #23: _PyEval_EvalFrameDefault + 0x4c3a (0x5db0ba in /workspace/vllm/.venv/bin/python)
frame #24: /workspace/vllm/.venv/bin/python() [0x549d47]
frame #25: PyObject_CallMethodObjArgs + 0xe3 (0x54b5c3 in /workspace/vllm/.venv/bin/python)
frame #26: PyImport_ImportModuleLevelObject + 0x395 (0x5fd805 in /workspace/vllm/.venv/bin/python)
frame #27: _PyEval_EvalFrameDefault + 0x5eee (0x5dc36e in /workspace/vllm/.venv/bin/python)
frame #28: PyEval_EvalCode + 0x15b (0x5d543b in /workspace/vllm/.venv/bin/python)
frame #29: /workspace/vllm/.venv/bin/python() [0x5d322c]
frame #30: /workspace/vllm/.venv/bin/python() [0x581d1d]
frame #31: _PyEval_EvalFrameDefault + 0x4c3a (0x5db0ba in /workspace/vllm/.venv/bin/python)
frame #32: PyObject_CallOneArg + 0x4d (0x54a65d in /workspace/vllm/.venv/bin/python)
frame #33: /workspace/vllm/.venv/bin/python() [0x582e84]
frame #34: _PyObject_LookupAttr + 0x7a (0x584bea in /workspace/vllm/.venv/bin/python)
frame #35: /workspace/vllm/.venv/bin/python() [0x5d2b8a]
frame #36: _PyEval_EvalFrameDefault + 0x207d (0x5d84fd in /workspace/vllm/.venv/bin/python)
frame #37: /workspace/vllm/.venv/bin/python() [0x549d47]
frame #38: PyObject_CallMethodObjArgs + 0xe3 (0x54b5c3 in /workspace/vllm/.venv/bin/python)
frame #39: PyImport_ImportModuleLevelObject + 0x5eb (0x5fda5b in /workspace/vllm/.venv/bin/python)
frame #40: _PyEval_EvalFrameDefault + 0x5eee (0x5dc36e in /workspace/vllm/.venv/bin/python)
frame #41: PyEval_EvalCode + 0x15b (0x5d543b in /workspace/vllm/.venv/bin/python)
frame #42: /workspace/vllm/.venv/bin/python() [0x5d322c]
frame #43: /workspace/vllm/.venv/bin/python() [0x581d1d]
frame #44: _PyEval_EvalFrameDefault + 0x4c3a (0x5db0ba in /workspace/vllm/.venv/bin/python)
frame #45: /workspace/vllm/.venv/bin/python() [0x549d47]
frame #46: PyObject_CallMethodObjArgs + 0xe3 (0x54b5c3 in /workspace/vllm/.venv/bin/python)
frame #47: PyImport_ImportModuleLevelObject + 0x395 (0x5fd805 in /workspace/vllm/.venv/bin/python)
frame #48: _PyEval_EvalFrameDefault + 0x5eee (0x5dc36e in /workspace/vllm/.venv/bin/python)
frame #49: PyEval_EvalCode + 0x15b (0x5d543b in /workspace/vllm/.venv/bin/python)
frame #50: /workspace/vllm/.venv/bin/python() [0x5d322c]
frame #51: /workspace/vllm/.venv/bin/python() [0x581d1d]
frame #52: _PyEval_EvalFrameDefault + 0x4c3a (0x5db0ba in /workspace/vllm/.venv/bin/python)
frame #53: /workspace/vllm/.venv/bin/python() [0x549d47]
frame #54: PyObject_CallMethodObjArgs + 0xe3 (0x54b5c3 in /workspace/vllm/.venv/bin/python)
frame #55: PyImport_ImportModuleLevelObject + 0x395 (0x5fd805 in /workspace/vllm/.venv/bin/python)
frame #56: _PyEval_EvalFrameDefault + 0x5eee (0x5dc36e in /workspace/vllm/.venv/bin/python)
frame #57: PyEval_EvalCode + 0x15b (0x5d543b in /workspace/vllm/.venv/bin/python)
frame #58: /workspace/vllm/.venv/bin/python() [0x5d322c]
frame #59: /workspace/vllm/.venv/bin/python() [0x581d1d]
frame #60: _PyEval_EvalFrameDefault + 0x4c3a (0x5db0ba in /workspace/vllm/.venv/bin/python)
frame #61: /workspace/vllm/.venv/bin/python() [0x549d47]
frame #62: PyObject_CallMethodObjArgs + 0xe3 (0x54b5c3 in /workspace/vllm/.venv/bin/python)

[E708 11:07:53.853220569 shim_common.cpp:1458] Exception in aoti_torch: Tried to register an operator (_C::weak_ref_tensor(Tensor input) -> Tensor) with the same name and overload name multiple times. Each overload's schema should only be registered with a single call to def(). Duplicate registration: registered at /workspace/csrc/libtorch_stable/torch_bindings.cpp:10. Original registration: registered at /workspace/csrc/torch_bindings.cpp:21
Exception raised from registerDef at /pytorch/aten/src/ATen/core/dispatch/Dispatcher.cpp:248 (most recent call first):
frame #0: c10::Error::Error(c10::SourceLocation, std::__cxx11::basic_string<char, std::char_traits<char>, std::allocator<char> >) + 0x9d (0x7ffff6b7205d in /workspace/vllm/.venv/lib/python3.12/site-packages/torch/lib/libc10.so)
frame #1: c10::detail::torchCheckFail(char const*, char const*, unsigned int, std::__cxx11::basic_string<char, std::char_traits<char>, std::allocator<char> > const&) + 0xc3 (0x7ffff6b066fd in /workspace/vllm/.venv/lib/python3.12/site-packages/torch/lib/libc10.so)
frame #2: c10::Dispatcher::registerDef(c10::FunctionSchema, std::__cxx11::basic_string<char, std::char_traits<char>, std::allocator<char> >, std::vector<at::Tag, std::allocator<at::Tag> >) + 0x35e (0x7fff0e6811fe in /workspace/vllm/.venv/lib/python3.12/site-packages/torch/lib/libtorch_cpu.so)
frame #3: torch::Library::_def(c10::FunctionSchema&&, c10::OperatorName*, std::vector<at::Tag, std::allocator<at::Tag> > const&, torch::_RegisterOrVerify) & + 0x514 (0x7fff0e6c2254 in /workspace/vllm/.venv/lib/python3.12/site-packages/torch/lib/libtorch_cpu.so)
frame #4: aoti_torch_library_def + 0x99 (0x7fff128d45b9 in /workspace/vllm/.venv/lib/python3.12/site-packages/torch/lib/libtorch_cpu.so)
frame #5: <unknown function> + 0x2bdb00 (0x7ffe8aebeb00 in /workspace/vllm/vllm/_C_stable_libtorch.abi3.so)
frame #6: <unknown function> + 0x2bf0ce (0x7ffe8aec00ce in /workspace/vllm/vllm/_C_stable_libtorch.abi3.so)
frame #7: <unknown function> + 0x279d92 (0x7ffe8ae7ad92 in /workspace/vllm/vllm/_C_stable_libtorch.abi3.so)
frame #8: <unknown function> + 0x571f (0x7ffff7fca71f in /lib64/ld-linux-x86-64.so.2)
frame #9: <unknown function> + 0x5824 (0x7ffff7fca824 in /lib64/ld-linux-x86-64.so.2)
frame #10: _dl_catch_exception + 0x132 (0x7ffff7fc65b2 in /lib64/ld-linux-x86-64.so.2)
frame #11: <unknown function> + 0xcd7c (0x7ffff7fd1d7c in /lib64/ld-linux-x86-64.so.2)
frame #12: _dl_catch_exception + 0x9c (0x7ffff7fc651c in /lib64/ld-linux-x86-64.so.2)
frame #13: <unknown function> + 0xd164 (0x7ffff7fd2164 in /lib64/ld-linux-x86-64.so.2)
frame #14: <unknown function> + 0x981a4 (0x7ffff7d0c1a4 in /usr/lib/x86_64-linux-gnu/libc.so.6)
frame #15: _dl_catch_exception + 0x9c (0x7ffff7fc651c in /lib64/ld-linux-x86-64.so.2)
frame #16: <unknown function> + 0x1669 (0x7ffff7fc6669 in /lib64/ld-linux-x86-64.so.2)
frame #17: <unknown function> + 0x97c83 (0x7ffff7d0bc83 in /usr/lib/x86_64-linux-gnu/libc.so.6)
frame #18: dlopen + 0x6f (0x7ffff7d0c25f in /usr/lib/x86_64-linux-gnu/libc.so.6)
frame #19: /workspace/vllm/.venv/bin/python() [0x6bc36c]
frame #20: /workspace/vllm/.venv/bin/python() [0x6a946a]
frame #21: /workspace/vllm/.venv/bin/python() [0x6a8bf2]
frame #22: /workspace/vllm/.venv/bin/python() [0x581f37]
frame #23: _PyEval_EvalFrameDefault + 0x4c3a (0x5db0ba in /workspace/vllm/.venv/bin/python)
frame #24: /workspace/vllm/.venv/bin/python() [0x549d47]
frame #25: PyObject_CallMethodObjArgs + 0xe3 (0x54b5c3 in /workspace/vllm/.venv/bin/python)
frame #26: PyImport_ImportModuleLevelObject + 0x395 (0x5fd805 in /workspace/vllm/.venv/bin/python)
frame #27: _PyEval_EvalFrameDefault + 0x5eee (0x5dc36e in /workspace/vllm/.venv/bin/python)
frame #28: PyEval_EvalCode + 0x15b (0x5d543b in /workspace/vllm/.venv/bin/python)
frame #29: /workspace/vllm/.venv/bin/python() [0x5d322c]
frame #30: /workspace/vllm/.venv/bin/python() [0x581d1d]
frame #31: _PyEval_EvalFrameDefault + 0x4c3a (0x5db0ba in /workspace/vllm/.venv/bin/python)
frame #32: PyObject_CallOneArg + 0x4d (0x54a65d in /workspace/vllm/.venv/bin/python)
frame #33: /workspace/vllm/.venv/bin/python() [0x582e84]
frame #34: _PyObject_LookupAttr + 0x7a (0x584bea in /workspace/vllm/.venv/bin/python)
frame #35: /workspace/vllm/.venv/bin/python() [0x5d2b8a]
frame #36: _PyEval_EvalFrameDefault + 0x207d (0x5d84fd in /workspace/vllm/.venv/bin/python)
frame #37: /workspace/vllm/.venv/bin/python() [0x549d47]
frame #38: PyObject_CallMethodObjArgs + 0xe3 (0x54b5c3 in /workspace/vllm/.venv/bin/python)
frame #39: PyImport_ImportModuleLevelObject + 0x5eb (0x5fda5b in /workspace/vllm/.venv/bin/python)
frame #40: _PyEval_EvalFrameDefault + 0x5eee (0x5dc36e in /workspace/vllm/.venv/bin/python)
frame #41: PyEval_EvalCode + 0x15b (0x5d543b in /workspace/vllm/.venv/bin/python)
frame #42: /workspace/vllm/.venv/bin/python() [0x5d322c]
frame #43: /workspace/vllm/.venv/bin/python() [0x581d1d]
frame #44: _PyEval_EvalFrameDefault + 0x4c3a (0x5db0ba in /workspace/vllm/.venv/bin/python)
frame #45: /workspace/vllm/.venv/bin/python() [0x549d47]
frame #46: PyObject_CallMethodObjArgs + 0xe3 (0x54b5c3 in /workspace/vllm/.venv/bin/python)
frame #47: PyImport_ImportModuleLevelObject + 0x395 (0x5fd805 in /workspace/vllm/.venv/bin/python)
frame #48: _PyEval_EvalFrameDefault + 0x5eee (0x5dc36e in /workspace/vllm/.venv/bin/python)
frame #49: PyEval_EvalCode + 0x15b (0x5d543b in /workspace/vllm/.venv/bin/python)
frame #50: /workspace/vllm/.venv/bin/python() [0x5d322c]
frame #51: /workspace/vllm/.venv/bin/python() [0x581d1d]
frame #52: _PyEval_EvalFrameDefault + 0x4c3a (0x5db0ba in /workspace/vllm/.venv/bin/python)
frame #53: /workspace/vllm/.venv/bin/python() [0x549d47]
frame #54: PyObject_CallMethodObjArgs + 0xe3 (0x54b5c3 in /workspace/vllm/.venv/bin/python)
frame #55: PyImport_ImportModuleLevelObject + 0x395 (0x5fd805 in /workspace/vllm/.venv/bin/python)
frame #56: _PyEval_EvalFrameDefault + 0x5eee (0x5dc36e in /workspace/vllm/.venv/bin/python)
frame #57: PyEval_EvalCode + 0x15b (0x5d543b in /workspace/vllm/.venv/bin/python)
frame #58: /workspace/vllm/.venv/bin/python() [0x5d322c]
frame #59: /workspace/vllm/.venv/bin/python() [0x581d1d]
frame #60: _PyEval_EvalFrameDefault + 0x4c3a (0x5db0ba in /workspace/vllm/.venv/bin/python)
frame #61: /workspace/vllm/.venv/bin/python() [0x549d47]
frame #62: PyObject_CallMethodObjArgs + 0xe3 (0x54b5c3 in /workspace/vllm/.venv/bin/python)

[E708 11:07:53.855188232 shim_common.cpp:1458] Exception in aoti_torch: Tried to register an operator (_C::silu_and_mul_quant(Tensor($0! -> ) result, Tensor input, Tensor scale) -> ()) with the same name and overload name multiple times. Each overload's schema should only be registered with a single call to def(). Duplicate registration: registered at /workspace/csrc/libtorch_stable/torch_bindings.cpp:10. Original registration: registered at /workspace/csrc/torch_bindings.cpp:21
Exception raised from registerDef at /pytorch/aten/src/ATen/core/dispatch/Dispatcher.cpp:248 (most recent call first):
frame #0: c10::Error::Error(c10::SourceLocation, std::__cxx11::basic_string<char, std::char_traits<char>, std::allocator<char> >) + 0x9d (0x7ffff6b7205d in /workspace/vllm/.venv/lib/python3.12/site-packages/torch/lib/libc10.so)
frame #1: c10::detail::torchCheckFail(char const*, char const*, unsigned int, std::__cxx11::basic_string<char, std::char_traits<char>, std::allocator<char> > const&) + 0xc3 (0x7ffff6b066fd in /workspace/vllm/.venv/lib/python3.12/site-packages/torch/lib/libc10.so)
frame #2: c10::Dispatcher::registerDef(c10::FunctionSchema, std::__cxx11::basic_string<char, std::char_traits<char>, std::allocator<char> >, std::vector<at::Tag, std::allocator<at::Tag> >) + 0x35e (0x7fff0e6811fe in /workspace/vllm/.venv/lib/python3.12/site-packages/torch/lib/libtorch_cpu.so)
frame #3: torch::Library::_def(c10::FunctionSchema&&, c10::OperatorName*, std::vector<at::Tag, std::allocator<at::Tag> > const&, torch::_RegisterOrVerify) & + 0x514 (0x7fff0e6c2254 in /workspace/vllm/.venv/lib/python3.12/site-packages/torch/lib/libtorch_cpu.so)
frame #4: aoti_torch_library_def + 0x99 (0x7fff128d45b9 in /workspace/vllm/.venv/lib/python3.12/site-packages/torch/lib/libtorch_cpu.so)
frame #5: <unknown function> + 0x2bdb3c (0x7ffe8aebeb3c in /workspace/vllm/vllm/_C_stable_libtorch.abi3.so)
frame #6: <unknown function> + 0x2bf0ce (0x7ffe8aec00ce in /workspace/vllm/vllm/_C_stable_libtorch.abi3.so)
frame #7: <unknown function> + 0x279d92 (0x7ffe8ae7ad92 in /workspace/vllm/vllm/_C_stable_libtorch.abi3.so)
frame #8: <unknown function> + 0x571f (0x7ffff7fca71f in /lib64/ld-linux-x86-64.so.2)
frame #9: <unknown function> + 0x5824 (0x7ffff7fca824 in /lib64/ld-linux-x86-64.so.2)
frame #10: _dl_catch_exception + 0x132 (0x7ffff7fc65b2 in /lib64/ld-linux-x86-64.so.2)
frame #11: <unknown function> + 0xcd7c (0x7ffff7fd1d7c in /lib64/ld-linux-x86-64.so.2)
frame #12: _dl_catch_exception + 0x9c (0x7ffff7fc651c in /lib64/ld-linux-x86-64.so.2)
frame #13: <unknown function> + 0xd164 (0x7ffff7fd2164 in /lib64/ld-linux-x86-64.so.2)
frame #14: <unknown function> + 0x981a4 (0x7ffff7d0c1a4 in /usr/lib/x86_64-linux-gnu/libc.so.6)
frame #15: _dl_catch_exception + 0x9c (0x7ffff7fc651c in /lib64/ld-linux-x86-64.so.2)
frame #16: <unknown function> + 0x1669 (0x7ffff7fc6669 in /lib64/ld-linux-x86-64.so.2)
frame #17: <unknown function> + 0x97c83 (0x7ffff7d0bc83 in /usr/lib/x86_64-linux-gnu/libc.so.6)
frame #18: dlopen + 0x6f (0x7ffff7d0c25f in /usr/lib/x86_64-linux-gnu/libc.so.6)
frame #19: /workspace/vllm/.venv/bin/python() [0x6bc36c]
frame #20: /workspace/vllm/.venv/bin/python() [0x6a946a]
frame #21: /workspace/vllm/.venv/bin/python() [0x6a8bf2]
frame #22: /workspace/vllm/.venv/bin/python() [0x581f37]
frame #23: _PyEval_EvalFrameDefault + 0x4c3a (0x5db0ba in /workspace/vllm/.venv/bin/python)
frame #24: /workspace/vllm/.venv/bin/python() [0x549d47]
frame #25: PyObject_CallMethodObjArgs + 0xe3 (0x54b5c3 in /workspace/vllm/.venv/bin/python)
frame #26: PyImport_ImportModuleLevelObject + 0x395 (0x5fd805 in /workspace/vllm/.venv/bin/python)
frame #27: _PyEval_EvalFrameDefault + 0x5eee (0x5dc36e in /workspace/vllm/.venv/bin/python)
frame #28: PyEval_EvalCode + 0x15b (0x5d543b in /workspace/vllm/.venv/bin/python)
frame #29: /workspace/vllm/.venv/bin/python() [0x5d322c]
frame #30: /workspace/vllm/.venv/bin/python() [0x581d1d]
frame #31: _PyEval_EvalFrameDefault + 0x4c3a (0x5db0ba in /workspace/vllm/.venv/bin/python)
frame #32: PyObject_CallOneArg + 0x4d (0x54a65d in /workspace/vllm/.venv/bin/python)
frame #33: /workspace/vllm/.venv/bin/python() [0x582e84]
frame #34: _PyObject_LookupAttr + 0x7a (0x584bea in /workspace/vllm/.venv/bin/python)
frame #35: /workspace/vllm/.venv/bin/python() [0x5d2b8a]
frame #36: _PyEval_EvalFrameDefault + 0x207d (0x5d84fd in /workspace/vllm/.venv/bin/python)
frame #37: /workspace/vllm/.venv/bin/python() [0x549d47]
frame #38: PyObject_CallMethodObjArgs + 0xe3 (0x54b5c3 in /workspace/vllm/.venv/bin/python)
frame #39: PyImport_ImportModuleLevelObject + 0x5eb (0x5fda5b in /workspace/vllm/.venv/bin/python)
frame #40: _PyEval_EvalFrameDefault + 0x5eee (0x5dc36e in /workspace/vllm/.venv/bin/python)
frame #41: PyEval_EvalCode + 0x15b (0x5d543b in /workspace/vllm/.venv/bin/python)
frame #42: /workspace/vllm/.venv/bin/python() [0x5d322c]
frame #43: /workspace/vllm/.venv/bin/python() [0x581d1d]
frame #44: _PyEval_EvalFrameDefault + 0x4c3a (0x5db0ba in /workspace/vllm/.venv/bin/python)
frame #45: /workspace/vllm/.venv/bin/python() [0x549d47]
frame #46: PyObject_CallMethodObjArgs + 0xe3 (0x54b5c3 in /workspace/vllm/.venv/bin/python)
frame #47: PyImport_ImportModuleLevelObject + 0x395 (0x5fd805 in /workspace/vllm/.venv/bin/python)
frame #48: _PyEval_EvalFrameDefault + 0x5eee (0x5dc36e in /workspace/vllm/.venv/bin/python)
frame #49: PyEval_EvalCode + 0x15b (0x5d543b in /workspace/vllm/.venv/bin/python)
frame #50: /workspace/vllm/.venv/bin/python() [0x5d322c]
frame #51: /workspace/vllm/.venv/bin/python() [0x581d1d]
frame #52: _PyEval_EvalFrameDefault + 0x4c3a (0x5db0ba in /workspace/vllm/.venv/bin/python)
frame #53: /workspace/vllm/.venv/bin/python() [0x549d47]
frame #54: PyObject_CallMethodObjArgs + 0xe3 (0x54b5c3 in /workspace/vllm/.venv/bin/python)
frame #55: PyImport_ImportModuleLevelObject + 0x395 (0x5fd805 in /workspace/vllm/.venv/bin/python)
frame #56: _PyEval_EvalFrameDefault + 0x5eee (0x5dc36e in /workspace/vllm/.venv/bin/python)
frame #57: PyEval_EvalCode + 0x15b (0x5d543b in /workspace/vllm/.venv/bin/python)
frame #58: /workspace/vllm/.venv/bin/python() [0x5d322c]
frame #59: /workspace/vllm/.venv/bin/python() [0x581d1d]
frame #60: _PyEval_EvalFrameDefault + 0x4c3a (0x5db0ba in /workspace/vllm/.venv/bin/python)
frame #61: /workspace/vllm/.venv/bin/python() [0x549d47]
frame #62: PyObject_CallMethodObjArgs + 0xe3 (0x54b5c3 in /workspace/vllm/.venv/bin/python)

[W708 11:07:53.857344255 OperatorEntry.cpp:208] Warning: Warning only once for all operators,  other operators may also be overridden.
  Overriding a previously registered kernel for the same operator and the same dispatch key
  operator: _C::persistent_masked_m_silu_mul_quant(Tensor input, Tensor counts, Tensor($0! -> ) y_q, Tensor($1! -> ) y_s, bool use_ue8m0) -> ()
    registered at /workspace/csrc/torch_bindings.cpp:21
  dispatch key: CUDA
  previous kernel: registered at /workspace/csrc/torch_bindings.cpp:21
       new kernel: registered at /workspace/csrc/libtorch_stable/torch_bindings.cpp:603 (function operator())
[E708 11:07:53.860635186 shim_common.cpp:1458] Exception in aoti_torch: Tried to register an operator (_C::persistent_masked_m_silu_mul_quant(Tensor input, Tensor counts, Tensor($0! -> ) y_q, Tensor($1! -> ) y_s, bool use_ue8m0) -> ()) with the same name and overload name multiple times. Each overload's schema should only be registered with a single call to def(). Duplicate registration: registered at /workspace/csrc/libtorch_stable/torch_bindings.cpp:10. Original registration: registered at /workspace/csrc/torch_bindings.cpp:21
Exception raised from registerDef at /pytorch/aten/src/ATen/core/dispatch/Dispatcher.cpp:248 (most recent call first):
frame #0: c10::Error::Error(c10::SourceLocation, std::__cxx11::basic_string<char, std::char_traits<char>, std::allocator<char> >) + 0x9d (0x7ffff6b7205d in /workspace/vllm/.venv/lib/python3.12/site-packages/torch/lib/libc10.so)
frame #1: c10::detail::torchCheckFail(char const*, char const*, unsigned int, std::__cxx11::basic_string<char, std::char_traits<char>, std::allocator<char> > const&) + 0xc3 (0x7ffff6b066fd in /workspace/vllm/.venv/lib/python3.12/site-packages/torch/lib/libc10.so)
frame #2: c10::Dispatcher::registerDef(c10::FunctionSchema, std::__cxx11::basic_string<char, std::char_traits<char>, std::allocator<char> >, std::vector<at::Tag, std::allocator<at::Tag> >) + 0x35e (0x7fff0e6811fe in /workspace/vllm/.venv/lib/python3.12/site-packages/torch/lib/libtorch_cpu.so)
frame #3: torch::Library::_def(c10::FunctionSchema&&, c10::OperatorName*, std::vector<at::Tag, std::allocator<at::Tag> > const&, torch::_RegisterOrVerify) & + 0x514 (0x7fff0e6c2254 in /workspace/vllm/.venv/lib/python3.12/site-packages/torch/lib/libtorch_cpu.so)
frame #4: aoti_torch_library_def + 0x99 (0x7fff128d45b9 in /workspace/vllm/.venv/lib/python3.12/site-packages/torch/lib/libtorch_cpu.so)
frame #5: <unknown function> + 0x2bdaf1 (0x7ffe8aebeaf1 in /workspace/vllm/vllm/_C_stable_libtorch.abi3.so)
frame #6: <unknown function> + 0x2bf0ce (0x7ffe8aec00ce in /workspace/vllm/vllm/_C_stable_libtorch.abi3.so)
frame #7: <unknown function> + 0x279d92 (0x7ffe8ae7ad92 in /workspace/vllm/vllm/_C_stable_libtorch.abi3.so)
frame #8: <unknown function> + 0x571f (0x7ffff7fca71f in /lib64/ld-linux-x86-64.so.2)
frame #9: <unknown function> + 0x5824 (0x7ffff7fca824 in /lib64/ld-linux-x86-64.so.2)
frame #10: _dl_catch_exception + 0x132 (0x7ffff7fc65b2 in /lib64/ld-linux-x86-64.so.2)
frame #11: <unknown function> + 0xcd7c (0x7ffff7fd1d7c in /lib64/ld-linux-x86-64.so.2)
frame #12: _dl_catch_exception + 0x9c (0x7ffff7fc651c in /lib64/ld-linux-x86-64.so.2)
frame #13: <unknown function> + 0xd164 (0x7ffff7fd2164 in /lib64/ld-linux-x86-64.so.2)
frame #14: <unknown function> + 0x981a4 (0x7ffff7d0c1a4 in /usr/lib/x86_64-linux-gnu/libc.so.6)
frame #15: _dl_catch_exception + 0x9c (0x7ffff7fc651c in /lib64/ld-linux-x86-64.so.2)
frame #16: <unknown function> + 0x1669 (0x7ffff7fc6669 in /lib64/ld-linux-x86-64.so.2)
frame #17: <unknown function> + 0x97c83 (0x7ffff7d0bc83 in /usr/lib/x86_64-linux-gnu/libc.so.6)
frame #18: dlopen + 0x6f (0x7ffff7d0c25f in /usr/lib/x86_64-linux-gnu/libc.so.6)
frame #19: /workspace/vllm/.venv/bin/python() [0x6bc36c]
frame #20: /workspace/vllm/.venv/bin/python() [0x6a946a]
frame #21: /workspace/vllm/.venv/bin/python() [0x6a8bf2]
frame #22: /workspace/vllm/.venv/bin/python() [0x581f37]
frame #23: _PyEval_EvalFrameDefault + 0x4c3a (0x5db0ba in /workspace/vllm/.venv/bin/python)
frame #24: /workspace/vllm/.venv/bin/python() [0x549d47]
frame #25: PyObject_CallMethodObjArgs + 0xe3 (0x54b5c3 in /workspace/vllm/.venv/bin/python)
frame #26: PyImport_ImportModuleLevelObject + 0x395 (0x5fd805 in /workspace/vllm/.venv/bin/python)
frame #27: _PyEval_EvalFrameDefault + 0x5eee (0x5dc36e in /workspace/vllm/.venv/bin/python)
frame #28: PyEval_EvalCode + 0x15b (0x5d543b in /workspace/vllm/.venv/bin/python)
frame #29: /workspace/vllm/.venv/bin/python() [0x5d322c]
frame #30: /workspace/vllm/.venv/bin/python() [0x581d1d]
frame #31: _PyEval_EvalFrameDefault + 0x4c3a (0x5db0ba in /workspace/vllm/.venv/bin/python)
frame #32: PyObject_CallOneArg + 0x4d (0x54a65d in /workspace/vllm/.venv/bin/python)
frame #33: /workspace/vllm/.venv/bin/python() [0x582e84]
frame #34: _PyObject_LookupAttr + 0x7a (0x584bea in /workspace/vllm/.venv/bin/python)
frame #35: /workspace/vllm/.venv/bin/python() [0x5d2b8a]
frame #36: _PyEval_EvalFrameDefault + 0x207d (0x5d84fd in /workspace/vllm/.venv/bin/python)
frame #37: /workspace/vllm/.venv/bin/python() [0x549d47]
frame #38: PyObject_CallMethodObjArgs + 0xe3 (0x54b5c3 in /workspace/vllm/.venv/bin/python)
frame #39: PyImport_ImportModuleLevelObject + 0x5eb (0x5fda5b in /workspace/vllm/.venv/bin/python)
frame #40: _PyEval_EvalFrameDefault + 0x5eee (0x5dc36e in /workspace/vllm/.venv/bin/python)
frame #41: PyEval_EvalCode + 0x15b (0x5d543b in /workspace/vllm/.venv/bin/python)
frame #42: /workspace/vllm/.venv/bin/python() [0x5d322c]
frame #43: /workspace/vllm/.venv/bin/python() [0x581d1d]
frame #44: _PyEval_EvalFrameDefault + 0x4c3a (0x5db0ba in /workspace/vllm/.venv/bin/python)
frame #45: /workspace/vllm/.venv/bin/python() [0x549d47]
frame #46: PyObject_CallMethodObjArgs + 0xe3 (0x54b5c3 in /workspace/vllm/.venv/bin/python)
frame #47: PyImport_ImportModuleLevelObject + 0x395 (0x5fd805 in /workspace/vllm/.venv/bin/python)
frame #48: _PyEval_EvalFrameDefault + 0x5eee (0x5dc36e in /workspace/vllm/.venv/bin/python)
frame #49: PyEval_EvalCode + 0x15b (0x5d543b in /workspace/vllm/.venv/bin/python)
frame #50: /workspace/vllm/.venv/bin/python() [0x5d322c]
frame #51: /workspace/vllm/.venv/bin/python() [0x581d1d]
frame #52: _PyEval_EvalFrameDefault + 0x4c3a (0x5db0ba in /workspace/vllm/.venv/bin/python)
frame #53: /workspace/vllm/.venv/bin/python() [0x549d47]
frame #54: PyObject_CallMethodObjArgs + 0xe3 (0x54b5c3 in /workspace/vllm/.venv/bin/python)
frame #55: PyImport_ImportModuleLevelObject + 0x395 (0x5fd805 in /workspace/vllm/.venv/bin/python)
frame #56: _PyEval_EvalFrameDefault + 0x5eee (0x5dc36e in /workspace/vllm/.venv/bin/python)
frame #57: PyEval_EvalCode + 0x15b (0x5d543b in /workspace/vllm/.venv/bin/python)
frame #58: /workspace/vllm/.venv/bin/python() [0x5d322c]
frame #59: /workspace/vllm/.venv/bin/python() [0x581d1d]
frame #60: _PyEval_EvalFrameDefault + 0x4c3a (0x5db0ba in /workspace/vllm/.venv/bin/python)
frame #61: /workspace/vllm/.venv/bin/python() [0x549d47]
frame #62: PyObject_CallMethodObjArgs + 0xe3 (0x54b5c3 in /workspace/vllm/.venv/bin/python)

[E708 11:07:53.862609643 shim_common.cpp:1458] Exception in aoti_torch: Tried to register an operator (_C::weak_ref_tensor(Tensor input) -> Tensor) with the same name and overload name multiple times. Each overload's schema should only be registered with a single call to def(). Duplicate registration: registered at /workspace/csrc/libtorch_stable/torch_bindings.cpp:10. Original registration: registered at /workspace/csrc/torch_bindings.cpp:21
Exception raised from registerDef at /pytorch/aten/src/ATen/core/dispatch/Dispatcher.cpp:248 (most recent call first):
frame #0: c10::Error::Error(c10::SourceLocation, std::__cxx11::basic_string<char, std::char_traits<char>, std::allocator<char> >) + 0x9d (0x7ffff6b7205d in /workspace/vllm/.venv/lib/python3.12/site-packages/torch/lib/libc10.so)
frame #1: c10::detail::torchCheckFail(char const*, char const*, unsigned int, std::__cxx11::basic_string<char, std::char_traits<char>, std::allocator<char> > const&) + 0xc3 (0x7ffff6b066fd in /workspace/vllm/.venv/lib/python3.12/site-packages/torch/lib/libc10.so)
frame #2: c10::Dispatcher::registerDef(c10::FunctionSchema, std::__cxx11::basic_string<char, std::char_traits<char>, std::allocator<char> >, std::vector<at::Tag, std::allocator<at::Tag> >) + 0x35e (0x7fff0e6811fe in /workspace/vllm/.venv/lib/python3.12/site-packages/torch/lib/libtorch_cpu.so)
frame #3: torch::Library::_def(c10::FunctionSchema&&, c10::OperatorName*, std::vector<at::Tag, std::allocator<at::Tag> > const&, torch::_RegisterOrVerify) & + 0x514 (0x7fff0e6c2254 in /workspace/vllm/.venv/lib/python3.12/site-packages/torch/lib/libtorch_cpu.so)
frame #4: aoti_torch_library_def + 0x99 (0x7fff128d45b9 in /workspace/vllm/.venv/lib/python3.12/site-packages/torch/lib/libtorch_cpu.so)
frame #5: <unknown function> + 0x2bdb00 (0x7ffe8aebeb00 in /workspace/vllm/vllm/_C_stable_libtorch.abi3.so)
frame #6: <unknown function> + 0x2bf0ce (0x7ffe8aec00ce in /workspace/vllm/vllm/_C_stable_libtorch.abi3.so)
frame #7: <unknown function> + 0x279d92 (0x7ffe8ae7ad92 in /workspace/vllm/vllm/_C_stable_libtorch.abi3.so)
frame #8: <unknown function> + 0x571f (0x7ffff7fca71f in /lib64/ld-linux-x86-64.so.2)
frame #9: <unknown function> + 0x5824 (0x7ffff7fca824 in /lib64/ld-linux-x86-64.so.2)
frame #10: _dl_catch_exception + 0x132 (0x7ffff7fc65b2 in /lib64/ld-linux-x86-64.so.2)
frame #11: <unknown function> + 0xcd7c (0x7ffff7fd1d7c in /lib64/ld-linux-x86-64.so.2)
frame #12: _dl_catch_exception + 0x9c (0x7ffff7fc651c in /lib64/ld-linux-x86-64.so.2)
frame #13: <unknown function> + 0xd164 (0x7ffff7fd2164 in /lib64/ld-linux-x86-64.so.2)
frame #14: <unknown function> + 0x981a4 (0x7ffff7d0c1a4 in /usr/lib/x86_64-linux-gnu/libc.so.6)
frame #15: _dl_catch_exception + 0x9c (0x7ffff7fc651c in /lib64/ld-linux-x86-64.so.2)
frame #16: <unknown function> + 0x1669 (0x7ffff7fc6669 in /lib64/ld-linux-x86-64.so.2)
frame #17: <unknown function> + 0x97c83 (0x7ffff7d0bc83 in /usr/lib/x86_64-linux-gnu/libc.so.6)
frame #18: dlopen + 0x6f (0x7ffff7d0c25f in /usr/lib/x86_64-linux-gnu/libc.so.6)
frame #19: /workspace/vllm/.venv/bin/python() [0x6bc36c]
frame #20: /workspace/vllm/.venv/bin/python() [0x6a946a]
frame #21: /workspace/vllm/.venv/bin/python() [0x6a8bf2]
frame #22: /workspace/vllm/.venv/bin/python() [0x581f37]
frame #23: _PyEval_EvalFrameDefault + 0x4c3a (0x5db0ba in /workspace/vllm/.venv/bin/python)
frame #24: /workspace/vllm/.venv/bin/python() [0x549d47]
frame #25: PyObject_CallMethodObjArgs + 0xe3 (0x54b5c3 in /workspace/vllm/.venv/bin/python)
frame #26: PyImport_ImportModuleLevelObject + 0x395 (0x5fd805 in /workspace/vllm/.venv/bin/python)
frame #27: _PyEval_EvalFrameDefault + 0x5eee (0x5dc36e in /workspace/vllm/.venv/bin/python)
frame #28: PyEval_EvalCode + 0x15b (0x5d543b in /workspace/vllm/.venv/bin/python)
frame #29: /workspace/vllm/.venv/bin/python() [0x5d322c]
frame #30: /workspace/vllm/.venv/bin/python() [0x581d1d]
frame #31: _PyEval_EvalFrameDefault + 0x4c3a (0x5db0ba in /workspace/vllm/.venv/bin/python)
frame #32: PyObject_CallOneArg + 0x4d (0x54a65d in /workspace/vllm/.venv/bin/python)
frame #33: /workspace/vllm/.venv/bin/python() [0x582e84]
frame #34: _PyObject_LookupAttr + 0x7a (0x584bea in /workspace/vllm/.venv/bin/python)
frame #35: /workspace/vllm/.venv/bin/python() [0x5d2b8a]
frame #36: _PyEval_EvalFrameDefault + 0x207d (0x5d84fd in /workspace/vllm/.venv/bin/python)
frame #37: /workspace/vllm/.venv/bin/python() [0x549d47]
frame #38: PyObject_CallMethodObjArgs + 0xe3 (0x54b5c3 in /workspace/vllm/.venv/bin/python)
frame #39: PyImport_ImportModuleLevelObject + 0x5eb (0x5fda5b in /workspace/vllm/.venv/bin/python)
frame #40: _PyEval_EvalFrameDefault + 0x5eee (0x5dc36e in /workspace/vllm/.venv/bin/python)
frame #41: PyEval_EvalCode + 0x15b (0x5d543b in /workspace/vllm/.venv/bin/python)
frame #42: /workspace/vllm/.venv/bin/python() [0x5d322c]
frame #43: /workspace/vllm/.venv/bin/python() [0x581d1d]
frame #44: _PyEval_EvalFrameDefault + 0x4c3a (0x5db0ba in /workspace/vllm/.venv/bin/python)
frame #45: /workspace/vllm/.venv/bin/python() [0x549d47]
frame #46: PyObject_CallMethodObjArgs + 0xe3 (0x54b5c3 in /workspace/vllm/.venv/bin/python)
frame #47: PyImport_ImportModuleLevelObject + 0x395 (0x5fd805 in /workspace/vllm/.venv/bin/python)
frame #48: _PyEval_EvalFrameDefault + 0x5eee (0x5dc36e in /workspace/vllm/.venv/bin/python)
frame #49: PyEval_EvalCode + 0x15b (0x5d543b in /workspace/vllm/.venv/bin/python)
frame #50: /workspace/vllm/.venv/bin/python() [0x5d322c]
frame #51: /workspace/vllm/.venv/bin/python() [0x581d1d]
frame #52: _PyEval_EvalFrameDefault + 0x4c3a (0x5db0ba in /workspace/vllm/.venv/bin/python)
frame #53: /workspace/vllm/.venv/bin/python() [0x549d47]
frame #54: PyObject_CallMethodObjArgs + 0xe3 (0x54b5c3 in /workspace/vllm/.venv/bin/python)
frame #55: PyImport_ImportModuleLevelObject + 0x395 (0x5fd805 in /workspace/vllm/.venv/bin/python)
frame #56: _PyEval_EvalFrameDefault + 0x5eee (0x5dc36e in /workspace/vllm/.venv/bin/python)
frame #57: PyEval_EvalCode + 0x15b (0x5d543b in /workspace/vllm/.venv/bin/python)
frame #58: /workspace/vllm/.venv/bin/python() [0x5d322c]
frame #59: /workspace/vllm/.venv/bin/python() [0x581d1d]
frame #60: _PyEval_EvalFrameDefault + 0x4c3a (0x5db0ba in /workspace/vllm/.venv/bin/python)
frame #61: /workspace/vllm/.venv/bin/python() [0x549d47]
frame #62: PyObject_CallMethodObjArgs + 0xe3 (0x54b5c3 in /workspace/vllm/.venv/bin/python)

[E708 11:07:53.864607886 shim_common.cpp:1458] Exception in aoti_torch: Tried to register an operator (_C::silu_and_mul_quant(Tensor($0! -> ) result, Tensor input, Tensor scale) -> ()) with the same name and overload name multiple times. Each overload's schema should only be registered with a single call to def(). Duplicate registration: registered at /workspace/csrc/libtorch_stable/torch_bindings.cpp:10. Original registration: registered at /workspace/csrc/torch_bindings.cpp:21
Exception raised from registerDef at /pytorch/aten/src/ATen/core/dispatch/Dispatcher.cpp:248 (most recent call first):
frame #0: c10::Error::Error(c10::SourceLocation, std::__cxx11::basic_string<char, std::char_traits<char>, std::allocator<char> >) + 0x9d (0x7ffff6b7205d in /workspace/vllm/.venv/lib/python3.12/site-packages/torch/lib/libc10.so)
frame #1: c10::detail::torchCheckFail(char const*, char const*, unsigned int, std::__cxx11::basic_string<char, std::char_traits<char>, std::allocator<char> > const&) + 0xc3 (0x7ffff6b066fd in /workspace/vllm/.venv/lib/python3.12/site-packages/torch/lib/libc10.so)
frame #2: c10::Dispatcher::registerDef(c10::FunctionSchema, std::__cxx11::basic_string<char, std::char_traits<char>, std::allocator<char> >, std::vector<at::Tag, std::allocator<at::Tag> >) + 0x35e (0x7fff0e6811fe in /workspace/vllm/.venv/lib/python3.12/site-packages/torch/lib/libtorch_cpu.so)
frame #3: torch::Library::_def(c10::FunctionSchema&&, c10::OperatorName*, std::vector<at::Tag, std::allocator<at::Tag> > const&, torch::_RegisterOrVerify) & + 0x514 (0x7fff0e6c2254 in /workspace/vllm/.venv/lib/python3.12/site-packages/torch/lib/libtorch_cpu.so)
frame #4: aoti_torch_library_def + 0x99 (0x7fff128d45b9 in /workspace/vllm/.venv/lib/python3.12/site-packages/torch/lib/libtorch_cpu.so)
frame #5: <unknown function> + 0x2bdb3c (0x7ffe8aebeb3c in /workspace/vllm/vllm/_C_stable_libtorch.abi3.so)
frame #6: <unknown function> + 0x2bf0ce (0x7ffe8aec00ce in /workspace/vllm/vllm/_C_stable_libtorch.abi3.so)
frame #7: <unknown function> + 0x279d92 (0x7ffe8ae7ad92 in /workspace/vllm/vllm/_C_stable_libtorch.abi3.so)
frame #8: <unknown function> + 0x571f (0x7ffff7fca71f in /lib64/ld-linux-x86-64.so.2)
frame #9: <unknown function> + 0x5824 (0x7ffff7fca824 in /lib64/ld-linux-x86-64.so.2)
frame #10: _dl_catch_exception + 0x132 (0x7ffff7fc65b2 in /lib64/ld-linux-x86-64.so.2)
frame #11: <unknown function> + 0xcd7c (0x7ffff7fd1d7c in /lib64/ld-linux-x86-64.so.2)
frame #12: _dl_catch_exception + 0x9c (0x7ffff7fc651c in /lib64/ld-linux-x86-64.so.2)
frame #13: <unknown function> + 0xd164 (0x7ffff7fd2164 in /lib64/ld-linux-x86-64.so.2)
frame #14: <unknown function> + 0x981a4 (0x7ffff7d0c1a4 in /usr/lib/x86_64-linux-gnu/libc.so.6)
frame #15: _dl_catch_exception + 0x9c (0x7ffff7fc651c in /lib64/ld-linux-x86-64.so.2)
frame #16: <unknown function> + 0x1669 (0x7ffff7fc6669 in /lib64/ld-linux-x86-64.so.2)
frame #17: <unknown function> + 0x97c83 (0x7ffff7d0bc83 in /usr/lib/x86_64-linux-gnu/libc.so.6)
frame #18: dlopen + 0x6f (0x7ffff7d0c25f in /usr/lib/x86_64-linux-gnu/libc.so.6)
frame #19: /workspace/vllm/.venv/bin/python() [0x6bc36c]
frame #20: /workspace/vllm/.venv/bin/python() [0x6a946a]
frame #21: /workspace/vllm/.venv/bin/python() [0x6a8bf2]
frame #22: /workspace/vllm/.venv/bin/python() [0x581f37]
frame #23: _PyEval_EvalFrameDefault + 0x4c3a (0x5db0ba in /workspace/vllm/.venv/bin/python)
frame #24: /workspace/vllm/.venv/bin/python() [0x549d47]
frame #25: PyObject_CallMethodObjArgs + 0xe3 (0x54b5c3 in /workspace/vllm/.venv/bin/python)
frame #26: PyImport_ImportModuleLevelObject + 0x395 (0x5fd805 in /workspace/vllm/.venv/bin/python)
frame #27: _PyEval_EvalFrameDefault + 0x5eee (0x5dc36e in /workspace/vllm/.venv/bin/python)
frame #28: PyEval_EvalCode + 0x15b (0x5d543b in /workspace/vllm/.venv/bin/python)
frame #29: /workspace/vllm/.venv/bin/python() [0x5d322c]
frame #30: /workspace/vllm/.venv/bin/python() [0x581d1d]
frame #31: _PyEval_EvalFrameDefault + 0x4c3a (0x5db0ba in /workspace/vllm/.venv/bin/python)
frame #32: PyObject_CallOneArg + 0x4d (0x54a65d in /workspace/vllm/.venv/bin/python)
frame #33: /workspace/vllm/.venv/bin/python() [0x582e84]
frame #34: _PyObject_LookupAttr + 0x7a (0x584bea in /workspace/vllm/.venv/bin/python)
frame #35: /workspace/vllm/.venv/bin/python() [0x5d2b8a]
frame #36: _PyEval_EvalFrameDefault + 0x207d (0x5d84fd in /workspace/vllm/.venv/bin/python)
frame #37: /workspace/vllm/.venv/bin/python() [0x549d47]
frame #38: PyObject_CallMethodObjArgs + 0xe3 (0x54b5c3 in /workspace/vllm/.venv/bin/python)
frame #39: PyImport_ImportModuleLevelObject + 0x5eb (0x5fda5b in /workspace/vllm/.venv/bin/python)
frame #40: _PyEval_EvalFrameDefault + 0x5eee (0x5dc36e in /workspace/vllm/.venv/bin/python)
frame #41: PyEval_EvalCode + 0x15b (0x5d543b in /workspace/vllm/.venv/bin/python)
frame #42: /workspace/vllm/.venv/bin/python() [0x5d322c]
frame #43: /workspace/vllm/.venv/bin/python() [0x581d1d]
frame #44: _PyEval_EvalFrameDefault + 0x4c3a (0x5db0ba in /workspace/vllm/.venv/bin/python)
frame #45: /workspace/vllm/.venv/bin/python() [0x549d47]
frame #46: PyObject_CallMethodObjArgs + 0xe3 (0x54b5c3 in /workspace/vllm/.venv/bin/python)
frame #47: PyImport_ImportModuleLevelObject + 0x395 (0x5fd805 in /workspace/vllm/.venv/bin/python)
frame #48: _PyEval_EvalFrameDefault + 0x5eee (0x5dc36e in /workspace/vllm/.venv/bin/python)
frame #49: PyEval_EvalCode + 0x15b (0x5d543b in /workspace/vllm/.venv/bin/python)
frame #50: /workspace/vllm/.venv/bin/python() [0x5d322c]
frame #51: /workspace/vllm/.venv/bin/python() [0x581d1d]
frame #52: _PyEval_EvalFrameDefault + 0x4c3a (0x5db0ba in /workspace/vllm/.venv/bin/python)
frame #53: /workspace/vllm/.venv/bin/python() [0x549d47]
frame #54: PyObject_CallMethodObjArgs + 0xe3 (0x54b5c3 in /workspace/vllm/.venv/bin/python)
frame #55: PyImport_ImportModuleLevelObject + 0x395 (0x5fd805 in /workspace/vllm/.venv/bin/python)
frame #56: _PyEval_EvalFrameDefault + 0x5eee (0x5dc36e in /workspace/vllm/.venv/bin/python)
frame #57: PyEval_EvalCode + 0x15b (0x5d543b in /workspace/vllm/.venv/bin/python)
frame #58: /workspace/vllm/.venv/bin/python() [0x5d322c]
frame #59: /workspace/vllm/.venv/bin/python() [0x581d1d]
frame #60: _PyEval_EvalFrameDefault + 0x4c3a (0x5db0ba in /workspace/vllm/.venv/bin/python)
frame #61: /workspace/vllm/.venv/bin/python() [0x549d47]
frame #62: PyObject_CallMethodObjArgs + 0xe3 (0x54b5c3 in /workspace/vllm/.venv/bin/python)

[W708 11:07:53.866793254 OperatorEntry.cpp:208] Warning: Warning only once for all operators,  other operators may also be overridden.
  Overriding a previously registered kernel for the same operator and the same dispatch key
  operator: _C::persistent_masked_m_silu_mul_quant(Tensor input, Tensor counts, Tensor($0! -> ) y_q, Tensor($1! -> ) y_s, bool use_ue8m0) -> ()
    registered at /workspace/csrc/torch_bindings.cpp:21
  dispatch key: CUDA
  previous kernel: registered at /workspace/csrc/torch_bindings.cpp:21
       new kernel: registered at /workspace/csrc/libtorch_stable/torch_bindings.cpp:603 (function operator())
(Worker pid=3212376) INFO 07-08 11:08:03 [parallel_state.py:1422] world_size=8 rank=6 local_rank=6 distributed_init_method=tcp://127.0.0.1:60729 backend=nccl
(Worker pid=3212377) INFO 07-08 11:08:03 [parallel_state.py:1422] world_size=8 rank=7 local_rank=7 distributed_init_method=tcp://127.0.0.1:60729 backend=nccl
(Worker pid=3212370) INFO 07-08 11:08:03 [parallel_state.py:1422] world_size=8 rank=0 local_rank=0 distributed_init_method=tcp://127.0.0.1:60729 backend=nccl
(Worker pid=3212373) INFO 07-08 11:08:03 [parallel_state.py:1422] world_size=8 rank=3 local_rank=3 distributed_init_method=tcp://127.0.0.1:60729 backend=nccl
(Worker pid=3212375) INFO 07-08 11:08:03 [parallel_state.py:1422] world_size=8 rank=5 local_rank=5 distributed_init_method=tcp://127.0.0.1:60729 backend=nccl
(Worker pid=3212371) INFO 07-08 11:08:04 [parallel_state.py:1422] world_size=8 rank=1 local_rank=1 distributed_init_method=tcp://127.0.0.1:60729 backend=nccl
(Worker pid=3212374) INFO 07-08 11:08:04 [parallel_state.py:1422] world_size=8 rank=4 local_rank=4 distributed_init_method=tcp://127.0.0.1:60729 backend=nccl
(Worker pid=3212372) INFO 07-08 11:08:04 [parallel_state.py:1422] world_size=8 rank=2 local_rank=2 distributed_init_method=tcp://127.0.0.1:60729 backend=nccl
(Worker pid=3212370) <frozen importlib._bootstrap_external>:1297: FutureWarning: The cuda.cudart module is deprecated and will be removed in a future release, please switch to use the cuda.bindings.runtime module instead.
(Worker pid=3212370) <frozen importlib._bootstrap_external>:1297: FutureWarning: The cuda.nvrtc module is deprecated and will be removed in a future release, please switch to use the cuda.bindings.nvrtc module instead.
(Worker pid=3212374) <frozen importlib._bootstrap_external>:1297: FutureWarning: The cuda.cudart module is deprecated and will be removed in a future release, please switch to use the cuda.bindings.runtime module instead.
(Worker pid=3212374) <frozen importlib._bootstrap_external>:1297: FutureWarning: The cuda.nvrtc module is deprecated and will be removed in a future release, please switch to use the cuda.bindings.nvrtc module instead.
(Worker pid=3212375) <frozen importlib._bootstrap_external>:1297: FutureWarning: The cuda.cudart module is deprecated and will be removed in a future release, please switch to use the cuda.bindings.runtime module instead.
(Worker pid=3212375) <frozen importlib._bootstrap_external>:1297: FutureWarning: The cuda.nvrtc module is deprecated and will be removed in a future release, please switch to use the cuda.bindings.nvrtc module instead.
(Worker pid=3212372) <frozen importlib._bootstrap_external>:1297: FutureWarning: The cuda.cudart module is deprecated and will be removed in a future release, please switch to use the cuda.bindings.runtime module instead.
(Worker pid=3212372) <frozen importlib._bootstrap_external>:1297: FutureWarning: The cuda.nvrtc module is deprecated and will be removed in a future release, please switch to use the cuda.bindings.nvrtc module instead.
(Worker pid=3212371) <frozen importlib._bootstrap_external>:1297: FutureWarning: The cuda.cudart module is deprecated and will be removed in a future release, please switch to use the cuda.bindings.runtime module instead.
(Worker pid=3212371) <frozen importlib._bootstrap_external>:1297: FutureWarning: The cuda.nvrtc module is deprecated and will be removed in a future release, please switch to use the cuda.bindings.nvrtc module instead.
(Worker pid=3212373) <frozen importlib._bootstrap_external>:1297: FutureWarning: The cuda.cudart module is deprecated and will be removed in a future release, please switch to use the cuda.bindings.runtime module instead.
(Worker pid=3212373) <frozen importlib._bootstrap_external>:1297: FutureWarning: The cuda.nvrtc module is deprecated and will be removed in a future release, please switch to use the cuda.bindings.nvrtc module instead.
(Worker pid=3212377) <frozen importlib._bootstrap_external>:1297: FutureWarning: The cuda.cudart module is deprecated and will be removed in a future release, please switch to use the cuda.bindings.runtime module instead.
(Worker pid=3212377) <frozen importlib._bootstrap_external>:1297: FutureWarning: The cuda.nvrtc module is deprecated and will be removed in a future release, please switch to use the cuda.bindings.nvrtc module instead.
(Worker pid=3212376) <frozen importlib._bootstrap_external>:1297: FutureWarning: The cuda.cudart module is deprecated and will be removed in a future release, please switch to use the cuda.bindings.runtime module instead.
(Worker pid=3212376) <frozen importlib._bootstrap_external>:1297: FutureWarning: The cuda.nvrtc module is deprecated and will be removed in a future release, please switch to use the cuda.bindings.nvrtc module instead.
(Worker pid=3212370) INFO 07-08 11:08:09 [cuda_communicator.py:248] Using ['FT_NCCL'] all-reduce backends (in dispatch order) for group 'tp:0' out of potential backends: ['FT_NCCL', 'NCCL_SYMM_MEM', 'QUICK_REDUCE', 'FLASHINFER', 'CUSTOM', 'SYMM_MEM', 'PYNCCL'].
(Worker pid=3212370) INFO 07-08 11:08:09 [parallel_state.py:1735] rank 0 in world size 8 is assigned as DP rank 0, PP rank 0, PCP rank 0, TP rank 0, EP rank N/A, EPLB rank N/A
(Worker pid=3212370) INFO 07-08 11:08:10 [topk_topp_sampler.py:45] Using FlashInfer for top-p & top-k sampling.
(Worker_TP0 pid=3212370) INFO 07-08 11:08:10 [gpu_model_runner.py:5037] Starting to load model Qwen/Qwen2.5-32B-Instruct...
(Worker_TP0 pid=3212370) INFO 07-08 11:08:10 [cuda.py:378] Using FLASH_ATTN attention backend out of potential backends: ['FLASH_ATTN', 'FLASHINFER', 'TRITON_ATTN', 'FLEX_ATTENTION'].
(Worker_TP0 pid=3212370) INFO 07-08 11:08:10 [flash_attn.py:636] Using FlashAttention version 3
(Worker_TP1 pid=3212371) Warning: You are sending unauthenticated requests to the HF Hub. Please set a HF_TOKEN to enable higher rate limits and faster downloads.
(Worker_TP5 pid=3212375) Warning: You are sending unauthenticated requests to the HF Hub. Please set a HF_TOKEN to enable higher rate limits and faster downloads.
(Worker_TP6 pid=3212376) Warning: You are sending unauthenticated requests to the HF Hub. Please set a HF_TOKEN to enable higher rate limits and faster downloads.
(Worker_TP0 pid=3212370) Warning: You are sending unauthenticated requests to the HF Hub. Please set a HF_TOKEN to enable higher rate limits and faster downloads.
(Worker_TP7 pid=3212377) Warning: You are sending unauthenticated requests to the HF Hub. Please set a HF_TOKEN to enable higher rate limits and faster downloads.
(Worker_TP0 pid=3212370) INFO 07-08 11:08:12 [weight_utils.py:922] Filesystem type for checkpoints: TMPFS. Checkpoint size: 61.03 GiB. Available RAM: 1691.10 GiB.
(Worker_TP0 pid=3212370) INFO 07-08 11:08:12 [weight_utils.py:945] Auto-prefetch is disabled because the filesystem (TMPFS) is not a recognized network FS (NFS/Lustre). If you want to force prefetching, start vLLM with --safetensors-load-strategy=prefetch.
(Worker_TP0 pid=3212370) Loading safetensors checkpoint shards:   0% Completed | 0/17 [00:00<?, ?it/s]
(Worker_TP0 pid=3212370) Loading safetensors checkpoint shards:   6% Completed | 1/17 [00:00<00:02,  7.63it/s]
(Worker_TP0 pid=3212370) Loading safetensors checkpoint shards:  12% Completed | 2/17 [00:00<00:02,  5.83it/s]
(Worker_TP2 pid=3212372) Warning: You are sending unauthenticated requests to the HF Hub. Please set a HF_TOKEN to enable higher rate limits and faster downloads.
(Worker_TP0 pid=3212370) Loading safetensors checkpoint shards:  18% Completed | 3/17 [00:00<00:02,  5.31it/s]
(Worker_TP0 pid=3212370) Loading safetensors checkpoint shards:  24% Completed | 4/17 [00:00<00:02,  5.02it/s]
(Worker_TP0 pid=3212370) Loading safetensors checkpoint shards:  29% Completed | 5/17 [00:00<00:02,  4.89it/s]
(Worker_TP0 pid=3212370) Loading safetensors checkpoint shards:  35% Completed | 6/17 [00:01<00:02,  4.80it/s]
(Worker_TP0 pid=3212370) Loading safetensors checkpoint shards:  41% Completed | 7/17 [00:01<00:02,  4.86it/s]
(Worker_TP0 pid=3212370) Loading safetensors checkpoint shards:  47% Completed | 8/17 [00:01<00:01,  4.91it/s]
(Worker_TP0 pid=3212370) Loading safetensors checkpoint shards:  53% Completed | 9/17 [00:01<00:01,  4.93it/s]
(Worker_TP0 pid=3212370) Loading safetensors checkpoint shards:  59% Completed | 10/17 [00:01<00:01,  4.93it/s]
(Worker_TP0 pid=3212370) Loading safetensors checkpoint shards:  65% Completed | 11/17 [00:02<00:01,  4.92it/s]
(Worker_TP0 pid=3212370) Loading safetensors checkpoint shards:  71% Completed | 12/17 [00:02<00:01,  4.89it/s]
(Worker_TP0 pid=3212370) Loading safetensors checkpoint shards:  76% Completed | 13/17 [00:02<00:00,  4.91it/s]
(Worker_TP0 pid=3212370) Loading safetensors checkpoint shards:  82% Completed | 14/17 [00:02<00:00,  4.92it/s]
(Worker_TP0 pid=3212370) Loading safetensors checkpoint shards:  88% Completed | 15/17 [00:03<00:00,  4.95it/s]
(Worker_TP0 pid=3212370) Loading safetensors checkpoint shards:  94% Completed | 16/17 [00:03<00:00,  5.03it/s]
(Worker_TP0 pid=3212370) Loading safetensors checkpoint shards: 100% Completed | 17/17 [00:03<00:00,  5.66it/s]
(Worker_TP0 pid=3212370) Loading safetensors checkpoint shards: 100% Completed | 17/17 [00:03<00:00,  5.12it/s]
(Worker_TP0 pid=3212370) 
(Worker_TP0 pid=3212370) INFO 07-08 11:08:15 [default_loader.py:397] Loading weights took 3.33 seconds
(Worker_TP0 pid=3212370) INFO 07-08 11:08:16 [gpu_model_runner.py:5132] Model loading took 7.69 GiB memory and 4.837831 seconds
(Worker_TP0 pid=3212370) INFO 07-08 11:08:20 [backends.py:1089] Using cache directory: /root/.cache/vllm/torch_compile_cache/a97b847bab/rank_0_0/backbone for vLLM's torch.compile
(Worker_TP0 pid=3212370) INFO 07-08 11:08:20 [backends.py:1148] Dynamo bytecode transform time: 3.30 s
(Worker_TP0 pid=3212370) INFO 07-08 11:08:20 [flashinfer_all_reduce.py:111] Auto-selected flashinfer allreduce backend: trtllm
(Worker_TP0 pid=3212370) /workspace/vllm/.venv/lib/python3.12/site-packages/torch/distributed/c10d_logger.py:83: UserWarning: barrier(): using the device under current context. You can specify `device_id` in `init_process_group` to mute this warning.
(Worker_TP0 pid=3212370)   return func(*args, **kwargs)
[rank0]:[W708 11:08:21.944413493 ProcessGroupNCCL.cpp:5188] Guessing device ID based on global rank. This can cause a hang if rank to GPU mapping is heterogeneous. You can specify device_id in init_process_group()
(Worker_TP0 pid=3212370) INFO 07-08 11:08:25 [flashinfer_all_reduce.py:151] Initialized FlashInfer Allreduce norm fusion workspace with backend=trtllm
(Worker_TP6 pid=3212376) INFO 07-08 11:08:28 [decorators.py:311] Directly load AOT compilation from path /root/.cache/vllm/torch_compile_cache/torch_aot_compile/f2bb87f9671a54f646a66b25c3454e2516b7bb5febbd9aef295e6b6e722240d0/rank_6_0/model
(Worker_TP4 pid=3212374) INFO 07-08 11:08:28 [decorators.py:311] Directly load AOT compilation from path /root/.cache/vllm/torch_compile_cache/torch_aot_compile/f2bb87f9671a54f646a66b25c3454e2516b7bb5febbd9aef295e6b6e722240d0/rank_4_0/model
(Worker_TP5 pid=3212375) INFO 07-08 11:08:28 [decorators.py:311] Directly load AOT compilation from path /root/.cache/vllm/torch_compile_cache/torch_aot_compile/f2bb87f9671a54f646a66b25c3454e2516b7bb5febbd9aef295e6b6e722240d0/rank_5_0/model
(Worker_TP7 pid=3212377) INFO 07-08 11:08:28 [decorators.py:311] Directly load AOT compilation from path /root/.cache/vllm/torch_compile_cache/torch_aot_compile/f2bb87f9671a54f646a66b25c3454e2516b7bb5febbd9aef295e6b6e722240d0/rank_7_0/model
(Worker_TP0 pid=3212370) INFO 07-08 11:08:29 [backends.py:292] Directly load the compiled graph(s) for compile range (1, 51) from the cache, took 3.263 s
(Worker_TP3 pid=3212373) INFO 07-08 11:08:29 [decorators.py:311] Directly load AOT compilation from path /root/.cache/vllm/torch_compile_cache/torch_aot_compile/f2bb87f9671a54f646a66b25c3454e2516b7bb5febbd9aef295e6b6e722240d0/rank_3_0/model
(Worker_TP0 pid=3212370) INFO 07-08 11:08:29 [backends.py:292] Directly load the compiled graph(s) for compile range (52, 4096) from the cache, took 3.279 s
(Worker_TP2 pid=3212372) INFO 07-08 11:08:29 [decorators.py:311] Directly load AOT compilation from path /root/.cache/vllm/torch_compile_cache/torch_aot_compile/f2bb87f9671a54f646a66b25c3454e2516b7bb5febbd9aef295e6b6e722240d0/rank_2_0/model
(Worker_TP1 pid=3212371) INFO 07-08 11:08:29 [decorators.py:311] Directly load AOT compilation from path /root/.cache/vllm/torch_compile_cache/torch_aot_compile/f2bb87f9671a54f646a66b25c3454e2516b7bb5febbd9aef295e6b6e722240d0/rank_1_0/model
(Worker_TP0 pid=3212370) INFO 07-08 11:08:29 [decorators.py:311] Directly load AOT compilation from path /root/.cache/vllm/torch_compile_cache/torch_aot_compile/f2bb87f9671a54f646a66b25c3454e2516b7bb5febbd9aef295e6b6e722240d0/rank_0_0/model
(Worker_TP0 pid=3212370) INFO 07-08 11:08:29 [monitor.py:53] torch.compile took 11.64 s in total
(Worker_TP0 pid=3212370) INFO 07-08 11:08:30 [monitor.py:81] Initial profiling/warmup run took 1.54 s
(Worker_TP5 pid=3212375) INFO 07-08 11:08:32 [gpu_model_runner.py:6279] Profiling CUDA graph memory: PIECEWISE=51 (largest=512), FULL=51 (largest=512)
(Worker_TP6 pid=3212376) INFO 07-08 11:08:32 [gpu_model_runner.py:6279] Profiling CUDA graph memory: PIECEWISE=51 (largest=512), FULL=51 (largest=512)
(Worker_TP4 pid=3212374) INFO 07-08 11:08:32 [gpu_model_runner.py:6279] Profiling CUDA graph memory: PIECEWISE=51 (largest=512), FULL=51 (largest=512)
(Worker_TP0 pid=3212370) INFO 07-08 11:08:32 [gpu_model_runner.py:6279] Profiling CUDA graph memory: PIECEWISE=51 (largest=512), FULL=51 (largest=512)
(Worker_TP7 pid=3212377) INFO 07-08 11:08:32 [gpu_model_runner.py:6279] Profiling CUDA graph memory: PIECEWISE=51 (largest=512), FULL=51 (largest=512)
(Worker_TP1 pid=3212371) INFO 07-08 11:08:32 [gpu_model_runner.py:6279] Profiling CUDA graph memory: PIECEWISE=51 (largest=512), FULL=51 (largest=512)
(Worker_TP2 pid=3212372) INFO 07-08 11:08:33 [gpu_model_runner.py:6279] Profiling CUDA graph memory: PIECEWISE=51 (largest=512), FULL=51 (largest=512)
(Worker_TP3 pid=3212373) INFO 07-08 11:08:33 [gpu_model_runner.py:6279] Profiling CUDA graph memory: PIECEWISE=51 (largest=512), FULL=51 (largest=512)
(Worker_TP4 pid=3212374) INFO 07-08 11:08:35 [gpu_model_runner.py:6365] Estimated CUDA graph memory: 1.79 GiB total
(Worker_TP7 pid=3212377) INFO 07-08 11:08:35 [gpu_model_runner.py:6365] Estimated CUDA graph memory: 1.79 GiB total
(Worker_TP6 pid=3212376) INFO 07-08 11:08:35 [gpu_model_runner.py:6365] Estimated CUDA graph memory: 1.79 GiB total
(Worker_TP5 pid=3212375) INFO 07-08 11:08:35 [gpu_model_runner.py:6365] Estimated CUDA graph memory: 1.79 GiB total
(Worker_TP0 pid=3212370) INFO 07-08 11:08:35 [gpu_model_runner.py:6365] Estimated CUDA graph memory: 1.79 GiB total
(Worker_TP2 pid=3212372) INFO 07-08 11:08:35 [gpu_model_runner.py:6365] Estimated CUDA graph memory: 1.79 GiB total
(Worker_TP4 pid=3212374) INFO 07-08 11:08:35 [gpu_worker.py:481] CUDA graph memory profiling is enabled (default since v0.21.0). The current --gpu-memory-utilization=0.9000 is equivalent to --gpu-memory-utilization=0.8774 without CUDA graph memory profiling. To maintain the same effective KV cache size as before, increase --gpu-memory-utilization to 0.9226. To disable, set VLLM_MEMORY_PROFILER_ESTIMATE_CUDAGRAPHS=0.
(Worker_TP7 pid=3212377) INFO 07-08 11:08:35 [gpu_worker.py:481] CUDA graph memory profiling is enabled (default since v0.21.0). The current --gpu-memory-utilization=0.9000 is equivalent to --gpu-memory-utilization=0.8774 without CUDA graph memory profiling. To maintain the same effective KV cache size as before, increase --gpu-memory-utilization to 0.9226. To disable, set VLLM_MEMORY_PROFILER_ESTIMATE_CUDAGRAPHS=0.
(Worker_TP1 pid=3212371) INFO 07-08 11:08:35 [gpu_model_runner.py:6365] Estimated CUDA graph memory: 1.79 GiB total
(Worker_TP5 pid=3212375) INFO 07-08 11:08:35 [gpu_worker.py:481] CUDA graph memory profiling is enabled (default since v0.21.0). The current --gpu-memory-utilization=0.9000 is equivalent to --gpu-memory-utilization=0.8774 without CUDA graph memory profiling. To maintain the same effective KV cache size as before, increase --gpu-memory-utilization to 0.9226. To disable, set VLLM_MEMORY_PROFILER_ESTIMATE_CUDAGRAPHS=0.
(Worker_TP6 pid=3212376) INFO 07-08 11:08:35 [gpu_worker.py:481] CUDA graph memory profiling is enabled (default since v0.21.0). The current --gpu-memory-utilization=0.9000 is equivalent to --gpu-memory-utilization=0.8774 without CUDA graph memory profiling. To maintain the same effective KV cache size as before, increase --gpu-memory-utilization to 0.9226. To disable, set VLLM_MEMORY_PROFILER_ESTIMATE_CUDAGRAPHS=0.
(Worker_TP3 pid=3212373) INFO 07-08 11:08:35 [gpu_model_runner.py:6365] Estimated CUDA graph memory: 1.79 GiB total
(Worker_TP0 pid=3212370) INFO 07-08 11:08:35 [gpu_worker.py:466] Available KV cache memory: 57.71 GiB
(Worker_TP0 pid=3212370) INFO 07-08 11:08:35 [gpu_worker.py:481] CUDA graph memory profiling is enabled (default since v0.21.0). The current --gpu-memory-utilization=0.9000 is equivalent to --gpu-memory-utilization=0.8774 without CUDA graph memory profiling. To maintain the same effective KV cache size as before, increase --gpu-memory-utilization to 0.9226. To disable, set VLLM_MEMORY_PROFILER_ESTIMATE_CUDAGRAPHS=0.
(Worker_TP2 pid=3212372) INFO 07-08 11:08:36 [gpu_worker.py:481] CUDA graph memory profiling is enabled (default since v0.21.0). The current --gpu-memory-utilization=0.9000 is equivalent to --gpu-memory-utilization=0.8774 without CUDA graph memory profiling. To maintain the same effective KV cache size as before, increase --gpu-memory-utilization to 0.9226. To disable, set VLLM_MEMORY_PROFILER_ESTIMATE_CUDAGRAPHS=0.
(Worker_TP1 pid=3212371) INFO 07-08 11:08:36 [gpu_worker.py:481] CUDA graph memory profiling is enabled (default since v0.21.0). The current --gpu-memory-utilization=0.9000 is equivalent to --gpu-memory-utilization=0.8774 without CUDA graph memory profiling. To maintain the same effective KV cache size as before, increase --gpu-memory-utilization to 0.9226. To disable, set VLLM_MEMORY_PROFILER_ESTIMATE_CUDAGRAPHS=0.
(Worker_TP3 pid=3212373) INFO 07-08 11:08:36 [gpu_worker.py:481] CUDA graph memory profiling is enabled (default since v0.21.0). The current --gpu-memory-utilization=0.9000 is equivalent to --gpu-memory-utilization=0.8774 without CUDA graph memory profiling. To maintain the same effective KV cache size as before, increase --gpu-memory-utilization to 0.9226. To disable, set VLLM_MEMORY_PROFILER_ESTIMATE_CUDAGRAPHS=0.
(EngineCore pid=3211825) INFO 07-08 11:08:36 [kv_cache_utils.py:1733] GPU KV cache size: 1,890,880 tokens
(EngineCore pid=3211825) INFO 07-08 11:08:36 [kv_cache_utils.py:1734] Maximum concurrency for 4,096 tokens per request: 461.64x
(Worker_TP6 pid=3212376) 2026-07-08 11:08:36,304 - INFO - autotuner.py:615 - flashinfer.jit: [Autotuner]: Autotuning process starts ...
(Worker_TP5 pid=3212375) 2026-07-08 11:08:36,304 - INFO - autotuner.py:615 - flashinfer.jit: [Autotuner]: Autotuning process starts ...
(Worker_TP4 pid=3212374) 2026-07-08 11:08:36,304 - INFO - autotuner.py:615 - flashinfer.jit: [Autotuner]: Autotuning process starts ...
(Worker_TP7 pid=3212377) 2026-07-08 11:08:36,304 - INFO - autotuner.py:615 - flashinfer.jit: [Autotuner]: Autotuning process starts ...
(Worker_TP3 pid=3212373) 2026-07-08 11:08:36,305 - INFO - autotuner.py:615 - flashinfer.jit: [Autotuner]: Autotuning process starts ...
(Worker_TP0 pid=3212370) 2026-07-08 11:08:36,305 - INFO - autotuner.py:615 - flashinfer.jit: [Autotuner]: Autotuning process starts ...
(Worker_TP1 pid=3212371) 2026-07-08 11:08:36,305 - INFO - autotuner.py:615 - flashinfer.jit: [Autotuner]: Autotuning process starts ...
(Worker_TP2 pid=3212372) 2026-07-08 11:08:36,305 - INFO - autotuner.py:615 - flashinfer.jit: [Autotuner]: Autotuning process starts ...
(Worker_TP6 pid=3212376) 2026-07-08 11:08:36,340 - INFO - autotuner.py:634 - flashinfer.jit: [Autotuner]: Autotuning process ends
(Worker_TP5 pid=3212375) 2026-07-08 11:08:36,340 - INFO - autotuner.py:634 - flashinfer.jit: [Autotuner]: Autotuning process ends
(Worker_TP7 pid=3212377) 2026-07-08 11:08:36,340 - INFO - autotuner.py:634 - flashinfer.jit: [Autotuner]: Autotuning process ends
(Worker_TP4 pid=3212374) 2026-07-08 11:08:36,343 - INFO - autotuner.py:634 - flashinfer.jit: [Autotuner]: Autotuning process ends
(Worker_TP1 pid=3212371) 2026-07-08 11:08:36,344 - INFO - autotuner.py:634 - flashinfer.jit: [Autotuner]: Autotuning process ends
(Worker_TP3 pid=3212373) 2026-07-08 11:08:36,344 - INFO - autotuner.py:634 - flashinfer.jit: [Autotuner]: Autotuning process ends
(Worker_TP0 pid=3212370) 2026-07-08 11:08:36,344 - INFO - autotuner.py:634 - flashinfer.jit: [Autotuner]: Autotuning process ends
(Worker_TP2 pid=3212372) 2026-07-08 11:08:36,364 - INFO - autotuner.py:634 - flashinfer.jit: [Autotuner]: Autotuning process ends
(Worker_TP0 pid=3212370) Capturing CUDA graphs (mixed prefill-decode, PIECEWISE):   0%|          | 0/51 [00:00<?, ?it/s]Capturing CUDA graphs (mixed prefill-decode, PIECEWISE):   2%|▏         | 1/51 [00:00<00:19,  2.53it/s]Capturing CUDA graphs (mixed prefill-decode, PIECEWISE):   4%|▍         | 2/51 [00:00<00:11,  4.41it/s]Capturing CUDA graphs (mixed prefill-decode, PIECEWISE):   6%|▌         | 3/51 [00:00<00:08,  5.59it/s]Capturing CUDA graphs (mixed prefill-decode, PIECEWISE):   8%|▊         | 4/51 [00:00<00:07,  6.44it/s]Capturing CUDA graphs (mixed prefill-decode, PIECEWISE):  10%|▉         | 5/51 [00:00<00:06,  6.91it/s]Capturing CUDA graphs (mixed prefill-decode, PIECEWISE):  12%|█▏        | 6/51 [00:01<00:06,  7.15it/s]Capturing CUDA graphs (mixed prefill-decode, PIECEWISE):  14%|█▎        | 7/51 [00:01<00:06,  7.30it/s]Capturing CUDA graphs (mixed prefill-decode, PIECEWISE):  16%|█▌        | 8/51 [00:01<00:05,  7.43it/s]Capturing CUDA graphs (mixed prefill-decode, PIECEWISE):  18%|█▊        | 9/51 [00:01<00:05,  7.50it/s]Capturing CUDA graphs (mixed prefill-decode, PIECEWISE):  20%|█▉        | 10/51 [00:01<00:05,  7.44it/s]Capturing CUDA graphs (mixed prefill-decode, PIECEWISE):  22%|██▏       | 11/51 [00:01<00:05,  7.52it/s]Capturing CUDA graphs (mixed prefill-decode, PIECEWISE):  24%|██▎       | 12/51 [00:01<00:05,  7.45it/s]Capturing CUDA graphs (mixed prefill-decode, PIECEWISE):  25%|██▌       | 13/51 [00:01<00:05,  7.30it/s]Capturing CUDA graphs (mixed prefill-decode, PIECEWISE):  27%|██▋       | 14/51 [00:02<00:05,  7.27it/s]Capturing CUDA graphs (mixed prefill-decode, PIECEWISE):  29%|██▉       | 15/51 [00:02<00:05,  7.15it/s]Capturing CUDA graphs (mixed prefill-decode, PIECEWISE):  31%|███▏      | 16/51 [00:02<00:04,  7.14it/s]Capturing CUDA graphs (mixed prefill-decode, PIECEWISE):  33%|███▎      | 17/51 [00:02<00:04,  7.12it/s]Capturing CUDA graphs (mixed prefill-decode, PIECEWISE):  35%|███▌      | 18/51 [00:02<00:04,  7.15it/s]Capturing CUDA graphs (mixed prefill-decode, PIECEWISE):  37%|███▋      | 19/51 [00:02<00:04,  7.17it/s]Capturing CUDA graphs (mixed prefill-decode, PIECEWISE):  39%|███▉      | 20/51 [00:02<00:04,  7.13it/s]Capturing CUDA graphs (mixed prefill-decode, PIECEWISE):  41%|████      | 21/51 [00:03<00:04,  7.04it/s]Capturing CUDA graphs (mixed prefill-decode, PIECEWISE):  43%|████▎     | 22/51 [00:03<00:04,  7.00it/s]Capturing CUDA graphs (mixed prefill-decode, PIECEWISE):  45%|████▌     | 23/51 [00:03<00:04,  6.96it/s]Capturing CUDA graphs (mixed prefill-decode, PIECEWISE):  47%|████▋     | 24/51 [00:03<00:03,  6.92it/s]Capturing CUDA graphs (mixed prefill-decode, PIECEWISE):  49%|████▉     | 25/51 [00:03<00:03,  6.87it/s]Capturing CUDA graphs (mixed prefill-decode, PIECEWISE):  51%|█████     | 26/51 [00:03<00:03,  6.90it/s]Capturing CUDA graphs (mixed prefill-decode, PIECEWISE):  53%|█████▎    | 27/51 [00:03<00:03,  6.91it/s]Capturing CUDA graphs (mixed prefill-decode, PIECEWISE):  55%|█████▍    | 28/51 [00:04<00:03,  6.89it/s]Capturing CUDA graphs (mixed prefill-decode, PIECEWISE):  57%|█████▋    | 29/51 [00:04<00:03,  6.87it/s]Capturing CUDA graphs (mixed prefill-decode, PIECEWISE):  59%|█████▉    | 30/51 [00:04<00:03,  6.80it/s]Capturing CUDA graphs (mixed prefill-decode, PIECEWISE):  61%|██████    | 31/51 [00:04<00:03,  6.65it/s]Capturing CUDA graphs (mixed prefill-decode, PIECEWISE):  63%|██████▎   | 32/51 [00:04<00:02,  6.55it/s]Capturing CUDA graphs (mixed prefill-decode, PIECEWISE):  65%|██████▍   | 33/51 [00:04<00:02,  6.49it/s]Capturing CUDA graphs (mixed prefill-decode, PIECEWISE):  67%|██████▋   | 34/51 [00:05<00:02,  6.47it/s]Capturing CUDA graphs (mixed prefill-decode, PIECEWISE):  69%|██████▊   | 35/51 [00:05<00:02,  6.46it/s]Capturing CUDA graphs (mixed prefill-decode, PIECEWISE):  71%|███████   | 36/51 [00:05<00:02,  6.60it/s]Capturing CUDA graphs (mixed prefill-decode, PIECEWISE):  73%|███████▎  | 37/51 [00:05<00:02,  6.49it/s]Capturing CUDA graphs (mixed prefill-decode, PIECEWISE):  75%|███████▍  | 38/51 [00:05<00:02,  6.49it/s]Capturing CUDA graphs (mixed prefill-decode, PIECEWISE):  76%|███████▋  | 39/51 [00:05<00:01,  6.49it/s]Capturing CUDA graphs (mixed prefill-decode, PIECEWISE):  78%|███████▊  | 40/51 [00:05<00:01,  6.64it/s]Capturing CUDA graphs (mixed prefill-decode, PIECEWISE):  80%|████████  | 41/51 [00:06<00:01,  6.55it/s]Capturing CUDA graphs (mixed prefill-decode, PIECEWISE):  82%|████████▏ | 42/51 [00:06<00:01,  6.46it/s]Capturing CUDA graphs (mixed prefill-decode, PIECEWISE):  84%|████████▍ | 43/51 [00:06<00:01,  6.68it/s]Capturing CUDA graphs (mixed prefill-decode, PIECEWISE):  86%|████████▋ | 44/51 [00:06<00:00,  7.32it/s]Capturing CUDA graphs (mixed prefill-decode, PIECEWISE):  88%|████████▊ | 45/51 [00:06<00:00,  7.82it/s]Capturing CUDA graphs (mixed prefill-decode, PIECEWISE):  90%|█████████ | 46/51 [00:06<00:00,  8.30it/s]Capturing CUDA graphs (mixed prefill-decode, PIECEWISE):  92%|█████████▏| 47/51 [00:06<00:00,  8.62it/s]Capturing CUDA graphs (mixed prefill-decode, PIECEWISE):  94%|█████████▍| 48/51 [00:06<00:00,  8.77it/s]Capturing CUDA graphs (mixed prefill-decode, PIECEWISE):  98%|█████████▊| 50/51 [00:07<00:00,  9.21it/s]Capturing CUDA graphs (mixed prefill-decode, PIECEWISE): 100%|██████████| 51/51 [00:07<00:00,  9.10it/s]Capturing CUDA graphs (mixed prefill-decode, PIECEWISE): 100%|██████████| 51/51 [00:07<00:00,  7.05it/s]
(Worker_TP0 pid=3212370) Capturing CUDA graphs (decode, FULL):   0%|          | 0/51 [00:00<?, ?it/s]Capturing CUDA graphs (decode, FULL):   2%|▏         | 1/51 [00:00<00:05,  9.64it/s]Capturing CUDA graphs (decode, FULL):   6%|▌         | 3/51 [00:00<00:04, 10.35it/s]Capturing CUDA graphs (decode, FULL):  10%|▉         | 5/51 [00:00<00:04, 10.49it/s]Capturing CUDA graphs (decode, FULL):  14%|█▎        | 7/51 [00:00<00:04, 10.56it/s]Capturing CUDA graphs (decode, FULL):  18%|█▊        | 9/51 [00:00<00:04, 10.48it/s]Capturing CUDA graphs (decode, FULL):  22%|██▏       | 11/51 [00:01<00:03, 10.59it/s]Capturing CUDA graphs (decode, FULL):  25%|██▌       | 13/51 [00:01<00:03, 10.54it/s]Capturing CUDA graphs (decode, FULL):  29%|██▉       | 15/51 [00:01<00:03, 10.51it/s]Capturing CUDA graphs (decode, FULL):  33%|███▎      | 17/51 [00:01<00:03, 10.56it/s]Capturing CUDA graphs (decode, FULL):  37%|███▋      | 19/51 [00:01<00:03, 10.58it/s]Capturing CUDA graphs (decode, FULL):  41%|████      | 21/51 [00:01<00:02, 10.59it/s]Capturing CUDA graphs (decode, FULL):  45%|████▌     | 23/51 [00:02<00:02, 10.55it/s]Capturing CUDA graphs (decode, FULL):  49%|████▉     | 25/51 [00:02<00:02, 10.50it/s]Capturing CUDA graphs (decode, FULL):  53%|█████▎    | 27/51 [00:02<00:02, 10.58it/s]Capturing CUDA graphs (decode, FULL):  57%|█████▋    | 29/51 [00:02<00:02, 10.68it/s]Capturing CUDA graphs (decode, FULL):  61%|██████    | 31/51 [00:02<00:01, 10.64it/s]Capturing CUDA graphs (decode, FULL):  65%|██████▍   | 33/51 [00:03<00:01, 10.67it/s]Capturing CUDA graphs (decode, FULL):  69%|██████▊   | 35/51 [00:03<00:01, 10.67it/s]Capturing CUDA graphs (decode, FULL):  73%|███████▎  | 37/51 [00:03<00:01, 10.80it/s]Capturing CUDA graphs (decode, FULL):  76%|███████▋  | 39/51 [00:03<00:01, 10.72it/s]Capturing CUDA graphs (decode, FULL):  80%|████████  | 41/51 [00:03<00:00, 10.74it/s]Capturing CUDA graphs (decode, FULL):  84%|████████▍ | 43/51 [00:04<00:00, 11.61it/s]Capturing CUDA graphs (decode, FULL):  90%|█████████ | 46/51 [00:04<00:00, 14.12it/s]Capturing CUDA graphs (decode, FULL):  96%|█████████▌| 49/51 [00:04<00:00, 16.02it/s]Capturing CUDA graphs (decode, FULL): 100%|██████████| 51/51 [00:04<00:00, 11.65it/s]
(Worker_TP4 pid=3212374) INFO 07-08 11:08:48 [gpu_worker.py:619] CUDA graph pool memory: 1.56 GiB (actual), 1.79 GiB (estimated), difference: 0.22 GiB (14.2%).
(Worker_TP7 pid=3212377) INFO 07-08 11:08:48 [gpu_worker.py:619] CUDA graph pool memory: 1.56 GiB (actual), 1.79 GiB (estimated), difference: 0.22 GiB (14.2%).
(Worker_TP2 pid=3212372) INFO 07-08 11:08:48 [gpu_worker.py:619] CUDA graph pool memory: 1.56 GiB (actual), 1.79 GiB (estimated), difference: 0.22 GiB (14.2%).
(Worker_TP1 pid=3212371) INFO 07-08 11:08:48 [gpu_worker.py:619] CUDA graph pool memory: 1.56 GiB (actual), 1.79 GiB (estimated), difference: 0.22 GiB (14.2%).
(Worker_TP6 pid=3212376) INFO 07-08 11:08:48 [gpu_worker.py:619] CUDA graph pool memory: 1.56 GiB (actual), 1.79 GiB (estimated), difference: 0.22 GiB (14.2%).
(Worker_TP5 pid=3212375) INFO 07-08 11:08:48 [gpu_worker.py:619] CUDA graph pool memory: 1.56 GiB (actual), 1.79 GiB (estimated), difference: 0.22 GiB (14.2%).
(Worker_TP0 pid=3212370) INFO 07-08 11:08:48 [gpu_model_runner.py:6456] Graph capturing finished in 13 secs, took 1.56 GiB
(Worker_TP0 pid=3212370) INFO 07-08 11:08:48 [gpu_worker.py:619] CUDA graph pool memory: 1.56 GiB (actual), 1.79 GiB (estimated), difference: 0.22 GiB (14.2%).
(Worker_TP3 pid=3212373) INFO 07-08 11:08:48 [gpu_worker.py:619] CUDA graph pool memory: 1.56 GiB (actual), 1.79 GiB (estimated), difference: 0.22 GiB (14.2%).
(Worker_TP4 pid=3212374) INFO 07-08 11:08:49 [jit_monitor.py:54] Kernel JIT monitor activated — Triton JIT compilations during inference will be logged as warnings.
(Worker_TP2 pid=3212372) INFO 07-08 11:08:49 [jit_monitor.py:54] Kernel JIT monitor activated — Triton JIT compilations during inference will be logged as warnings.
(Worker_TP5 pid=3212375) INFO 07-08 11:08:49 [jit_monitor.py:54] Kernel JIT monitor activated — Triton JIT compilations during inference will be logged as warnings.
(Worker_TP7 pid=3212377) INFO 07-08 11:08:49 [jit_monitor.py:54] Kernel JIT monitor activated — Triton JIT compilations during inference will be logged as warnings.
(Worker_TP1 pid=3212371) INFO 07-08 11:08:49 [jit_monitor.py:54] Kernel JIT monitor activated — Triton JIT compilations during inference will be logged as warnings.
(Worker_TP0 pid=3212370) INFO 07-08 11:08:49 [jit_monitor.py:54] Kernel JIT monitor activated — Triton JIT compilations during inference will be logged as warnings.
(Worker_TP6 pid=3212376) INFO 07-08 11:08:49 [jit_monitor.py:54] Kernel JIT monitor activated — Triton JIT compilations during inference will be logged as warnings.
(Worker_TP3 pid=3212373) INFO 07-08 11:08:49 [jit_monitor.py:54] Kernel JIT monitor activated — Triton JIT compilations during inference will be logged as warnings.
(EngineCore pid=3211825) INFO 07-08 11:08:49 [core.py:302] init engine (profile, create kv cache, warmup model) took 31.94 s (compilation: 11.81 s)
(EngineCore pid=3211825) Warning: You are sending unauthenticated requests to the HF Hub. Please set a HF_TOKEN to enable higher rate limits and faster downloads.
(EngineCore pid=3211825) INFO 07-08 11:08:51 [vllm.py:977] Asynchronous scheduling is enabled.
(EngineCore pid=3211825) INFO 07-08 11:08:51 [kernel.py:270] Final IR op priority after setting platform defaults: IrOpPriorityConfig(rms_norm=['native'], fused_add_rms_norm=['native'])
(EngineCore pid=3211825) <frozen importlib._bootstrap_external>:1297: FutureWarning: The cuda.cudart module is deprecated and will be removed in a future release, please switch to use the cuda.bindings.runtime module instead.
(EngineCore pid=3211825) <frozen importlib._bootstrap_external>:1297: FutureWarning: The cuda.nvrtc module is deprecated and will be removed in a future release, please switch to use the cuda.bindings.nvrtc module instead.
(EngineCore pid=3211825) INFO 07-08 11:08:51 [compilation.py:312] Enabled custom fusions: allreduce_rms
(APIServer pid=3210476) INFO 07-08 11:08:51 [api_server.py:592] Supported tasks: ['generate']
(APIServer pid=3210476) WARNING 07-08 11:08:52 [model.py:1509] Default vLLM sampling parameters have been overridden by the model's `generation_config.json`: `{'repetition_penalty': 1.05, 'temperature': 0.7, 'top_k': 20, 'top_p': 0.8}`. If this is not intended, please relaunch vLLM instance with `--generation-config vllm`.
(APIServer pid=3210476) INFO 07-08 11:08:53 [hf.py:488] Detected the chat template content format to be 'string'. You can set `--chat-template-content-format` to override this.
(APIServer pid=3210476) INFO 07-08 11:08:54 [api_server.py:596] Starting vLLM server on http://127.0.0.1:8000
(APIServer pid=3210476) INFO 07-08 11:08:54 [launcher.py:37] Available routes are:
(APIServer pid=3210476) INFO 07-08 11:08:54 [launcher.py:46] Route: /openapi.json, Methods: GET, HEAD
(APIServer pid=3210476) INFO 07-08 11:08:54 [launcher.py:46] Route: /docs, Methods: GET, HEAD
(APIServer pid=3210476) INFO 07-08 11:08:54 [launcher.py:46] Route: /docs/oauth2-redirect, Methods: GET, HEAD
(APIServer pid=3210476) INFO 07-08 11:08:54 [launcher.py:46] Route: /redoc, Methods: GET, HEAD
(APIServer pid=3210476) INFO 07-08 11:08:54 [launcher.py:46] Route: /tokenize, Methods: POST
(APIServer pid=3210476) INFO 07-08 11:08:54 [launcher.py:46] Route: /detokenize, Methods: POST
(APIServer pid=3210476) INFO 07-08 11:08:54 [launcher.py:46] Route: /load, Methods: GET
(APIServer pid=3210476) INFO 07-08 11:08:54 [launcher.py:46] Route: /version, Methods: GET
(APIServer pid=3210476) INFO 07-08 11:08:54 [launcher.py:46] Route: /health, Methods: GET
(APIServer pid=3210476) INFO 07-08 11:08:54 [launcher.py:46] Route: /metrics, Methods: GET
(APIServer pid=3210476) INFO 07-08 11:08:54 [launcher.py:46] Route: /v1/models, Methods: GET
(APIServer pid=3210476) INFO 07-08 11:08:54 [launcher.py:46] Route: /ping, Methods: GET
(APIServer pid=3210476) INFO 07-08 11:08:54 [launcher.py:46] Route: /ping, Methods: POST
(APIServer pid=3210476) INFO 07-08 11:08:54 [launcher.py:46] Route: /invocations, Methods: POST
(APIServer pid=3210476) INFO 07-08 11:08:54 [launcher.py:46] Route: /v1/chat/completions, Methods: POST
(APIServer pid=3210476) INFO 07-08 11:08:54 [launcher.py:46] Route: /v1/chat/completions/batch, Methods: POST
(APIServer pid=3210476) INFO 07-08 11:08:54 [launcher.py:46] Route: /v1/responses, Methods: POST
(APIServer pid=3210476) INFO 07-08 11:08:54 [launcher.py:46] Route: /v1/responses/{response_id}, Methods: GET
(APIServer pid=3210476) INFO 07-08 11:08:54 [launcher.py:46] Route: /v1/responses/{response_id}/cancel, Methods: POST
(APIServer pid=3210476) INFO 07-08 11:08:54 [launcher.py:46] Route: /v1/completions, Methods: POST
(APIServer pid=3210476) INFO 07-08 11:08:54 [launcher.py:46] Route: /v1/messages, Methods: POST
(APIServer pid=3210476) INFO 07-08 11:08:54 [launcher.py:46] Route: /v1/messages/count_tokens, Methods: POST
(APIServer pid=3210476) INFO 07-08 11:08:54 [launcher.py:46] Route: /inference/v1/generate, Methods: POST
(APIServer pid=3210476) INFO 07-08 11:08:54 [launcher.py:46] Route: /scale_elastic_ep, Methods: POST
(APIServer pid=3210476) INFO 07-08 11:08:54 [launcher.py:46] Route: /is_scaling_elastic_ep, Methods: POST
(APIServer pid=3210476) INFO 07-08 11:08:54 [launcher.py:46] Route: /generative_scoring, Methods: POST
(APIServer pid=3210476) INFO 07-08 11:08:54 [launcher.py:46] Route: /v1/chat/completions/render, Methods: POST
(APIServer pid=3210476) INFO 07-08 11:08:54 [launcher.py:46] Route: /v1/completions/render, Methods: POST
(APIServer pid=3210476) INFO:     Started server process [3210476]
(APIServer pid=3210476) INFO:     Waiting for application startup.
(APIServer pid=3210476) INFO:     Application startup complete.
(APIServer pid=3210476) INFO:     127.0.0.1:50138 - "POST /v1/completions HTTP/1.1" 200 OK
(Worker_TP0 pid=3212370) WARNING 07-08 11:08:55 [jit_monitor.py:103] Triton kernel JIT compilation during inference: _compute_slot_mapping_kernel. This causes a latency spike; consider extending warmup to cover this shape/config.
(APIServer pid=3210476) INFO:     127.0.0.1:50138 - "POST /v1/completions HTTP/1.1" 200 OK
(APIServer pid=3210476) INFO:     127.0.0.1:33970 - "POST /v1/completions HTTP/1.1" 200 OK
(APIServer pid=3210476) INFO:     127.0.0.1:33982 - "POST /v1/completions HTTP/1.1" 200 OK
(APIServer pid=3210476) INFO:     127.0.0.1:33984 - "POST /v1/completions HTTP/1.1" 200 OK
(APIServer pid=3210476) INFO:     127.0.0.1:33998 - "POST /v1/completions HTTP/1.1" 200 OK
(APIServer pid=3210476) INFO:     127.0.0.1:34014 - "POST /v1/completions HTTP/1.1" 200 OK
(APIServer pid=3210476) INFO:     127.0.0.1:34022 - "POST /v1/completions HTTP/1.1" 200 OK
(APIServer pid=3210476) INFO:     127.0.0.1:34032 - "POST /v1/completions HTTP/1.1" 200 OK
(APIServer pid=3210476) INFO:     127.0.0.1:34044 - "POST /v1/completions HTTP/1.1" 200 OK
(APIServer pid=3210476) INFO:     127.0.0.1:34054 - "POST /v1/completions HTTP/1.1" 200 OK
(APIServer pid=3210476) INFO:     127.0.0.1:34070 - "POST /v1/completions HTTP/1.1" 200 OK
(APIServer pid=3210476) INFO:     127.0.0.1:34082 - "POST /v1/completions HTTP/1.1" 200 OK
(APIServer pid=3210476) INFO:     127.0.0.1:34084 - "POST /v1/completions HTTP/1.1" 200 OK
(APIServer pid=3210476) INFO:     127.0.0.1:34092 - "POST /v1/completions HTTP/1.1" 200 OK
(APIServer pid=3210476) INFO:     127.0.0.1:34100 - "POST /v1/completions HTTP/1.1" 200 OK
(APIServer pid=3210476) INFO:     127.0.0.1:34110 - "POST /v1/completions HTTP/1.1" 200 OK
(APIServer pid=3210476) INFO:     127.0.0.1:34124 - "POST /v1/completions HTTP/1.1" 200 OK
(APIServer pid=3210476) INFO:     127.0.0.1:34136 - "POST /v1/completions HTTP/1.1" 200 OK
(APIServer pid=3210476) INFO:     127.0.0.1:34138 - "POST /v1/completions HTTP/1.1" 200 OK
(APIServer pid=3210476) INFO:     127.0.0.1:34150 - "POST /v1/completions HTTP/1.1" 200 OK
(APIServer pid=3210476) INFO:     127.0.0.1:34164 - "POST /v1/completions HTTP/1.1" 200 OK
(APIServer pid=3210476) INFO:     127.0.0.1:34172 - "POST /v1/completions HTTP/1.1" 200 OK
(APIServer pid=3210476) INFO:     127.0.0.1:34188 - "POST /v1/completions HTTP/1.1" 200 OK
(APIServer pid=3210476) INFO:     127.0.0.1:34196 - "POST /v1/completions HTTP/1.1" 200 OK
(APIServer pid=3210476) INFO:     127.0.0.1:34204 - "POST /v1/completions HTTP/1.1" 200 OK
(APIServer pid=3210476) INFO:     127.0.0.1:34210 - "POST /v1/completions HTTP/1.1" 200 OK
(APIServer pid=3210476) INFO:     127.0.0.1:34218 - "POST /v1/completions HTTP/1.1" 200 OK
(APIServer pid=3210476) INFO:     127.0.0.1:34222 - "POST /v1/completions HTTP/1.1" 200 OK
(APIServer pid=3210476) INFO:     127.0.0.1:34230 - "POST /v1/completions HTTP/1.1" 200 OK
(APIServer pid=3210476) INFO:     127.0.0.1:34238 - "POST /v1/completions HTTP/1.1" 200 OK
(APIServer pid=3210476) INFO:     127.0.0.1:34240 - "POST /v1/completions HTTP/1.1" 200 OK
(APIServer pid=3210476) INFO:     127.0.0.1:34254 - "POST /v1/completions HTTP/1.1" 200 OK
(APIServer pid=3210476) INFO:     127.0.0.1:34268 - "POST /v1/completions HTTP/1.1" 200 OK
(APIServer pid=3210476) INFO:     127.0.0.1:34272 - "POST /v1/completions HTTP/1.1" 200 OK
(APIServer pid=3210476) INFO:     127.0.0.1:34278 - "POST /v1/completions HTTP/1.1" 200 OK
(APIServer pid=3210476) INFO:     127.0.0.1:34286 - "POST /v1/completions HTTP/1.1" 200 OK
(APIServer pid=3210476) INFO:     127.0.0.1:34288 - "POST /v1/completions HTTP/1.1" 200 OK
(APIServer pid=3210476) INFO:     127.0.0.1:34304 - "POST /v1/completions HTTP/1.1" 200 OK
(APIServer pid=3210476) INFO:     127.0.0.1:34314 - "POST /v1/completions HTTP/1.1" 200 OK
(APIServer pid=3210476) INFO:     127.0.0.1:34330 - "POST /v1/completions HTTP/1.1" 200 OK
(APIServer pid=3210476) INFO:     127.0.0.1:34346 - "POST /v1/completions HTTP/1.1" 200 OK
(APIServer pid=3210476) INFO:     127.0.0.1:34348 - "POST /v1/completions HTTP/1.1" 200 OK
(APIServer pid=3210476) INFO:     127.0.0.1:34354 - "POST /v1/completions HTTP/1.1" 200 OK
(APIServer pid=3210476) INFO:     127.0.0.1:34370 - "POST /v1/completions HTTP/1.1" 200 OK
(APIServer pid=3210476) INFO:     127.0.0.1:34374 - "POST /v1/completions HTTP/1.1" 200 OK
(APIServer pid=3210476) INFO:     127.0.0.1:34390 - "POST /v1/completions HTTP/1.1" 200 OK
(APIServer pid=3210476) INFO:     127.0.0.1:34406 - "POST /v1/completions HTTP/1.1" 200 OK
(APIServer pid=3210476) INFO:     127.0.0.1:34412 - "POST /v1/completions HTTP/1.1" 200 OK
(APIServer pid=3210476) INFO:     127.0.0.1:34414 - "POST /v1/completions HTTP/1.1" 200 OK
(APIServer pid=3210476) INFO:     127.0.0.1:34418 - "POST /v1/completions HTTP/1.1" 200 OK
(APIServer pid=3210476) INFO:     127.0.0.1:34422 - "POST /v1/completions HTTP/1.1" 200 OK
(APIServer pid=3210476) INFO:     127.0.0.1:34428 - "POST /v1/completions HTTP/1.1" 200 OK
(APIServer pid=3210476) INFO:     127.0.0.1:34430 - "POST /v1/completions HTTP/1.1" 200 OK
(APIServer pid=3210476) INFO:     127.0.0.1:34432 - "POST /v1/completions HTTP/1.1" 200 OK
(APIServer pid=3210476) INFO:     127.0.0.1:34434 - "POST /v1/completions HTTP/1.1" 200 OK
(APIServer pid=3210476) INFO:     127.0.0.1:34448 - "POST /v1/completions HTTP/1.1" 200 OK
(APIServer pid=3210476) INFO:     127.0.0.1:34456 - "POST /v1/completions HTTP/1.1" 200 OK
(APIServer pid=3210476) INFO:     127.0.0.1:34464 - "POST /v1/completions HTTP/1.1" 200 OK
(APIServer pid=3210476) INFO:     127.0.0.1:34472 - "POST /v1/completions HTTP/1.1" 200 OK
(APIServer pid=3210476) INFO:     127.0.0.1:34486 - "POST /v1/completions HTTP/1.1" 200 OK
(APIServer pid=3210476) INFO:     127.0.0.1:34488 - "POST /v1/completions HTTP/1.1" 200 OK
(APIServer pid=3210476) INFO:     127.0.0.1:34496 - "POST /v1/completions HTTP/1.1" 200 OK
(APIServer pid=3210476) INFO:     127.0.0.1:34506 - "POST /v1/completions HTTP/1.1" 200 OK
(APIServer pid=3210476) INFO:     127.0.0.1:34512 - "POST /v1/completions HTTP/1.1" 200 OK
(APIServer pid=3210476) INFO 07-08 11:09:04 [loggers.py:271] Engine 000: Avg prompt throughput: 86.5 tokens/s, Avg generation throughput: 1460.7 tokens/s, Running: 64 reqs, Waiting: 0 reqs, GPU KV cache usage: 1.0%, Prefix cache hit rate: 86.2%
(APIServer pid=3210476) INFO:     127.0.0.1:50138 - "GET /metrics HTTP/1.1" 200 OK
(APIServer pid=3210476) INFO:     127.0.0.1:33970 - "POST /v1/completions HTTP/1.1" 200 OK
(APIServer pid=3210476) INFO:     127.0.0.1:34054 - "POST /v1/completions HTTP/1.1" 200 OK
(APIServer pid=3210476) INFO:     127.0.0.1:34082 - "POST /v1/completions HTTP/1.1" 200 OK
(APIServer pid=3210476) INFO:     127.0.0.1:34070 - "POST /v1/completions HTTP/1.1" 200 OK
(APIServer pid=3210476) INFO:     127.0.0.1:34044 - "POST /v1/completions HTTP/1.1" 200 OK
(APIServer pid=3210476) INFO:     127.0.0.1:33998 - "POST /v1/completions HTTP/1.1" 200 OK
(APIServer pid=3210476) INFO:     127.0.0.1:34032 - "POST /v1/completions HTTP/1.1" 200 OK
(APIServer pid=3210476) INFO:     127.0.0.1:34022 - "POST /v1/completions HTTP/1.1" 200 OK
(APIServer pid=3210476) INFO:     127.0.0.1:33982 - "POST /v1/completions HTTP/1.1" 200 OK
(APIServer pid=3210476) INFO:     127.0.0.1:34014 - "POST /v1/completions HTTP/1.1" 200 OK
(APIServer pid=3210476) INFO:     127.0.0.1:33984 - "POST /v1/completions HTTP/1.1" 200 OK
(APIServer pid=3210476) INFO:     127.0.0.1:34138 - "POST /v1/completions HTTP/1.1" 200 OK
(APIServer pid=3210476) INFO:     127.0.0.1:34136 - "POST /v1/completions HTTP/1.1" 200 OK
(APIServer pid=3210476) INFO:     127.0.0.1:34124 - "POST /v1/completions HTTP/1.1" 200 OK
(APIServer pid=3210476) INFO:     127.0.0.1:34110 - "POST /v1/completions HTTP/1.1" 200 OK
(APIServer pid=3210476) INFO:     127.0.0.1:34100 - "POST /v1/completions HTTP/1.1" 200 OK
(APIServer pid=3210476) INFO:     127.0.0.1:34092 - "POST /v1/completions HTTP/1.1" 200 OK
(APIServer pid=3210476) INFO:     127.0.0.1:34084 - "POST /v1/completions HTTP/1.1" 200 OK
(APIServer pid=3210476) INFO:     127.0.0.1:34272 - "POST /v1/completions HTTP/1.1" 200 OK
(APIServer pid=3210476) INFO:     127.0.0.1:34268 - "POST /v1/completions HTTP/1.1" 200 OK
(APIServer pid=3210476) INFO:     127.0.0.1:34254 - "POST /v1/completions HTTP/1.1" 200 OK
(APIServer pid=3210476) INFO:     127.0.0.1:34240 - "POST /v1/completions HTTP/1.1" 200 OK
(APIServer pid=3210476) INFO:     127.0.0.1:34238 - "POST /v1/completions HTTP/1.1" 200 OK
(APIServer pid=3210476) INFO:     127.0.0.1:34230 - "POST /v1/completions HTTP/1.1" 200 OK
(APIServer pid=3210476) INFO:     127.0.0.1:34222 - "POST /v1/completions HTTP/1.1" 200 OK
(APIServer pid=3210476) INFO:     127.0.0.1:34218 - "POST /v1/completions HTTP/1.1" 200 OK
(APIServer pid=3210476) INFO:     127.0.0.1:34210 - "POST /v1/completions HTTP/1.1" 200 OK
(APIServer pid=3210476) INFO:     127.0.0.1:34204 - "POST /v1/completions HTTP/1.1" 200 OK
(APIServer pid=3210476) INFO:     127.0.0.1:34172 - "POST /v1/completions HTTP/1.1" 200 OK
(APIServer pid=3210476) INFO:     127.0.0.1:34164 - "POST /v1/completions HTTP/1.1" 200 OK
(APIServer pid=3210476) INFO:     127.0.0.1:34150 - "POST /v1/completions HTTP/1.1" 200 OK
(APIServer pid=3210476) INFO:     127.0.0.1:34188 - "POST /v1/completions HTTP/1.1" 200 OK
(APIServer pid=3210476) INFO:     127.0.0.1:34196 - "POST /v1/completions HTTP/1.1" 200 OK
(APIServer pid=3210476) INFO:     127.0.0.1:34370 - "POST /v1/completions HTTP/1.1" 200 OK
(APIServer pid=3210476) INFO:     127.0.0.1:34346 - "POST /v1/completions HTTP/1.1" 200 OK
(APIServer pid=3210476) INFO:     127.0.0.1:34330 - "POST /v1/completions HTTP/1.1" 200 OK
(APIServer pid=3210476) INFO:     127.0.0.1:34314 - "POST /v1/completions HTTP/1.1" 200 OK
(APIServer pid=3210476) INFO:     127.0.0.1:34304 - "POST /v1/completions HTTP/1.1" 200 OK
(APIServer pid=3210476) INFO:     127.0.0.1:34354 - "POST /v1/completions HTTP/1.1" 200 OK
(APIServer pid=3210476) INFO:     127.0.0.1:34348 - "POST /v1/completions HTTP/1.1" 200 OK
(APIServer pid=3210476) INFO:     127.0.0.1:34288 - "POST /v1/completions HTTP/1.1" 200 OK
(APIServer pid=3210476) INFO:     127.0.0.1:34286 - "POST /v1/completions HTTP/1.1" 200 OK
(APIServer pid=3210476) INFO:     127.0.0.1:34278 - "POST /v1/completions HTTP/1.1" 200 OK
(APIServer pid=3210476) INFO:     127.0.0.1:34512 - "POST /v1/completions HTTP/1.1" 200 OK
(APIServer pid=3210476) INFO:     127.0.0.1:34506 - "POST /v1/completions HTTP/1.1" 200 OK
(APIServer pid=3210476) INFO:     127.0.0.1:34496 - "POST /v1/completions HTTP/1.1" 200 OK
(APIServer pid=3210476) INFO:     127.0.0.1:34488 - "POST /v1/completions HTTP/1.1" 200 OK
(APIServer pid=3210476) INFO:     127.0.0.1:34486 - "POST /v1/completions HTTP/1.1" 200 OK
(APIServer pid=3210476) INFO:     127.0.0.1:34472 - "POST /v1/completions HTTP/1.1" 200 OK
(APIServer pid=3210476) INFO:     127.0.0.1:34464 - "POST /v1/completions HTTP/1.1" 200 OK
(APIServer pid=3210476) INFO:     127.0.0.1:34456 - "POST /v1/completions HTTP/1.1" 200 OK
(APIServer pid=3210476) INFO:     127.0.0.1:34448 - "POST /v1/completions HTTP/1.1" 200 OK
(APIServer pid=3210476) INFO:     127.0.0.1:34434 - "POST /v1/completions HTTP/1.1" 200 OK
(APIServer pid=3210476) INFO:     127.0.0.1:34432 - "POST /v1/completions HTTP/1.1" 200 OK
(APIServer pid=3210476) INFO:     127.0.0.1:34430 - "POST /v1/completions HTTP/1.1" 200 OK
(APIServer pid=3210476) INFO:     127.0.0.1:34428 - "POST /v1/completions HTTP/1.1" 200 OK
(APIServer pid=3210476) INFO:     127.0.0.1:34422 - "POST /v1/completions HTTP/1.1" 200 OK
(APIServer pid=3210476) INFO:     127.0.0.1:34418 - "POST /v1/completions HTTP/1.1" 200 OK
(APIServer pid=3210476) INFO:     127.0.0.1:34414 - "POST /v1/completions HTTP/1.1" 200 OK
(APIServer pid=3210476) INFO:     127.0.0.1:34412 - "POST /v1/completions HTTP/1.1" 200 OK
(APIServer pid=3210476) INFO:     127.0.0.1:34406 - "POST /v1/completions HTTP/1.1" 200 OK
(APIServer pid=3210476) INFO:     127.0.0.1:34390 - "POST /v1/completions HTTP/1.1" 200 OK
(APIServer pid=3210476) INFO:     127.0.0.1:34374 - "POST /v1/completions HTTP/1.1" 200 OK
(APIServer pid=3210476) INFO:     127.0.0.1:50138 - "POST /v1/completions HTTP/1.1" 200 OK
(APIServer pid=3210476) INFO:     127.0.0.1:55202 - "POST /v1/completions HTTP/1.1" 200 OK
(APIServer pid=3210476) INFO:     127.0.0.1:55214 - "POST /v1/completions HTTP/1.1" 200 OK
(APIServer pid=3210476) INFO:     127.0.0.1:55228 - "POST /v1/completions HTTP/1.1" 200 OK
(APIServer pid=3210476) INFO:     127.0.0.1:55234 - "POST /v1/completions HTTP/1.1" 200 OK
(APIServer pid=3210476) INFO:     127.0.0.1:55244 - "POST /v1/completions HTTP/1.1" 200 OK
(APIServer pid=3210476) INFO:     127.0.0.1:55250 - "POST /v1/completions HTTP/1.1" 200 OK
(APIServer pid=3210476) INFO:     127.0.0.1:55254 - "POST /v1/completions HTTP/1.1" 200 OK
(APIServer pid=3210476) INFO:     127.0.0.1:55256 - "POST /v1/completions HTTP/1.1" 200 OK
(APIServer pid=3210476) INFO:     127.0.0.1:55258 - "POST /v1/completions HTTP/1.1" 200 OK
(APIServer pid=3210476) INFO:     127.0.0.1:55268 - "POST /v1/completions HTTP/1.1" 200 OK
(APIServer pid=3210476) INFO:     127.0.0.1:55276 - "POST /v1/completions HTTP/1.1" 200 OK
(APIServer pid=3210476) INFO:     127.0.0.1:55284 - "POST /v1/completions HTTP/1.1" 200 OK
(APIServer pid=3210476) INFO:     127.0.0.1:55296 - "POST /v1/completions HTTP/1.1" 200 OK
(APIServer pid=3210476) INFO:     127.0.0.1:55306 - "POST /v1/completions HTTP/1.1" 200 OK
(APIServer pid=3210476) INFO:     127.0.0.1:55316 - "POST /v1/completions HTTP/1.1" 200 OK
(APIServer pid=3210476) INFO:     127.0.0.1:55324 - "POST /v1/completions HTTP/1.1" 200 OK
(APIServer pid=3210476) INFO:     127.0.0.1:55340 - "POST /v1/completions HTTP/1.1" 200 OK
(APIServer pid=3210476) INFO:     127.0.0.1:55348 - "POST /v1/completions HTTP/1.1" 200 OK
(APIServer pid=3210476) INFO:     127.0.0.1:55350 - "POST /v1/completions HTTP/1.1" 200 OK
(APIServer pid=3210476) INFO:     127.0.0.1:55364 - "POST /v1/completions HTTP/1.1" 200 OK
(APIServer pid=3210476) INFO:     127.0.0.1:55372 - "POST /v1/completions HTTP/1.1" 200 OK
(APIServer pid=3210476) INFO:     127.0.0.1:55384 - "POST /v1/completions HTTP/1.1" 200 OK
(APIServer pid=3210476) INFO:     127.0.0.1:55398 - "POST /v1/completions HTTP/1.1" 200 OK
(APIServer pid=3210476) INFO:     127.0.0.1:55406 - "POST /v1/completions HTTP/1.1" 200 OK
(APIServer pid=3210476) INFO:     127.0.0.1:55414 - "POST /v1/completions HTTP/1.1" 200 OK
(APIServer pid=3210476) INFO:     127.0.0.1:55426 - "POST /v1/completions HTTP/1.1" 200 OK
(APIServer pid=3210476) INFO:     127.0.0.1:55434 - "POST /v1/completions HTTP/1.1" 200 OK
(APIServer pid=3210476) INFO:     127.0.0.1:55450 - "POST /v1/completions HTTP/1.1" 200 OK
(APIServer pid=3210476) INFO:     127.0.0.1:55466 - "POST /v1/completions HTTP/1.1" 200 OK
(APIServer pid=3210476) INFO:     127.0.0.1:55476 - "POST /v1/completions HTTP/1.1" 200 OK
(APIServer pid=3210476) INFO:     127.0.0.1:55484 - "POST /v1/completions HTTP/1.1" 200 OK
(APIServer pid=3210476) INFO:     127.0.0.1:55490 - "POST /v1/completions HTTP/1.1" 200 OK
(APIServer pid=3210476) INFO:     127.0.0.1:55500 - "POST /v1/completions HTTP/1.1" 200 OK
(APIServer pid=3210476) INFO:     127.0.0.1:55510 - "POST /v1/completions HTTP/1.1" 200 OK
(APIServer pid=3210476) INFO:     127.0.0.1:55516 - "POST /v1/completions HTTP/1.1" 200 OK
(APIServer pid=3210476) INFO:     127.0.0.1:55526 - "POST /v1/completions HTTP/1.1" 200 OK
(APIServer pid=3210476) INFO:     127.0.0.1:55530 - "POST /v1/completions HTTP/1.1" 200 OK
(APIServer pid=3210476) INFO:     127.0.0.1:55538 - "POST /v1/completions HTTP/1.1" 200 OK
(APIServer pid=3210476) INFO:     127.0.0.1:55546 - "POST /v1/completions HTTP/1.1" 200 OK
(APIServer pid=3210476) INFO:     127.0.0.1:55556 - "POST /v1/completions HTTP/1.1" 200 OK
(APIServer pid=3210476) INFO:     127.0.0.1:55572 - "POST /v1/completions HTTP/1.1" 200 OK
(APIServer pid=3210476) INFO:     127.0.0.1:55578 - "POST /v1/completions HTTP/1.1" 200 OK
(APIServer pid=3210476) INFO:     127.0.0.1:55582 - "POST /v1/completions HTTP/1.1" 200 OK
(APIServer pid=3210476) INFO:     127.0.0.1:55596 - "POST /v1/completions HTTP/1.1" 200 OK
(APIServer pid=3210476) INFO:     127.0.0.1:55612 - "POST /v1/completions HTTP/1.1" 200 OK
(APIServer pid=3210476) INFO:     127.0.0.1:55616 - "POST /v1/completions HTTP/1.1" 200 OK
(APIServer pid=3210476) INFO:     127.0.0.1:55630 - "POST /v1/completions HTTP/1.1" 200 OK
(APIServer pid=3210476) INFO:     127.0.0.1:55632 - "POST /v1/completions HTTP/1.1" 200 OK
(APIServer pid=3210476) INFO:     127.0.0.1:55646 - "POST /v1/completions HTTP/1.1" 200 OK
(APIServer pid=3210476) INFO:     127.0.0.1:55652 - "POST /v1/completions HTTP/1.1" 200 OK
(APIServer pid=3210476) INFO:     127.0.0.1:55664 - "POST /v1/completions HTTP/1.1" 200 OK
(APIServer pid=3210476) INFO:     127.0.0.1:55678 - "POST /v1/completions HTTP/1.1" 200 OK
(APIServer pid=3210476) INFO:     127.0.0.1:55690 - "POST /v1/completions HTTP/1.1" 200 OK
(APIServer pid=3210476) INFO:     127.0.0.1:55702 - "POST /v1/completions HTTP/1.1" 200 OK
(APIServer pid=3210476) INFO:     127.0.0.1:55706 - "POST /v1/completions HTTP/1.1" 200 OK
(APIServer pid=3210476) INFO:     127.0.0.1:55718 - "POST /v1/completions HTTP/1.1" 200 OK
(APIServer pid=3210476) INFO:     127.0.0.1:55720 - "POST /v1/completions HTTP/1.1" 200 OK
(APIServer pid=3210476) INFO:     127.0.0.1:55734 - "POST /v1/completions HTTP/1.1" 200 OK
(APIServer pid=3210476) INFO:     127.0.0.1:55744 - "POST /v1/completions HTTP/1.1" 200 OK
(APIServer pid=3210476) INFO:     127.0.0.1:55750 - "POST /v1/completions HTTP/1.1" 200 OK
(APIServer pid=3210476) INFO:     127.0.0.1:55760 - "POST /v1/completions HTTP/1.1" 200 OK
(APIServer pid=3210476) INFO:     127.0.0.1:55774 - "POST /v1/completions HTTP/1.1" 200 OK
(APIServer pid=3210476) INFO:     127.0.0.1:55782 - "POST /v1/completions HTTP/1.1" 200 OK
(APIServer pid=3210476) INFO:     127.0.0.1:55792 - "POST /v1/completions HTTP/1.1" 200 OK
(APIServer pid=3210476) INFO:     127.0.0.1:55802 - "POST /v1/completions HTTP/1.1" 200 OK
(APIServer pid=3210476) INFO:     127.0.0.1:55804 - "POST /v1/completions HTTP/1.1" 200 OK
(APIServer pid=3210476) INFO:     127.0.0.1:55812 - "POST /v1/completions HTTP/1.1" 200 OK
(APIServer pid=3210476) INFO:     127.0.0.1:55818 - "POST /v1/completions HTTP/1.1" 200 OK
(APIServer pid=3210476) INFO:     127.0.0.1:55820 - "POST /v1/completions HTTP/1.1" 200 OK
(APIServer pid=3210476) INFO:     127.0.0.1:55834 - "POST /v1/completions HTTP/1.1" 200 OK
(APIServer pid=3210476) INFO:     127.0.0.1:55850 - "POST /v1/completions HTTP/1.1" 200 OK
(APIServer pid=3210476) INFO:     127.0.0.1:55856 - "POST /v1/completions HTTP/1.1" 200 OK
(APIServer pid=3210476) INFO:     127.0.0.1:55866 - "POST /v1/completions HTTP/1.1" 200 OK
(APIServer pid=3210476) INFO:     127.0.0.1:55870 - "POST /v1/completions HTTP/1.1" 200 OK
(APIServer pid=3210476) INFO:     127.0.0.1:55884 - "POST /v1/completions HTTP/1.1" 200 OK
(APIServer pid=3210476) INFO:     127.0.0.1:55892 - "POST /v1/completions HTTP/1.1" 200 OK
(APIServer pid=3210476) INFO:     127.0.0.1:55908 - "POST /v1/completions HTTP/1.1" 200 OK
(APIServer pid=3210476) INFO:     127.0.0.1:55922 - "POST /v1/completions HTTP/1.1" 200 OK
(APIServer pid=3210476) INFO:     127.0.0.1:55932 - "POST /v1/completions HTTP/1.1" 200 OK
(APIServer pid=3210476) INFO:     127.0.0.1:55942 - "POST /v1/completions HTTP/1.1" 200 OK
(APIServer pid=3210476) INFO:     127.0.0.1:55958 - "POST /v1/completions HTTP/1.1" 200 OK
(APIServer pid=3210476) INFO:     127.0.0.1:55966 - "POST /v1/completions HTTP/1.1" 200 OK
(APIServer pid=3210476) INFO:     127.0.0.1:55978 - "POST /v1/completions HTTP/1.1" 200 OK
(APIServer pid=3210476) INFO:     127.0.0.1:55990 - "POST /v1/completions HTTP/1.1" 200 OK
(APIServer pid=3210476) INFO:     127.0.0.1:55992 - "POST /v1/completions HTTP/1.1" 200 OK
(APIServer pid=3210476) INFO:     127.0.0.1:55998 - "POST /v1/completions HTTP/1.1" 200 OK
(APIServer pid=3210476) INFO:     127.0.0.1:56008 - "POST /v1/completions HTTP/1.1" 200 OK
(APIServer pid=3210476) INFO:     127.0.0.1:56020 - "POST /v1/completions HTTP/1.1" 200 OK
(APIServer pid=3210476) INFO:     127.0.0.1:56034 - "POST /v1/completions HTTP/1.1" 200 OK
(APIServer pid=3210476) INFO:     127.0.0.1:56036 - "POST /v1/completions HTTP/1.1" 200 OK
(APIServer pid=3210476) INFO:     127.0.0.1:56048 - "POST /v1/completions HTTP/1.1" 200 OK
(APIServer pid=3210476) INFO:     127.0.0.1:56050 - "POST /v1/completions HTTP/1.1" 200 OK
(APIServer pid=3210476) INFO:     127.0.0.1:56060 - "POST /v1/completions HTTP/1.1" 200 OK
(APIServer pid=3210476) INFO:     127.0.0.1:56072 - "POST /v1/completions HTTP/1.1" 200 OK
(APIServer pid=3210476) INFO:     127.0.0.1:56076 - "POST /v1/completions HTTP/1.1" 200 OK
(APIServer pid=3210476) INFO:     127.0.0.1:56084 - "POST /v1/completions HTTP/1.1" 200 OK
(APIServer pid=3210476) INFO:     127.0.0.1:56086 - "POST /v1/completions HTTP/1.1" 200 OK
(APIServer pid=3210476) INFO:     127.0.0.1:56094 - "POST /v1/completions HTTP/1.1" 200 OK
(APIServer pid=3210476) INFO:     127.0.0.1:56098 - "POST /v1/completions HTTP/1.1" 200 OK
(APIServer pid=3210476) INFO:     127.0.0.1:56106 - "POST /v1/completions HTTP/1.1" 200 OK
(APIServer pid=3210476) INFO:     127.0.0.1:56120 - "POST /v1/completions HTTP/1.1" 200 OK
(APIServer pid=3210476) INFO:     127.0.0.1:56136 - "POST /v1/completions HTTP/1.1" 200 OK
(APIServer pid=3210476) INFO:     127.0.0.1:56152 - "POST /v1/completions HTTP/1.1" 200 OK
(APIServer pid=3210476) INFO:     127.0.0.1:56164 - "POST /v1/completions HTTP/1.1" 200 OK
(APIServer pid=3210476) INFO:     127.0.0.1:56174 - "POST /v1/completions HTTP/1.1" 200 OK
(APIServer pid=3210476) INFO:     127.0.0.1:56182 - "POST /v1/completions HTTP/1.1" 200 OK
(APIServer pid=3210476) INFO:     127.0.0.1:56196 - "POST /v1/completions HTTP/1.1" 200 OK
(APIServer pid=3210476) INFO:     127.0.0.1:56212 - "POST /v1/completions HTTP/1.1" 200 OK
(APIServer pid=3210476) INFO:     127.0.0.1:56216 - "POST /v1/completions HTTP/1.1" 200 OK
(APIServer pid=3210476) INFO:     127.0.0.1:56230 - "POST /v1/completions HTTP/1.1" 200 OK
(APIServer pid=3210476) INFO:     127.0.0.1:56236 - "POST /v1/completions HTTP/1.1" 200 OK
(APIServer pid=3210476) INFO:     127.0.0.1:56246 - "POST /v1/completions HTTP/1.1" 200 OK
(APIServer pid=3210476) INFO:     127.0.0.1:56252 - "POST /v1/completions HTTP/1.1" 200 OK
(APIServer pid=3210476) INFO:     127.0.0.1:56258 - "POST /v1/completions HTTP/1.1" 200 OK
(APIServer pid=3210476) INFO:     127.0.0.1:56262 - "POST /v1/completions HTTP/1.1" 200 OK
(APIServer pid=3210476) INFO:     127.0.0.1:56276 - "POST /v1/completions HTTP/1.1" 200 OK
(APIServer pid=3210476) INFO:     127.0.0.1:56284 - "POST /v1/completions HTTP/1.1" 200 OK
(APIServer pid=3210476) INFO:     127.0.0.1:56296 - "POST /v1/completions HTTP/1.1" 200 OK
(APIServer pid=3210476) INFO:     127.0.0.1:56298 - "POST /v1/completions HTTP/1.1" 200 OK
(APIServer pid=3210476) INFO:     127.0.0.1:56308 - "POST /v1/completions HTTP/1.1" 200 OK
(APIServer pid=3210476) INFO:     127.0.0.1:56324 - "POST /v1/completions HTTP/1.1" 200 OK
(APIServer pid=3210476) INFO:     127.0.0.1:56332 - "POST /v1/completions HTTP/1.1" 200 OK
(APIServer pid=3210476) INFO:     127.0.0.1:56344 - "POST /v1/completions HTTP/1.1" 200 OK
(APIServer pid=3210476) INFO:     127.0.0.1:56356 - "POST /v1/completions HTTP/1.1" 200 OK
(APIServer pid=3210476) INFO:     127.0.0.1:56362 - "POST /v1/completions HTTP/1.1" 200 OK
(APIServer pid=3210476) INFO:     127.0.0.1:56376 - "POST /v1/completions HTTP/1.1" 200 OK
(APIServer pid=3210476) INFO:     127.0.0.1:56384 - "POST /v1/completions HTTP/1.1" 200 OK
(APIServer pid=3210476) INFO:     127.0.0.1:56386 - "POST /v1/completions HTTP/1.1" 200 OK
(APIServer pid=3210476) INFO:     127.0.0.1:56398 - "POST /v1/completions HTTP/1.1" 200 OK
(APIServer pid=3210476) INFO:     127.0.0.1:56408 - "POST /v1/completions HTTP/1.1" 200 OK
(APIServer pid=3210476) INFO:     127.0.0.1:56410 - "POST /v1/completions HTTP/1.1" 200 OK
(APIServer pid=3210476) INFO:     127.0.0.1:56416 - "POST /v1/completions HTTP/1.1" 200 OK
(APIServer pid=3210476) INFO:     127.0.0.1:56426 - "POST /v1/completions HTTP/1.1" 200 OK
(APIServer pid=3210476) INFO:     127.0.0.1:56432 - "POST /v1/completions HTTP/1.1" 200 OK
(APIServer pid=3210476) INFO:     127.0.0.1:56436 - "POST /v1/completions HTTP/1.1" 200 OK
(APIServer pid=3210476) INFO:     127.0.0.1:56452 - "POST /v1/completions HTTP/1.1" 200 OK
(APIServer pid=3210476) INFO:     127.0.0.1:56460 - "POST /v1/completions HTTP/1.1" 200 OK
(APIServer pid=3210476) INFO:     127.0.0.1:56462 - "POST /v1/completions HTTP/1.1" 200 OK
(APIServer pid=3210476) INFO:     127.0.0.1:56464 - "POST /v1/completions HTTP/1.1" 200 OK
(APIServer pid=3210476) INFO:     127.0.0.1:56472 - "POST /v1/completions HTTP/1.1" 200 OK
(APIServer pid=3210476) INFO:     127.0.0.1:56478 - "POST /v1/completions HTTP/1.1" 200 OK
(APIServer pid=3210476) INFO:     127.0.0.1:56482 - "POST /v1/completions HTTP/1.1" 200 OK
(APIServer pid=3210476) INFO:     127.0.0.1:56486 - "POST /v1/completions HTTP/1.1" 200 OK
(APIServer pid=3210476) INFO:     127.0.0.1:56496 - "POST /v1/completions HTTP/1.1" 200 OK
(APIServer pid=3210476) INFO:     127.0.0.1:56506 - "POST /v1/completions HTTP/1.1" 200 OK
(APIServer pid=3210476) INFO:     127.0.0.1:56520 - "POST /v1/completions HTTP/1.1" 200 OK
(APIServer pid=3210476) INFO:     127.0.0.1:56522 - "POST /v1/completions HTTP/1.1" 200 OK
(APIServer pid=3210476) INFO:     127.0.0.1:56528 - "POST /v1/completions HTTP/1.1" 200 OK
(APIServer pid=3210476) INFO:     127.0.0.1:56544 - "POST /v1/completions HTTP/1.1" 200 OK
(APIServer pid=3210476) INFO:     127.0.0.1:56556 - "POST /v1/completions HTTP/1.1" 200 OK
(APIServer pid=3210476) INFO:     127.0.0.1:56558 - "POST /v1/completions HTTP/1.1" 200 OK
(APIServer pid=3210476) INFO:     127.0.0.1:56572 - "POST /v1/completions HTTP/1.1" 200 OK
(APIServer pid=3210476) INFO:     127.0.0.1:56576 - "POST /v1/completions HTTP/1.1" 200 OK
(APIServer pid=3210476) INFO:     127.0.0.1:56580 - "POST /v1/completions HTTP/1.1" 200 OK
(APIServer pid=3210476) INFO:     127.0.0.1:56590 - "POST /v1/completions HTTP/1.1" 200 OK
(APIServer pid=3210476) INFO:     127.0.0.1:56596 - "POST /v1/completions HTTP/1.1" 200 OK
(APIServer pid=3210476) INFO:     127.0.0.1:56612 - "POST /v1/completions HTTP/1.1" 200 OK
(APIServer pid=3210476) INFO:     127.0.0.1:56620 - "POST /v1/completions HTTP/1.1" 200 OK
(APIServer pid=3210476) INFO:     127.0.0.1:56636 - "POST /v1/completions HTTP/1.1" 200 OK
(APIServer pid=3210476) INFO:     127.0.0.1:56642 - "POST /v1/completions HTTP/1.1" 200 OK
(APIServer pid=3210476) INFO:     127.0.0.1:56658 - "POST /v1/completions HTTP/1.1" 200 OK
(APIServer pid=3210476) INFO:     127.0.0.1:56668 - "POST /v1/completions HTTP/1.1" 200 OK
(APIServer pid=3210476) INFO:     127.0.0.1:56680 - "POST /v1/completions HTTP/1.1" 200 OK
(APIServer pid=3210476) INFO:     127.0.0.1:56686 - "POST /v1/completions HTTP/1.1" 200 OK
(APIServer pid=3210476) INFO:     127.0.0.1:56692 - "POST /v1/completions HTTP/1.1" 200 OK
(APIServer pid=3210476) INFO:     127.0.0.1:56694 - "POST /v1/completions HTTP/1.1" 200 OK
(APIServer pid=3210476) INFO:     127.0.0.1:56700 - "POST /v1/completions HTTP/1.1" 200 OK
(APIServer pid=3210476) INFO:     127.0.0.1:56712 - "POST /v1/completions HTTP/1.1" 200 OK
(APIServer pid=3210476) INFO:     127.0.0.1:56726 - "POST /v1/completions HTTP/1.1" 200 OK
(APIServer pid=3210476) INFO:     127.0.0.1:56728 - "POST /v1/completions HTTP/1.1" 200 OK
(APIServer pid=3210476) INFO:     127.0.0.1:56736 - "POST /v1/completions HTTP/1.1" 200 OK
(APIServer pid=3210476) INFO:     127.0.0.1:56740 - "POST /v1/completions HTTP/1.1" 200 OK
(APIServer pid=3210476) INFO:     127.0.0.1:56742 - "POST /v1/completions HTTP/1.1" 200 OK
(APIServer pid=3210476) INFO:     127.0.0.1:56750 - "POST /v1/completions HTTP/1.1" 200 OK
(APIServer pid=3210476) INFO:     127.0.0.1:56760 - "POST /v1/completions HTTP/1.1" 200 OK
(APIServer pid=3210476) INFO:     127.0.0.1:56770 - "POST /v1/completions HTTP/1.1" 200 OK
(APIServer pid=3210476) INFO:     127.0.0.1:56780 - "POST /v1/completions HTTP/1.1" 200 OK
(APIServer pid=3210476) INFO:     127.0.0.1:56786 - "POST /v1/completions HTTP/1.1" 200 OK
(APIServer pid=3210476) INFO:     127.0.0.1:56798 - "POST /v1/completions HTTP/1.1" 200 OK
(APIServer pid=3210476) INFO:     127.0.0.1:56806 - "POST /v1/completions HTTP/1.1" 200 OK
(APIServer pid=3210476) INFO:     127.0.0.1:56822 - "POST /v1/completions HTTP/1.1" 200 OK
(APIServer pid=3210476) INFO:     127.0.0.1:56824 - "POST /v1/completions HTTP/1.1" 200 OK
(APIServer pid=3210476) INFO:     127.0.0.1:56840 - "POST /v1/completions HTTP/1.1" 200 OK
(APIServer pid=3210476) INFO:     127.0.0.1:56852 - "POST /v1/completions HTTP/1.1" 200 OK
(APIServer pid=3210476) INFO:     127.0.0.1:56868 - "POST /v1/completions HTTP/1.1" 200 OK
(APIServer pid=3210476) INFO:     127.0.0.1:56878 - "POST /v1/completions HTTP/1.1" 200 OK
(APIServer pid=3210476) INFO:     127.0.0.1:56886 - "POST /v1/completions HTTP/1.1" 200 OK
(APIServer pid=3210476) INFO:     127.0.0.1:56898 - "POST /v1/completions HTTP/1.1" 200 OK
(APIServer pid=3210476) INFO:     127.0.0.1:56902 - "POST /v1/completions HTTP/1.1" 200 OK
(APIServer pid=3210476) INFO:     127.0.0.1:56904 - "POST /v1/completions HTTP/1.1" 200 OK
(APIServer pid=3210476) INFO:     127.0.0.1:56910 - "POST /v1/completions HTTP/1.1" 200 OK
(APIServer pid=3210476) INFO:     127.0.0.1:56914 - "POST /v1/completions HTTP/1.1" 200 OK
(APIServer pid=3210476) INFO 07-08 11:09:14 [loggers.py:271] Engine 000: Avg prompt throughput: 3253.3 tokens/s, Avg generation throughput: 7297.2 tokens/s, Running: 256 reqs, Waiting: 0 reqs, GPU KV cache usage: 3.2%, Prefix cache hit rate: 18.0%
(APIServer pid=3210476) INFO 07-08 11:09:24 [loggers.py:271] Engine 000: Avg prompt throughput: 0.0 tokens/s, Avg generation throughput: 15379.4 tokens/s, Running: 256 reqs, Waiting: 0 reqs, GPU KV cache usage: 11.3%, Prefix cache hit rate: 18.0%
(APIServer pid=3210476) INFO:     127.0.0.1:33970 - "POST /v1/completions HTTP/1.1" 200 OK
(APIServer pid=3210476) INFO:     127.0.0.1:34044 - "POST /v1/completions HTTP/1.1" 200 OK
(APIServer pid=3210476) INFO:     127.0.0.1:34054 - "POST /v1/completions HTTP/1.1" 200 OK
(APIServer pid=3210476) INFO:     127.0.0.1:34070 - "POST /v1/completions HTTP/1.1" 200 OK
(APIServer pid=3210476) INFO:     127.0.0.1:34082 - "POST /v1/completions HTTP/1.1" 200 OK
(APIServer pid=3210476) INFO:     127.0.0.1:33998 - "POST /v1/completions HTTP/1.1" 200 OK
(APIServer pid=3210476) INFO:     127.0.0.1:34032 - "POST /v1/completions HTTP/1.1" 200 OK
(APIServer pid=3210476) INFO:     127.0.0.1:33982 - "POST /v1/completions HTTP/1.1" 200 OK
(APIServer pid=3210476) INFO:     127.0.0.1:34014 - "POST /v1/completions HTTP/1.1" 200 OK
(APIServer pid=3210476) INFO:     127.0.0.1:34022 - "POST /v1/completions HTTP/1.1" 200 OK
(APIServer pid=3210476) INFO:     127.0.0.1:33984 - "POST /v1/completions HTTP/1.1" 200 OK
(APIServer pid=3210476) INFO:     127.0.0.1:34124 - "POST /v1/completions HTTP/1.1" 200 OK
(APIServer pid=3210476) INFO:     127.0.0.1:34084 - "POST /v1/completions HTTP/1.1" 200 OK
(APIServer pid=3210476) INFO:     127.0.0.1:34330 - "POST /v1/completions HTTP/1.1" 200 OK
(APIServer pid=3210476) INFO:     127.0.0.1:34286 - "POST /v1/completions HTTP/1.1" 200 OK
(APIServer pid=3210476) INFO:     127.0.0.1:34254 - "POST /v1/completions HTTP/1.1" 200 OK
(APIServer pid=3210476) INFO:     127.0.0.1:34222 - "POST /v1/completions HTTP/1.1" 200 OK
(APIServer pid=3210476) INFO:     127.0.0.1:34204 - "POST /v1/completions HTTP/1.1" 200 OK
(APIServer pid=3210476) INFO:     127.0.0.1:34164 - "POST /v1/completions HTTP/1.1" 200 OK
(APIServer pid=3210476) INFO:     127.0.0.1:34136 - "POST /v1/completions HTTP/1.1" 200 OK
(APIServer pid=3210476) INFO:     127.0.0.1:34092 - "POST /v1/completions HTTP/1.1" 200 OK
(APIServer pid=3210476) INFO:     127.0.0.1:34346 - "POST /v1/completions HTTP/1.1" 200 OK
(APIServer pid=3210476) INFO:     127.0.0.1:34288 - "POST /v1/completions HTTP/1.1" 200 OK
(APIServer pid=3210476) INFO:     127.0.0.1:34348 - "POST /v1/completions HTTP/1.1" 200 OK
(APIServer pid=3210476) INFO:     127.0.0.1:34268 - "POST /v1/completions HTTP/1.1" 200 OK
(APIServer pid=3210476) INFO:     127.0.0.1:34230 - "POST /v1/completions HTTP/1.1" 200 OK
(APIServer pid=3210476) INFO:     127.0.0.1:34210 - "POST /v1/completions HTTP/1.1" 200 OK
(APIServer pid=3210476) INFO:     127.0.0.1:34172 - "POST /v1/completions HTTP/1.1" 200 OK
(APIServer pid=3210476) INFO:     127.0.0.1:34370 - "POST /v1/completions HTTP/1.1" 200 OK
(APIServer pid=3210476) INFO:     127.0.0.1:34138 - "POST /v1/completions HTTP/1.1" 200 OK
(APIServer pid=3210476) INFO:     127.0.0.1:34100 - "POST /v1/completions HTTP/1.1" 200 OK
(APIServer pid=3210476) INFO:     127.0.0.1:34304 - "POST /v1/completions HTTP/1.1" 200 OK
(APIServer pid=3210476) INFO:     127.0.0.1:34354 - "POST /v1/completions HTTP/1.1" 200 OK
(APIServer pid=3210476) INFO:     127.0.0.1:34272 - "POST /v1/completions HTTP/1.1" 200 OK
(APIServer pid=3210476) INFO:     127.0.0.1:34238 - "POST /v1/completions HTTP/1.1" 200 OK
(APIServer pid=3210476) INFO:     127.0.0.1:34218 - "POST /v1/completions HTTP/1.1" 200 OK
(APIServer pid=3210476) INFO:     127.0.0.1:34188 - "POST /v1/completions HTTP/1.1" 200 OK
(APIServer pid=3210476) INFO:     127.0.0.1:34110 - "POST /v1/completions HTTP/1.1" 200 OK
(APIServer pid=3210476) INFO:     127.0.0.1:34314 - "POST /v1/completions HTTP/1.1" 200 OK
(APIServer pid=3210476) INFO:     127.0.0.1:34240 - "POST /v1/completions HTTP/1.1" 200 OK
(APIServer pid=3210476) INFO:     127.0.0.1:34196 - "POST /v1/completions HTTP/1.1" 200 OK
(APIServer pid=3210476) INFO:     127.0.0.1:34150 - "POST /v1/completions HTTP/1.1" 200 OK
(APIServer pid=3210476) INFO:     127.0.0.1:34278 - "POST /v1/completions HTTP/1.1" 200 OK
(APIServer pid=3210476) INFO:     127.0.0.1:55234 - "POST /v1/completions HTTP/1.1" 200 OK
(APIServer pid=3210476) INFO:     127.0.0.1:55250 - "POST /v1/completions HTTP/1.1" 200 OK
(APIServer pid=3210476) INFO:     127.0.0.1:34496 - "POST /v1/completions HTTP/1.1" 200 OK
(APIServer pid=3210476) INFO:     127.0.0.1:34464 - "POST /v1/completions HTTP/1.1" 200 OK
(APIServer pid=3210476) INFO:     127.0.0.1:34432 - "POST /v1/completions HTTP/1.1" 200 OK
(APIServer pid=3210476) INFO:     127.0.0.1:34418 - "POST /v1/completions HTTP/1.1" 200 OK
(APIServer pid=3210476) INFO:     127.0.0.1:34390 - "POST /v1/completions HTTP/1.1" 200 OK
(APIServer pid=3210476) INFO:     127.0.0.1:55256 - "POST /v1/completions HTTP/1.1" 200 OK
(APIServer pid=3210476) INFO:     127.0.0.1:55202 - "POST /v1/completions HTTP/1.1" 200 OK
(APIServer pid=3210476) INFO:     127.0.0.1:34506 - "POST /v1/completions HTTP/1.1" 200 OK
(APIServer pid=3210476) INFO:     127.0.0.1:34472 - "POST /v1/completions HTTP/1.1" 200 OK
(APIServer pid=3210476) INFO:     127.0.0.1:34434 - "POST /v1/completions HTTP/1.1" 200 OK
(APIServer pid=3210476) INFO:     127.0.0.1:34422 - "POST /v1/completions HTTP/1.1" 200 OK
(APIServer pid=3210476) INFO:     127.0.0.1:34406 - "POST /v1/completions HTTP/1.1" 200 OK
(APIServer pid=3210476) INFO:     127.0.0.1:55228 - "POST /v1/completions HTTP/1.1" 200 OK
(APIServer pid=3210476) INFO:     127.0.0.1:55258 - "POST /v1/completions HTTP/1.1" 200 OK
(APIServer pid=3210476) INFO:     127.0.0.1:34512 - "POST /v1/completions HTTP/1.1" 200 OK
(APIServer pid=3210476) INFO:     127.0.0.1:34486 - "POST /v1/completions HTTP/1.1" 200 OK
(APIServer pid=3210476) INFO:     127.0.0.1:34448 - "POST /v1/completions HTTP/1.1" 200 OK
(APIServer pid=3210476) INFO:     127.0.0.1:50138 - "POST /v1/completions HTTP/1.1" 200 OK
(APIServer pid=3210476) INFO:     127.0.0.1:34428 - "POST /v1/completions HTTP/1.1" 200 OK
(APIServer pid=3210476) INFO:     127.0.0.1:34412 - "POST /v1/completions HTTP/1.1" 200 OK
(APIServer pid=3210476) INFO:     127.0.0.1:55268 - "POST /v1/completions HTTP/1.1" 200 OK
(APIServer pid=3210476) INFO:     127.0.0.1:55214 - "POST /v1/completions HTTP/1.1" 200 OK
(APIServer pid=3210476) INFO:     127.0.0.1:55244 - "POST /v1/completions HTTP/1.1" 200 OK
(APIServer pid=3210476) INFO:     127.0.0.1:34488 - "POST /v1/completions HTTP/1.1" 200 OK
(APIServer pid=3210476) INFO:     127.0.0.1:34456 - "POST /v1/completions HTTP/1.1" 200 OK
(APIServer pid=3210476) INFO:     127.0.0.1:34430 - "POST /v1/completions HTTP/1.1" 200 OK
(APIServer pid=3210476) INFO:     127.0.0.1:34414 - "POST /v1/completions HTTP/1.1" 200 OK
(APIServer pid=3210476) INFO:     127.0.0.1:34374 - "POST /v1/completions HTTP/1.1" 200 OK
(APIServer pid=3210476) INFO:     127.0.0.1:55254 - "POST /v1/completions HTTP/1.1" 200 OK
(APIServer pid=3210476) INFO:     127.0.0.1:55556 - "POST /v1/completions HTTP/1.1" 200 OK
(APIServer pid=3210476) INFO:     127.0.0.1:55276 - "POST /v1/completions HTTP/1.1" 200 OK
(APIServer pid=3210476) INFO:     127.0.0.1:55284 - "POST /v1/completions HTTP/1.1" 200 OK
(APIServer pid=3210476) INFO:     127.0.0.1:55484 - "POST /v1/completions HTTP/1.1" 200 OK
(APIServer pid=3210476) INFO:     127.0.0.1:55450 - "POST /v1/completions HTTP/1.1" 200 OK
(APIServer pid=3210476) INFO:     127.0.0.1:55526 - "POST /v1/completions HTTP/1.1" 200 OK
(APIServer pid=3210476) INFO:     127.0.0.1:55384 - "POST /v1/completions HTTP/1.1" 200 OK
(APIServer pid=3210476) INFO:     127.0.0.1:55364 - "POST /v1/completions HTTP/1.1" 200 OK
(APIServer pid=3210476) INFO:     127.0.0.1:55296 - "POST /v1/completions HTTP/1.1" 200 OK
(APIServer pid=3210476) INFO:     127.0.0.1:55572 - "POST /v1/completions HTTP/1.1" 200 OK
(APIServer pid=3210476) INFO:     127.0.0.1:55490 - "POST /v1/completions HTTP/1.1" 200 OK
(APIServer pid=3210476) INFO:     127.0.0.1:55316 - "POST /v1/completions HTTP/1.1" 200 OK
(APIServer pid=3210476) INFO:     127.0.0.1:55350 - "POST /v1/completions HTTP/1.1" 200 OK
(APIServer pid=3210476) INFO:     127.0.0.1:55324 - "POST /v1/completions HTTP/1.1" 200 OK
(APIServer pid=3210476) INFO:     127.0.0.1:55466 - "POST /v1/completions HTTP/1.1" 200 OK
(APIServer pid=3210476) INFO:     127.0.0.1:55414 - "POST /v1/completions HTTP/1.1" 200 OK
(APIServer pid=3210476) INFO:     127.0.0.1:55530 - "POST /v1/completions HTTP/1.1" 200 OK
(APIServer pid=3210476) INFO:     127.0.0.1:55340 - "POST /v1/completions HTTP/1.1" 200 OK
(APIServer pid=3210476) INFO:     127.0.0.1:55578 - "POST /v1/completions HTTP/1.1" 200 OK
(APIServer pid=3210476) INFO:     127.0.0.1:55500 - "POST /v1/completions HTTP/1.1" 200 OK
(APIServer pid=3210476) INFO:     127.0.0.1:55306 - "POST /v1/completions HTTP/1.1" 200 OK
(APIServer pid=3210476) INFO:     127.0.0.1:55406 - "POST /v1/completions HTTP/1.1" 200 OK
(APIServer pid=3210476) INFO:     127.0.0.1:55426 - "POST /v1/completions HTTP/1.1" 200 OK
(APIServer pid=3210476) INFO:     127.0.0.1:55538 - "POST /v1/completions HTTP/1.1" 200 OK
(APIServer pid=3210476) INFO:     127.0.0.1:55348 - "POST /v1/completions HTTP/1.1" 200 OK
(APIServer pid=3210476) INFO:     127.0.0.1:55510 - "POST /v1/completions HTTP/1.1" 200 OK
(APIServer pid=3210476) INFO:     127.0.0.1:55476 - "POST /v1/completions HTTP/1.1" 200 OK
(APIServer pid=3210476) INFO:     127.0.0.1:55398 - "POST /v1/completions HTTP/1.1" 200 OK
(APIServer pid=3210476) INFO:     127.0.0.1:55434 - "POST /v1/completions HTTP/1.1" 200 OK
(APIServer pid=3210476) INFO:     127.0.0.1:55546 - "POST /v1/completions HTTP/1.1" 200 OK
(APIServer pid=3210476) INFO:     127.0.0.1:55516 - "POST /v1/completions HTTP/1.1" 200 OK
(APIServer pid=3210476) INFO:     127.0.0.1:55372 - "POST /v1/completions HTTP/1.1" 200 OK
(APIServer pid=3210476) INFO:     127.0.0.1:55834 - "POST /v1/completions HTTP/1.1" 200 OK
(APIServer pid=3210476) INFO:     127.0.0.1:55596 - "POST /v1/completions HTTP/1.1" 200 OK
(APIServer pid=3210476) INFO:     127.0.0.1:55678 - "POST /v1/completions HTTP/1.1" 200 OK
(APIServer pid=3210476) INFO:     127.0.0.1:55632 - "POST /v1/completions HTTP/1.1" 200 OK
(APIServer pid=3210476) INFO:     127.0.0.1:55804 - "POST /v1/completions HTTP/1.1" 200 OK
(APIServer pid=3210476) INFO:     127.0.0.1:55774 - "POST /v1/completions HTTP/1.1" 200 OK
(APIServer pid=3210476) INFO:     127.0.0.1:55744 - "POST /v1/completions HTTP/1.1" 200 OK
(APIServer pid=3210476) INFO:     127.0.0.1:55706 - "POST /v1/completions HTTP/1.1" 200 OK
(APIServer pid=3210476) INFO:     127.0.0.1:55850 - "POST /v1/completions HTTP/1.1" 200 OK
(APIServer pid=3210476) INFO:     127.0.0.1:55612 - "POST /v1/completions HTTP/1.1" 200 OK
(APIServer pid=3210476) INFO:     127.0.0.1:55646 - "POST /v1/completions HTTP/1.1" 200 OK
(APIServer pid=3210476) INFO:     127.0.0.1:55812 - "POST /v1/completions HTTP/1.1" 200 OK
(APIServer pid=3210476) INFO:     127.0.0.1:55782 - "POST /v1/completions HTTP/1.1" 200 OK
(APIServer pid=3210476) INFO:     127.0.0.1:55750 - "POST /v1/completions HTTP/1.1" 200 OK
(APIServer pid=3210476) INFO:     127.0.0.1:55718 - "POST /v1/completions HTTP/1.1" 200 OK
(APIServer pid=3210476) INFO:     127.0.0.1:55856 - "POST /v1/completions HTTP/1.1" 200 OK
(APIServer pid=3210476) INFO:     127.0.0.1:55652 - "POST /v1/completions HTTP/1.1" 200 OK
(APIServer pid=3210476) INFO:     127.0.0.1:55616 - "POST /v1/completions HTTP/1.1" 200 OK
(APIServer pid=3210476) INFO:     127.0.0.1:55818 - "POST /v1/completions HTTP/1.1" 200 OK
(APIServer pid=3210476) INFO:     127.0.0.1:55792 - "POST /v1/completions HTTP/1.1" 200 OK
(APIServer pid=3210476) INFO:     127.0.0.1:55720 - "POST /v1/completions HTTP/1.1" 200 OK
(APIServer pid=3210476) INFO:     127.0.0.1:55866 - "POST /v1/completions HTTP/1.1" 200 OK
(APIServer pid=3210476) INFO:     127.0.0.1:55690 - "POST /v1/completions HTTP/1.1" 200 OK
(APIServer pid=3210476) INFO:     127.0.0.1:55820 - "POST /v1/completions HTTP/1.1" 200 OK
(APIServer pid=3210476) INFO:     127.0.0.1:55582 - "POST /v1/completions HTTP/1.1" 200 OK
(APIServer pid=3210476) INFO:     127.0.0.1:55664 - "POST /v1/completions HTTP/1.1" 200 OK
(APIServer pid=3210476) INFO:     127.0.0.1:55630 - "POST /v1/completions HTTP/1.1" 200 OK
(APIServer pid=3210476) INFO:     127.0.0.1:55802 - "POST /v1/completions HTTP/1.1" 200 OK
(APIServer pid=3210476) INFO:     127.0.0.1:55760 - "POST /v1/completions HTTP/1.1" 200 OK
(APIServer pid=3210476) INFO:     127.0.0.1:55734 - "POST /v1/completions HTTP/1.1" 200 OK
(APIServer pid=3210476) INFO:     127.0.0.1:55702 - "POST /v1/completions HTTP/1.1" 200 OK
(APIServer pid=3210476) INFO:     127.0.0.1:56086 - "POST /v1/completions HTTP/1.1" 200 OK
(APIServer pid=3210476) INFO:     127.0.0.1:56072 - "POST /v1/completions HTTP/1.1" 200 OK
(APIServer pid=3210476) INFO:     127.0.0.1:56048 - "POST /v1/completions HTTP/1.1" 200 OK
(APIServer pid=3210476) INFO:     127.0.0.1:56136 - "POST /v1/completions HTTP/1.1" 200 OK
(APIServer pid=3210476) INFO:     127.0.0.1:55998 - "POST /v1/completions HTTP/1.1" 200 OK
(APIServer pid=3210476) INFO:     127.0.0.1:55966 - "POST /v1/completions HTTP/1.1" 200 OK
(APIServer pid=3210476) INFO:     127.0.0.1:55922 - "POST /v1/completions HTTP/1.1" 200 OK
(APIServer pid=3210476) INFO:     127.0.0.1:55884 - "POST /v1/completions HTTP/1.1" 200 OK
(APIServer pid=3210476) INFO:     127.0.0.1:56084 - "POST /v1/completions HTTP/1.1" 200 OK
(APIServer pid=3210476) INFO:     127.0.0.1:56008 - "POST /v1/completions HTTP/1.1" 200 OK
(APIServer pid=3210476) INFO:     127.0.0.1:55978 - "POST /v1/completions HTTP/1.1" 200 OK
(APIServer pid=3210476) INFO:     127.0.0.1:55892 - "POST /v1/completions HTTP/1.1" 200 OK
(APIServer pid=3210476) INFO:     127.0.0.1:55932 - "POST /v1/completions HTTP/1.1" 200 OK
(APIServer pid=3210476) INFO:     127.0.0.1:56076 - "POST /v1/completions HTTP/1.1" 200 OK
(APIServer pid=3210476) INFO:     127.0.0.1:56098 - "POST /v1/completions HTTP/1.1" 200 OK
(APIServer pid=3210476) INFO:     127.0.0.1:56094 - "POST /v1/completions HTTP/1.1" 200 OK
(APIServer pid=3210476) INFO:     127.0.0.1:56020 - "POST /v1/completions HTTP/1.1" 200 OK
(APIServer pid=3210476) INFO:     127.0.0.1:56034 - "POST /v1/completions HTTP/1.1" 200 OK
(APIServer pid=3210476) INFO:     127.0.0.1:55990 - "POST /v1/completions HTTP/1.1" 200 OK
(APIServer pid=3210476) INFO:     127.0.0.1:55908 - "POST /v1/completions HTTP/1.1" 200 OK
(APIServer pid=3210476) INFO:     127.0.0.1:56164 - "POST /v1/completions HTTP/1.1" 200 OK
(APIServer pid=3210476) INFO:     127.0.0.1:55942 - "POST /v1/completions HTTP/1.1" 200 OK
(APIServer pid=3210476) INFO:     127.0.0.1:56050 - "POST /v1/completions HTTP/1.1" 200 OK
(APIServer pid=3210476) INFO:     127.0.0.1:56120 - "POST /v1/completions HTTP/1.1" 200 OK
(APIServer pid=3210476) INFO:     127.0.0.1:56152 - "POST /v1/completions HTTP/1.1" 200 OK
(APIServer pid=3210476) INFO:     127.0.0.1:56060 - "POST /v1/completions HTTP/1.1" 200 OK
(APIServer pid=3210476) INFO:     127.0.0.1:56106 - "POST /v1/completions HTTP/1.1" 200 OK
(APIServer pid=3210476) INFO:     127.0.0.1:56036 - "POST /v1/completions HTTP/1.1" 200 OK
(APIServer pid=3210476) INFO:     127.0.0.1:55992 - "POST /v1/completions HTTP/1.1" 200 OK
(APIServer pid=3210476) INFO:     127.0.0.1:55958 - "POST /v1/completions HTTP/1.1" 200 OK
(APIServer pid=3210476) INFO:     127.0.0.1:55870 - "POST /v1/completions HTTP/1.1" 200 OK
(APIServer pid=3210476) INFO:     127.0.0.1:56376 - "POST /v1/completions HTTP/1.1" 200 OK
(APIServer pid=3210476) INFO:     127.0.0.1:56246 - "POST /v1/completions HTTP/1.1" 200 OK
(APIServer pid=3210476) INFO:     127.0.0.1:56174 - "POST /v1/completions HTTP/1.1" 200 OK
(APIServer pid=3210476) INFO:     127.0.0.1:56408 - "POST /v1/completions HTTP/1.1" 200 OK
(APIServer pid=3210476) INFO:     127.0.0.1:56416 - "POST /v1/completions HTTP/1.1" 200 OK
(APIServer pid=3210476) INFO:     127.0.0.1:56298 - "POST /v1/completions HTTP/1.1" 200 OK
(APIServer pid=3210476) INFO:     127.0.0.1:56182 - "POST /v1/completions HTTP/1.1" 200 OK
(APIServer pid=3210476) INFO:     127.0.0.1:56236 - "POST /v1/completions HTTP/1.1" 200 OK
(APIServer pid=3210476) INFO:     127.0.0.1:56398 - "POST /v1/completions HTTP/1.1" 200 OK
(APIServer pid=3210476) INFO:     127.0.0.1:56308 - "POST /v1/completions HTTP/1.1" 200 OK
(APIServer pid=3210476) INFO:     127.0.0.1:56332 - "POST /v1/completions HTTP/1.1" 200 OK
(APIServer pid=3210476) INFO:     127.0.0.1:56262 - "POST /v1/completions HTTP/1.1" 200 OK
(APIServer pid=3210476) INFO:     127.0.0.1:56426 - "POST /v1/completions HTTP/1.1" 200 OK
(APIServer pid=3210476) INFO:     127.0.0.1:56432 - "POST /v1/completions HTTP/1.1" 200 OK
(APIServer pid=3210476) INFO:     127.0.0.1:56356 - "POST /v1/completions HTTP/1.1" 200 OK
(APIServer pid=3210476) INFO:     127.0.0.1:56258 - "POST /v1/completions HTTP/1.1" 200 OK
(APIServer pid=3210476) INFO:     127.0.0.1:56386 - "POST /v1/completions HTTP/1.1" 200 OK
(APIServer pid=3210476) INFO:     127.0.0.1:56276 - "POST /v1/completions HTTP/1.1" 200 OK
(APIServer pid=3210476) INFO:     127.0.0.1:56212 - "POST /v1/completions HTTP/1.1" 200 OK
(APIServer pid=3210476) INFO:     127.0.0.1:56284 - "POST /v1/completions HTTP/1.1" 200 OK
(APIServer pid=3210476) INFO:     127.0.0.1:56410 - "POST /v1/completions HTTP/1.1" 200 OK
(APIServer pid=3210476) INFO:     127.0.0.1:56384 - "POST /v1/completions HTTP/1.1" 200 OK
(APIServer pid=3210476) INFO:     127.0.0.1:56344 - "POST /v1/completions HTTP/1.1" 200 OK
(APIServer pid=3210476) INFO:     127.0.0.1:56296 - "POST /v1/completions HTTP/1.1" 200 OK
(APIServer pid=3210476) INFO:     127.0.0.1:56196 - "POST /v1/completions HTTP/1.1" 200 OK
(APIServer pid=3210476) INFO:     127.0.0.1:56362 - "POST /v1/completions HTTP/1.1" 200 OK
(APIServer pid=3210476) INFO:     127.0.0.1:56216 - "POST /v1/completions HTTP/1.1" 200 OK
(APIServer pid=3210476) INFO:     127.0.0.1:56230 - "POST /v1/completions HTTP/1.1" 200 OK
(APIServer pid=3210476) INFO:     127.0.0.1:56324 - "POST /v1/completions HTTP/1.1" 200 OK
(APIServer pid=3210476) INFO:     127.0.0.1:56436 - "POST /v1/completions HTTP/1.1" 200 OK
(APIServer pid=3210476) INFO:     127.0.0.1:56252 - "POST /v1/completions HTTP/1.1" 200 OK
(APIServer pid=3210476) INFO:     127.0.0.1:56760 - "POST /v1/completions HTTP/1.1" 200 OK
(APIServer pid=3210476) INFO:     127.0.0.1:56658 - "POST /v1/completions HTTP/1.1" 200 OK
(APIServer pid=3210476) INFO:     127.0.0.1:56520 - "POST /v1/completions HTTP/1.1" 200 OK
(APIServer pid=3210476) INFO:     127.0.0.1:56692 - "POST /v1/completions HTTP/1.1" 200 OK
(APIServer pid=3210476) INFO:     127.0.0.1:56506 - "POST /v1/completions HTTP/1.1" 200 OK
(APIServer pid=3210476) INFO:     127.0.0.1:56902 - "POST /v1/completions HTTP/1.1" 200 OK
(APIServer pid=3210476) INFO:     127.0.0.1:56786 - "POST /v1/completions HTTP/1.1" 200 OK
(APIServer pid=3210476) INFO:     127.0.0.1:56680 - "POST /v1/completions HTTP/1.1" 200 OK
(APIServer pid=3210476) INFO:     127.0.0.1:56556 - "POST /v1/completions HTTP/1.1" 200 OK
(APIServer pid=3210476) INFO:     127.0.0.1:56462 - "POST /v1/completions HTTP/1.1" 200 OK
(APIServer pid=3210476) INFO:     127.0.0.1:56750 - "POST /v1/completions HTTP/1.1" 200 OK
(APIServer pid=3210476) INFO:     127.0.0.1:56452 - "POST /v1/completions HTTP/1.1" 200 OK
(APIServer pid=3210476) INFO:     127.0.0.1:56822 - "POST /v1/completions HTTP/1.1" 200 OK
(APIServer pid=3210476) INFO:     127.0.0.1:56496 - "POST /v1/completions HTTP/1.1" 200 OK
(APIServer pid=3210476) INFO:     127.0.0.1:56736 - "POST /v1/completions HTTP/1.1" 200 OK
(APIServer pid=3210476) INFO:     127.0.0.1:56572 - "POST /v1/completions HTTP/1.1" 200 OK
(APIServer pid=3210476) INFO:     127.0.0.1:56482 - "POST /v1/completions HTTP/1.1" 200 OK
(APIServer pid=3210476) INFO:     127.0.0.1:56806 - "POST /v1/completions HTTP/1.1" 200 OK
(APIServer pid=3210476) INFO:     127.0.0.1:56700 - "POST /v1/completions HTTP/1.1" 200 OK
(APIServer pid=3210476) INFO:     127.0.0.1:56580 - "POST /v1/completions HTTP/1.1" 200 OK
(APIServer pid=3210476) INFO:     127.0.0.1:56478 - "POST /v1/completions HTTP/1.1" 200 OK
(APIServer pid=3210476) INFO:     127.0.0.1:56904 - "POST /v1/completions HTTP/1.1" 200 OK
(APIServer pid=3210476) INFO:     127.0.0.1:56642 - "POST /v1/completions HTTP/1.1" 200 OK
(APIServer pid=3210476) INFO:     127.0.0.1:56840 - "POST /v1/completions HTTP/1.1" 200 OK
(APIServer pid=3210476) INFO:     127.0.0.1:56528 - "POST /v1/completions HTTP/1.1" 200 OK
(APIServer pid=3210476) INFO:     127.0.0.1:56596 - "POST /v1/completions HTTP/1.1" 200 OK
(APIServer pid=3210476) INFO:     127.0.0.1:56852 - "POST /v1/completions HTTP/1.1" 200 OK
(APIServer pid=3210476) INFO:     127.0.0.1:56726 - "POST /v1/completions HTTP/1.1" 200 OK
(APIServer pid=3210476) INFO:     127.0.0.1:56612 - "POST /v1/completions HTTP/1.1" 200 OK
(APIServer pid=3210476) INFO:     127.0.0.1:56770 - "POST /v1/completions HTTP/1.1" 200 OK
(APIServer pid=3210476) INFO:     127.0.0.1:56798 - "POST /v1/completions HTTP/1.1" 200 OK
(APIServer pid=3210476) INFO:     127.0.0.1:56558 - "POST /v1/completions HTTP/1.1" 200 OK
(APIServer pid=3210476) INFO:     127.0.0.1:56636 - "POST /v1/completions HTTP/1.1" 200 OK
(APIServer pid=3210476) INFO:     127.0.0.1:56576 - "POST /v1/completions HTTP/1.1" 200 OK
(APIServer pid=3210476) INFO:     127.0.0.1:56544 - "POST /v1/completions HTTP/1.1" 200 OK
(APIServer pid=3210476) INFO:     127.0.0.1:56486 - "POST /v1/completions HTTP/1.1" 200 OK
(APIServer pid=3210476) INFO:     127.0.0.1:56898 - "POST /v1/completions HTTP/1.1" 200 OK
(APIServer pid=3210476) INFO:     127.0.0.1:56620 - "POST /v1/completions HTTP/1.1" 200 OK
(APIServer pid=3210476) INFO:     127.0.0.1:56886 - "POST /v1/completions HTTP/1.1" 200 OK
(APIServer pid=3210476) INFO:     127.0.0.1:56472 - "POST /v1/completions HTTP/1.1" 200 OK
(APIServer pid=3210476) INFO:     127.0.0.1:56668 - "POST /v1/completions HTTP/1.1" 200 OK
(APIServer pid=3210476) INFO:     127.0.0.1:56914 - "POST /v1/completions HTTP/1.1" 200 OK
(APIServer pid=3210476) INFO:     127.0.0.1:56590 - "POST /v1/completions HTTP/1.1" 200 OK
(APIServer pid=3210476) INFO:     127.0.0.1:56686 - "POST /v1/completions HTTP/1.1" 200 OK
(APIServer pid=3210476) INFO:     127.0.0.1:56824 - "POST /v1/completions HTTP/1.1" 200 OK
(APIServer pid=3210476) INFO:     127.0.0.1:56728 - "POST /v1/completions HTTP/1.1" 200 OK
(APIServer pid=3210476) INFO:     127.0.0.1:56780 - "POST /v1/completions HTTP/1.1" 200 OK
(APIServer pid=3210476) INFO:     127.0.0.1:56694 - "POST /v1/completions HTTP/1.1" 200 OK
(APIServer pid=3210476) INFO:     127.0.0.1:56740 - "POST /v1/completions HTTP/1.1" 200 OK
(APIServer pid=3210476) INFO:     127.0.0.1:56712 - "POST /v1/completions HTTP/1.1" 200 OK
(APIServer pid=3210476) INFO:     127.0.0.1:56878 - "POST /v1/completions HTTP/1.1" 200 OK
(APIServer pid=3210476) INFO:     127.0.0.1:56464 - "POST /v1/completions HTTP/1.1" 200 OK
(APIServer pid=3210476) INFO:     127.0.0.1:56460 - "POST /v1/completions HTTP/1.1" 200 OK
(APIServer pid=3210476) INFO:     127.0.0.1:56522 - "POST /v1/completions HTTP/1.1" 200 OK
(APIServer pid=3210476) INFO:     127.0.0.1:56868 - "POST /v1/completions HTTP/1.1" 200 OK
(APIServer pid=3210476) INFO:     127.0.0.1:56742 - "POST /v1/completions HTTP/1.1" 200 OK
(APIServer pid=3210476) INFO:     127.0.0.1:56910 - "POST /v1/completions HTTP/1.1" 200 OK
(APIServer pid=3210476) INFO 07-08 11:09:34 [loggers.py:271] Engine 000: Avg prompt throughput: 3254.4 tokens/s, Avg generation throughput: 13763.6 tokens/s, Running: 256 reqs, Waiting: 0 reqs, GPU KV cache usage: 4.8%, Prefix cache hit rate: 10.3%
(APIServer pid=3210476) INFO 07-08 11:09:44 [loggers.py:271] Engine 000: Avg prompt throughput: 0.0 tokens/s, Avg generation throughput: 15100.1 tokens/s, Running: 256 reqs, Waiting: 0 reqs, GPU KV cache usage: 12.8%, Prefix cache hit rate: 10.3%
(APIServer pid=3210476) INFO:     127.0.0.1:33970 - "GET /metrics HTTP/1.1" 200 OK
(APIServer pid=3210476) INFO 07-08 11:09:54 [loggers.py:271] Engine 000: Avg prompt throughput: 0.0 tokens/s, Avg generation throughput: 5587.3 tokens/s, Running: 0 reqs, Waiting: 0 reqs, GPU KV cache usage: 0.0%, Prefix cache hit rate: 10.3%
(APIServer pid=3210476) INFO:     127.0.0.1:43314 - "POST /v1/completions HTTP/1.1" 200 OK
(APIServer pid=3210476) INFO:     127.0.0.1:43314 - "POST /v1/completions HTTP/1.1" 200 OK
(APIServer pid=3210476) INFO 07-08 11:10:04 [loggers.py:271] Engine 000: Avg prompt throughput: 193.6 tokens/s, Avg generation throughput: 13.8 tokens/s, Running: 1 reqs, Waiting: 0 reqs, GPU KV cache usage: 0.1%, Prefix cache hit rate: 12.5%
(APIServer pid=3210476) INFO:     127.0.0.1:43318 - "POST /v1/completions HTTP/1.1" 200 OK
(APIServer pid=3210476) INFO:     127.0.0.1:43334 - "POST /v1/completions HTTP/1.1" 200 OK
(APIServer pid=3210476) INFO:     127.0.0.1:43336 - "POST /v1/completions HTTP/1.1" 200 OK
(APIServer pid=3210476) INFO:     127.0.0.1:43344 - "POST /v1/completions HTTP/1.1" 200 OK
(APIServer pid=3210476) INFO:     127.0.0.1:43346 - "POST /v1/completions HTTP/1.1" 200 OK
(APIServer pid=3210476) INFO:     127.0.0.1:43350 - "POST /v1/completions HTTP/1.1" 200 OK
(APIServer pid=3210476) INFO:     127.0.0.1:43358 - "POST /v1/completions HTTP/1.1" 200 OK
(APIServer pid=3210476) INFO:     127.0.0.1:43370 - "POST /v1/completions HTTP/1.1" 200 OK
(APIServer pid=3210476) INFO:     127.0.0.1:43384 - "POST /v1/completions HTTP/1.1" 200 OK
(APIServer pid=3210476) INFO:     127.0.0.1:43396 - "POST /v1/completions HTTP/1.1" 200 OK
(APIServer pid=3210476) INFO:     127.0.0.1:43412 - "POST /v1/completions HTTP/1.1" 200 OK
(APIServer pid=3210476) INFO:     127.0.0.1:43422 - "POST /v1/completions HTTP/1.1" 200 OK
(APIServer pid=3210476) INFO:     127.0.0.1:43436 - "POST /v1/completions HTTP/1.1" 200 OK
(APIServer pid=3210476) INFO:     127.0.0.1:43450 - "POST /v1/completions HTTP/1.1" 200 OK
(APIServer pid=3210476) INFO:     127.0.0.1:43460 - "POST /v1/completions HTTP/1.1" 200 OK
(APIServer pid=3210476) INFO:     127.0.0.1:43466 - "POST /v1/completions HTTP/1.1" 200 OK
(APIServer pid=3210476) INFO:     127.0.0.1:43468 - "POST /v1/completions HTTP/1.1" 200 OK
(APIServer pid=3210476) INFO:     127.0.0.1:43478 - "POST /v1/completions HTTP/1.1" 200 OK
(APIServer pid=3210476) INFO:     127.0.0.1:43484 - "POST /v1/completions HTTP/1.1" 200 OK
(APIServer pid=3210476) INFO:     127.0.0.1:43492 - "POST /v1/completions HTTP/1.1" 200 OK
(APIServer pid=3210476) INFO:     127.0.0.1:43504 - "POST /v1/completions HTTP/1.1" 200 OK
(APIServer pid=3210476) INFO:     127.0.0.1:43506 - "POST /v1/completions HTTP/1.1" 200 OK
(APIServer pid=3210476) INFO:     127.0.0.1:43518 - "POST /v1/completions HTTP/1.1" 200 OK
(APIServer pid=3210476) INFO:     127.0.0.1:43522 - "POST /v1/completions HTTP/1.1" 200 OK
(APIServer pid=3210476) INFO:     127.0.0.1:43538 - "POST /v1/completions HTTP/1.1" 200 OK
(APIServer pid=3210476) INFO:     127.0.0.1:43554 - "POST /v1/completions HTTP/1.1" 200 OK
(APIServer pid=3210476) INFO:     127.0.0.1:43568 - "POST /v1/completions HTTP/1.1" 200 OK
(APIServer pid=3210476) INFO:     127.0.0.1:43576 - "POST /v1/completions HTTP/1.1" 200 OK
(APIServer pid=3210476) INFO:     127.0.0.1:43588 - "POST /v1/completions HTTP/1.1" 200 OK
(APIServer pid=3210476) INFO:     127.0.0.1:43592 - "POST /v1/completions HTTP/1.1" 200 OK
(APIServer pid=3210476) INFO:     127.0.0.1:43594 - "POST /v1/completions HTTP/1.1" 200 OK
(APIServer pid=3210476) INFO:     127.0.0.1:43600 - "POST /v1/completions HTTP/1.1" 200 OK
(APIServer pid=3210476) INFO:     127.0.0.1:43616 - "POST /v1/completions HTTP/1.1" 200 OK
(APIServer pid=3210476) INFO:     127.0.0.1:43618 - "POST /v1/completions HTTP/1.1" 200 OK
(APIServer pid=3210476) INFO:     127.0.0.1:43632 - "POST /v1/completions HTTP/1.1" 200 OK
(APIServer pid=3210476) INFO:     127.0.0.1:43634 - "POST /v1/completions HTTP/1.1" 200 OK
(APIServer pid=3210476) INFO:     127.0.0.1:43646 - "POST /v1/completions HTTP/1.1" 200 OK
(APIServer pid=3210476) INFO:     127.0.0.1:43654 - "POST /v1/completions HTTP/1.1" 200 OK
(APIServer pid=3210476) INFO:     127.0.0.1:43662 - "POST /v1/completions HTTP/1.1" 200 OK
(APIServer pid=3210476) INFO:     127.0.0.1:43674 - "POST /v1/completions HTTP/1.1" 200 OK
(APIServer pid=3210476) INFO:     127.0.0.1:43678 - "POST /v1/completions HTTP/1.1" 200 OK
(APIServer pid=3210476) INFO:     127.0.0.1:43688 - "POST /v1/completions HTTP/1.1" 200 OK
(APIServer pid=3210476) INFO:     127.0.0.1:43704 - "POST /v1/completions HTTP/1.1" 200 OK
(APIServer pid=3210476) INFO:     127.0.0.1:43718 - "POST /v1/completions HTTP/1.1" 200 OK
(APIServer pid=3210476) INFO:     127.0.0.1:43730 - "POST /v1/completions HTTP/1.1" 200 OK
(APIServer pid=3210476) INFO:     127.0.0.1:43746 - "POST /v1/completions HTTP/1.1" 200 OK
(APIServer pid=3210476) INFO:     127.0.0.1:43756 - "POST /v1/completions HTTP/1.1" 200 OK
(APIServer pid=3210476) INFO:     127.0.0.1:43768 - "POST /v1/completions HTTP/1.1" 200 OK
(APIServer pid=3210476) INFO:     127.0.0.1:43770 - "POST /v1/completions HTTP/1.1" 200 OK
(APIServer pid=3210476) INFO:     127.0.0.1:43772 - "POST /v1/completions HTTP/1.1" 200 OK
(APIServer pid=3210476) INFO:     127.0.0.1:43784 - "POST /v1/completions HTTP/1.1" 200 OK
(APIServer pid=3210476) INFO:     127.0.0.1:43786 - "POST /v1/completions HTTP/1.1" 200 OK
(APIServer pid=3210476) INFO:     127.0.0.1:43798 - "POST /v1/completions HTTP/1.1" 200 OK
(APIServer pid=3210476) INFO:     127.0.0.1:43804 - "POST /v1/completions HTTP/1.1" 200 OK
(APIServer pid=3210476) INFO:     127.0.0.1:43814 - "POST /v1/completions HTTP/1.1" 200 OK
(APIServer pid=3210476) INFO:     127.0.0.1:43822 - "POST /v1/completions HTTP/1.1" 200 OK
(APIServer pid=3210476) INFO:     127.0.0.1:43826 - "POST /v1/completions HTTP/1.1" 200 OK
(APIServer pid=3210476) INFO:     127.0.0.1:43828 - "POST /v1/completions HTTP/1.1" 200 OK
(APIServer pid=3210476) INFO:     127.0.0.1:43840 - "POST /v1/completions HTTP/1.1" 200 OK
(APIServer pid=3210476) INFO:     127.0.0.1:43856 - "POST /v1/completions HTTP/1.1" 200 OK
(APIServer pid=3210476) INFO:     127.0.0.1:43864 - "POST /v1/completions HTTP/1.1" 200 OK
(APIServer pid=3210476) INFO:     127.0.0.1:43880 - "POST /v1/completions HTTP/1.1" 200 OK
(APIServer pid=3210476) INFO:     127.0.0.1:43882 - "POST /v1/completions HTTP/1.1" 200 OK
(APIServer pid=3210476) INFO:     127.0.0.1:43314 - "GET /metrics HTTP/1.1" 200 OK
(APIServer pid=3210476) INFO:     127.0.0.1:43506 - "POST /v1/completions HTTP/1.1" 200 OK
(APIServer pid=3210476) INFO:     127.0.0.1:43334 - "POST /v1/completions HTTP/1.1" 200 OK
(APIServer pid=3210476) INFO:     127.0.0.1:43478 - "POST /v1/completions HTTP/1.1" 200 OK
(APIServer pid=3210476) INFO:     127.0.0.1:43484 - "POST /v1/completions HTTP/1.1" 200 OK
(APIServer pid=3210476) INFO:     127.0.0.1:43466 - "POST /v1/completions HTTP/1.1" 200 OK
(APIServer pid=3210476) INFO:     127.0.0.1:43450 - "POST /v1/completions HTTP/1.1" 200 OK
(APIServer pid=3210476) INFO:     127.0.0.1:43460 - "POST /v1/completions HTTP/1.1" 200 OK
(APIServer pid=3210476) INFO:     127.0.0.1:43358 - "POST /v1/completions HTTP/1.1" 200 OK
(APIServer pid=3210476) INFO:     127.0.0.1:43492 - "POST /v1/completions HTTP/1.1" 200 OK
(APIServer pid=3210476) INFO:     127.0.0.1:43518 - "POST /v1/completions HTTP/1.1" 200 OK
(APIServer pid=3210476) INFO:     127.0.0.1:43344 - "POST /v1/completions HTTP/1.1" 200 OK
(APIServer pid=3210476) INFO:     127.0.0.1:43370 - "POST /v1/completions HTTP/1.1" 200 OK
(APIServer pid=3210476) INFO:     127.0.0.1:43396 - "POST /v1/completions HTTP/1.1" 200 OK
(APIServer pid=3210476) INFO:     127.0.0.1:43468 - "POST /v1/completions HTTP/1.1" 200 OK
(APIServer pid=3210476) INFO:     127.0.0.1:43346 - "POST /v1/completions HTTP/1.1" 200 OK
(APIServer pid=3210476) INFO:     127.0.0.1:43384 - "POST /v1/completions HTTP/1.1" 200 OK
(APIServer pid=3210476) INFO:     127.0.0.1:43350 - "POST /v1/completions HTTP/1.1" 200 OK
(APIServer pid=3210476) INFO:     127.0.0.1:43336 - "POST /v1/completions HTTP/1.1" 200 OK
(APIServer pid=3210476) INFO:     127.0.0.1:43412 - "POST /v1/completions HTTP/1.1" 200 OK
(APIServer pid=3210476) INFO:     127.0.0.1:43436 - "POST /v1/completions HTTP/1.1" 200 OK
(APIServer pid=3210476) INFO:     127.0.0.1:43318 - "POST /v1/completions HTTP/1.1" 200 OK
(APIServer pid=3210476) INFO:     127.0.0.1:43422 - "POST /v1/completions HTTP/1.1" 200 OK
(APIServer pid=3210476) INFO:     127.0.0.1:43504 - "POST /v1/completions HTTP/1.1" 200 OK
(APIServer pid=3210476) INFO:     127.0.0.1:43522 - "POST /v1/completions HTTP/1.1" 200 OK
(APIServer pid=3210476) INFO:     127.0.0.1:43538 - "POST /v1/completions HTTP/1.1" 200 OK
(APIServer pid=3210476) INFO:     127.0.0.1:43588 - "POST /v1/completions HTTP/1.1" 200 OK
(APIServer pid=3210476) INFO:     127.0.0.1:43576 - "POST /v1/completions HTTP/1.1" 200 OK
(APIServer pid=3210476) INFO:     127.0.0.1:43600 - "POST /v1/completions HTTP/1.1" 200 OK
(APIServer pid=3210476) INFO:     127.0.0.1:43568 - "POST /v1/completions HTTP/1.1" 200 OK
(APIServer pid=3210476) INFO:     127.0.0.1:43594 - "POST /v1/completions HTTP/1.1" 200 OK
(APIServer pid=3210476) INFO:     127.0.0.1:43592 - "POST /v1/completions HTTP/1.1" 200 OK
(APIServer pid=3210476) INFO:     127.0.0.1:43554 - "POST /v1/completions HTTP/1.1" 200 OK
(APIServer pid=3210476) INFO:     127.0.0.1:43634 - "POST /v1/completions HTTP/1.1" 200 OK
(APIServer pid=3210476) INFO:     127.0.0.1:43632 - "POST /v1/completions HTTP/1.1" 200 OK
(APIServer pid=3210476) INFO:     127.0.0.1:43616 - "POST /v1/completions HTTP/1.1" 200 OK
(APIServer pid=3210476) INFO:     127.0.0.1:43618 - "POST /v1/completions HTTP/1.1" 200 OK
(APIServer pid=3210476) INFO:     127.0.0.1:43654 - "POST /v1/completions HTTP/1.1" 200 OK
(APIServer pid=3210476) INFO:     127.0.0.1:43768 - "POST /v1/completions HTTP/1.1" 200 OK
(APIServer pid=3210476) INFO:     127.0.0.1:43882 - "POST /v1/completions HTTP/1.1" 200 OK
(APIServer pid=3210476) INFO:     127.0.0.1:43770 - "POST /v1/completions HTTP/1.1" 200 OK
(APIServer pid=3210476) INFO:     127.0.0.1:43704 - "POST /v1/completions HTTP/1.1" 200 OK
(APIServer pid=3210476) INFO:     127.0.0.1:43756 - "POST /v1/completions HTTP/1.1" 200 OK
(APIServer pid=3210476) INFO:     127.0.0.1:43730 - "POST /v1/completions HTTP/1.1" 200 OK
(APIServer pid=3210476) INFO:     127.0.0.1:43678 - "POST /v1/completions HTTP/1.1" 200 OK
(APIServer pid=3210476) INFO:     127.0.0.1:43856 - "POST /v1/completions HTTP/1.1" 200 OK
(APIServer pid=3210476) INFO:     127.0.0.1:43786 - "POST /v1/completions HTTP/1.1" 200 OK
(APIServer pid=3210476) INFO:     127.0.0.1:43688 - "POST /v1/completions HTTP/1.1" 200 OK
(APIServer pid=3210476) INFO:     127.0.0.1:43822 - "POST /v1/completions HTTP/1.1" 200 OK
(APIServer pid=3210476) INFO:     127.0.0.1:43772 - "POST /v1/completions HTTP/1.1" 200 OK
(APIServer pid=3210476) INFO:     127.0.0.1:43674 - "POST /v1/completions HTTP/1.1" 200 OK
(APIServer pid=3210476) INFO:     127.0.0.1:43718 - "POST /v1/completions HTTP/1.1" 200 OK
(APIServer pid=3210476) INFO:     127.0.0.1:43646 - "POST /v1/completions HTTP/1.1" 200 OK
(APIServer pid=3210476) INFO:     127.0.0.1:43828 - "POST /v1/completions HTTP/1.1" 200 OK
(APIServer pid=3210476) INFO:     127.0.0.1:43880 - "POST /v1/completions HTTP/1.1" 200 OK
(APIServer pid=3210476) INFO:     127.0.0.1:43746 - "POST /v1/completions HTTP/1.1" 200 OK
(APIServer pid=3210476) INFO:     127.0.0.1:43864 - "POST /v1/completions HTTP/1.1" 200 OK
(APIServer pid=3210476) INFO:     127.0.0.1:43662 - "POST /v1/completions HTTP/1.1" 200 OK
(APIServer pid=3210476) INFO:     127.0.0.1:43798 - "POST /v1/completions HTTP/1.1" 200 OK
(APIServer pid=3210476) INFO:     127.0.0.1:43814 - "POST /v1/completions HTTP/1.1" 200 OK
(APIServer pid=3210476) INFO:     127.0.0.1:43826 - "POST /v1/completions HTTP/1.1" 200 OK
(APIServer pid=3210476) INFO:     127.0.0.1:43840 - "POST /v1/completions HTTP/1.1" 200 OK
(APIServer pid=3210476) INFO:     127.0.0.1:43784 - "POST /v1/completions HTTP/1.1" 200 OK
(APIServer pid=3210476) INFO:     127.0.0.1:43804 - "POST /v1/completions HTTP/1.1" 200 OK
(APIServer pid=3210476) INFO:     127.0.0.1:43314 - "POST /v1/completions HTTP/1.1" 200 OK
(APIServer pid=3210476) INFO:     127.0.0.1:43886 - "POST /v1/completions HTTP/1.1" 200 OK
(APIServer pid=3210476) INFO:     127.0.0.1:43888 - "POST /v1/completions HTTP/1.1" 200 OK
(APIServer pid=3210476) INFO:     127.0.0.1:43904 - "POST /v1/completions HTTP/1.1" 200 OK
(APIServer pid=3210476) INFO:     127.0.0.1:43906 - "POST /v1/completions HTTP/1.1" 200 OK
(APIServer pid=3210476) INFO:     127.0.0.1:43922 - "POST /v1/completions HTTP/1.1" 200 OK
(APIServer pid=3210476) INFO:     127.0.0.1:43930 - "POST /v1/completions HTTP/1.1" 200 OK
(APIServer pid=3210476) INFO:     127.0.0.1:43936 - "POST /v1/completions HTTP/1.1" 200 OK
(APIServer pid=3210476) INFO:     127.0.0.1:43938 - "POST /v1/completions HTTP/1.1" 200 OK
(APIServer pid=3210476) INFO:     127.0.0.1:43946 - "POST /v1/completions HTTP/1.1" 200 OK
(APIServer pid=3210476) INFO:     127.0.0.1:43952 - "POST /v1/completions HTTP/1.1" 200 OK
(APIServer pid=3210476) INFO:     127.0.0.1:43956 - "POST /v1/completions HTTP/1.1" 200 OK
(APIServer pid=3210476) INFO:     127.0.0.1:43964 - "POST /v1/completions HTTP/1.1" 200 OK
(APIServer pid=3210476) INFO:     127.0.0.1:43976 - "POST /v1/completions HTTP/1.1" 200 OK
(APIServer pid=3210476) INFO:     127.0.0.1:43980 - "POST /v1/completions HTTP/1.1" 200 OK
(APIServer pid=3210476) INFO:     127.0.0.1:43986 - "POST /v1/completions HTTP/1.1" 200 OK
(APIServer pid=3210476) INFO:     127.0.0.1:43988 - "POST /v1/completions HTTP/1.1" 200 OK
(APIServer pid=3210476) INFO:     127.0.0.1:43996 - "POST /v1/completions HTTP/1.1" 200 OK
(APIServer pid=3210476) INFO:     127.0.0.1:43998 - "POST /v1/completions HTTP/1.1" 200 OK
(APIServer pid=3210476) INFO:     127.0.0.1:44014 - "POST /v1/completions HTTP/1.1" 200 OK
(APIServer pid=3210476) INFO:     127.0.0.1:44022 - "POST /v1/completions HTTP/1.1" 200 OK
(APIServer pid=3210476) INFO:     127.0.0.1:44024 - "POST /v1/completions HTTP/1.1" 200 OK
(APIServer pid=3210476) INFO:     127.0.0.1:44034 - "POST /v1/completions HTTP/1.1" 200 OK
(APIServer pid=3210476) INFO:     127.0.0.1:44044 - "POST /v1/completions HTTP/1.1" 200 OK
(APIServer pid=3210476) INFO:     127.0.0.1:44052 - "POST /v1/completions HTTP/1.1" 200 OK
(APIServer pid=3210476) INFO:     127.0.0.1:44054 - "POST /v1/completions HTTP/1.1" 200 OK
(APIServer pid=3210476) INFO:     127.0.0.1:44060 - "POST /v1/completions HTTP/1.1" 200 OK
(APIServer pid=3210476) INFO:     127.0.0.1:44068 - "POST /v1/completions HTTP/1.1" 200 OK
(APIServer pid=3210476) INFO:     127.0.0.1:44078 - "POST /v1/completions HTTP/1.1" 200 OK
(APIServer pid=3210476) INFO:     127.0.0.1:44084 - "POST /v1/completions HTTP/1.1" 200 OK
(APIServer pid=3210476) INFO:     127.0.0.1:44092 - "POST /v1/completions HTTP/1.1" 200 OK
(APIServer pid=3210476) INFO:     127.0.0.1:44106 - "POST /v1/completions HTTP/1.1" 200 OK
(APIServer pid=3210476) INFO:     127.0.0.1:44110 - "POST /v1/completions HTTP/1.1" 200 OK
(APIServer pid=3210476) INFO:     127.0.0.1:44114 - "POST /v1/completions HTTP/1.1" 200 OK
(APIServer pid=3210476) INFO:     127.0.0.1:44128 - "POST /v1/completions HTTP/1.1" 200 OK
(APIServer pid=3210476) INFO:     127.0.0.1:44134 - "POST /v1/completions HTTP/1.1" 200 OK
(APIServer pid=3210476) INFO:     127.0.0.1:44136 - "POST /v1/completions HTTP/1.1" 200 OK
(APIServer pid=3210476) INFO:     127.0.0.1:44138 - "POST /v1/completions HTTP/1.1" 200 OK
(APIServer pid=3210476) INFO:     127.0.0.1:44140 - "POST /v1/completions HTTP/1.1" 200 OK
(APIServer pid=3210476) INFO:     127.0.0.1:44154 - "POST /v1/completions HTTP/1.1" 200 OK
(APIServer pid=3210476) INFO:     127.0.0.1:44158 - "POST /v1/completions HTTP/1.1" 200 OK
(APIServer pid=3210476) INFO:     127.0.0.1:44160 - "POST /v1/completions HTTP/1.1" 200 OK
(APIServer pid=3210476) INFO:     127.0.0.1:44174 - "POST /v1/completions HTTP/1.1" 200 OK
(APIServer pid=3210476) INFO:     127.0.0.1:44190 - "POST /v1/completions HTTP/1.1" 200 OK
(APIServer pid=3210476) INFO:     127.0.0.1:44196 - "POST /v1/completions HTTP/1.1" 200 OK
(APIServer pid=3210476) INFO:     127.0.0.1:44206 - "POST /v1/completions HTTP/1.1" 200 OK
(APIServer pid=3210476) INFO:     127.0.0.1:44218 - "POST /v1/completions HTTP/1.1" 200 OK
(APIServer pid=3210476) INFO:     127.0.0.1:44228 - "POST /v1/completions HTTP/1.1" 200 OK
(APIServer pid=3210476) INFO:     127.0.0.1:44232 - "POST /v1/completions HTTP/1.1" 200 OK
(APIServer pid=3210476) INFO:     127.0.0.1:44242 - "POST /v1/completions HTTP/1.1" 200 OK
(APIServer pid=3210476) INFO:     127.0.0.1:44246 - "POST /v1/completions HTTP/1.1" 200 OK
(APIServer pid=3210476) INFO:     127.0.0.1:44256 - "POST /v1/completions HTTP/1.1" 200 OK
(APIServer pid=3210476) INFO:     127.0.0.1:44260 - "POST /v1/completions HTTP/1.1" 200 OK
(APIServer pid=3210476) INFO:     127.0.0.1:44270 - "POST /v1/completions HTTP/1.1" 200 OK
(APIServer pid=3210476) INFO:     127.0.0.1:44272 - "POST /v1/completions HTTP/1.1" 200 OK
(APIServer pid=3210476) INFO:     127.0.0.1:44284 - "POST /v1/completions HTTP/1.1" 200 OK
(APIServer pid=3210476) INFO:     127.0.0.1:44294 - "POST /v1/completions HTTP/1.1" 200 OK
(APIServer pid=3210476) INFO:     127.0.0.1:44296 - "POST /v1/completions HTTP/1.1" 200 OK
(APIServer pid=3210476) INFO:     127.0.0.1:44308 - "POST /v1/completions HTTP/1.1" 200 OK
(APIServer pid=3210476) INFO:     127.0.0.1:44310 - "POST /v1/completions HTTP/1.1" 200 OK
(APIServer pid=3210476) INFO:     127.0.0.1:44320 - "POST /v1/completions HTTP/1.1" 200 OK
(APIServer pid=3210476) INFO:     127.0.0.1:44336 - "POST /v1/completions HTTP/1.1" 200 OK
(APIServer pid=3210476) INFO:     127.0.0.1:44342 - "POST /v1/completions HTTP/1.1" 200 OK
(APIServer pid=3210476) INFO:     127.0.0.1:44348 - "POST /v1/completions HTTP/1.1" 200 OK
(APIServer pid=3210476) INFO:     127.0.0.1:44364 - "POST /v1/completions HTTP/1.1" 200 OK
(APIServer pid=3210476) INFO:     127.0.0.1:44370 - "POST /v1/completions HTTP/1.1" 200 OK
(APIServer pid=3210476) INFO:     127.0.0.1:44378 - "POST /v1/completions HTTP/1.1" 200 OK
(APIServer pid=3210476) INFO:     127.0.0.1:44390 - "POST /v1/completions HTTP/1.1" 200 OK
(APIServer pid=3210476) INFO:     127.0.0.1:44396 - "POST /v1/completions HTTP/1.1" 200 OK
(APIServer pid=3210476) INFO:     127.0.0.1:44408 - "POST /v1/completions HTTP/1.1" 200 OK
(APIServer pid=3210476) INFO:     127.0.0.1:44420 - "POST /v1/completions HTTP/1.1" 200 OK
(APIServer pid=3210476) INFO:     127.0.0.1:44436 - "POST /v1/completions HTTP/1.1" 200 OK
(APIServer pid=3210476) INFO:     127.0.0.1:44438 - "POST /v1/completions HTTP/1.1" 200 OK
(APIServer pid=3210476) INFO:     127.0.0.1:44452 - "POST /v1/completions HTTP/1.1" 200 OK
(APIServer pid=3210476) INFO:     127.0.0.1:44454 - "POST /v1/completions HTTP/1.1" 200 OK
(APIServer pid=3210476) INFO:     127.0.0.1:44458 - "POST /v1/completions HTTP/1.1" 200 OK
(APIServer pid=3210476) INFO:     127.0.0.1:44460 - "POST /v1/completions HTTP/1.1" 200 OK
(APIServer pid=3210476) INFO:     127.0.0.1:44462 - "POST /v1/completions HTTP/1.1" 200 OK
(APIServer pid=3210476) INFO:     127.0.0.1:44474 - "POST /v1/completions HTTP/1.1" 200 OK
(APIServer pid=3210476) INFO:     127.0.0.1:44482 - "POST /v1/completions HTTP/1.1" 200 OK
(APIServer pid=3210476) INFO:     127.0.0.1:44484 - "POST /v1/completions HTTP/1.1" 200 OK
(APIServer pid=3210476) INFO:     127.0.0.1:44488 - "POST /v1/completions HTTP/1.1" 200 OK
(APIServer pid=3210476) INFO:     127.0.0.1:44504 - "POST /v1/completions HTTP/1.1" 200 OK
(APIServer pid=3210476) INFO:     127.0.0.1:44514 - "POST /v1/completions HTTP/1.1" 200 OK
(APIServer pid=3210476) INFO:     127.0.0.1:44526 - "POST /v1/completions HTTP/1.1" 200 OK
(APIServer pid=3210476) INFO:     127.0.0.1:44536 - "POST /v1/completions HTTP/1.1" 200 OK
(APIServer pid=3210476) INFO:     127.0.0.1:44538 - "POST /v1/completions HTTP/1.1" 200 OK
(APIServer pid=3210476) INFO:     127.0.0.1:44542 - "POST /v1/completions HTTP/1.1" 200 OK
(APIServer pid=3210476) INFO:     127.0.0.1:44546 - "POST /v1/completions HTTP/1.1" 200 OK
(APIServer pid=3210476) INFO:     127.0.0.1:44560 - "POST /v1/completions HTTP/1.1" 200 OK
(APIServer pid=3210476) INFO:     127.0.0.1:44572 - "POST /v1/completions HTTP/1.1" 200 OK
(APIServer pid=3210476) INFO:     127.0.0.1:44580 - "POST /v1/completions HTTP/1.1" 200 OK
(APIServer pid=3210476) INFO:     127.0.0.1:44594 - "POST /v1/completions HTTP/1.1" 200 OK
(APIServer pid=3210476) INFO:     127.0.0.1:44604 - "POST /v1/completions HTTP/1.1" 200 OK
(APIServer pid=3210476) INFO:     127.0.0.1:44614 - "POST /v1/completions HTTP/1.1" 200 OK
(APIServer pid=3210476) INFO:     127.0.0.1:44630 - "POST /v1/completions HTTP/1.1" 200 OK
(APIServer pid=3210476) INFO:     127.0.0.1:44646 - "POST /v1/completions HTTP/1.1" 200 OK
(APIServer pid=3210476) INFO:     127.0.0.1:44648 - "POST /v1/completions HTTP/1.1" 200 OK
(APIServer pid=3210476) INFO:     127.0.0.1:44662 - "POST /v1/completions HTTP/1.1" 200 OK
(APIServer pid=3210476) INFO:     127.0.0.1:44670 - "POST /v1/completions HTTP/1.1" 200 OK
(APIServer pid=3210476) INFO:     127.0.0.1:44680 - "POST /v1/completions HTTP/1.1" 200 OK
(APIServer pid=3210476) INFO:     127.0.0.1:44684 - "POST /v1/completions HTTP/1.1" 200 OK
(APIServer pid=3210476) INFO:     127.0.0.1:44686 - "POST /v1/completions HTTP/1.1" 200 OK
(APIServer pid=3210476) INFO:     127.0.0.1:44696 - "POST /v1/completions HTTP/1.1" 200 OK
(APIServer pid=3210476) INFO:     127.0.0.1:44706 - "POST /v1/completions HTTP/1.1" 200 OK
(APIServer pid=3210476) INFO:     127.0.0.1:44716 - "POST /v1/completions HTTP/1.1" 200 OK
(APIServer pid=3210476) INFO:     127.0.0.1:44728 - "POST /v1/completions HTTP/1.1" 200 OK
(APIServer pid=3210476) INFO:     127.0.0.1:44736 - "POST /v1/completions HTTP/1.1" 200 OK
(APIServer pid=3210476) INFO:     127.0.0.1:44744 - "POST /v1/completions HTTP/1.1" 200 OK
(APIServer pid=3210476) INFO:     127.0.0.1:44760 - "POST /v1/completions HTTP/1.1" 200 OK
(APIServer pid=3210476) INFO:     127.0.0.1:44772 - "POST /v1/completions HTTP/1.1" 200 OK
(APIServer pid=3210476) INFO:     127.0.0.1:44784 - "POST /v1/completions HTTP/1.1" 200 OK
(APIServer pid=3210476) INFO:     127.0.0.1:44790 - "POST /v1/completions HTTP/1.1" 200 OK
(APIServer pid=3210476) INFO:     127.0.0.1:44804 - "POST /v1/completions HTTP/1.1" 200 OK
(APIServer pid=3210476) INFO:     127.0.0.1:44814 - "POST /v1/completions HTTP/1.1" 200 OK
(APIServer pid=3210476) INFO:     127.0.0.1:44816 - "POST /v1/completions HTTP/1.1" 200 OK
(APIServer pid=3210476) INFO:     127.0.0.1:44818 - "POST /v1/completions HTTP/1.1" 200 OK
(APIServer pid=3210476) INFO:     127.0.0.1:44828 - "POST /v1/completions HTTP/1.1" 200 OK
(APIServer pid=3210476) INFO:     127.0.0.1:44842 - "POST /v1/completions HTTP/1.1" 200 OK
(APIServer pid=3210476) INFO:     127.0.0.1:44848 - "POST /v1/completions HTTP/1.1" 200 OK
(APIServer pid=3210476) INFO:     127.0.0.1:44850 - "POST /v1/completions HTTP/1.1" 200 OK
(APIServer pid=3210476) INFO:     127.0.0.1:44862 - "POST /v1/completions HTTP/1.1" 200 OK
(APIServer pid=3210476) INFO:     127.0.0.1:44866 - "POST /v1/completions HTTP/1.1" 200 OK
(APIServer pid=3210476) INFO:     127.0.0.1:44868 - "POST /v1/completions HTTP/1.1" 200 OK
(APIServer pid=3210476) INFO:     127.0.0.1:44874 - "POST /v1/completions HTTP/1.1" 200 OK
(APIServer pid=3210476) INFO:     127.0.0.1:44890 - "POST /v1/completions HTTP/1.1" 200 OK
(APIServer pid=3210476) INFO:     127.0.0.1:44900 - "POST /v1/completions HTTP/1.1" 200 OK
(APIServer pid=3210476) INFO:     127.0.0.1:44910 - "POST /v1/completions HTTP/1.1" 200 OK
(APIServer pid=3210476) INFO:     127.0.0.1:44924 - "POST /v1/completions HTTP/1.1" 200 OK
(APIServer pid=3210476) INFO:     127.0.0.1:44932 - "POST /v1/completions HTTP/1.1" 200 OK
(APIServer pid=3210476) INFO:     127.0.0.1:44936 - "POST /v1/completions HTTP/1.1" 200 OK
(APIServer pid=3210476) INFO:     127.0.0.1:44948 - "POST /v1/completions HTTP/1.1" 200 OK
(APIServer pid=3210476) INFO:     127.0.0.1:44954 - "POST /v1/completions HTTP/1.1" 200 OK
(APIServer pid=3210476) INFO:     127.0.0.1:44958 - "POST /v1/completions HTTP/1.1" 200 OK
(APIServer pid=3210476) INFO:     127.0.0.1:44968 - "POST /v1/completions HTTP/1.1" 200 OK
(APIServer pid=3210476) INFO:     127.0.0.1:44974 - "POST /v1/completions HTTP/1.1" 200 OK
(APIServer pid=3210476) INFO:     127.0.0.1:44984 - "POST /v1/completions HTTP/1.1" 200 OK
(APIServer pid=3210476) INFO:     127.0.0.1:44996 - "POST /v1/completions HTTP/1.1" 200 OK
(APIServer pid=3210476) INFO:     127.0.0.1:44998 - "POST /v1/completions HTTP/1.1" 200 OK
(APIServer pid=3210476) INFO:     127.0.0.1:45002 - "POST /v1/completions HTTP/1.1" 200 OK
(APIServer pid=3210476) INFO:     127.0.0.1:45014 - "POST /v1/completions HTTP/1.1" 200 OK
(APIServer pid=3210476) INFO:     127.0.0.1:45026 - "POST /v1/completions HTTP/1.1" 200 OK
(APIServer pid=3210476) INFO:     127.0.0.1:45036 - "POST /v1/completions HTTP/1.1" 200 OK
(APIServer pid=3210476) INFO:     127.0.0.1:45040 - "POST /v1/completions HTTP/1.1" 200 OK
(APIServer pid=3210476) INFO:     127.0.0.1:45056 - "POST /v1/completions HTTP/1.1" 200 OK
(APIServer pid=3210476) INFO:     127.0.0.1:45062 - "POST /v1/completions HTTP/1.1" 200 OK
(APIServer pid=3210476) INFO:     127.0.0.1:45064 - "POST /v1/completions HTTP/1.1" 200 OK
(APIServer pid=3210476) INFO:     127.0.0.1:45072 - "POST /v1/completions HTTP/1.1" 200 OK
(APIServer pid=3210476) INFO:     127.0.0.1:45088 - "POST /v1/completions HTTP/1.1" 200 OK
(APIServer pid=3210476) INFO:     127.0.0.1:45104 - "POST /v1/completions HTTP/1.1" 200 OK
(APIServer pid=3210476) INFO:     127.0.0.1:45116 - "POST /v1/completions HTTP/1.1" 200 OK
(APIServer pid=3210476) INFO:     127.0.0.1:45130 - "POST /v1/completions HTTP/1.1" 200 OK
(APIServer pid=3210476) INFO:     127.0.0.1:45138 - "POST /v1/completions HTTP/1.1" 200 OK
(APIServer pid=3210476) INFO:     127.0.0.1:45144 - "POST /v1/completions HTTP/1.1" 200 OK
(APIServer pid=3210476) INFO:     127.0.0.1:45156 - "POST /v1/completions HTTP/1.1" 200 OK
(APIServer pid=3210476) INFO:     127.0.0.1:45168 - "POST /v1/completions HTTP/1.1" 200 OK
(APIServer pid=3210476) INFO:     127.0.0.1:45176 - "POST /v1/completions HTTP/1.1" 200 OK
(APIServer pid=3210476) INFO:     127.0.0.1:45184 - "POST /v1/completions HTTP/1.1" 200 OK
(APIServer pid=3210476) INFO:     127.0.0.1:45190 - "POST /v1/completions HTTP/1.1" 200 OK
(APIServer pid=3210476) INFO:     127.0.0.1:45204 - "POST /v1/completions HTTP/1.1" 200 OK
(APIServer pid=3210476) INFO:     127.0.0.1:45206 - "POST /v1/completions HTTP/1.1" 200 OK
(APIServer pid=3210476) INFO:     127.0.0.1:45218 - "POST /v1/completions HTTP/1.1" 200 OK
(APIServer pid=3210476) INFO:     127.0.0.1:45230 - "POST /v1/completions HTTP/1.1" 200 OK
(APIServer pid=3210476) INFO:     127.0.0.1:45234 - "POST /v1/completions HTTP/1.1" 200 OK
(APIServer pid=3210476) INFO:     127.0.0.1:45250 - "POST /v1/completions HTTP/1.1" 200 OK
(APIServer pid=3210476) INFO:     127.0.0.1:45252 - "POST /v1/completions HTTP/1.1" 200 OK
(APIServer pid=3210476) INFO:     127.0.0.1:45260 - "POST /v1/completions HTTP/1.1" 200 OK
(APIServer pid=3210476) INFO:     127.0.0.1:45274 - "POST /v1/completions HTTP/1.1" 200 OK
(APIServer pid=3210476) INFO:     127.0.0.1:45288 - "POST /v1/completions HTTP/1.1" 200 OK
(APIServer pid=3210476) INFO:     127.0.0.1:45294 - "POST /v1/completions HTTP/1.1" 200 OK
(APIServer pid=3210476) INFO:     127.0.0.1:45296 - "POST /v1/completions HTTP/1.1" 200 OK
(APIServer pid=3210476) INFO:     127.0.0.1:45310 - "POST /v1/completions HTTP/1.1" 200 OK
(APIServer pid=3210476) INFO:     127.0.0.1:45312 - "POST /v1/completions HTTP/1.1" 200 OK
(APIServer pid=3210476) INFO:     127.0.0.1:45322 - "POST /v1/completions HTTP/1.1" 200 OK
(APIServer pid=3210476) INFO:     127.0.0.1:45334 - "POST /v1/completions HTTP/1.1" 200 OK
(APIServer pid=3210476) INFO:     127.0.0.1:45348 - "POST /v1/completions HTTP/1.1" 200 OK
(APIServer pid=3210476) INFO:     127.0.0.1:45362 - "POST /v1/completions HTTP/1.1" 200 OK
(APIServer pid=3210476) INFO:     127.0.0.1:45364 - "POST /v1/completions HTTP/1.1" 200 OK
(APIServer pid=3210476) INFO:     127.0.0.1:45376 - "POST /v1/completions HTTP/1.1" 200 OK
(APIServer pid=3210476) INFO:     127.0.0.1:45380 - "POST /v1/completions HTTP/1.1" 200 OK
(APIServer pid=3210476) INFO:     127.0.0.1:45390 - "POST /v1/completions HTTP/1.1" 200 OK
(APIServer pid=3210476) INFO:     127.0.0.1:45406 - "POST /v1/completions HTTP/1.1" 200 OK
(APIServer pid=3210476) INFO:     127.0.0.1:45416 - "POST /v1/completions HTTP/1.1" 200 OK
(APIServer pid=3210476) INFO:     127.0.0.1:45418 - "POST /v1/completions HTTP/1.1" 200 OK
(APIServer pid=3210476) INFO:     127.0.0.1:45434 - "POST /v1/completions HTTP/1.1" 200 OK
(APIServer pid=3210476) INFO:     127.0.0.1:45444 - "POST /v1/completions HTTP/1.1" 200 OK
(APIServer pid=3210476) INFO:     127.0.0.1:45454 - "POST /v1/completions HTTP/1.1" 200 OK
(APIServer pid=3210476) INFO:     127.0.0.1:45460 - "POST /v1/completions HTTP/1.1" 200 OK
(APIServer pid=3210476) INFO:     127.0.0.1:45472 - "POST /v1/completions HTTP/1.1" 200 OK
(APIServer pid=3210476) INFO:     127.0.0.1:45478 - "POST /v1/completions HTTP/1.1" 200 OK
(APIServer pid=3210476) INFO:     127.0.0.1:45488 - "POST /v1/completions HTTP/1.1" 200 OK
(APIServer pid=3210476) INFO:     127.0.0.1:45500 - "POST /v1/completions HTTP/1.1" 200 OK
(APIServer pid=3210476) INFO:     127.0.0.1:45512 - "POST /v1/completions HTTP/1.1" 200 OK
(APIServer pid=3210476) INFO 07-08 11:10:14 [loggers.py:271] Engine 000: Avg prompt throughput: 34093.8 tokens/s, Avg generation throughput: 1586.2 tokens/s, Running: 181 reqs, Waiting: 75 reqs, GPU KV cache usage: 20.0%, Prefix cache hit rate: 28.2%
(APIServer pid=3210476) INFO:     127.0.0.1:43506 - "POST /v1/completions HTTP/1.1" 200 OK
(APIServer pid=3210476) INFO:     127.0.0.1:43334 - "POST /v1/completions HTTP/1.1" 200 OK
(APIServer pid=3210476) INFO:     127.0.0.1:43484 - "POST /v1/completions HTTP/1.1" 200 OK
(APIServer pid=3210476) INFO:     127.0.0.1:43478 - "POST /v1/completions HTTP/1.1" 200 OK
(APIServer pid=3210476) INFO:     127.0.0.1:43450 - "POST /v1/completions HTTP/1.1" 200 OK
(APIServer pid=3210476) INFO:     127.0.0.1:43466 - "POST /v1/completions HTTP/1.1" 200 OK
(APIServer pid=3210476) INFO:     127.0.0.1:43358 - "POST /v1/completions HTTP/1.1" 200 OK
(APIServer pid=3210476) INFO:     127.0.0.1:43460 - "POST /v1/completions HTTP/1.1" 200 OK
(APIServer pid=3210476) INFO:     127.0.0.1:43492 - "POST /v1/completions HTTP/1.1" 200 OK
(APIServer pid=3210476) INFO:     127.0.0.1:43518 - "POST /v1/completions HTTP/1.1" 200 OK
(APIServer pid=3210476) INFO:     127.0.0.1:43344 - "POST /v1/completions HTTP/1.1" 200 OK
(APIServer pid=3210476) INFO:     127.0.0.1:43370 - "POST /v1/completions HTTP/1.1" 200 OK
(APIServer pid=3210476) INFO:     127.0.0.1:43468 - "POST /v1/completions HTTP/1.1" 200 OK
(APIServer pid=3210476) INFO:     127.0.0.1:43396 - "POST /v1/completions HTTP/1.1" 200 OK
(APIServer pid=3210476) INFO:     127.0.0.1:43346 - "POST /v1/completions HTTP/1.1" 200 OK
(APIServer pid=3210476) INFO:     127.0.0.1:43384 - "POST /v1/completions HTTP/1.1" 200 OK
(APIServer pid=3210476) INFO:     127.0.0.1:43350 - "POST /v1/completions HTTP/1.1" 200 OK
(APIServer pid=3210476) INFO:     127.0.0.1:43412 - "POST /v1/completions HTTP/1.1" 200 OK
(APIServer pid=3210476) INFO:     127.0.0.1:43336 - "POST /v1/completions HTTP/1.1" 200 OK
(APIServer pid=3210476) INFO:     127.0.0.1:43436 - "POST /v1/completions HTTP/1.1" 200 OK
(APIServer pid=3210476) INFO:     127.0.0.1:43318 - "POST /v1/completions HTTP/1.1" 200 OK
(APIServer pid=3210476) INFO:     127.0.0.1:43504 - "POST /v1/completions HTTP/1.1" 200 OK
(APIServer pid=3210476) INFO:     127.0.0.1:43422 - "POST /v1/completions HTTP/1.1" 200 OK
(APIServer pid=3210476) INFO:     127.0.0.1:43522 - "POST /v1/completions HTTP/1.1" 200 OK
(APIServer pid=3210476) INFO:     127.0.0.1:43538 - "POST /v1/completions HTTP/1.1" 200 OK
(APIServer pid=3210476) INFO:     127.0.0.1:43588 - "POST /v1/completions HTTP/1.1" 200 OK
(APIServer pid=3210476) INFO:     127.0.0.1:43576 - "POST /v1/completions HTTP/1.1" 200 OK
(APIServer pid=3210476) INFO:     127.0.0.1:43600 - "POST /v1/completions HTTP/1.1" 200 OK
(APIServer pid=3210476) INFO:     127.0.0.1:43568 - "POST /v1/completions HTTP/1.1" 200 OK
(APIServer pid=3210476) INFO:     127.0.0.1:43594 - "POST /v1/completions HTTP/1.1" 200 OK
(APIServer pid=3210476) INFO:     127.0.0.1:43592 - "POST /v1/completions HTTP/1.1" 200 OK
(APIServer pid=3210476) INFO:     127.0.0.1:43634 - "POST /v1/completions HTTP/1.1" 200 OK
(APIServer pid=3210476) INFO:     127.0.0.1:43554 - "POST /v1/completions HTTP/1.1" 200 OK
(APIServer pid=3210476) INFO:     127.0.0.1:43632 - "POST /v1/completions HTTP/1.1" 200 OK
(APIServer pid=3210476) INFO:     127.0.0.1:43616 - "POST /v1/completions HTTP/1.1" 200 OK
(APIServer pid=3210476) INFO:     127.0.0.1:43768 - "POST /v1/completions HTTP/1.1" 200 OK
(APIServer pid=3210476) INFO:     127.0.0.1:43618 - "POST /v1/completions HTTP/1.1" 200 OK
(APIServer pid=3210476) INFO:     127.0.0.1:43654 - "POST /v1/completions HTTP/1.1" 200 OK
(APIServer pid=3210476) INFO:     127.0.0.1:43770 - "POST /v1/completions HTTP/1.1" 200 OK
(APIServer pid=3210476) INFO:     127.0.0.1:43882 - "POST /v1/completions HTTP/1.1" 200 OK
(APIServer pid=3210476) INFO:     127.0.0.1:43704 - "POST /v1/completions HTTP/1.1" 200 OK
(APIServer pid=3210476) INFO:     127.0.0.1:43756 - "POST /v1/completions HTTP/1.1" 200 OK
(APIServer pid=3210476) INFO:     127.0.0.1:43730 - "POST /v1/completions HTTP/1.1" 200 OK
(APIServer pid=3210476) INFO:     127.0.0.1:43678 - "POST /v1/completions HTTP/1.1" 200 OK
(APIServer pid=3210476) INFO:     127.0.0.1:43786 - "POST /v1/completions HTTP/1.1" 200 OK
(APIServer pid=3210476) INFO:     127.0.0.1:43856 - "POST /v1/completions HTTP/1.1" 200 OK
(APIServer pid=3210476) INFO:     127.0.0.1:43822 - "POST /v1/completions HTTP/1.1" 200 OK
(APIServer pid=3210476) INFO:     127.0.0.1:43688 - "POST /v1/completions HTTP/1.1" 200 OK
(APIServer pid=3210476) INFO:     127.0.0.1:43772 - "POST /v1/completions HTTP/1.1" 200 OK
(APIServer pid=3210476) INFO:     127.0.0.1:43674 - "POST /v1/completions HTTP/1.1" 200 OK
(APIServer pid=3210476) INFO:     127.0.0.1:43718 - "POST /v1/completions HTTP/1.1" 200 OK
(APIServer pid=3210476) INFO:     127.0.0.1:43646 - "POST /v1/completions HTTP/1.1" 200 OK
(APIServer pid=3210476) INFO:     127.0.0.1:43828 - "POST /v1/completions HTTP/1.1" 200 OK
(APIServer pid=3210476) INFO:     127.0.0.1:43880 - "POST /v1/completions HTTP/1.1" 200 OK
(APIServer pid=3210476) INFO:     127.0.0.1:43746 - "POST /v1/completions HTTP/1.1" 200 OK
(APIServer pid=3210476) INFO:     127.0.0.1:43662 - "POST /v1/completions HTTP/1.1" 200 OK
(APIServer pid=3210476) INFO:     127.0.0.1:43864 - "POST /v1/completions HTTP/1.1" 200 OK
(APIServer pid=3210476) INFO:     127.0.0.1:43798 - "POST /v1/completions HTTP/1.1" 200 OK
(APIServer pid=3210476) INFO:     127.0.0.1:43814 - "POST /v1/completions HTTP/1.1" 200 OK
(APIServer pid=3210476) INFO:     127.0.0.1:43840 - "POST /v1/completions HTTP/1.1" 200 OK
(APIServer pid=3210476) INFO:     127.0.0.1:43826 - "POST /v1/completions HTTP/1.1" 200 OK
(APIServer pid=3210476) INFO:     127.0.0.1:43804 - "POST /v1/completions HTTP/1.1" 200 OK
(APIServer pid=3210476) INFO:     127.0.0.1:43784 - "POST /v1/completions HTTP/1.1" 200 OK
(APIServer pid=3210476) INFO:     127.0.0.1:43886 - "POST /v1/completions HTTP/1.1" 200 OK
(APIServer pid=3210476) INFO:     127.0.0.1:43314 - "POST /v1/completions HTTP/1.1" 200 OK
(APIServer pid=3210476) INFO:     127.0.0.1:43888 - "POST /v1/completions HTTP/1.1" 200 OK
(APIServer pid=3210476) INFO:     127.0.0.1:43904 - "POST /v1/completions HTTP/1.1" 200 OK
(APIServer pid=3210476) INFO:     127.0.0.1:43922 - "POST /v1/completions HTTP/1.1" 200 OK
(APIServer pid=3210476) INFO:     127.0.0.1:43906 - "POST /v1/completions HTTP/1.1" 200 OK
(APIServer pid=3210476) INFO:     127.0.0.1:43930 - "POST /v1/completions HTTP/1.1" 200 OK
(APIServer pid=3210476) INFO:     127.0.0.1:43936 - "POST /v1/completions HTTP/1.1" 200 OK
(APIServer pid=3210476) INFO:     127.0.0.1:43938 - "POST /v1/completions HTTP/1.1" 200 OK
(APIServer pid=3210476) INFO:     127.0.0.1:43946 - "POST /v1/completions HTTP/1.1" 200 OK
(APIServer pid=3210476) INFO:     127.0.0.1:43956 - "POST /v1/completions HTTP/1.1" 200 OK
(APIServer pid=3210476) INFO:     127.0.0.1:43952 - "POST /v1/completions HTTP/1.1" 200 OK
(APIServer pid=3210476) INFO:     127.0.0.1:43980 - "POST /v1/completions HTTP/1.1" 200 OK
(APIServer pid=3210476) INFO:     127.0.0.1:43964 - "POST /v1/completions HTTP/1.1" 200 OK
(APIServer pid=3210476) INFO:     127.0.0.1:43976 - "POST /v1/completions HTTP/1.1" 200 OK
(APIServer pid=3210476) INFO:     127.0.0.1:43988 - "POST /v1/completions HTTP/1.1" 200 OK
(APIServer pid=3210476) INFO:     127.0.0.1:43986 - "POST /v1/completions HTTP/1.1" 200 OK
(APIServer pid=3210476) INFO:     127.0.0.1:43996 - "POST /v1/completions HTTP/1.1" 200 OK
(APIServer pid=3210476) INFO:     127.0.0.1:43998 - "POST /v1/completions HTTP/1.1" 200 OK
(APIServer pid=3210476) INFO:     127.0.0.1:44014 - "POST /v1/completions HTTP/1.1" 200 OK
(APIServer pid=3210476) INFO:     127.0.0.1:44022 - "POST /v1/completions HTTP/1.1" 200 OK
(APIServer pid=3210476) INFO:     127.0.0.1:44024 - "POST /v1/completions HTTP/1.1" 200 OK
(APIServer pid=3210476) INFO:     127.0.0.1:44034 - "POST /v1/completions HTTP/1.1" 200 OK
(APIServer pid=3210476) INFO:     127.0.0.1:44052 - "POST /v1/completions HTTP/1.1" 200 OK
(APIServer pid=3210476) INFO:     127.0.0.1:44044 - "POST /v1/completions HTTP/1.1" 200 OK
(APIServer pid=3210476) INFO:     127.0.0.1:44054 - "POST /v1/completions HTTP/1.1" 200 OK
(APIServer pid=3210476) INFO:     127.0.0.1:44060 - "POST /v1/completions HTTP/1.1" 200 OK
(APIServer pid=3210476) INFO:     127.0.0.1:44068 - "POST /v1/completions HTTP/1.1" 200 OK
(APIServer pid=3210476) INFO:     127.0.0.1:44078 - "POST /v1/completions HTTP/1.1" 200 OK
(APIServer pid=3210476) INFO:     127.0.0.1:44092 - "POST /v1/completions HTTP/1.1" 200 OK
(APIServer pid=3210476) INFO:     127.0.0.1:44084 - "POST /v1/completions HTTP/1.1" 200 OK
(APIServer pid=3210476) INFO:     127.0.0.1:44114 - "POST /v1/completions HTTP/1.1" 200 OK
(APIServer pid=3210476) INFO:     127.0.0.1:44106 - "POST /v1/completions HTTP/1.1" 200 OK
(APIServer pid=3210476) INFO:     127.0.0.1:44110 - "POST /v1/completions HTTP/1.1" 200 OK
(APIServer pid=3210476) INFO:     127.0.0.1:44134 - "POST /v1/completions HTTP/1.1" 200 OK
(APIServer pid=3210476) INFO:     127.0.0.1:44128 - "POST /v1/completions HTTP/1.1" 200 OK
(APIServer pid=3210476) INFO:     127.0.0.1:44138 - "POST /v1/completions HTTP/1.1" 200 OK
(APIServer pid=3210476) INFO:     127.0.0.1:44136 - "POST /v1/completions HTTP/1.1" 200 OK
(APIServer pid=3210476) INFO:     127.0.0.1:44140 - "POST /v1/completions HTTP/1.1" 200 OK
(APIServer pid=3210476) INFO:     127.0.0.1:44154 - "POST /v1/completions HTTP/1.1" 200 OK
(APIServer pid=3210476) INFO:     127.0.0.1:44158 - "POST /v1/completions HTTP/1.1" 200 OK
(APIServer pid=3210476) INFO:     127.0.0.1:44160 - "POST /v1/completions HTTP/1.1" 200 OK
(APIServer pid=3210476) INFO:     127.0.0.1:44174 - "POST /v1/completions HTTP/1.1" 200 OK
(APIServer pid=3210476) INFO:     127.0.0.1:44190 - "POST /v1/completions HTTP/1.1" 200 OK
(APIServer pid=3210476) INFO:     127.0.0.1:44196 - "POST /v1/completions HTTP/1.1" 200 OK
(APIServer pid=3210476) INFO:     127.0.0.1:44206 - "POST /v1/completions HTTP/1.1" 200 OK
(APIServer pid=3210476) INFO:     127.0.0.1:44218 - "POST /v1/completions HTTP/1.1" 200 OK
(APIServer pid=3210476) INFO:     127.0.0.1:44228 - "POST /v1/completions HTTP/1.1" 200 OK
(APIServer pid=3210476) INFO:     127.0.0.1:44232 - "POST /v1/completions HTTP/1.1" 200 OK
(APIServer pid=3210476) INFO:     127.0.0.1:44246 - "POST /v1/completions HTTP/1.1" 200 OK
(APIServer pid=3210476) INFO:     127.0.0.1:44242 - "POST /v1/completions HTTP/1.1" 200 OK
(APIServer pid=3210476) INFO:     127.0.0.1:44260 - "POST /v1/completions HTTP/1.1" 200 OK
(APIServer pid=3210476) INFO:     127.0.0.1:44256 - "POST /v1/completions HTTP/1.1" 200 OK
(APIServer pid=3210476) INFO:     127.0.0.1:44272 - "POST /v1/completions HTTP/1.1" 200 OK
(APIServer pid=3210476) INFO:     127.0.0.1:44270 - "POST /v1/completions HTTP/1.1" 200 OK
(APIServer pid=3210476) INFO:     127.0.0.1:44284 - "POST /v1/completions HTTP/1.1" 200 OK
(APIServer pid=3210476) INFO:     127.0.0.1:44294 - "POST /v1/completions HTTP/1.1" 200 OK
(APIServer pid=3210476) INFO:     127.0.0.1:44308 - "POST /v1/completions HTTP/1.1" 200 OK
(APIServer pid=3210476) INFO:     127.0.0.1:44296 - "POST /v1/completions HTTP/1.1" 200 OK
(APIServer pid=3210476) INFO:     127.0.0.1:44310 - "POST /v1/completions HTTP/1.1" 200 OK
(APIServer pid=3210476) INFO:     127.0.0.1:44320 - "POST /v1/completions HTTP/1.1" 200 OK
(APIServer pid=3210476) INFO:     127.0.0.1:44342 - "POST /v1/completions HTTP/1.1" 200 OK
(APIServer pid=3210476) INFO:     127.0.0.1:44336 - "POST /v1/completions HTTP/1.1" 200 OK
(APIServer pid=3210476) INFO:     127.0.0.1:44348 - "POST /v1/completions HTTP/1.1" 200 OK
(APIServer pid=3210476) INFO:     127.0.0.1:44364 - "POST /v1/completions HTTP/1.1" 200 OK
(APIServer pid=3210476) INFO:     127.0.0.1:44390 - "POST /v1/completions HTTP/1.1" 200 OK
(APIServer pid=3210476) INFO:     127.0.0.1:44370 - "POST /v1/completions HTTP/1.1" 200 OK
(APIServer pid=3210476) INFO:     127.0.0.1:44378 - "POST /v1/completions HTTP/1.1" 200 OK
(APIServer pid=3210476) INFO:     127.0.0.1:44396 - "POST /v1/completions HTTP/1.1" 200 OK
(APIServer pid=3210476) INFO:     127.0.0.1:44408 - "POST /v1/completions HTTP/1.1" 200 OK
(APIServer pid=3210476) INFO 07-08 11:10:24 [loggers.py:271] Engine 000: Avg prompt throughput: 37833.9 tokens/s, Avg generation throughput: 2515.7 tokens/s, Running: 245 reqs, Waiting: 7 reqs, GPU KV cache usage: 27.4%, Prefix cache hit rate: 19.2%
(APIServer pid=3210476) INFO:     127.0.0.1:44436 - "POST /v1/completions HTTP/1.1" 200 OK
(APIServer pid=3210476) INFO:     127.0.0.1:44420 - "POST /v1/completions HTTP/1.1" 200 OK
(APIServer pid=3210476) INFO:     127.0.0.1:44452 - "POST /v1/completions HTTP/1.1" 200 OK
(APIServer pid=3210476) INFO:     127.0.0.1:44438 - "POST /v1/completions HTTP/1.1" 200 OK
(APIServer pid=3210476) INFO:     127.0.0.1:44454 - "POST /v1/completions HTTP/1.1" 200 OK
(APIServer pid=3210476) INFO:     127.0.0.1:44458 - "POST /v1/completions HTTP/1.1" 200 OK
(APIServer pid=3210476) INFO:     127.0.0.1:44460 - "POST /v1/completions HTTP/1.1" 200 OK
(APIServer pid=3210476) INFO:     127.0.0.1:44462 - "POST /v1/completions HTTP/1.1" 200 OK
(APIServer pid=3210476) INFO:     127.0.0.1:44474 - "POST /v1/completions HTTP/1.1" 200 OK
(APIServer pid=3210476) INFO:     127.0.0.1:44482 - "POST /v1/completions HTTP/1.1" 200 OK
(APIServer pid=3210476) INFO:     127.0.0.1:44484 - "POST /v1/completions HTTP/1.1" 200 OK
(APIServer pid=3210476) INFO:     127.0.0.1:44488 - "POST /v1/completions HTTP/1.1" 200 OK
(APIServer pid=3210476) INFO:     127.0.0.1:44504 - "POST /v1/completions HTTP/1.1" 200 OK
(APIServer pid=3210476) INFO:     127.0.0.1:44514 - "POST /v1/completions HTTP/1.1" 200 OK
(APIServer pid=3210476) INFO:     127.0.0.1:44526 - "POST /v1/completions HTTP/1.1" 200 OK
(APIServer pid=3210476) INFO:     127.0.0.1:44536 - "POST /v1/completions HTTP/1.1" 200 OK
(APIServer pid=3210476) INFO:     127.0.0.1:44538 - "POST /v1/completions HTTP/1.1" 200 OK
(APIServer pid=3210476) INFO:     127.0.0.1:44542 - "POST /v1/completions HTTP/1.1" 200 OK
(APIServer pid=3210476) INFO:     127.0.0.1:44546 - "POST /v1/completions HTTP/1.1" 200 OK
(APIServer pid=3210476) INFO:     127.0.0.1:44560 - "POST /v1/completions HTTP/1.1" 200 OK
(APIServer pid=3210476) INFO:     127.0.0.1:44572 - "POST /v1/completions HTTP/1.1" 200 OK
(APIServer pid=3210476) INFO:     127.0.0.1:44580 - "POST /v1/completions HTTP/1.1" 200 OK
(APIServer pid=3210476) INFO:     127.0.0.1:44594 - "POST /v1/completions HTTP/1.1" 200 OK
(APIServer pid=3210476) INFO:     127.0.0.1:44604 - "POST /v1/completions HTTP/1.1" 200 OK
(APIServer pid=3210476) INFO:     127.0.0.1:44614 - "POST /v1/completions HTTP/1.1" 200 OK
(APIServer pid=3210476) INFO:     127.0.0.1:44630 - "POST /v1/completions HTTP/1.1" 200 OK
(APIServer pid=3210476) INFO:     127.0.0.1:44646 - "POST /v1/completions HTTP/1.1" 200 OK
(APIServer pid=3210476) INFO:     127.0.0.1:44648 - "POST /v1/completions HTTP/1.1" 200 OK
(APIServer pid=3210476) INFO:     127.0.0.1:44662 - "POST /v1/completions HTTP/1.1" 200 OK
(APIServer pid=3210476) INFO:     127.0.0.1:44670 - "POST /v1/completions HTTP/1.1" 200 OK
(APIServer pid=3210476) INFO:     127.0.0.1:44680 - "POST /v1/completions HTTP/1.1" 200 OK
(APIServer pid=3210476) INFO:     127.0.0.1:44684 - "POST /v1/completions HTTP/1.1" 200 OK
(APIServer pid=3210476) INFO:     127.0.0.1:44696 - "POST /v1/completions HTTP/1.1" 200 OK
(APIServer pid=3210476) INFO:     127.0.0.1:44706 - "POST /v1/completions HTTP/1.1" 200 OK
(APIServer pid=3210476) INFO:     127.0.0.1:44686 - "POST /v1/completions HTTP/1.1" 200 OK
(APIServer pid=3210476) INFO:     127.0.0.1:44716 - "POST /v1/completions HTTP/1.1" 200 OK
(APIServer pid=3210476) INFO:     127.0.0.1:44728 - "POST /v1/completions HTTP/1.1" 200 OK
(APIServer pid=3210476) INFO:     127.0.0.1:44736 - "POST /v1/completions HTTP/1.1" 200 OK
(APIServer pid=3210476) INFO:     127.0.0.1:44744 - "POST /v1/completions HTTP/1.1" 200 OK
(APIServer pid=3210476) INFO:     127.0.0.1:44772 - "POST /v1/completions HTTP/1.1" 200 OK
(APIServer pid=3210476) INFO:     127.0.0.1:44760 - "POST /v1/completions HTTP/1.1" 200 OK
(APIServer pid=3210476) INFO:     127.0.0.1:44790 - "POST /v1/completions HTTP/1.1" 200 OK
(APIServer pid=3210476) INFO:     127.0.0.1:44784 - "POST /v1/completions HTTP/1.1" 200 OK
(APIServer pid=3210476) INFO:     127.0.0.1:44804 - "POST /v1/completions HTTP/1.1" 200 OK
(APIServer pid=3210476) INFO:     127.0.0.1:44814 - "POST /v1/completions HTTP/1.1" 200 OK
(APIServer pid=3210476) INFO:     127.0.0.1:44818 - "POST /v1/completions HTTP/1.1" 200 OK
(APIServer pid=3210476) INFO:     127.0.0.1:44816 - "POST /v1/completions HTTP/1.1" 200 OK
(APIServer pid=3210476) INFO:     127.0.0.1:44842 - "POST /v1/completions HTTP/1.1" 200 OK
(APIServer pid=3210476) INFO:     127.0.0.1:44828 - "POST /v1/completions HTTP/1.1" 200 OK
(APIServer pid=3210476) INFO:     127.0.0.1:44848 - "POST /v1/completions HTTP/1.1" 200 OK
(APIServer pid=3210476) INFO:     127.0.0.1:44850 - "POST /v1/completions HTTP/1.1" 200 OK
(APIServer pid=3210476) INFO:     127.0.0.1:44862 - "POST /v1/completions HTTP/1.1" 200 OK
(APIServer pid=3210476) INFO:     127.0.0.1:44868 - "POST /v1/completions HTTP/1.1" 200 OK
(APIServer pid=3210476) INFO:     127.0.0.1:44866 - "POST /v1/completions HTTP/1.1" 200 OK
(APIServer pid=3210476) INFO:     127.0.0.1:44890 - "POST /v1/completions HTTP/1.1" 200 OK
(APIServer pid=3210476) INFO:     127.0.0.1:44874 - "POST /v1/completions HTTP/1.1" 200 OK
(APIServer pid=3210476) INFO:     127.0.0.1:44900 - "POST /v1/completions HTTP/1.1" 200 OK
(APIServer pid=3210476) INFO:     127.0.0.1:44910 - "POST /v1/completions HTTP/1.1" 200 OK
(APIServer pid=3210476) INFO:     127.0.0.1:44924 - "POST /v1/completions HTTP/1.1" 200 OK
(APIServer pid=3210476) INFO:     127.0.0.1:44932 - "POST /v1/completions HTTP/1.1" 200 OK
(APIServer pid=3210476) INFO:     127.0.0.1:44948 - "POST /v1/completions HTTP/1.1" 200 OK
(APIServer pid=3210476) INFO:     127.0.0.1:44936 - "POST /v1/completions HTTP/1.1" 200 OK
(APIServer pid=3210476) INFO:     127.0.0.1:44954 - "POST /v1/completions HTTP/1.1" 200 OK
(APIServer pid=3210476) INFO:     127.0.0.1:44958 - "POST /v1/completions HTTP/1.1" 200 OK
(APIServer pid=3210476) INFO:     127.0.0.1:44968 - "POST /v1/completions HTTP/1.1" 200 OK
(APIServer pid=3210476) INFO:     127.0.0.1:44974 - "POST /v1/completions HTTP/1.1" 200 OK
(APIServer pid=3210476) INFO:     127.0.0.1:44996 - "POST /v1/completions HTTP/1.1" 200 OK
(APIServer pid=3210476) INFO:     127.0.0.1:44984 - "POST /v1/completions HTTP/1.1" 200 OK
(APIServer pid=3210476) INFO:     127.0.0.1:44998 - "POST /v1/completions HTTP/1.1" 200 OK
(APIServer pid=3210476) INFO:     127.0.0.1:45002 - "POST /v1/completions HTTP/1.1" 200 OK
(APIServer pid=3210476) INFO:     127.0.0.1:45014 - "POST /v1/completions HTTP/1.1" 200 OK
(APIServer pid=3210476) INFO:     127.0.0.1:45026 - "POST /v1/completions HTTP/1.1" 200 OK
(APIServer pid=3210476) INFO:     127.0.0.1:45040 - "POST /v1/completions HTTP/1.1" 200 OK
(APIServer pid=3210476) INFO:     127.0.0.1:45036 - "POST /v1/completions HTTP/1.1" 200 OK
(APIServer pid=3210476) INFO:     127.0.0.1:45062 - "POST /v1/completions HTTP/1.1" 200 OK
(APIServer pid=3210476) INFO:     127.0.0.1:45056 - "POST /v1/completions HTTP/1.1" 200 OK
(APIServer pid=3210476) INFO:     127.0.0.1:45064 - "POST /v1/completions HTTP/1.1" 200 OK
(APIServer pid=3210476) INFO:     127.0.0.1:45072 - "POST /v1/completions HTTP/1.1" 200 OK
(APIServer pid=3210476) INFO:     127.0.0.1:45104 - "POST /v1/completions HTTP/1.1" 200 OK
(APIServer pid=3210476) INFO:     127.0.0.1:45088 - "POST /v1/completions HTTP/1.1" 200 OK
(APIServer pid=3210476) INFO:     127.0.0.1:45116 - "POST /v1/completions HTTP/1.1" 200 OK
(APIServer pid=3210476) INFO:     127.0.0.1:45130 - "POST /v1/completions HTTP/1.1" 200 OK
(APIServer pid=3210476) INFO:     127.0.0.1:45138 - "POST /v1/completions HTTP/1.1" 200 OK
(APIServer pid=3210476) INFO:     127.0.0.1:45144 - "POST /v1/completions HTTP/1.1" 200 OK
(APIServer pid=3210476) INFO:     127.0.0.1:45156 - "POST /v1/completions HTTP/1.1" 200 OK
(APIServer pid=3210476) INFO:     127.0.0.1:45168 - "POST /v1/completions HTTP/1.1" 200 OK
(APIServer pid=3210476) INFO:     127.0.0.1:45176 - "POST /v1/completions HTTP/1.1" 200 OK
(APIServer pid=3210476) INFO:     127.0.0.1:45184 - "POST /v1/completions HTTP/1.1" 200 OK
(APIServer pid=3210476) INFO:     127.0.0.1:45190 - "POST /v1/completions HTTP/1.1" 200 OK
(APIServer pid=3210476) INFO:     127.0.0.1:45204 - "POST /v1/completions HTTP/1.1" 200 OK
(APIServer pid=3210476) INFO:     127.0.0.1:45218 - "POST /v1/completions HTTP/1.1" 200 OK
(APIServer pid=3210476) INFO:     127.0.0.1:45206 - "POST /v1/completions HTTP/1.1" 200 OK
(APIServer pid=3210476) INFO:     127.0.0.1:45234 - "POST /v1/completions HTTP/1.1" 200 OK
(APIServer pid=3210476) INFO:     127.0.0.1:45230 - "POST /v1/completions HTTP/1.1" 200 OK
(APIServer pid=3210476) INFO:     127.0.0.1:45252 - "POST /v1/completions HTTP/1.1" 200 OK
(APIServer pid=3210476) INFO:     127.0.0.1:45250 - "POST /v1/completions HTTP/1.1" 200 OK
(APIServer pid=3210476) INFO:     127.0.0.1:45260 - "POST /v1/completions HTTP/1.1" 200 OK
(APIServer pid=3210476) INFO:     127.0.0.1:45274 - "POST /v1/completions HTTP/1.1" 200 OK
(APIServer pid=3210476) INFO:     127.0.0.1:45294 - "POST /v1/completions HTTP/1.1" 200 OK
(APIServer pid=3210476) INFO:     127.0.0.1:45288 - "POST /v1/completions HTTP/1.1" 200 OK
(APIServer pid=3210476) INFO:     127.0.0.1:45296 - "POST /v1/completions HTTP/1.1" 200 OK
(APIServer pid=3210476) INFO:     127.0.0.1:45310 - "POST /v1/completions HTTP/1.1" 200 OK
(APIServer pid=3210476) INFO:     127.0.0.1:45322 - "POST /v1/completions HTTP/1.1" 200 OK
(APIServer pid=3210476) INFO:     127.0.0.1:45312 - "POST /v1/completions HTTP/1.1" 200 OK
(APIServer pid=3210476) INFO:     127.0.0.1:45348 - "POST /v1/completions HTTP/1.1" 200 OK
(APIServer pid=3210476) INFO:     127.0.0.1:45334 - "POST /v1/completions HTTP/1.1" 200 OK
(APIServer pid=3210476) INFO:     127.0.0.1:45364 - "POST /v1/completions HTTP/1.1" 200 OK
(APIServer pid=3210476) INFO:     127.0.0.1:45362 - "POST /v1/completions HTTP/1.1" 200 OK
(APIServer pid=3210476) INFO:     127.0.0.1:45376 - "POST /v1/completions HTTP/1.1" 200 OK
(APIServer pid=3210476) INFO:     127.0.0.1:45380 - "POST /v1/completions HTTP/1.1" 200 OK
(APIServer pid=3210476) INFO:     127.0.0.1:45390 - "POST /v1/completions HTTP/1.1" 200 OK
(APIServer pid=3210476) INFO:     127.0.0.1:45406 - "POST /v1/completions HTTP/1.1" 200 OK
(APIServer pid=3210476) INFO:     127.0.0.1:45416 - "POST /v1/completions HTTP/1.1" 200 OK
(APIServer pid=3210476) INFO:     127.0.0.1:45418 - "POST /v1/completions HTTP/1.1" 200 OK
(APIServer pid=3210476) INFO:     127.0.0.1:45434 - "POST /v1/completions HTTP/1.1" 200 OK
(APIServer pid=3210476) INFO:     127.0.0.1:45444 - "POST /v1/completions HTTP/1.1" 200 OK
(APIServer pid=3210476) INFO:     127.0.0.1:45454 - "POST /v1/completions HTTP/1.1" 200 OK
(APIServer pid=3210476) INFO:     127.0.0.1:45460 - "POST /v1/completions HTTP/1.1" 200 OK
(APIServer pid=3210476) INFO:     127.0.0.1:45472 - "POST /v1/completions HTTP/1.1" 200 OK
(APIServer pid=3210476) INFO:     127.0.0.1:45478 - "POST /v1/completions HTTP/1.1" 200 OK
(APIServer pid=3210476) INFO:     127.0.0.1:45488 - "POST /v1/completions HTTP/1.1" 200 OK
(APIServer pid=3210476) INFO:     127.0.0.1:45512 - "POST /v1/completions HTTP/1.1" 200 OK
(APIServer pid=3210476) INFO:     127.0.0.1:45500 - "POST /v1/completions HTTP/1.1" 200 OK
(APIServer pid=3210476) INFO:     127.0.0.1:43506 - "GET /metrics HTTP/1.1" 200 OK
(EngineCore pid=3211825) INFO 07-08 11:10:33 [core.py:1266] Shutdown initiated (timeout=0)
(EngineCore pid=3211825) INFO 07-08 11:10:33 [core.py:1289] Shutdown complete
(Worker_TP0 pid=3212370) INFO 07-08 11:10:33 [multiproc_executor.py:775] Parent process exited, terminating worker queues
(Worker_TP2 pid=3212372) INFO 07-08 11:10:33 [multiproc_executor.py:872] WorkerProc shutting down.
(Worker_TP3 pid=3212373) INFO 07-08 11:10:33 [multiproc_executor.py:872] WorkerProc shutting down.
(Worker_TP0 pid=3212370) INFO 07-08 11:10:33 [multiproc_executor.py:872] WorkerProc shutting down.
(Worker_TP6 pid=3212376) INFO 07-08 11:10:33 [multiproc_executor.py:872] WorkerProc shutting down.
(Worker_TP1 pid=3212371) INFO 07-08 11:10:33 [multiproc_executor.py:872] WorkerProc shutting down.
(Worker_TP7 pid=3212377) INFO 07-08 11:10:33 [multiproc_executor.py:872] WorkerProc shutting down.
(Worker_TP4 pid=3212374) INFO 07-08 11:10:33 [multiproc_executor.py:872] WorkerProc shutting down.
(Worker_TP5 pid=3212375) INFO 07-08 11:10:33 [multiproc_executor.py:872] WorkerProc shutting down.
(APIServer pid=3210476) INFO:     Shutting down
(APIServer pid=3210476) INFO 07-08 11:10:33 [launcher.py:137] Shutting down FastAPI HTTP server.
(APIServer pid=3210476) INFO:     Shutting down
(APIServer pid=3210476) INFO:     Waiting for application shutdown.
(APIServer pid=3210476) INFO:     Application shutdown complete.
/usr/lib/python3.12/multiprocessing/resource_tracker.py:254: UserWarning: resource_tracker: There appear to be 8 leaked semaphore objects to clean up at shutdown
  warnings.warn('resource_tracker: There appear to be %d '
/usr/lib/python3.12/multiprocessing/resource_tracker.py:254: UserWarning: resource_tracker: There appear to be 10 leaked shared_memory objects to clean up at shutdown
  warnings.warn('resource_tracker: There appear to be %d '
