Starting PyTorch NCCL TP server: model=Qwen/Qwen2.5-32B-Instruct tp=8 port=8000
[E708 11:04:29.768773904 shim_common.cpp:1458] Exception in aoti_torch: Tried to register an operator (_C::persistent_masked_m_silu_mul_quant(Tensor input, Tensor counts, Tensor($0! -> ) y_q, Tensor($1! -> ) y_s, bool use_ue8m0) -> ()) with the same name and overload name multiple times. Each overload's schema should only be registered with a single call to def(). Duplicate registration: registered at /workspace/csrc/libtorch_stable/torch_bindings.cpp:10. Original registration: registered at /workspace/csrc/torch_bindings.cpp:21
Exception raised from registerDef at /pytorch/aten/src/ATen/core/dispatch/Dispatcher.cpp:248 (most recent call first):
frame #0: c10::Error::Error(c10::SourceLocation, std::__cxx11::basic_string<char, std::char_traits<char>, std::allocator<char> >) + 0x9d (0x7ffff6d7205d in /workspace/vllm/.venv/lib/python3.12/site-packages/torch/lib/libc10.so)
frame #1: c10::detail::torchCheckFail(char const*, char const*, unsigned int, std::__cxx11::basic_string<char, std::char_traits<char>, std::allocator<char> > const&) + 0xc3 (0x7ffff6d066fd in /workspace/vllm/.venv/lib/python3.12/site-packages/torch/lib/libc10.so)
frame #2: c10::Dispatcher::registerDef(c10::FunctionSchema, std::__cxx11::basic_string<char, std::char_traits<char>, std::allocator<char> >, std::vector<at::Tag, std::allocator<at::Tag> >) + 0x35e (0x7fff0e8811fe in /workspace/vllm/.venv/lib/python3.12/site-packages/torch/lib/libtorch_cpu.so)
frame #3: torch::Library::_def(c10::FunctionSchema&&, c10::OperatorName*, std::vector<at::Tag, std::allocator<at::Tag> > const&, torch::_RegisterOrVerify) & + 0x514 (0x7fff0e8c2254 in /workspace/vllm/.venv/lib/python3.12/site-packages/torch/lib/libtorch_cpu.so)
frame #4: aoti_torch_library_def + 0x99 (0x7fff12ad45b9 in /workspace/vllm/.venv/lib/python3.12/site-packages/torch/lib/libtorch_cpu.so)
frame #5: <unknown function> + 0x2bdaf1 (0x7ffded2beaf1 in /workspace/vllm/vllm/_C_stable_libtorch.abi3.so)
frame #6: <unknown function> + 0x2bf0ce (0x7ffded2c00ce in /workspace/vllm/vllm/_C_stable_libtorch.abi3.so)
frame #7: <unknown function> + 0x279d92 (0x7ffded27ad92 in /workspace/vllm/vllm/_C_stable_libtorch.abi3.so)
frame #8: <unknown function> + 0x571f (0x7ffff7fca71f in /lib64/ld-linux-x86-64.so.2)
frame #9: <unknown function> + 0x5824 (0x7ffff7fca824 in /lib64/ld-linux-x86-64.so.2)
frame #10: _dl_catch_exception + 0x132 (0x7ffff7fc65b2 in /lib64/ld-linux-x86-64.so.2)
frame #11: <unknown function> + 0xcd7c (0x7ffff7fd1d7c in /lib64/ld-linux-x86-64.so.2)
frame #12: _dl_catch_exception + 0x9c (0x7ffff7fc651c in /lib64/ld-linux-x86-64.so.2)
frame #13: <unknown function> + 0xd164 (0x7ffff7fd2164 in /lib64/ld-linux-x86-64.so.2)
frame #14: <unknown function> + 0x981a4 (0x7ffff7d0c1a4 in /usr/lib/x86_64-linux-gnu/libc.so.6)
frame #15: _dl_catch_exception + 0x9c (0x7ffff7fc651c in /lib64/ld-linux-x86-64.so.2)
frame #16: <unknown function> + 0x1669 (0x7ffff7fc6669 in /lib64/ld-linux-x86-64.so.2)
frame #17: <unknown function> + 0x97c83 (0x7ffff7d0bc83 in /usr/lib/x86_64-linux-gnu/libc.so.6)
frame #18: dlopen + 0x6f (0x7ffff7d0c25f in /usr/lib/x86_64-linux-gnu/libc.so.6)
frame #19: /workspace/vllm/.venv/bin/python() [0x6bc36c]
frame #20: /workspace/vllm/.venv/bin/python() [0x6a946a]
frame #21: /workspace/vllm/.venv/bin/python() [0x6a8bf2]
frame #22: /workspace/vllm/.venv/bin/python() [0x581f37]
frame #23: _PyEval_EvalFrameDefault + 0x4c3a (0x5db0ba in /workspace/vllm/.venv/bin/python)
frame #24: /workspace/vllm/.venv/bin/python() [0x549d47]
frame #25: PyObject_CallMethodObjArgs + 0xe3 (0x54b5c3 in /workspace/vllm/.venv/bin/python)
frame #26: PyImport_ImportModuleLevelObject + 0x395 (0x5fd805 in /workspace/vllm/.venv/bin/python)
frame #27: _PyEval_EvalFrameDefault + 0x5eee (0x5dc36e in /workspace/vllm/.venv/bin/python)
frame #28: PyEval_EvalCode + 0x15b (0x5d543b in /workspace/vllm/.venv/bin/python)
frame #29: /workspace/vllm/.venv/bin/python() [0x5d322c]
frame #30: /workspace/vllm/.venv/bin/python() [0x581d1d]
frame #31: _PyEval_EvalFrameDefault + 0x4c3a (0x5db0ba in /workspace/vllm/.venv/bin/python)
frame #32: PyObject_CallOneArg + 0x4d (0x54a65d in /workspace/vllm/.venv/bin/python)
frame #33: /workspace/vllm/.venv/bin/python() [0x582e84]
frame #34: _PyObject_LookupAttr + 0x7a (0x584bea in /workspace/vllm/.venv/bin/python)
frame #35: /workspace/vllm/.venv/bin/python() [0x5d2b8a]
frame #36: _PyEval_EvalFrameDefault + 0x207d (0x5d84fd in /workspace/vllm/.venv/bin/python)
frame #37: /workspace/vllm/.venv/bin/python() [0x549d47]
frame #38: PyObject_CallMethodObjArgs + 0xe3 (0x54b5c3 in /workspace/vllm/.venv/bin/python)
frame #39: PyImport_ImportModuleLevelObject + 0x5eb (0x5fda5b in /workspace/vllm/.venv/bin/python)
frame #40: _PyEval_EvalFrameDefault + 0x5eee (0x5dc36e in /workspace/vllm/.venv/bin/python)
frame #41: PyEval_EvalCode + 0x15b (0x5d543b in /workspace/vllm/.venv/bin/python)
frame #42: /workspace/vllm/.venv/bin/python() [0x5d322c]
frame #43: /workspace/vllm/.venv/bin/python() [0x581d1d]
frame #44: _PyEval_EvalFrameDefault + 0x4c3a (0x5db0ba in /workspace/vllm/.venv/bin/python)
frame #45: /workspace/vllm/.venv/bin/python() [0x549d47]
frame #46: PyObject_CallMethodObjArgs + 0xe3 (0x54b5c3 in /workspace/vllm/.venv/bin/python)
frame #47: PyImport_ImportModuleLevelObject + 0x395 (0x5fd805 in /workspace/vllm/.venv/bin/python)
frame #48: _PyEval_EvalFrameDefault + 0x5eee (0x5dc36e in /workspace/vllm/.venv/bin/python)
frame #49: PyEval_EvalCode + 0x15b (0x5d543b in /workspace/vllm/.venv/bin/python)
frame #50: /workspace/vllm/.venv/bin/python() [0x5d322c]
frame #51: /workspace/vllm/.venv/bin/python() [0x581d1d]
frame #52: _PyEval_EvalFrameDefault + 0x4c3a (0x5db0ba in /workspace/vllm/.venv/bin/python)
frame #53: /workspace/vllm/.venv/bin/python() [0x549d47]
frame #54: PyObject_CallMethodObjArgs + 0xe3 (0x54b5c3 in /workspace/vllm/.venv/bin/python)
frame #55: PyImport_ImportModuleLevelObject + 0x395 (0x5fd805 in /workspace/vllm/.venv/bin/python)
frame #56: _PyEval_EvalFrameDefault + 0x5eee (0x5dc36e in /workspace/vllm/.venv/bin/python)
frame #57: PyEval_EvalCode + 0x15b (0x5d543b in /workspace/vllm/.venv/bin/python)
frame #58: /workspace/vllm/.venv/bin/python() [0x5d322c]
frame #59: /workspace/vllm/.venv/bin/python() [0x581d1d]
frame #60: _PyEval_EvalFrameDefault + 0x4c3a (0x5db0ba in /workspace/vllm/.venv/bin/python)
frame #61: /workspace/vllm/.venv/bin/python() [0x549d47]
frame #62: PyObject_CallMethodObjArgs + 0xe3 (0x54b5c3 in /workspace/vllm/.venv/bin/python)

[E708 11:04:29.770846345 shim_common.cpp:1458] Exception in aoti_torch: Tried to register an operator (_C::weak_ref_tensor(Tensor input) -> Tensor) with the same name and overload name multiple times. Each overload's schema should only be registered with a single call to def(). Duplicate registration: registered at /workspace/csrc/libtorch_stable/torch_bindings.cpp:10. Original registration: registered at /workspace/csrc/torch_bindings.cpp:21
Exception raised from registerDef at /pytorch/aten/src/ATen/core/dispatch/Dispatcher.cpp:248 (most recent call first):
frame #0: c10::Error::Error(c10::SourceLocation, std::__cxx11::basic_string<char, std::char_traits<char>, std::allocator<char> >) + 0x9d (0x7ffff6d7205d in /workspace/vllm/.venv/lib/python3.12/site-packages/torch/lib/libc10.so)
frame #1: c10::detail::torchCheckFail(char const*, char const*, unsigned int, std::__cxx11::basic_string<char, std::char_traits<char>, std::allocator<char> > const&) + 0xc3 (0x7ffff6d066fd in /workspace/vllm/.venv/lib/python3.12/site-packages/torch/lib/libc10.so)
frame #2: c10::Dispatcher::registerDef(c10::FunctionSchema, std::__cxx11::basic_string<char, std::char_traits<char>, std::allocator<char> >, std::vector<at::Tag, std::allocator<at::Tag> >) + 0x35e (0x7fff0e8811fe in /workspace/vllm/.venv/lib/python3.12/site-packages/torch/lib/libtorch_cpu.so)
frame #3: torch::Library::_def(c10::FunctionSchema&&, c10::OperatorName*, std::vector<at::Tag, std::allocator<at::Tag> > const&, torch::_RegisterOrVerify) & + 0x514 (0x7fff0e8c2254 in /workspace/vllm/.venv/lib/python3.12/site-packages/torch/lib/libtorch_cpu.so)
frame #4: aoti_torch_library_def + 0x99 (0x7fff12ad45b9 in /workspace/vllm/.venv/lib/python3.12/site-packages/torch/lib/libtorch_cpu.so)
frame #5: <unknown function> + 0x2bdb00 (0x7ffded2beb00 in /workspace/vllm/vllm/_C_stable_libtorch.abi3.so)
frame #6: <unknown function> + 0x2bf0ce (0x7ffded2c00ce in /workspace/vllm/vllm/_C_stable_libtorch.abi3.so)
frame #7: <unknown function> + 0x279d92 (0x7ffded27ad92 in /workspace/vllm/vllm/_C_stable_libtorch.abi3.so)
frame #8: <unknown function> + 0x571f (0x7ffff7fca71f in /lib64/ld-linux-x86-64.so.2)
frame #9: <unknown function> + 0x5824 (0x7ffff7fca824 in /lib64/ld-linux-x86-64.so.2)
frame #10: _dl_catch_exception + 0x132 (0x7ffff7fc65b2 in /lib64/ld-linux-x86-64.so.2)
frame #11: <unknown function> + 0xcd7c (0x7ffff7fd1d7c in /lib64/ld-linux-x86-64.so.2)
frame #12: _dl_catch_exception + 0x9c (0x7ffff7fc651c in /lib64/ld-linux-x86-64.so.2)
frame #13: <unknown function> + 0xd164 (0x7ffff7fd2164 in /lib64/ld-linux-x86-64.so.2)
frame #14: <unknown function> + 0x981a4 (0x7ffff7d0c1a4 in /usr/lib/x86_64-linux-gnu/libc.so.6)
frame #15: _dl_catch_exception + 0x9c (0x7ffff7fc651c in /lib64/ld-linux-x86-64.so.2)
frame #16: <unknown function> + 0x1669 (0x7ffff7fc6669 in /lib64/ld-linux-x86-64.so.2)
frame #17: <unknown function> + 0x97c83 (0x7ffff7d0bc83 in /usr/lib/x86_64-linux-gnu/libc.so.6)
frame #18: dlopen + 0x6f (0x7ffff7d0c25f in /usr/lib/x86_64-linux-gnu/libc.so.6)
frame #19: /workspace/vllm/.venv/bin/python() [0x6bc36c]
frame #20: /workspace/vllm/.venv/bin/python() [0x6a946a]
frame #21: /workspace/vllm/.venv/bin/python() [0x6a8bf2]
frame #22: /workspace/vllm/.venv/bin/python() [0x581f37]
frame #23: _PyEval_EvalFrameDefault + 0x4c3a (0x5db0ba in /workspace/vllm/.venv/bin/python)
frame #24: /workspace/vllm/.venv/bin/python() [0x549d47]
frame #25: PyObject_CallMethodObjArgs + 0xe3 (0x54b5c3 in /workspace/vllm/.venv/bin/python)
frame #26: PyImport_ImportModuleLevelObject + 0x395 (0x5fd805 in /workspace/vllm/.venv/bin/python)
frame #27: _PyEval_EvalFrameDefault + 0x5eee (0x5dc36e in /workspace/vllm/.venv/bin/python)
frame #28: PyEval_EvalCode + 0x15b (0x5d543b in /workspace/vllm/.venv/bin/python)
frame #29: /workspace/vllm/.venv/bin/python() [0x5d322c]
frame #30: /workspace/vllm/.venv/bin/python() [0x581d1d]
frame #31: _PyEval_EvalFrameDefault + 0x4c3a (0x5db0ba in /workspace/vllm/.venv/bin/python)
frame #32: PyObject_CallOneArg + 0x4d (0x54a65d in /workspace/vllm/.venv/bin/python)
frame #33: /workspace/vllm/.venv/bin/python() [0x582e84]
frame #34: _PyObject_LookupAttr + 0x7a (0x584bea in /workspace/vllm/.venv/bin/python)
frame #35: /workspace/vllm/.venv/bin/python() [0x5d2b8a]
frame #36: _PyEval_EvalFrameDefault + 0x207d (0x5d84fd in /workspace/vllm/.venv/bin/python)
frame #37: /workspace/vllm/.venv/bin/python() [0x549d47]
frame #38: PyObject_CallMethodObjArgs + 0xe3 (0x54b5c3 in /workspace/vllm/.venv/bin/python)
frame #39: PyImport_ImportModuleLevelObject + 0x5eb (0x5fda5b in /workspace/vllm/.venv/bin/python)
frame #40: _PyEval_EvalFrameDefault + 0x5eee (0x5dc36e in /workspace/vllm/.venv/bin/python)
frame #41: PyEval_EvalCode + 0x15b (0x5d543b in /workspace/vllm/.venv/bin/python)
frame #42: /workspace/vllm/.venv/bin/python() [0x5d322c]
frame #43: /workspace/vllm/.venv/bin/python() [0x581d1d]
frame #44: _PyEval_EvalFrameDefault + 0x4c3a (0x5db0ba in /workspace/vllm/.venv/bin/python)
frame #45: /workspace/vllm/.venv/bin/python() [0x549d47]
frame #46: PyObject_CallMethodObjArgs + 0xe3 (0x54b5c3 in /workspace/vllm/.venv/bin/python)
frame #47: PyImport_ImportModuleLevelObject + 0x395 (0x5fd805 in /workspace/vllm/.venv/bin/python)
frame #48: _PyEval_EvalFrameDefault + 0x5eee (0x5dc36e in /workspace/vllm/.venv/bin/python)
frame #49: PyEval_EvalCode + 0x15b (0x5d543b in /workspace/vllm/.venv/bin/python)
frame #50: /workspace/vllm/.venv/bin/python() [0x5d322c]
frame #51: /workspace/vllm/.venv/bin/python() [0x581d1d]
frame #52: _PyEval_EvalFrameDefault + 0x4c3a (0x5db0ba in /workspace/vllm/.venv/bin/python)
frame #53: /workspace/vllm/.venv/bin/python() [0x549d47]
frame #54: PyObject_CallMethodObjArgs + 0xe3 (0x54b5c3 in /workspace/vllm/.venv/bin/python)
frame #55: PyImport_ImportModuleLevelObject + 0x395 (0x5fd805 in /workspace/vllm/.venv/bin/python)
frame #56: _PyEval_EvalFrameDefault + 0x5eee (0x5dc36e in /workspace/vllm/.venv/bin/python)
frame #57: PyEval_EvalCode + 0x15b (0x5d543b in /workspace/vllm/.venv/bin/python)
frame #58: /workspace/vllm/.venv/bin/python() [0x5d322c]
frame #59: /workspace/vllm/.venv/bin/python() [0x581d1d]
frame #60: _PyEval_EvalFrameDefault + 0x4c3a (0x5db0ba in /workspace/vllm/.venv/bin/python)
frame #61: /workspace/vllm/.venv/bin/python() [0x549d47]
frame #62: PyObject_CallMethodObjArgs + 0xe3 (0x54b5c3 in /workspace/vllm/.venv/bin/python)

[E708 11:04:29.772848046 shim_common.cpp:1458] Exception in aoti_torch: Tried to register an operator (_C::silu_and_mul_quant(Tensor($0! -> ) result, Tensor input, Tensor scale) -> ()) with the same name and overload name multiple times. Each overload's schema should only be registered with a single call to def(). Duplicate registration: registered at /workspace/csrc/libtorch_stable/torch_bindings.cpp:10. Original registration: registered at /workspace/csrc/torch_bindings.cpp:21
Exception raised from registerDef at /pytorch/aten/src/ATen/core/dispatch/Dispatcher.cpp:248 (most recent call first):
frame #0: c10::Error::Error(c10::SourceLocation, std::__cxx11::basic_string<char, std::char_traits<char>, std::allocator<char> >) + 0x9d (0x7ffff6d7205d in /workspace/vllm/.venv/lib/python3.12/site-packages/torch/lib/libc10.so)
frame #1: c10::detail::torchCheckFail(char const*, char const*, unsigned int, std::__cxx11::basic_string<char, std::char_traits<char>, std::allocator<char> > const&) + 0xc3 (0x7ffff6d066fd in /workspace/vllm/.venv/lib/python3.12/site-packages/torch/lib/libc10.so)
frame #2: c10::Dispatcher::registerDef(c10::FunctionSchema, std::__cxx11::basic_string<char, std::char_traits<char>, std::allocator<char> >, std::vector<at::Tag, std::allocator<at::Tag> >) + 0x35e (0x7fff0e8811fe in /workspace/vllm/.venv/lib/python3.12/site-packages/torch/lib/libtorch_cpu.so)
frame #3: torch::Library::_def(c10::FunctionSchema&&, c10::OperatorName*, std::vector<at::Tag, std::allocator<at::Tag> > const&, torch::_RegisterOrVerify) & + 0x514 (0x7fff0e8c2254 in /workspace/vllm/.venv/lib/python3.12/site-packages/torch/lib/libtorch_cpu.so)
frame #4: aoti_torch_library_def + 0x99 (0x7fff12ad45b9 in /workspace/vllm/.venv/lib/python3.12/site-packages/torch/lib/libtorch_cpu.so)
frame #5: <unknown function> + 0x2bdb3c (0x7ffded2beb3c in /workspace/vllm/vllm/_C_stable_libtorch.abi3.so)
frame #6: <unknown function> + 0x2bf0ce (0x7ffded2c00ce in /workspace/vllm/vllm/_C_stable_libtorch.abi3.so)
frame #7: <unknown function> + 0x279d92 (0x7ffded27ad92 in /workspace/vllm/vllm/_C_stable_libtorch.abi3.so)
frame #8: <unknown function> + 0x571f (0x7ffff7fca71f in /lib64/ld-linux-x86-64.so.2)
frame #9: <unknown function> + 0x5824 (0x7ffff7fca824 in /lib64/ld-linux-x86-64.so.2)
frame #10: _dl_catch_exception + 0x132 (0x7ffff7fc65b2 in /lib64/ld-linux-x86-64.so.2)
frame #11: <unknown function> + 0xcd7c (0x7ffff7fd1d7c in /lib64/ld-linux-x86-64.so.2)
frame #12: _dl_catch_exception + 0x9c (0x7ffff7fc651c in /lib64/ld-linux-x86-64.so.2)
frame #13: <unknown function> + 0xd164 (0x7ffff7fd2164 in /lib64/ld-linux-x86-64.so.2)
frame #14: <unknown function> + 0x981a4 (0x7ffff7d0c1a4 in /usr/lib/x86_64-linux-gnu/libc.so.6)
frame #15: _dl_catch_exception + 0x9c (0x7ffff7fc651c in /lib64/ld-linux-x86-64.so.2)
frame #16: <unknown function> + 0x1669 (0x7ffff7fc6669 in /lib64/ld-linux-x86-64.so.2)
frame #17: <unknown function> + 0x97c83 (0x7ffff7d0bc83 in /usr/lib/x86_64-linux-gnu/libc.so.6)
frame #18: dlopen + 0x6f (0x7ffff7d0c25f in /usr/lib/x86_64-linux-gnu/libc.so.6)
frame #19: /workspace/vllm/.venv/bin/python() [0x6bc36c]
frame #20: /workspace/vllm/.venv/bin/python() [0x6a946a]
frame #21: /workspace/vllm/.venv/bin/python() [0x6a8bf2]
frame #22: /workspace/vllm/.venv/bin/python() [0x581f37]
frame #23: _PyEval_EvalFrameDefault + 0x4c3a (0x5db0ba in /workspace/vllm/.venv/bin/python)
frame #24: /workspace/vllm/.venv/bin/python() [0x549d47]
frame #25: PyObject_CallMethodObjArgs + 0xe3 (0x54b5c3 in /workspace/vllm/.venv/bin/python)
frame #26: PyImport_ImportModuleLevelObject + 0x395 (0x5fd805 in /workspace/vllm/.venv/bin/python)
frame #27: _PyEval_EvalFrameDefault + 0x5eee (0x5dc36e in /workspace/vllm/.venv/bin/python)
frame #28: PyEval_EvalCode + 0x15b (0x5d543b in /workspace/vllm/.venv/bin/python)
frame #29: /workspace/vllm/.venv/bin/python() [0x5d322c]
frame #30: /workspace/vllm/.venv/bin/python() [0x581d1d]
frame #31: _PyEval_EvalFrameDefault + 0x4c3a (0x5db0ba in /workspace/vllm/.venv/bin/python)
frame #32: PyObject_CallOneArg + 0x4d (0x54a65d in /workspace/vllm/.venv/bin/python)
frame #33: /workspace/vllm/.venv/bin/python() [0x582e84]
frame #34: _PyObject_LookupAttr + 0x7a (0x584bea in /workspace/vllm/.venv/bin/python)
frame #35: /workspace/vllm/.venv/bin/python() [0x5d2b8a]
frame #36: _PyEval_EvalFrameDefault + 0x207d (0x5d84fd in /workspace/vllm/.venv/bin/python)
frame #37: /workspace/vllm/.venv/bin/python() [0x549d47]
frame #38: PyObject_CallMethodObjArgs + 0xe3 (0x54b5c3 in /workspace/vllm/.venv/bin/python)
frame #39: PyImport_ImportModuleLevelObject + 0x5eb (0x5fda5b in /workspace/vllm/.venv/bin/python)
frame #40: _PyEval_EvalFrameDefault + 0x5eee (0x5dc36e in /workspace/vllm/.venv/bin/python)
frame #41: PyEval_EvalCode + 0x15b (0x5d543b in /workspace/vllm/.venv/bin/python)
frame #42: /workspace/vllm/.venv/bin/python() [0x5d322c]
frame #43: /workspace/vllm/.venv/bin/python() [0x581d1d]
frame #44: _PyEval_EvalFrameDefault + 0x4c3a (0x5db0ba in /workspace/vllm/.venv/bin/python)
frame #45: /workspace/vllm/.venv/bin/python() [0x549d47]
frame #46: PyObject_CallMethodObjArgs + 0xe3 (0x54b5c3 in /workspace/vllm/.venv/bin/python)
frame #47: PyImport_ImportModuleLevelObject + 0x395 (0x5fd805 in /workspace/vllm/.venv/bin/python)
frame #48: _PyEval_EvalFrameDefault + 0x5eee (0x5dc36e in /workspace/vllm/.venv/bin/python)
frame #49: PyEval_EvalCode + 0x15b (0x5d543b in /workspace/vllm/.venv/bin/python)
frame #50: /workspace/vllm/.venv/bin/python() [0x5d322c]
frame #51: /workspace/vllm/.venv/bin/python() [0x581d1d]
frame #52: _PyEval_EvalFrameDefault + 0x4c3a (0x5db0ba in /workspace/vllm/.venv/bin/python)
frame #53: /workspace/vllm/.venv/bin/python() [0x549d47]
frame #54: PyObject_CallMethodObjArgs + 0xe3 (0x54b5c3 in /workspace/vllm/.venv/bin/python)
frame #55: PyImport_ImportModuleLevelObject + 0x395 (0x5fd805 in /workspace/vllm/.venv/bin/python)
frame #56: _PyEval_EvalFrameDefault + 0x5eee (0x5dc36e in /workspace/vllm/.venv/bin/python)
frame #57: PyEval_EvalCode + 0x15b (0x5d543b in /workspace/vllm/.venv/bin/python)
frame #58: /workspace/vllm/.venv/bin/python() [0x5d322c]
frame #59: /workspace/vllm/.venv/bin/python() [0x581d1d]
frame #60: _PyEval_EvalFrameDefault + 0x4c3a (0x5db0ba in /workspace/vllm/.venv/bin/python)
frame #61: /workspace/vllm/.venv/bin/python() [0x549d47]
frame #62: PyObject_CallMethodObjArgs + 0xe3 (0x54b5c3 in /workspace/vllm/.venv/bin/python)

[W708 11:04:29.775025809 OperatorEntry.cpp:208] Warning: Warning only once for all operators,  other operators may also be overridden.
  Overriding a previously registered kernel for the same operator and the same dispatch key
  operator: _C::persistent_masked_m_silu_mul_quant(Tensor input, Tensor counts, Tensor($0! -> ) y_q, Tensor($1! -> ) y_s, bool use_ue8m0) -> ()
    registered at /workspace/csrc/torch_bindings.cpp:21
  dispatch key: CUDA
  previous kernel: registered at /workspace/csrc/torch_bindings.cpp:21
       new kernel: registered at /workspace/csrc/libtorch_stable/torch_bindings.cpp:603 (function operator())
(APIServer pid=3202435) INFO 07-08 11:04:34 [utils.py:344] 
(APIServer pid=3202435) INFO 07-08 11:04:34 [utils.py:344]        █     █     █▄   ▄█
(APIServer pid=3202435) INFO 07-08 11:04:34 [utils.py:344]  ▄▄ ▄█ █     █     █ ▀▄▀ █  version 0.22.1.dev4+g431701083
(APIServer pid=3202435) INFO 07-08 11:04:34 [utils.py:344]   █▄█▀ █     █     █     █  model   Qwen/Qwen2.5-32B-Instruct
(APIServer pid=3202435) INFO 07-08 11:04:34 [utils.py:344]    ▀▀  ▀▀▀▀▀ ▀▀▀▀▀ ▀     ▀
(APIServer pid=3202435) INFO 07-08 11:04:34 [utils.py:344] 
(APIServer pid=3202435) INFO 07-08 11:04:34 [utils.py:278] non-default args: {'model_tag': 'Qwen/Qwen2.5-32B-Instruct', 'host': '127.0.0.1', 'model': 'Qwen/Qwen2.5-32B-Instruct', 'dtype': 'bfloat16', 'max_model_len': 4096, 'tensor_parallel_size': 8, 'disable_custom_all_reduce': True, 'gpu_memory_utilization': 0.9, 'max_num_batched_tokens': 4096}
(APIServer pid=3202435) WARNING 07-08 11:04:34 [system_utils.py:299] Found ulimit of 51200 and failed to automatically increase with error current limit exceeds maximum limit. This can cause fd limit errors like `OSError: [Errno 24] Too many open files`. Consider increasing with ulimit -n
(APIServer pid=3202435) WARNING 07-08 11:04:34 [envs.py:2057] Unknown vLLM environment variable detected: VLLM_USE_FT_NCCL_COMMUNICATOR
(APIServer pid=3202435) WARNING 07-08 11:04:34 [envs.py:2057] Unknown vLLM environment variable detected: VLLM_USE_FT_NCCL_TP
(APIServer pid=3202435) Warning: You are sending unauthenticated requests to the HF Hub. Please set a HF_TOKEN to enable higher rate limits and faster downloads.
(APIServer pid=3202435) INFO 07-08 11:04:35 [model.py:617] Resolved architecture: Qwen2ForCausalLM
(APIServer pid=3202435) INFO 07-08 11:04:35 [model.py:1752] Using max model len 4096
(APIServer pid=3202435) INFO 07-08 11:04:35 [scheduler.py:239] Chunked prefill is enabled with max_num_batched_tokens=4096.
(APIServer pid=3202435) INFO 07-08 11:04:35 [vllm.py:977] Asynchronous scheduling is enabled.
(APIServer pid=3202435) INFO 07-08 11:04:35 [kernel.py:270] Final IR op priority after setting platform defaults: IrOpPriorityConfig(rms_norm=['native'], fused_add_rms_norm=['native'])
(APIServer pid=3202435) <frozen importlib._bootstrap_external>:1297: FutureWarning: The cuda.cudart module is deprecated and will be removed in a future release, please switch to use the cuda.bindings.runtime module instead.
(APIServer pid=3202435) <frozen importlib._bootstrap_external>:1297: FutureWarning: The cuda.nvrtc module is deprecated and will be removed in a future release, please switch to use the cuda.bindings.nvrtc module instead.
(APIServer pid=3202435) INFO 07-08 11:04:39 [compilation.py:312] Enabled custom fusions: allreduce_rms
[E708 11:04:45.029271128 shim_common.cpp:1458] Exception in aoti_torch: Tried to register an operator (_C::persistent_masked_m_silu_mul_quant(Tensor input, Tensor counts, Tensor($0! -> ) y_q, Tensor($1! -> ) y_s, bool use_ue8m0) -> ()) with the same name and overload name multiple times. Each overload's schema should only be registered with a single call to def(). Duplicate registration: registered at /workspace/csrc/libtorch_stable/torch_bindings.cpp:10. Original registration: registered at /workspace/csrc/torch_bindings.cpp:21
Exception raised from registerDef at /pytorch/aten/src/ATen/core/dispatch/Dispatcher.cpp:248 (most recent call first):
frame #0: c10::Error::Error(c10::SourceLocation, std::__cxx11::basic_string<char, std::char_traits<char>, std::allocator<char> >) + 0x9d (0x7ffff6b7205d in /workspace/vllm/.venv/lib/python3.12/site-packages/torch/lib/libc10.so)
frame #1: c10::detail::torchCheckFail(char const*, char const*, unsigned int, std::__cxx11::basic_string<char, std::char_traits<char>, std::allocator<char> > const&) + 0xc3 (0x7ffff6b066fd in /workspace/vllm/.venv/lib/python3.12/site-packages/torch/lib/libc10.so)
frame #2: c10::Dispatcher::registerDef(c10::FunctionSchema, std::__cxx11::basic_string<char, std::char_traits<char>, std::allocator<char> >, std::vector<at::Tag, std::allocator<at::Tag> >) + 0x35e (0x7fff0e6811fe in /workspace/vllm/.venv/lib/python3.12/site-packages/torch/lib/libtorch_cpu.so)
frame #3: torch::Library::_def(c10::FunctionSchema&&, c10::OperatorName*, std::vector<at::Tag, std::allocator<at::Tag> > const&, torch::_RegisterOrVerify) & + 0x514 (0x7fff0e6c2254 in /workspace/vllm/.venv/lib/python3.12/site-packages/torch/lib/libtorch_cpu.so)
frame #4: aoti_torch_library_def + 0x99 (0x7fff128d45b9 in /workspace/vllm/.venv/lib/python3.12/site-packages/torch/lib/libtorch_cpu.so)
frame #5: <unknown function> + 0x2bdaf1 (0x7ff8ec4beaf1 in /workspace/vllm/vllm/_C_stable_libtorch.abi3.so)
frame #6: <unknown function> + 0x2bf0ce (0x7ff8ec4c00ce in /workspace/vllm/vllm/_C_stable_libtorch.abi3.so)
frame #7: <unknown function> + 0x279d92 (0x7ff8ec47ad92 in /workspace/vllm/vllm/_C_stable_libtorch.abi3.so)
frame #8: <unknown function> + 0x571f (0x7ffff7fca71f in /lib64/ld-linux-x86-64.so.2)
frame #9: <unknown function> + 0x5824 (0x7ffff7fca824 in /lib64/ld-linux-x86-64.so.2)
frame #10: _dl_catch_exception + 0x132 (0x7ffff7fc65b2 in /lib64/ld-linux-x86-64.so.2)
frame #11: <unknown function> + 0xcd7c (0x7ffff7fd1d7c in /lib64/ld-linux-x86-64.so.2)
frame #12: _dl_catch_exception + 0x9c (0x7ffff7fc651c in /lib64/ld-linux-x86-64.so.2)
frame #13: <unknown function> + 0xd164 (0x7ffff7fd2164 in /lib64/ld-linux-x86-64.so.2)
frame #14: <unknown function> + 0x981a4 (0x7ffff7d0c1a4 in /usr/lib/x86_64-linux-gnu/libc.so.6)
frame #15: _dl_catch_exception + 0x9c (0x7ffff7fc651c in /lib64/ld-linux-x86-64.so.2)
frame #16: <unknown function> + 0x1669 (0x7ffff7fc6669 in /lib64/ld-linux-x86-64.so.2)
frame #17: <unknown function> + 0x97c83 (0x7ffff7d0bc83 in /usr/lib/x86_64-linux-gnu/libc.so.6)
frame #18: dlopen + 0x6f (0x7ffff7d0c25f in /usr/lib/x86_64-linux-gnu/libc.so.6)
frame #19: /workspace/vllm/.venv/bin/python() [0x6bc36c]
frame #20: /workspace/vllm/.venv/bin/python() [0x6a946a]
frame #21: /workspace/vllm/.venv/bin/python() [0x6a8bf2]
frame #22: /workspace/vllm/.venv/bin/python() [0x581f37]
frame #23: _PyEval_EvalFrameDefault + 0x4c3a (0x5db0ba in /workspace/vllm/.venv/bin/python)
frame #24: /workspace/vllm/.venv/bin/python() [0x549d47]
frame #25: PyObject_CallMethodObjArgs + 0xe3 (0x54b5c3 in /workspace/vllm/.venv/bin/python)
frame #26: PyImport_ImportModuleLevelObject + 0x395 (0x5fd805 in /workspace/vllm/.venv/bin/python)
frame #27: _PyEval_EvalFrameDefault + 0x5eee (0x5dc36e in /workspace/vllm/.venv/bin/python)
frame #28: PyEval_EvalCode + 0x15b (0x5d543b in /workspace/vllm/.venv/bin/python)
frame #29: /workspace/vllm/.venv/bin/python() [0x5d322c]
frame #30: /workspace/vllm/.venv/bin/python() [0x581d1d]
frame #31: _PyEval_EvalFrameDefault + 0x4c3a (0x5db0ba in /workspace/vllm/.venv/bin/python)
frame #32: PyObject_CallOneArg + 0x4d (0x54a65d in /workspace/vllm/.venv/bin/python)
frame #33: /workspace/vllm/.venv/bin/python() [0x582e84]
frame #34: _PyObject_LookupAttr + 0x7a (0x584bea in /workspace/vllm/.venv/bin/python)
frame #35: /workspace/vllm/.venv/bin/python() [0x5d2b8a]
frame #36: _PyEval_EvalFrameDefault + 0x207d (0x5d84fd in /workspace/vllm/.venv/bin/python)
frame #37: /workspace/vllm/.venv/bin/python() [0x549d47]
frame #38: PyObject_CallMethodObjArgs + 0xe3 (0x54b5c3 in /workspace/vllm/.venv/bin/python)
frame #39: PyImport_ImportModuleLevelObject + 0x5eb (0x5fda5b in /workspace/vllm/.venv/bin/python)
frame #40: _PyEval_EvalFrameDefault + 0x5eee (0x5dc36e in /workspace/vllm/.venv/bin/python)
frame #41: PyEval_EvalCode + 0x15b (0x5d543b in /workspace/vllm/.venv/bin/python)
frame #42: /workspace/vllm/.venv/bin/python() [0x5d322c]
frame #43: /workspace/vllm/.venv/bin/python() [0x581d1d]
frame #44: _PyEval_EvalFrameDefault + 0x4c3a (0x5db0ba in /workspace/vllm/.venv/bin/python)
frame #45: /workspace/vllm/.venv/bin/python() [0x549d47]
frame #46: PyObject_CallMethodObjArgs + 0xe3 (0x54b5c3 in /workspace/vllm/.venv/bin/python)
frame #47: PyImport_ImportModuleLevelObject + 0x395 (0x5fd805 in /workspace/vllm/.venv/bin/python)
frame #48: _PyEval_EvalFrameDefault + 0x5eee (0x5dc36e in /workspace/vllm/.venv/bin/python)
frame #49: PyEval_EvalCode + 0x15b (0x5d543b in /workspace/vllm/.venv/bin/python)
frame #50: /workspace/vllm/.venv/bin/python() [0x5d322c]
frame #51: /workspace/vllm/.venv/bin/python() [0x581d1d]
frame #52: _PyEval_EvalFrameDefault + 0x4c3a (0x5db0ba in /workspace/vllm/.venv/bin/python)
frame #53: /workspace/vllm/.venv/bin/python() [0x549d47]
frame #54: PyObject_CallMethodObjArgs + 0xe3 (0x54b5c3 in /workspace/vllm/.venv/bin/python)
frame #55: PyImport_ImportModuleLevelObject + 0x395 (0x5fd805 in /workspace/vllm/.venv/bin/python)
frame #56: _PyEval_EvalFrameDefault + 0x5eee (0x5dc36e in /workspace/vllm/.venv/bin/python)
frame #57: PyEval_EvalCode + 0x15b (0x5d543b in /workspace/vllm/.venv/bin/python)
frame #58: /workspace/vllm/.venv/bin/python() [0x5d322c]
frame #59: /workspace/vllm/.venv/bin/python() [0x581d1d]
frame #60: _PyEval_EvalFrameDefault + 0x4c3a (0x5db0ba in /workspace/vllm/.venv/bin/python)
frame #61: /workspace/vllm/.venv/bin/python() [0x549d47]
frame #62: PyObject_CallMethodObjArgs + 0xe3 (0x54b5c3 in /workspace/vllm/.venv/bin/python)

[E708 11:04:45.031344445 shim_common.cpp:1458] Exception in aoti_torch: Tried to register an operator (_C::weak_ref_tensor(Tensor input) -> Tensor) with the same name and overload name multiple times. Each overload's schema should only be registered with a single call to def(). Duplicate registration: registered at /workspace/csrc/libtorch_stable/torch_bindings.cpp:10. Original registration: registered at /workspace/csrc/torch_bindings.cpp:21
Exception raised from registerDef at /pytorch/aten/src/ATen/core/dispatch/Dispatcher.cpp:248 (most recent call first):
frame #0: c10::Error::Error(c10::SourceLocation, std::__cxx11::basic_string<char, std::char_traits<char>, std::allocator<char> >) + 0x9d (0x7ffff6b7205d in /workspace/vllm/.venv/lib/python3.12/site-packages/torch/lib/libc10.so)
frame #1: c10::detail::torchCheckFail(char const*, char const*, unsigned int, std::__cxx11::basic_string<char, std::char_traits<char>, std::allocator<char> > const&) + 0xc3 (0x7ffff6b066fd in /workspace/vllm/.venv/lib/python3.12/site-packages/torch/lib/libc10.so)
frame #2: c10::Dispatcher::registerDef(c10::FunctionSchema, std::__cxx11::basic_string<char, std::char_traits<char>, std::allocator<char> >, std::vector<at::Tag, std::allocator<at::Tag> >) + 0x35e (0x7fff0e6811fe in /workspace/vllm/.venv/lib/python3.12/site-packages/torch/lib/libtorch_cpu.so)
frame #3: torch::Library::_def(c10::FunctionSchema&&, c10::OperatorName*, std::vector<at::Tag, std::allocator<at::Tag> > const&, torch::_RegisterOrVerify) & + 0x514 (0x7fff0e6c2254 in /workspace/vllm/.venv/lib/python3.12/site-packages/torch/lib/libtorch_cpu.so)
frame #4: aoti_torch_library_def + 0x99 (0x7fff128d45b9 in /workspace/vllm/.venv/lib/python3.12/site-packages/torch/lib/libtorch_cpu.so)
frame #5: <unknown function> + 0x2bdb00 (0x7ff8ec4beb00 in /workspace/vllm/vllm/_C_stable_libtorch.abi3.so)
frame #6: <unknown function> + 0x2bf0ce (0x7ff8ec4c00ce in /workspace/vllm/vllm/_C_stable_libtorch.abi3.so)
frame #7: <unknown function> + 0x279d92 (0x7ff8ec47ad92 in /workspace/vllm/vllm/_C_stable_libtorch.abi3.so)
frame #8: <unknown function> + 0x571f (0x7ffff7fca71f in /lib64/ld-linux-x86-64.so.2)
frame #9: <unknown function> + 0x5824 (0x7ffff7fca824 in /lib64/ld-linux-x86-64.so.2)
frame #10: _dl_catch_exception + 0x132 (0x7ffff7fc65b2 in /lib64/ld-linux-x86-64.so.2)
frame #11: <unknown function> + 0xcd7c (0x7ffff7fd1d7c in /lib64/ld-linux-x86-64.so.2)
frame #12: _dl_catch_exception + 0x9c (0x7ffff7fc651c in /lib64/ld-linux-x86-64.so.2)
frame #13: <unknown function> + 0xd164 (0x7ffff7fd2164 in /lib64/ld-linux-x86-64.so.2)
frame #14: <unknown function> + 0x981a4 (0x7ffff7d0c1a4 in /usr/lib/x86_64-linux-gnu/libc.so.6)
frame #15: _dl_catch_exception + 0x9c (0x7ffff7fc651c in /lib64/ld-linux-x86-64.so.2)
frame #16: <unknown function> + 0x1669 (0x7ffff7fc6669 in /lib64/ld-linux-x86-64.so.2)
frame #17: <unknown function> + 0x97c83 (0x7ffff7d0bc83 in /usr/lib/x86_64-linux-gnu/libc.so.6)
frame #18: dlopen + 0x6f (0x7ffff7d0c25f in /usr/lib/x86_64-linux-gnu/libc.so.6)
frame #19: /workspace/vllm/.venv/bin/python() [0x6bc36c]
frame #20: /workspace/vllm/.venv/bin/python() [0x6a946a]
frame #21: /workspace/vllm/.venv/bin/python() [0x6a8bf2]
frame #22: /workspace/vllm/.venv/bin/python() [0x581f37]
frame #23: _PyEval_EvalFrameDefault + 0x4c3a (0x5db0ba in /workspace/vllm/.venv/bin/python)
frame #24: /workspace/vllm/.venv/bin/python() [0x549d47]
frame #25: PyObject_CallMethodObjArgs + 0xe3 (0x54b5c3 in /workspace/vllm/.venv/bin/python)
frame #26: PyImport_ImportModuleLevelObject + 0x395 (0x5fd805 in /workspace/vllm/.venv/bin/python)
frame #27: _PyEval_EvalFrameDefault + 0x5eee (0x5dc36e in /workspace/vllm/.venv/bin/python)
frame #28: PyEval_EvalCode + 0x15b (0x5d543b in /workspace/vllm/.venv/bin/python)
frame #29: /workspace/vllm/.venv/bin/python() [0x5d322c]
frame #30: /workspace/vllm/.venv/bin/python() [0x581d1d]
frame #31: _PyEval_EvalFrameDefault + 0x4c3a (0x5db0ba in /workspace/vllm/.venv/bin/python)
frame #32: PyObject_CallOneArg + 0x4d (0x54a65d in /workspace/vllm/.venv/bin/python)
frame #33: /workspace/vllm/.venv/bin/python() [0x582e84]
frame #34: _PyObject_LookupAttr + 0x7a (0x584bea in /workspace/vllm/.venv/bin/python)
frame #35: /workspace/vllm/.venv/bin/python() [0x5d2b8a]
frame #36: _PyEval_EvalFrameDefault + 0x207d (0x5d84fd in /workspace/vllm/.venv/bin/python)
frame #37: /workspace/vllm/.venv/bin/python() [0x549d47]
frame #38: PyObject_CallMethodObjArgs + 0xe3 (0x54b5c3 in /workspace/vllm/.venv/bin/python)
frame #39: PyImport_ImportModuleLevelObject + 0x5eb (0x5fda5b in /workspace/vllm/.venv/bin/python)
frame #40: _PyEval_EvalFrameDefault + 0x5eee (0x5dc36e in /workspace/vllm/.venv/bin/python)
frame #41: PyEval_EvalCode + 0x15b (0x5d543b in /workspace/vllm/.venv/bin/python)
frame #42: /workspace/vllm/.venv/bin/python() [0x5d322c]
frame #43: /workspace/vllm/.venv/bin/python() [0x581d1d]
frame #44: _PyEval_EvalFrameDefault + 0x4c3a (0x5db0ba in /workspace/vllm/.venv/bin/python)
frame #45: /workspace/vllm/.venv/bin/python() [0x549d47]
frame #46: PyObject_CallMethodObjArgs + 0xe3 (0x54b5c3 in /workspace/vllm/.venv/bin/python)
frame #47: PyImport_ImportModuleLevelObject + 0x395 (0x5fd805 in /workspace/vllm/.venv/bin/python)
frame #48: _PyEval_EvalFrameDefault + 0x5eee (0x5dc36e in /workspace/vllm/.venv/bin/python)
frame #49: PyEval_EvalCode + 0x15b (0x5d543b in /workspace/vllm/.venv/bin/python)
frame #50: /workspace/vllm/.venv/bin/python() [0x5d322c]
frame #51: /workspace/vllm/.venv/bin/python() [0x581d1d]
frame #52: _PyEval_EvalFrameDefault + 0x4c3a (0x5db0ba in /workspace/vllm/.venv/bin/python)
frame #53: /workspace/vllm/.venv/bin/python() [0x549d47]
frame #54: PyObject_CallMethodObjArgs + 0xe3 (0x54b5c3 in /workspace/vllm/.venv/bin/python)
frame #55: PyImport_ImportModuleLevelObject + 0x395 (0x5fd805 in /workspace/vllm/.venv/bin/python)
frame #56: _PyEval_EvalFrameDefault + 0x5eee (0x5dc36e in /workspace/vllm/.venv/bin/python)
frame #57: PyEval_EvalCode + 0x15b (0x5d543b in /workspace/vllm/.venv/bin/python)
frame #58: /workspace/vllm/.venv/bin/python() [0x5d322c]
frame #59: /workspace/vllm/.venv/bin/python() [0x581d1d]
frame #60: _PyEval_EvalFrameDefault + 0x4c3a (0x5db0ba in /workspace/vllm/.venv/bin/python)
frame #61: /workspace/vllm/.venv/bin/python() [0x549d47]
frame #62: PyObject_CallMethodObjArgs + 0xe3 (0x54b5c3 in /workspace/vllm/.venv/bin/python)

[E708 11:04:45.033351666 shim_common.cpp:1458] Exception in aoti_torch: Tried to register an operator (_C::silu_and_mul_quant(Tensor($0! -> ) result, Tensor input, Tensor scale) -> ()) with the same name and overload name multiple times. Each overload's schema should only be registered with a single call to def(). Duplicate registration: registered at /workspace/csrc/libtorch_stable/torch_bindings.cpp:10. Original registration: registered at /workspace/csrc/torch_bindings.cpp:21
Exception raised from registerDef at /pytorch/aten/src/ATen/core/dispatch/Dispatcher.cpp:248 (most recent call first):
frame #0: c10::Error::Error(c10::SourceLocation, std::__cxx11::basic_string<char, std::char_traits<char>, std::allocator<char> >) + 0x9d (0x7ffff6b7205d in /workspace/vllm/.venv/lib/python3.12/site-packages/torch/lib/libc10.so)
frame #1: c10::detail::torchCheckFail(char const*, char const*, unsigned int, std::__cxx11::basic_string<char, std::char_traits<char>, std::allocator<char> > const&) + 0xc3 (0x7ffff6b066fd in /workspace/vllm/.venv/lib/python3.12/site-packages/torch/lib/libc10.so)
frame #2: c10::Dispatcher::registerDef(c10::FunctionSchema, std::__cxx11::basic_string<char, std::char_traits<char>, std::allocator<char> >, std::vector<at::Tag, std::allocator<at::Tag> >) + 0x35e (0x7fff0e6811fe in /workspace/vllm/.venv/lib/python3.12/site-packages/torch/lib/libtorch_cpu.so)
frame #3: torch::Library::_def(c10::FunctionSchema&&, c10::OperatorName*, std::vector<at::Tag, std::allocator<at::Tag> > const&, torch::_RegisterOrVerify) & + 0x514 (0x7fff0e6c2254 in /workspace/vllm/.venv/lib/python3.12/site-packages/torch/lib/libtorch_cpu.so)
frame #4: aoti_torch_library_def + 0x99 (0x7fff128d45b9 in /workspace/vllm/.venv/lib/python3.12/site-packages/torch/lib/libtorch_cpu.so)
frame #5: <unknown function> + 0x2bdb3c (0x7ff8ec4beb3c in /workspace/vllm/vllm/_C_stable_libtorch.abi3.so)
frame #6: <unknown function> + 0x2bf0ce (0x7ff8ec4c00ce in /workspace/vllm/vllm/_C_stable_libtorch.abi3.so)
frame #7: <unknown function> + 0x279d92 (0x7ff8ec47ad92 in /workspace/vllm/vllm/_C_stable_libtorch.abi3.so)
frame #8: <unknown function> + 0x571f (0x7ffff7fca71f in /lib64/ld-linux-x86-64.so.2)
frame #9: <unknown function> + 0x5824 (0x7ffff7fca824 in /lib64/ld-linux-x86-64.so.2)
frame #10: _dl_catch_exception + 0x132 (0x7ffff7fc65b2 in /lib64/ld-linux-x86-64.so.2)
frame #11: <unknown function> + 0xcd7c (0x7ffff7fd1d7c in /lib64/ld-linux-x86-64.so.2)
frame #12: _dl_catch_exception + 0x9c (0x7ffff7fc651c in /lib64/ld-linux-x86-64.so.2)
frame #13: <unknown function> + 0xd164 (0x7ffff7fd2164 in /lib64/ld-linux-x86-64.so.2)
frame #14: <unknown function> + 0x981a4 (0x7ffff7d0c1a4 in /usr/lib/x86_64-linux-gnu/libc.so.6)
frame #15: _dl_catch_exception + 0x9c (0x7ffff7fc651c in /lib64/ld-linux-x86-64.so.2)
frame #16: <unknown function> + 0x1669 (0x7ffff7fc6669 in /lib64/ld-linux-x86-64.so.2)
frame #17: <unknown function> + 0x97c83 (0x7ffff7d0bc83 in /usr/lib/x86_64-linux-gnu/libc.so.6)
frame #18: dlopen + 0x6f (0x7ffff7d0c25f in /usr/lib/x86_64-linux-gnu/libc.so.6)
frame #19: /workspace/vllm/.venv/bin/python() [0x6bc36c]
frame #20: /workspace/vllm/.venv/bin/python() [0x6a946a]
frame #21: /workspace/vllm/.venv/bin/python() [0x6a8bf2]
frame #22: /workspace/vllm/.venv/bin/python() [0x581f37]
frame #23: _PyEval_EvalFrameDefault + 0x4c3a (0x5db0ba in /workspace/vllm/.venv/bin/python)
frame #24: /workspace/vllm/.venv/bin/python() [0x549d47]
frame #25: PyObject_CallMethodObjArgs + 0xe3 (0x54b5c3 in /workspace/vllm/.venv/bin/python)
frame #26: PyImport_ImportModuleLevelObject + 0x395 (0x5fd805 in /workspace/vllm/.venv/bin/python)
frame #27: _PyEval_EvalFrameDefault + 0x5eee (0x5dc36e in /workspace/vllm/.venv/bin/python)
frame #28: PyEval_EvalCode + 0x15b (0x5d543b in /workspace/vllm/.venv/bin/python)
frame #29: /workspace/vllm/.venv/bin/python() [0x5d322c]
frame #30: /workspace/vllm/.venv/bin/python() [0x581d1d]
frame #31: _PyEval_EvalFrameDefault + 0x4c3a (0x5db0ba in /workspace/vllm/.venv/bin/python)
frame #32: PyObject_CallOneArg + 0x4d (0x54a65d in /workspace/vllm/.venv/bin/python)
frame #33: /workspace/vllm/.venv/bin/python() [0x582e84]
frame #34: _PyObject_LookupAttr + 0x7a (0x584bea in /workspace/vllm/.venv/bin/python)
frame #35: /workspace/vllm/.venv/bin/python() [0x5d2b8a]
frame #36: _PyEval_EvalFrameDefault + 0x207d (0x5d84fd in /workspace/vllm/.venv/bin/python)
frame #37: /workspace/vllm/.venv/bin/python() [0x549d47]
frame #38: PyObject_CallMethodObjArgs + 0xe3 (0x54b5c3 in /workspace/vllm/.venv/bin/python)
frame #39: PyImport_ImportModuleLevelObject + 0x5eb (0x5fda5b in /workspace/vllm/.venv/bin/python)
frame #40: _PyEval_EvalFrameDefault + 0x5eee (0x5dc36e in /workspace/vllm/.venv/bin/python)
frame #41: PyEval_EvalCode + 0x15b (0x5d543b in /workspace/vllm/.venv/bin/python)
frame #42: /workspace/vllm/.venv/bin/python() [0x5d322c]
frame #43: /workspace/vllm/.venv/bin/python() [0x581d1d]
frame #44: _PyEval_EvalFrameDefault + 0x4c3a (0x5db0ba in /workspace/vllm/.venv/bin/python)
frame #45: /workspace/vllm/.venv/bin/python() [0x549d47]
frame #46: PyObject_CallMethodObjArgs + 0xe3 (0x54b5c3 in /workspace/vllm/.venv/bin/python)
frame #47: PyImport_ImportModuleLevelObject + 0x395 (0x5fd805 in /workspace/vllm/.venv/bin/python)
frame #48: _PyEval_EvalFrameDefault + 0x5eee (0x5dc36e in /workspace/vllm/.venv/bin/python)
frame #49: PyEval_EvalCode + 0x15b (0x5d543b in /workspace/vllm/.venv/bin/python)
frame #50: /workspace/vllm/.venv/bin/python() [0x5d322c]
frame #51: /workspace/vllm/.venv/bin/python() [0x581d1d]
frame #52: _PyEval_EvalFrameDefault + 0x4c3a (0x5db0ba in /workspace/vllm/.venv/bin/python)
frame #53: /workspace/vllm/.venv/bin/python() [0x549d47]
frame #54: PyObject_CallMethodObjArgs + 0xe3 (0x54b5c3 in /workspace/vllm/.venv/bin/python)
frame #55: PyImport_ImportModuleLevelObject + 0x395 (0x5fd805 in /workspace/vllm/.venv/bin/python)
frame #56: _PyEval_EvalFrameDefault + 0x5eee (0x5dc36e in /workspace/vllm/.venv/bin/python)
frame #57: PyEval_EvalCode + 0x15b (0x5d543b in /workspace/vllm/.venv/bin/python)
frame #58: /workspace/vllm/.venv/bin/python() [0x5d322c]
frame #59: /workspace/vllm/.venv/bin/python() [0x581d1d]
frame #60: _PyEval_EvalFrameDefault + 0x4c3a (0x5db0ba in /workspace/vllm/.venv/bin/python)
frame #61: /workspace/vllm/.venv/bin/python() [0x549d47]
frame #62: PyObject_CallMethodObjArgs + 0xe3 (0x54b5c3 in /workspace/vllm/.venv/bin/python)

[W708 11:04:45.035494309 OperatorEntry.cpp:208] Warning: Warning only once for all operators,  other operators may also be overridden.
  Overriding a previously registered kernel for the same operator and the same dispatch key
  operator: _C::persistent_masked_m_silu_mul_quant(Tensor input, Tensor counts, Tensor($0! -> ) y_q, Tensor($1! -> ) y_s, bool use_ue8m0) -> ()
    registered at /workspace/csrc/torch_bindings.cpp:21
  dispatch key: CUDA
  previous kernel: registered at /workspace/csrc/torch_bindings.cpp:21
       new kernel: registered at /workspace/csrc/libtorch_stable/torch_bindings.cpp:603 (function operator())
(EngineCore pid=3203832) INFO 07-08 11:04:47 [core.py:112] Initializing a V1 LLM engine (v0.22.1.dev4+g431701083) with config: model='Qwen/Qwen2.5-32B-Instruct', speculative_config=None, tokenizer='Qwen/Qwen2.5-32B-Instruct', skip_tokenizer_init=False, tokenizer_mode=auto, revision=None, tokenizer_revision=None, trust_remote_code=False, dtype=torch.bfloat16, max_seq_len=4096, download_dir=None, load_format=auto, tensor_parallel_size=8, pipeline_parallel_size=1, data_parallel_size=1, decode_context_parallel_size=1, dcp_comm_backend=ag_rs, disable_custom_all_reduce=True, quantization=None, quantization_config=None, enforce_eager=False, enable_return_routed_experts=False, kv_cache_dtype=auto, device_config=cuda, structured_outputs_config=StructuredOutputsConfig(backend='auto', disable_any_whitespace=False, disable_additional_properties=False, reasoning_parser='', reasoning_parser_plugin='', enable_in_reasoning=False), observability_config=ObservabilityConfig(show_hidden_metrics_for_version=None, otlp_traces_endpoint=None, collect_detailed_traces=None, kv_cache_metrics=False, kv_cache_metrics_sample=0.01, cudagraph_metrics=False, enable_layerwise_nvtx_tracing=False, enable_mfu_metrics=False, enable_mm_processor_stats=False, enable_logging_iteration_details=False), seed=0, served_model_name=Qwen/Qwen2.5-32B-Instruct, enable_prefix_caching=True, enable_chunked_prefill=True, pooler_config=None, compilation_config={'mode': <CompilationMode.VLLM_COMPILE: 3>, 'debug_dump_path': None, 'cache_dir': '', 'compile_cache_save_format': 'binary', 'backend': 'inductor', 'custom_ops': ['none'], 'ir_enable_torch_wrap': True, 'splitting_ops': ['vllm::unified_attention_with_output', 'vllm::unified_mla_attention_with_output', 'vllm::mamba_mixer2', 'vllm::mamba_mixer', 'vllm::short_conv', 'vllm::linear_attention', 'vllm::plamo2_mamba_mixer', 'vllm::qwen_gdn_attention_core', 'vllm::gdn_attention_core_xpu', 'vllm::olmo_hybrid_gdn_full_forward', 'vllm::kda_attention', 'vllm::sparse_attn_indexer', 'vllm::rocm_aiter_sparse_attn_indexer', 'vllm::deepseek_v4_attention', 'vllm::unified_kv_cache_update', 'vllm::unified_mla_kv_cache_update'], 'compile_mm_encoder': False, 'cudagraph_mm_encoder': False, 'encoder_cudagraph_token_budgets': [], 'encoder_cudagraph_max_vision_items_per_batch': 0, 'encoder_cudagraph_max_frames_per_batch': None, 'compile_sizes': [], 'compile_ranges_endpoints': [51, 4096], 'inductor_compile_config': {'enable_auto_functionalized_v2': False, 'size_asserts': False, 'alignment_asserts': False, 'scalar_asserts': False, 'combo_kernels': True, 'benchmark_combo_kernel': True}, 'inductor_passes': {}, 'cudagraph_mode': <CUDAGraphMode.FULL_AND_PIECEWISE: (2, 1)>, 'cudagraph_num_of_warmups': 1, 'cudagraph_capture_sizes': [1, 2, 4, 8, 16, 24, 32, 40, 48, 56, 64, 72, 80, 88, 96, 104, 112, 120, 128, 136, 144, 152, 160, 168, 176, 184, 192, 200, 208, 216, 224, 232, 240, 248, 256, 272, 288, 304, 320, 336, 352, 368, 384, 400, 416, 432, 448, 464, 480, 496, 512], 'cudagraph_copy_inputs': False, 'cudagraph_specialize_lora': True, 'use_inductor_graph_partition': False, 'pass_config': {'fuse_norm_quant': False, 'fuse_act_quant': False, 'fuse_attn_quant': False, 'enable_sp': False, 'fuse_gemm_comms': False, 'fuse_allreduce_rms': True, 'fuse_rope_kvcache_cat_mla': False, 'fuse_act_padding': False}, 'max_cudagraph_capture_size': 512, 'dynamic_shapes_config': {'type': <DynamicShapesType.BACKED: 'backed'>, 'evaluate_guards': False, 'assume_32_bit_indexing': False}, 'local_cache_dir': None, 'fast_moe_cold_start': False, 'static_all_moe_layers': []}, kernel_config=KernelConfig(ir_op_priority=IrOpPriorityConfig(rms_norm=['native'], fused_add_rms_norm=['native']), enable_flashinfer_autotune=True, moe_backend='auto', linear_backend='auto')
(EngineCore pid=3203832) WARNING 07-08 11:04:47 [multiproc_executor.py:1029] Reducing Torch parallelism from 112 threads to 1 to avoid unnecessary CPU contention. Set OMP_NUM_THREADS in the external environment to tune this value as needed.
(EngineCore pid=3203832) INFO 07-08 11:04:47 [multiproc_executor.py:139] DP group leader: node_rank=0, node_rank_within_dp=0, master_addr=127.0.0.1, mq_connect_ip=10.52.48.194 (local), world_size=8, local_world_size=8
[E708 11:04:49.863855959 shim_common.cpp:1458] Exception in aoti_torch: Tried to register an operator (_C::persistent_masked_m_silu_mul_quant(Tensor input, Tensor counts, Tensor($0! -> ) y_q, Tensor($1! -> ) y_s, bool use_ue8m0) -> ()) with the same name and overload name multiple times. Each overload's schema should only be registered with a single call to def(). Duplicate registration: registered at /workspace/csrc/libtorch_stable/torch_bindings.cpp:10. Original registration: registered at /workspace/csrc/torch_bindings.cpp:21
Exception raised from registerDef at /pytorch/aten/src/ATen/core/dispatch/Dispatcher.cpp:248 (most recent call first):
frame #0: c10::Error::Error(c10::SourceLocation, std::__cxx11::basic_string<char, std::char_traits<char>, std::allocator<char> >) + 0x9d (0x7ffff6b7205d in /workspace/vllm/.venv/lib/python3.12/site-packages/torch/lib/libc10.so)
frame #1: c10::detail::torchCheckFail(char const*, char const*, unsigned int, std::__cxx11::basic_string<char, std::char_traits<char>, std::allocator<char> > const&) + 0xc3 (0x7ffff6b066fd in /workspace/vllm/.venv/lib/python3.12/site-packages/torch/lib/libc10.so)
frame #2: c10::Dispatcher::registerDef(c10::FunctionSchema, std::__cxx11::basic_string<char, std::char_traits<char>, std::allocator<char> >, std::vector<at::Tag, std::allocator<at::Tag> >) + 0x35e (0x7fff0e6811fe in /workspace/vllm/.venv/lib/python3.12/site-packages/torch/lib/libtorch_cpu.so)
frame #3: torch::Library::_def(c10::FunctionSchema&&, c10::OperatorName*, std::vector<at::Tag, std::allocator<at::Tag> > const&, torch::_RegisterOrVerify) & + 0x514 (0x7fff0e6c2254 in /workspace/vllm/.venv/lib/python3.12/site-packages/torch/lib/libtorch_cpu.so)
frame #4: aoti_torch_library_def + 0x99 (0x7fff128d45b9 in /workspace/vllm/.venv/lib/python3.12/site-packages/torch/lib/libtorch_cpu.so)
frame #5: <unknown function> + 0x2bdaf1 (0x7ffe8aebeaf1 in /workspace/vllm/vllm/_C_stable_libtorch.abi3.so)
frame #6: <unknown function> + 0x2bf0ce (0x7ffe8aec00ce in /workspace/vllm/vllm/_C_stable_libtorch.abi3.so)
frame #7: <unknown function> + 0x279d92 (0x7ffe8ae7ad92 in /workspace/vllm/vllm/_C_stable_libtorch.abi3.so)
frame #8: <unknown function> + 0x571f (0x7ffff7fca71f in /lib64/ld-linux-x86-64.so.2)
frame #9: <unknown function> + 0x5824 (0x7ffff7fca824 in /lib64/ld-linux-x86-64.so.2)
frame #10: _dl_catch_exception + 0x132 (0x7ffff7fc65b2 in /lib64/ld-linux-x86-64.so.2)
frame #11: <unknown function> + 0xcd7c (0x7ffff7fd1d7c in /lib64/ld-linux-x86-64.so.2)
frame #12: _dl_catch_exception + 0x9c (0x7ffff7fc651c in /lib64/ld-linux-x86-64.so.2)
frame #13: <unknown function> + 0xd164 (0x7ffff7fd2164 in /lib64/ld-linux-x86-64.so.2)
frame #14: <unknown function> + 0x981a4 (0x7ffff7d0c1a4 in /usr/lib/x86_64-linux-gnu/libc.so.6)
frame #15: _dl_catch_exception + 0x9c (0x7ffff7fc651c in /lib64/ld-linux-x86-64.so.2)
frame #16: <unknown function> + 0x1669 (0x7ffff7fc6669 in /lib64/ld-linux-x86-64.so.2)
frame #17: <unknown function> + 0x97c83 (0x7ffff7d0bc83 in /usr/lib/x86_64-linux-gnu/libc.so.6)
frame #18: dlopen + 0x6f (0x7ffff7d0c25f in /usr/lib/x86_64-linux-gnu/libc.so.6)
frame #19: /workspace/vllm/.venv/bin/python() [0x6bc36c]
frame #20: /workspace/vllm/.venv/bin/python() [0x6a946a]
frame #21: /workspace/vllm/.venv/bin/python() [0x6a8bf2]
frame #22: /workspace/vllm/.venv/bin/python() [0x581f37]
frame #23: _PyEval_EvalFrameDefault + 0x4c3a (0x5db0ba in /workspace/vllm/.venv/bin/python)
frame #24: /workspace/vllm/.venv/bin/python() [0x549d47]
frame #25: PyObject_CallMethodObjArgs + 0xe3 (0x54b5c3 in /workspace/vllm/.venv/bin/python)
frame #26: PyImport_ImportModuleLevelObject + 0x395 (0x5fd805 in /workspace/vllm/.venv/bin/python)
frame #27: _PyEval_EvalFrameDefault + 0x5eee (0x5dc36e in /workspace/vllm/.venv/bin/python)
frame #28: PyEval_EvalCode + 0x15b (0x5d543b in /workspace/vllm/.venv/bin/python)
frame #29: /workspace/vllm/.venv/bin/python() [0x5d322c]
frame #30: /workspace/vllm/.venv/bin/python() [0x581d1d]
frame #31: _PyEval_EvalFrameDefault + 0x4c3a (0x5db0ba in /workspace/vllm/.venv/bin/python)
frame #32: PyObject_CallOneArg + 0x4d (0x54a65d in /workspace/vllm/.venv/bin/python)
frame #33: /workspace/vllm/.venv/bin/python() [0x582e84]
frame #34: _PyObject_LookupAttr + 0x7a (0x584bea in /workspace/vllm/.venv/bin/python)
frame #35: /workspace/vllm/.venv/bin/python() [0x5d2b8a]
frame #36: _PyEval_EvalFrameDefault + 0x207d (0x5d84fd in /workspace/vllm/.venv/bin/python)
frame #37: /workspace/vllm/.venv/bin/python() [0x549d47]
frame #38: PyObject_CallMethodObjArgs + 0xe3 (0x54b5c3 in /workspace/vllm/.venv/bin/python)
frame #39: PyImport_ImportModuleLevelObject + 0x5eb (0x5fda5b in /workspace/vllm/.venv/bin/python)
frame #40: _PyEval_EvalFrameDefault + 0x5eee (0x5dc36e in /workspace/vllm/.venv/bin/python)
frame #41: PyEval_EvalCode + 0x15b (0x5d543b in /workspace/vllm/.venv/bin/python)
frame #42: /workspace/vllm/.venv/bin/python() [0x5d322c]
frame #43: /workspace/vllm/.venv/bin/python() [0x581d1d]
frame #44: _PyEval_EvalFrameDefault + 0x4c3a (0x5db0ba in /workspace/vllm/.venv/bin/python)
frame #45: /workspace/vllm/.venv/bin/python() [0x549d47]
frame #46: PyObject_CallMethodObjArgs + 0xe3 (0x54b5c3 in /workspace/vllm/.venv/bin/python)
frame #47: PyImport_ImportModuleLevelObject + 0x395 (0x5fd805 in /workspace/vllm/.venv/bin/python)
frame #48: _PyEval_EvalFrameDefault + 0x5eee (0x5dc36e in /workspace/vllm/.venv/bin/python)
frame #49: PyEval_EvalCode + 0x15b (0x5d543b in /workspace/vllm/.venv/bin/python)
frame #50: /workspace/vllm/.venv/bin/python() [0x5d322c]
frame #51: /workspace/vllm/.venv/bin/python() [0x581d1d]
frame #52: _PyEval_EvalFrameDefault + 0x4c3a (0x5db0ba in /workspace/vllm/.venv/bin/python)
frame #53: /workspace/vllm/.venv/bin/python() [0x549d47]
frame #54: PyObject_CallMethodObjArgs + 0xe3 (0x54b5c3 in /workspace/vllm/.venv/bin/python)
frame #55: PyImport_ImportModuleLevelObject + 0x395 (0x5fd805 in /workspace/vllm/.venv/bin/python)
frame #56: _PyEval_EvalFrameDefault + 0x5eee (0x5dc36e in /workspace/vllm/.venv/bin/python)
frame #57: PyEval_EvalCode + 0x15b (0x5d543b in /workspace/vllm/.venv/bin/python)
frame #58: /workspace/vllm/.venv/bin/python() [0x5d322c]
frame #59: /workspace/vllm/.venv/bin/python() [0x581d1d]
frame #60: _PyEval_EvalFrameDefault + 0x4c3a (0x5db0ba in /workspace/vllm/.venv/bin/python)
frame #61: /workspace/vllm/.venv/bin/python() [0x549d47]
frame #62: PyObject_CallMethodObjArgs + 0xe3 (0x54b5c3 in /workspace/vllm/.venv/bin/python)

[E708 11:04:49.865934624 shim_common.cpp:1458] Exception in aoti_torch: Tried to register an operator (_C::weak_ref_tensor(Tensor input) -> Tensor) with the same name and overload name multiple times. Each overload's schema should only be registered with a single call to def(). Duplicate registration: registered at /workspace/csrc/libtorch_stable/torch_bindings.cpp:10. Original registration: registered at /workspace/csrc/torch_bindings.cpp:21
Exception raised from registerDef at /pytorch/aten/src/ATen/core/dispatch/Dispatcher.cpp:248 (most recent call first):
frame #0: c10::Error::Error(c10::SourceLocation, std::__cxx11::basic_string<char, std::char_traits<char>, std::allocator<char> >) + 0x9d (0x7ffff6b7205d in /workspace/vllm/.venv/lib/python3.12/site-packages/torch/lib/libc10.so)
frame #1: c10::detail::torchCheckFail(char const*, char const*, unsigned int, std::__cxx11::basic_string<char, std::char_traits<char>, std::allocator<char> > const&) + 0xc3 (0x7ffff6b066fd in /workspace/vllm/.venv/lib/python3.12/site-packages/torch/lib/libc10.so)
frame #2: c10::Dispatcher::registerDef(c10::FunctionSchema, std::__cxx11::basic_string<char, std::char_traits<char>, std::allocator<char> >, std::vector<at::Tag, std::allocator<at::Tag> >) + 0x35e (0x7fff0e6811fe in /workspace/vllm/.venv/lib/python3.12/site-packages/torch/lib/libtorch_cpu.so)
frame #3: torch::Library::_def(c10::FunctionSchema&&, c10::OperatorName*, std::vector<at::Tag, std::allocator<at::Tag> > const&, torch::_RegisterOrVerify) & + 0x514 (0x7fff0e6c2254 in /workspace/vllm/.venv/lib/python3.12/site-packages/torch/lib/libtorch_cpu.so)
frame #4: aoti_torch_library_def + 0x99 (0x7fff128d45b9 in /workspace/vllm/.venv/lib/python3.12/site-packages/torch/lib/libtorch_cpu.so)
frame #5: <unknown function> + 0x2bdb00 (0x7ffe8aebeb00 in /workspace/vllm/vllm/_C_stable_libtorch.abi3.so)
frame #6: <unknown function> + 0x2bf0ce (0x7ffe8aec00ce in /workspace/vllm/vllm/_C_stable_libtorch.abi3.so)
frame #7: <unknown function> + 0x279d92 (0x7ffe8ae7ad92 in /workspace/vllm/vllm/_C_stable_libtorch.abi3.so)
frame #8: <unknown function> + 0x571f (0x7ffff7fca71f in /lib64/ld-linux-x86-64.so.2)
frame #9: <unknown function> + 0x5824 (0x7ffff7fca824 in /lib64/ld-linux-x86-64.so.2)
frame #10: _dl_catch_exception + 0x132 (0x7ffff7fc65b2 in /lib64/ld-linux-x86-64.so.2)
frame #11: <unknown function> + 0xcd7c (0x7ffff7fd1d7c in /lib64/ld-linux-x86-64.so.2)
frame #12: _dl_catch_exception + 0x9c (0x7ffff7fc651c in /lib64/ld-linux-x86-64.so.2)
frame #13: <unknown function> + 0xd164 (0x7ffff7fd2164 in /lib64/ld-linux-x86-64.so.2)
frame #14: <unknown function> + 0x981a4 (0x7ffff7d0c1a4 in /usr/lib/x86_64-linux-gnu/libc.so.6)
frame #15: _dl_catch_exception + 0x9c (0x7ffff7fc651c in /lib64/ld-linux-x86-64.so.2)
frame #16: <unknown function> + 0x1669 (0x7ffff7fc6669 in /lib64/ld-linux-x86-64.so.2)
frame #17: <unknown function> + 0x97c83 (0x7ffff7d0bc83 in /usr/lib/x86_64-linux-gnu/libc.so.6)
frame #18: dlopen + 0x6f (0x7ffff7d0c25f in /usr/lib/x86_64-linux-gnu/libc.so.6)
frame #19: /workspace/vllm/.venv/bin/python() [0x6bc36c]
frame #20: /workspace/vllm/.venv/bin/python() [0x6a946a]
frame #21: /workspace/vllm/.venv/bin/python() [0x6a8bf2]
frame #22: /workspace/vllm/.venv/bin/python() [0x581f37]
frame #23: _PyEval_EvalFrameDefault + 0x4c3a (0x5db0ba in /workspace/vllm/.venv/bin/python)
frame #24: /workspace/vllm/.venv/bin/python() [0x549d47]
frame #25: PyObject_CallMethodObjArgs + 0xe3 (0x54b5c3 in /workspace/vllm/.venv/bin/python)
frame #26: PyImport_ImportModuleLevelObject + 0x395 (0x5fd805 in /workspace/vllm/.venv/bin/python)
frame #27: _PyEval_EvalFrameDefault + 0x5eee (0x5dc36e in /workspace/vllm/.venv/bin/python)
frame #28: PyEval_EvalCode + 0x15b (0x5d543b in /workspace/vllm/.venv/bin/python)
frame #29: /workspace/vllm/.venv/bin/python() [0x5d322c]
frame #30: /workspace/vllm/.venv/bin/python() [0x581d1d]
frame #31: _PyEval_EvalFrameDefault + 0x4c3a (0x5db0ba in /workspace/vllm/.venv/bin/python)
frame #32: PyObject_CallOneArg + 0x4d (0x54a65d in /workspace/vllm/.venv/bin/python)
frame #33: /workspace/vllm/.venv/bin/python() [0x582e84]
frame #34: _PyObject_LookupAttr + 0x7a (0x584bea in /workspace/vllm/.venv/bin/python)
frame #35: /workspace/vllm/.venv/bin/python() [0x5d2b8a]
frame #36: _PyEval_EvalFrameDefault + 0x207d (0x5d84fd in /workspace/vllm/.venv/bin/python)
frame #37: /workspace/vllm/.venv/bin/python() [0x549d47]
frame #38: PyObject_CallMethodObjArgs + 0xe3 (0x54b5c3 in /workspace/vllm/.venv/bin/python)
frame #39: PyImport_ImportModuleLevelObject + 0x5eb (0x5fda5b in /workspace/vllm/.venv/bin/python)
frame #40: _PyEval_EvalFrameDefault + 0x5eee (0x5dc36e in /workspace/vllm/.venv/bin/python)
frame #41: PyEval_EvalCode + 0x15b (0x5d543b in /workspace/vllm/.venv/bin/python)
frame #42: /workspace/vllm/.venv/bin/python() [0x5d322c]
frame #43: /workspace/vllm/.venv/bin/python() [0x581d1d]
frame #44: _PyEval_EvalFrameDefault + 0x4c3a (0x5db0ba in /workspace/vllm/.venv/bin/python)
frame #45: /workspace/vllm/.venv/bin/python() [0x549d47]
frame #46: PyObject_CallMethodObjArgs + 0xe3 (0x54b5c3 in /workspace/vllm/.venv/bin/python)
frame #47: PyImport_ImportModuleLevelObject + 0x395 (0x5fd805 in /workspace/vllm/.venv/bin/python)
frame #48: _PyEval_EvalFrameDefault + 0x5eee (0x5dc36e in /workspace/vllm/.venv/bin/python)
frame #49: PyEval_EvalCode + 0x15b (0x5d543b in /workspace/vllm/.venv/bin/python)
frame #50: /workspace/vllm/.venv/bin/python() [0x5d322c]
frame #51: /workspace/vllm/.venv/bin/python() [0x581d1d]
frame #52: _PyEval_EvalFrameDefault + 0x4c3a (0x5db0ba in /workspace/vllm/.venv/bin/python)
frame #53: /workspace/vllm/.venv/bin/python() [0x549d47]
frame #54: PyObject_CallMethodObjArgs + 0xe3 (0x54b5c3 in /workspace/vllm/.venv/bin/python)
frame #55: PyImport_ImportModuleLevelObject + 0x395 (0x5fd805 in /workspace/vllm/.venv/bin/python)
frame #56: _PyEval_EvalFrameDefault + 0x5eee (0x5dc36e in /workspace/vllm/.venv/bin/python)
frame #57: PyEval_EvalCode + 0x15b (0x5d543b in /workspace/vllm/.venv/bin/python)
frame #58: /workspace/vllm/.venv/bin/python() [0x5d322c]
frame #59: /workspace/vllm/.venv/bin/python() [0x581d1d]
frame #60: _PyEval_EvalFrameDefault + 0x4c3a (0x5db0ba in /workspace/vllm/.venv/bin/python)
frame #61: /workspace/vllm/.venv/bin/python() [0x549d47]
frame #62: PyObject_CallMethodObjArgs + 0xe3 (0x54b5c3 in /workspace/vllm/.venv/bin/python)

[E708 11:04:49.867827084 shim_common.cpp:1458] Exception in aoti_torch: Tried to register an operator (_C::silu_and_mul_quant(Tensor($0! -> ) result, Tensor input, Tensor scale) -> ()) with the same name and overload name multiple times. Each overload's schema should only be registered with a single call to def(). Duplicate registration: registered at /workspace/csrc/libtorch_stable/torch_bindings.cpp:10. Original registration: registered at /workspace/csrc/torch_bindings.cpp:21
Exception raised from registerDef at /pytorch/aten/src/ATen/core/dispatch/Dispatcher.cpp:248 (most recent call first):
frame #0: c10::Error::Error(c10::SourceLocation, std::__cxx11::basic_string<char, std::char_traits<char>, std::allocator<char> >) + 0x9d (0x7ffff6b7205d in /workspace/vllm/.venv/lib/python3.12/site-packages/torch/lib/libc10.so)
frame #1: c10::detail::torchCheckFail(char const*, char const*, unsigned int, std::__cxx11::basic_string<char, std::char_traits<char>, std::allocator<char> > const&) + 0xc3 (0x7ffff6b066fd in /workspace/vllm/.venv/lib/python3.12/site-packages/torch/lib/libc10.so)
frame #2: c10::Dispatcher::registerDef(c10::FunctionSchema, std::__cxx11::basic_string<char, std::char_traits<char>, std::allocator<char> >, std::vector<at::Tag, std::allocator<at::Tag> >) + 0x35e (0x7fff0e6811fe in /workspace/vllm/.venv/lib/python3.12/site-packages/torch/lib/libtorch_cpu.so)
frame #3: torch::Library::_def(c10::FunctionSchema&&, c10::OperatorName*, std::vector<at::Tag, std::allocator<at::Tag> > const&, torch::_RegisterOrVerify) & + 0x514 (0x7fff0e6c2254 in /workspace/vllm/.venv/lib/python3.12/site-packages/torch/lib/libtorch_cpu.so)
frame #4: aoti_torch_library_def + 0x99 (0x7fff128d45b9 in /workspace/vllm/.venv/lib/python3.12/site-packages/torch/lib/libtorch_cpu.so)
frame #5: <unknown function> + 0x2bdb3c (0x7ffe8aebeb3c in /workspace/vllm/vllm/_C_stable_libtorch.abi3.so)
frame #6: <unknown function> + 0x2bf0ce (0x7ffe8aec00ce in /workspace/vllm/vllm/_C_stable_libtorch.abi3.so)
frame #7: <unknown function> + 0x279d92 (0x7ffe8ae7ad92 in /workspace/vllm/vllm/_C_stable_libtorch.abi3.so)
frame #8: <unknown function> + 0x571f (0x7ffff7fca71f in /lib64/ld-linux-x86-64.so.2)
frame #9: <unknown function> + 0x5824 (0x7ffff7fca824 in /lib64/ld-linux-x86-64.so.2)
frame #10: _dl_catch_exception + 0x132 (0x7ffff7fc65b2 in /lib64/ld-linux-x86-64.so.2)
frame #11: <unknown function> + 0xcd7c (0x7ffff7fd1d7c in /lib64/ld-linux-x86-64.so.2)
frame #12: _dl_catch_exception + 0x9c (0x7ffff7fc651c in /lib64/ld-linux-x86-64.so.2)
frame #13: <unknown function> + 0xd164 (0x7ffff7fd2164 in /lib64/ld-linux-x86-64.so.2)
frame #14: <unknown function> + 0x981a4 (0x7ffff7d0c1a4 in /usr/lib/x86_64-linux-gnu/libc.so.6)
frame #15: _dl_catch_exception + 0x9c (0x7ffff7fc651c in /lib64/ld-linux-x86-64.so.2)
frame #16: <unknown function> + 0x1669 (0x7ffff7fc6669 in /lib64/ld-linux-x86-64.so.2)
frame #17: <unknown function> + 0x97c83 (0x7ffff7d0bc83 in /usr/lib/x86_64-linux-gnu/libc.so.6)
frame #18: dlopen + 0x6f (0x7ffff7d0c25f in /usr/lib/x86_64-linux-gnu/libc.so.6)
frame #19: /workspace/vllm/.venv/bin/python() [0x6bc36c]
frame #20: /workspace/vllm/.venv/bin/python() [0x6a946a]
frame #21: /workspace/vllm/.venv/bin/python() [0x6a8bf2]
frame #22: /workspace/vllm/.venv/bin/python() [0x581f37]
frame #23: _PyEval_EvalFrameDefault + 0x4c3a (0x5db0ba in /workspace/vllm/.venv/bin/python)
frame #24: /workspace/vllm/.venv/bin/python() [0x549d47]
frame #25: PyObject_CallMethodObjArgs + 0xe3 (0x54b5c3 in /workspace/vllm/.venv/bin/python)
frame #26: PyImport_ImportModuleLevelObject + 0x395 (0x5fd805 in /workspace/vllm/.venv/bin/python)
frame #27: _PyEval_EvalFrameDefault + 0x5eee (0x5dc36e in /workspace/vllm/.venv/bin/python)
frame #28: PyEval_EvalCode + 0x15b (0x5d543b in /workspace/vllm/.venv/bin/python)
frame #29: /workspace/vllm/.venv/bin/python() [0x5d322c]
frame #30: /workspace/vllm/.venv/bin/python() [0x581d1d]
frame #31: _PyEval_EvalFrameDefault + 0x4c3a (0x5db0ba in /workspace/vllm/.venv/bin/python)
frame #32: PyObject_CallOneArg + 0x4d (0x54a65d in /workspace/vllm/.venv/bin/python)
frame #33: /workspace/vllm/.venv/bin/python() [0x582e84]
frame #34: _PyObject_LookupAttr + 0x7a (0x584bea in /workspace/vllm/.venv/bin/python)
frame #35: /workspace/vllm/.venv/bin/python() [0x5d2b8a]
frame #36: _PyEval_EvalFrameDefault + 0x207d (0x5d84fd in /workspace/vllm/.venv/bin/python)
frame #37: /workspace/vllm/.venv/bin/python() [0x549d47]
frame #38: PyObject_CallMethodObjArgs + 0xe3 (0x54b5c3 in /workspace/vllm/.venv/bin/python)
frame #39: PyImport_ImportModuleLevelObject + 0x5eb (0x5fda5b in /workspace/vllm/.venv/bin/python)
frame #40: _PyEval_EvalFrameDefault + 0x5eee (0x5dc36e in /workspace/vllm/.venv/bin/python)
frame #41: PyEval_EvalCode + 0x15b (0x5d543b in /workspace/vllm/.venv/bin/python)
frame #42: /workspace/vllm/.venv/bin/python() [0x5d322c]
frame #43: /workspace/vllm/.venv/bin/python() [0x581d1d]
frame #44: _PyEval_EvalFrameDefault + 0x4c3a (0x5db0ba in /workspace/vllm/.venv/bin/python)
frame #45: /workspace/vllm/.venv/bin/python() [0x549d47]
frame #46: PyObject_CallMethodObjArgs + 0xe3 (0x54b5c3 in /workspace/vllm/.venv/bin/python)
frame #47: PyImport_ImportModuleLevelObject + 0x395 (0x5fd805 in /workspace/vllm/.venv/bin/python)
frame #48: _PyEval_EvalFrameDefault + 0x5eee (0x5dc36e in /workspace/vllm/.venv/bin/python)
frame #49: PyEval_EvalCode + 0x15b (0x5d543b in /workspace/vllm/.venv/bin/python)
frame #50: /workspace/vllm/.venv/bin/python() [0x5d322c]
frame #51: /workspace/vllm/.venv/bin/python() [0x581d1d]
frame #52: _PyEval_EvalFrameDefault + 0x4c3a (0x5db0ba in /workspace/vllm/.venv/bin/python)
frame #53: /workspace/vllm/.venv/bin/python() [0x549d47]
frame #54: PyObject_CallMethodObjArgs + 0xe3 (0x54b5c3 in /workspace/vllm/.venv/bin/python)
frame #55: PyImport_ImportModuleLevelObject + 0x395 (0x5fd805 in /workspace/vllm/.venv/bin/python)
frame #56: _PyEval_EvalFrameDefault + 0x5eee (0x5dc36e in /workspace/vllm/.venv/bin/python)
frame #57: PyEval_EvalCode + 0x15b (0x5d543b in /workspace/vllm/.venv/bin/python)
frame #58: /workspace/vllm/.venv/bin/python() [0x5d322c]
frame #59: /workspace/vllm/.venv/bin/python() [0x581d1d]
frame #60: _PyEval_EvalFrameDefault + 0x4c3a (0x5db0ba in /workspace/vllm/.venv/bin/python)
frame #61: /workspace/vllm/.venv/bin/python() [0x549d47]
frame #62: PyObject_CallMethodObjArgs + 0xe3 (0x54b5c3 in /workspace/vllm/.venv/bin/python)

[W708 11:04:49.869957149 OperatorEntry.cpp:208] Warning: Warning only once for all operators,  other operators may also be overridden.
  Overriding a previously registered kernel for the same operator and the same dispatch key
  operator: _C::persistent_masked_m_silu_mul_quant(Tensor input, Tensor counts, Tensor($0! -> ) y_q, Tensor($1! -> ) y_s, bool use_ue8m0) -> ()
    registered at /workspace/csrc/torch_bindings.cpp:21
  dispatch key: CUDA
  previous kernel: registered at /workspace/csrc/torch_bindings.cpp:21
       new kernel: registered at /workspace/csrc/libtorch_stable/torch_bindings.cpp:603 (function operator())
[E708 11:04:49.211643543 shim_common.cpp:1458] Exception in aoti_torch: Tried to register an operator (_C::persistent_masked_m_silu_mul_quant(Tensor input, Tensor counts, Tensor($0! -> ) y_q, Tensor($1! -> ) y_s, bool use_ue8m0) -> ()) with the same name and overload name multiple times. Each overload's schema should only be registered with a single call to def(). Duplicate registration: registered at /workspace/csrc/libtorch_stable/torch_bindings.cpp:10. Original registration: registered at /workspace/csrc/torch_bindings.cpp:21
Exception raised from registerDef at /pytorch/aten/src/ATen/core/dispatch/Dispatcher.cpp:248 (most recent call first):
frame #0: c10::Error::Error(c10::SourceLocation, std::__cxx11::basic_string<char, std::char_traits<char>, std::allocator<char> >) + 0x9d (0x7ffff6b7205d in /workspace/vllm/.venv/lib/python3.12/site-packages/torch/lib/libc10.so)
frame #1: c10::detail::torchCheckFail(char const*, char const*, unsigned int, std::__cxx11::basic_string<char, std::char_traits<char>, std::allocator<char> > const&) + 0xc3 (0x7ffff6b066fd in /workspace/vllm/.venv/lib/python3.12/site-packages/torch/lib/libc10.so)
frame #2: c10::Dispatcher::registerDef(c10::FunctionSchema, std::__cxx11::basic_string<char, std::char_traits<char>, std::allocator<char> >, std::vector<at::Tag, std::allocator<at::Tag> >) + 0x35e (0x7fff0e6811fe in /workspace/vllm/.venv/lib/python3.12/site-packages/torch/lib/libtorch_cpu.so)
frame #3: torch::Library::_def(c10::FunctionSchema&&, c10::OperatorName*, std::vector<at::Tag, std::allocator<at::Tag> > const&, torch::_RegisterOrVerify) & + 0x514 (0x7fff0e6c2254 in /workspace/vllm/.venv/lib/python3.12/site-packages/torch/lib/libtorch_cpu.so)
frame #4: aoti_torch_library_def + 0x99 (0x7fff128d45b9 in /workspace/vllm/.venv/lib/python3.12/site-packages/torch/lib/libtorch_cpu.so)
frame #5: <unknown function> + 0x2bdaf1 (0x7ffe8aebeaf1 in /workspace/vllm/vllm/_C_stable_libtorch.abi3.so)
frame #6: <unknown function> + 0x2bf0ce (0x7ffe8aec00ce in /workspace/vllm/vllm/_C_stable_libtorch.abi3.so)
frame #7: <unknown function> + 0x279d92 (0x7ffe8ae7ad92 in /workspace/vllm/vllm/_C_stable_libtorch.abi3.so)
frame #8: <unknown function> + 0x571f (0x7ffff7fca71f in /lib64/ld-linux-x86-64.so.2)
frame #9: <unknown function> + 0x5824 (0x7ffff7fca824 in /lib64/ld-linux-x86-64.so.2)
frame #10: _dl_catch_exception + 0x132 (0x7ffff7fc65b2 in /lib64/ld-linux-x86-64.so.2)
frame #11: <unknown function> + 0xcd7c (0x7ffff7fd1d7c in /lib64/ld-linux-x86-64.so.2)
frame #12: _dl_catch_exception + 0x9c (0x7ffff7fc651c in /lib64/ld-linux-x86-64.so.2)
frame #13: <unknown function> + 0xd164 (0x7ffff7fd2164 in /lib64/ld-linux-x86-64.so.2)
frame #14: <unknown function> + 0x981a4 (0x7ffff7d0c1a4 in /usr/lib/x86_64-linux-gnu/libc.so.6)
frame #15: _dl_catch_exception + 0x9c (0x7ffff7fc651c in /lib64/ld-linux-x86-64.so.2)
frame #16: <unknown function> + 0x1669 (0x7ffff7fc6669 in /lib64/ld-linux-x86-64.so.2)
frame #17: <unknown function> + 0x97c83 (0x7ffff7d0bc83 in /usr/lib/x86_64-linux-gnu/libc.so.6)
frame #18: dlopen + 0x6f (0x7ffff7d0c25f in /usr/lib/x86_64-linux-gnu/libc.so.6)
frame #19: /workspace/vllm/.venv/bin/python() [0x6bc36c]
frame #20: /workspace/vllm/.venv/bin/python() [0x6a946a]
frame #21: /workspace/vllm/.venv/bin/python() [0x6a8bf2]
frame #22: /workspace/vllm/.venv/bin/python() [0x581f37]
frame #23: _PyEval_EvalFrameDefault + 0x4c3a (0x5db0ba in /workspace/vllm/.venv/bin/python)
frame #24: /workspace/vllm/.venv/bin/python() [0x549d47]
frame #25: PyObject_CallMethodObjArgs + 0xe3 (0x54b5c3 in /workspace/vllm/.venv/bin/python)
frame #26: PyImport_ImportModuleLevelObject + 0x395 (0x5fd805 in /workspace/vllm/.venv/bin/python)
frame #27: _PyEval_EvalFrameDefault + 0x5eee (0x5dc36e in /workspace/vllm/.venv/bin/python)
frame #28: PyEval_EvalCode + 0x15b (0x5d543b in /workspace/vllm/.venv/bin/python)
frame #29: /workspace/vllm/.venv/bin/python() [0x5d322c]
frame #30: /workspace/vllm/.venv/bin/python() [0x581d1d]
frame #31: _PyEval_EvalFrameDefault + 0x4c3a (0x5db0ba in /workspace/vllm/.venv/bin/python)
frame #32: PyObject_CallOneArg + 0x4d (0x54a65d in /workspace/vllm/.venv/bin/python)
frame #33: /workspace/vllm/.venv/bin/python() [0x582e84]
frame #34: _PyObject_LookupAttr + 0x7a (0x584bea in /workspace/vllm/.venv/bin/python)
frame #35: /workspace/vllm/.venv/bin/python() [0x5d2b8a]
frame #36: _PyEval_EvalFrameDefault + 0x207d (0x5d84fd in /workspace/vllm/.venv/bin/python)
frame #37: /workspace/vllm/.venv/bin/python() [0x549d47]
frame #38: PyObject_CallMethodObjArgs + 0xe3 (0x54b5c3 in /workspace/vllm/.venv/bin/python)
frame #39: PyImport_ImportModuleLevelObject + 0x5eb (0x5fda5b in /workspace/vllm/.venv/bin/python)
frame #40: _PyEval_EvalFrameDefault + 0x5eee (0x5dc36e in /workspace/vllm/.venv/bin/python)
frame #41: PyEval_EvalCode + 0x15b (0x5d543b in /workspace/vllm/.venv/bin/python)
frame #42: /workspace/vllm/.venv/bin/python() [0x5d322c]
frame #43: /workspace/vllm/.venv/bin/python() [0x581d1d]
frame #44: _PyEval_EvalFrameDefault + 0x4c3a (0x5db0ba in /workspace/vllm/.venv/bin/python)
frame #45: /workspace/vllm/.venv/bin/python() [0x549d47]
frame #46: PyObject_CallMethodObjArgs + 0xe3 (0x54b5c3 in /workspace/vllm/.venv/bin/python)
frame #47: PyImport_ImportModuleLevelObject + 0x395 (0x5fd805 in /workspace/vllm/.venv/bin/python)
frame #48: _PyEval_EvalFrameDefault + 0x5eee (0x5dc36e in /workspace/vllm/.venv/bin/python)
frame #49: PyEval_EvalCode + 0x15b (0x5d543b in /workspace/vllm/.venv/bin/python)
frame #50: /workspace/vllm/.venv/bin/python() [0x5d322c]
frame #51: /workspace/vllm/.venv/bin/python() [0x581d1d]
frame #52: _PyEval_EvalFrameDefault + 0x4c3a (0x5db0ba in /workspace/vllm/.venv/bin/python)
frame #53: /workspace/vllm/.venv/bin/python() [0x549d47]
frame #54: PyObject_CallMethodObjArgs + 0xe3 (0x54b5c3 in /workspace/vllm/.venv/bin/python)
frame #55: PyImport_ImportModuleLevelObject + 0x395 (0x5fd805 in /workspace/vllm/.venv/bin/python)
frame #56: _PyEval_EvalFrameDefault + 0x5eee (0x5dc36e in /workspace/vllm/.venv/bin/python)
frame #57: PyEval_EvalCode + 0x15b (0x5d543b in /workspace/vllm/.venv/bin/python)
frame #58: /workspace/vllm/.venv/bin/python() [0x5d322c]
frame #59: /workspace/vllm/.venv/bin/python() [0x581d1d]
frame #60: _PyEval_EvalFrameDefault + 0x4c3a (0x5db0ba in /workspace/vllm/.venv/bin/python)
frame #61: /workspace/vllm/.venv/bin/python() [0x549d47]
frame #62: PyObject_CallMethodObjArgs + 0xe3 (0x54b5c3 in /workspace/vllm/.venv/bin/python)

[E708 11:04:49.214041208 shim_common.cpp:1458] Exception in aoti_torch: Tried to register an operator (_C::weak_ref_tensor(Tensor input) -> Tensor) with the same name and overload name multiple times. Each overload's schema should only be registered with a single call to def(). Duplicate registration: registered at /workspace/csrc/libtorch_stable/torch_bindings.cpp:10. Original registration: registered at /workspace/csrc/torch_bindings.cpp:21
Exception raised from registerDef at /pytorch/aten/src/ATen/core/dispatch/Dispatcher.cpp:248 (most recent call first):
frame #0: c10::Error::Error(c10::SourceLocation, std::__cxx11::basic_string<char, std::char_traits<char>, std::allocator<char> >) + 0x9d (0x7ffff6b7205d in /workspace/vllm/.venv/lib/python3.12/site-packages/torch/lib/libc10.so)
frame #1: c10::detail::torchCheckFail(char const*, char const*, unsigned int, std::__cxx11::basic_string<char, std::char_traits<char>, std::allocator<char> > const&) + 0xc3 (0x7ffff6b066fd in /workspace/vllm/.venv/lib/python3.12/site-packages/torch/lib/libc10.so)
frame #2: c10::Dispatcher::registerDef(c10::FunctionSchema, std::__cxx11::basic_string<char, std::char_traits<char>, std::allocator<char> >, std::vector<at::Tag, std::allocator<at::Tag> >) + 0x35e (0x7fff0e6811fe in /workspace/vllm/.venv/lib/python3.12/site-packages/torch/lib/libtorch_cpu.so)
frame #3: torch::Library::_def(c10::FunctionSchema&&, c10::OperatorName*, std::vector<at::Tag, std::allocator<at::Tag> > const&, torch::_RegisterOrVerify) & + 0x514 (0x7fff0e6c2254 in /workspace/vllm/.venv/lib/python3.12/site-packages/torch/lib/libtorch_cpu.so)
frame #4: aoti_torch_library_def + 0x99 (0x7fff128d45b9 in /workspace/vllm/.venv/lib/python3.12/site-packages/torch/lib/libtorch_cpu.so)
frame #5: <unknown function> + 0x2bdb00 (0x7ffe8aebeb00 in /workspace/vllm/vllm/_C_stable_libtorch.abi3.so)
frame #6: <unknown function> + 0x2bf0ce (0x7ffe8aec00ce in /workspace/vllm/vllm/_C_stable_libtorch.abi3.so)
frame #7: <unknown function> + 0x279d92 (0x7ffe8ae7ad92 in /workspace/vllm/vllm/_C_stable_libtorch.abi3.so)
frame #8: <unknown function> + 0x571f (0x7ffff7fca71f in /lib64/ld-linux-x86-64.so.2)
frame #9: <unknown function> + 0x5824 (0x7ffff7fca824 in /lib64/ld-linux-x86-64.so.2)
frame #10: _dl_catch_exception + 0x132 (0x7ffff7fc65b2 in /lib64/ld-linux-x86-64.so.2)
frame #11: <unknown function> + 0xcd7c (0x7ffff7fd1d7c in /lib64/ld-linux-x86-64.so.2)
frame #12: _dl_catch_exception + 0x9c (0x7ffff7fc651c in /lib64/ld-linux-x86-64.so.2)
frame #13: <unknown function> + 0xd164 (0x7ffff7fd2164 in /lib64/ld-linux-x86-64.so.2)
frame #14: <unknown function> + 0x981a4 (0x7ffff7d0c1a4 in /usr/lib/x86_64-linux-gnu/libc.so.6)
frame #15: _dl_catch_exception + 0x9c (0x7ffff7fc651c in /lib64/ld-linux-x86-64.so.2)
frame #16: <unknown function> + 0x1669 (0x7ffff7fc6669 in /lib64/ld-linux-x86-64.so.2)
frame #17: <unknown function> + 0x97c83 (0x7ffff7d0bc83 in /usr/lib/x86_64-linux-gnu/libc.so.6)
frame #18: dlopen + 0x6f (0x7ffff7d0c25f in /usr/lib/x86_64-linux-gnu/libc.so.6)
frame #19: /workspace/vllm/.venv/bin/python() [0x6bc36c]
frame #20: /workspace/vllm/.venv/bin/python() [0x6a946a]
frame #21: /workspace/vllm/.venv/bin/python() [0x6a8bf2]
frame #22: /workspace/vllm/.venv/bin/python() [0x581f37]
frame #23: _PyEval_EvalFrameDefault + 0x4c3a (0x5db0ba in /workspace/vllm/.venv/bin/python)
frame #24: /workspace/vllm/.venv/bin/python() [0x549d47]
frame #25: PyObject_CallMethodObjArgs + 0xe3 (0x54b5c3 in /workspace/vllm/.venv/bin/python)
frame #26: PyImport_ImportModuleLevelObject + 0x395 (0x5fd805 in /workspace/vllm/.venv/bin/python)
frame #27: _PyEval_EvalFrameDefault + 0x5eee (0x5dc36e in /workspace/vllm/.venv/bin/python)
frame #28: PyEval_EvalCode + 0x15b (0x5d543b in /workspace/vllm/.venv/bin/python)
frame #29: /workspace/vllm/.venv/bin/python() [0x5d322c]
frame #30: /workspace/vllm/.venv/bin/python() [0x581d1d]
frame #31: _PyEval_EvalFrameDefault + 0x4c3a (0x5db0ba in /workspace/vllm/.venv/bin/python)
frame #32: PyObject_CallOneArg + 0x4d (0x54a65d in /workspace/vllm/.venv/bin/python)
frame #33: /workspace/vllm/.venv/bin/python() [0x582e84]
frame #34: _PyObject_LookupAttr + 0x7a (0x584bea in /workspace/vllm/.venv/bin/python)
frame #35: /workspace/vllm/.venv/bin/python() [0x5d2b8a]
frame #36: _PyEval_EvalFrameDefault + 0x207d (0x5d84fd in /workspace/vllm/.venv/bin/python)
frame #37: /workspace/vllm/.venv/bin/python() [0x549d47]
frame #38: PyObject_CallMethodObjArgs + 0xe3 (0x54b5c3 in /workspace/vllm/.venv/bin/python)
frame #39: PyImport_ImportModuleLevelObject + 0x5eb (0x5fda5b in /workspace/vllm/.venv/bin/python)
frame #40: _PyEval_EvalFrameDefault + 0x5eee (0x5dc36e in /workspace/vllm/.venv/bin/python)
frame #41: PyEval_EvalCode + 0x15b (0x5d543b in /workspace/vllm/.venv/bin/python)
frame #42: /workspace/vllm/.venv/bin/python() [0x5d322c]
frame #43: /workspace/vllm/.venv/bin/python() [0x581d1d]
frame #44: _PyEval_EvalFrameDefault + 0x4c3a (0x5db0ba in /workspace/vllm/.venv/bin/python)
frame #45: /workspace/vllm/.venv/bin/python() [0x549d47]
frame #46: PyObject_CallMethodObjArgs + 0xe3 (0x54b5c3 in /workspace/vllm/.venv/bin/python)
frame #47: PyImport_ImportModuleLevelObject + 0x395 (0x5fd805 in /workspace/vllm/.venv/bin/python)
frame #48: _PyEval_EvalFrameDefault + 0x5eee (0x5dc36e in /workspace/vllm/.venv/bin/python)
frame #49: PyEval_EvalCode + 0x15b (0x5d543b in /workspace/vllm/.venv/bin/python)
frame #50: /workspace/vllm/.venv/bin/python() [0x5d322c]
frame #51: /workspace/vllm/.venv/bin/python() [0x581d1d]
frame #52: _PyEval_EvalFrameDefault + 0x4c3a (0x5db0ba in /workspace/vllm/.venv/bin/python)
frame #53: /workspace/vllm/.venv/bin/python() [0x549d47]
frame #54: PyObject_CallMethodObjArgs + 0xe3 (0x54b5c3 in /workspace/vllm/.venv/bin/python)
frame #55: PyImport_ImportModuleLevelObject + 0x395 (0x5fd805 in /workspace/vllm/.venv/bin/python)
frame #56: _PyEval_EvalFrameDefault + 0x5eee (0x5dc36e in /workspace/vllm/.venv/bin/python)
frame #57: PyEval_EvalCode + 0x15b (0x5d543b in /workspace/vllm/.venv/bin/python)
frame #58: /workspace/vllm/.venv/bin/python() [0x5d322c]
frame #59: /workspace/vllm/.venv/bin/python() [0x581d1d]
frame #60: _PyEval_EvalFrameDefault + 0x4c3a (0x5db0ba in /workspace/vllm/.venv/bin/python)
frame #61: /workspace/vllm/.venv/bin/python() [0x549d47]
frame #62: PyObject_CallMethodObjArgs + 0xe3 (0x54b5c3 in /workspace/vllm/.venv/bin/python)

[E708 11:04:49.216323898 shim_common.cpp:1458] Exception in aoti_torch: Tried to register an operator (_C::silu_and_mul_quant(Tensor($0! -> ) result, Tensor input, Tensor scale) -> ()) with the same name and overload name multiple times. Each overload's schema should only be registered with a single call to def(). Duplicate registration: registered at /workspace/csrc/libtorch_stable/torch_bindings.cpp:10. Original registration: registered at /workspace/csrc/torch_bindings.cpp:21
Exception raised from registerDef at /pytorch/aten/src/ATen/core/dispatch/Dispatcher.cpp:248 (most recent call first):
frame #0: c10::Error::Error(c10::SourceLocation, std::__cxx11::basic_string<char, std::char_traits<char>, std::allocator<char> >) + 0x9d (0x7ffff6b7205d in /workspace/vllm/.venv/lib/python3.12/site-packages/torch/lib/libc10.so)
frame #1: c10::detail::torchCheckFail(char const*, char const*, unsigned int, std::__cxx11::basic_string<char, std::char_traits<char>, std::allocator<char> > const&) + 0xc3 (0x7ffff6b066fd in /workspace/vllm/.venv/lib/python3.12/site-packages/torch/lib/libc10.so)
frame #2: c10::Dispatcher::registerDef(c10::FunctionSchema, std::__cxx11::basic_string<char, std::char_traits<char>, std::allocator<char> >, std::vector<at::Tag, std::allocator<at::Tag> >) + 0x35e (0x7fff0e6811fe in /workspace/vllm/.venv/lib/python3.12/site-packages/torch/lib/libtorch_cpu.so)
frame #3: torch::Library::_def(c10::FunctionSchema&&, c10::OperatorName*, std::vector<at::Tag, std::allocator<at::Tag> > const&, torch::_RegisterOrVerify) & + 0x514 (0x7fff0e6c2254 in /workspace/vllm/.venv/lib/python3.12/site-packages/torch/lib/libtorch_cpu.so)
frame #4: aoti_torch_library_def + 0x99 (0x7fff128d45b9 in /workspace/vllm/.venv/lib/python3.12/site-packages/torch/lib/libtorch_cpu.so)
frame #5: <unknown function> + 0x2bdb3c (0x7ffe8aebeb3c in /workspace/vllm/vllm/_C_stable_libtorch.abi3.so)
frame #6: <unknown function> + 0x2bf0ce (0x7ffe8aec00ce in /workspace/vllm/vllm/_C_stable_libtorch.abi3.so)
frame #7: <unknown function> + 0x279d92 (0x7ffe8ae7ad92 in /workspace/vllm/vllm/_C_stable_libtorch.abi3.so)
frame #8: <unknown function> + 0x571f (0x7ffff7fca71f in /lib64/ld-linux-x86-64.so.2)
frame #9: <unknown function> + 0x5824 (0x7ffff7fca824 in /lib64/ld-linux-x86-64.so.2)
frame #10: _dl_catch_exception + 0x132 (0x7ffff7fc65b2 in /lib64/ld-linux-x86-64.so.2)
frame #11: <unknown function> + 0xcd7c (0x7ffff7fd1d7c in /lib64/ld-linux-x86-64.so.2)
frame #12: _dl_catch_exception + 0x9c (0x7ffff7fc651c in /lib64/ld-linux-x86-64.so.2)
frame #13: <unknown function> + 0xd164 (0x7ffff7fd2164 in /lib64/ld-linux-x86-64.so.2)
frame #14: <unknown function> + 0x981a4 (0x7ffff7d0c1a4 in /usr/lib/x86_64-linux-gnu/libc.so.6)
frame #15: _dl_catch_exception + 0x9c (0x7ffff7fc651c in /lib64/ld-linux-x86-64.so.2)
frame #16: <unknown function> + 0x1669 (0x7ffff7fc6669 in /lib64/ld-linux-x86-64.so.2)
frame #17: <unknown function> + 0x97c83 (0x7ffff7d0bc83 in /usr/lib/x86_64-linux-gnu/libc.so.6)
frame #18: dlopen + 0x6f (0x7ffff7d0c25f in /usr/lib/x86_64-linux-gnu/libc.so.6)
frame #19: /workspace/vllm/.venv/bin/python() [0x6bc36c]
frame #20: /workspace/vllm/.venv/bin/python() [0x6a946a]
frame #21: /workspace/vllm/.venv/bin/python() [0x6a8bf2]
frame #22: /workspace/vllm/.venv/bin/python() [0x581f37]
frame #23: _PyEval_EvalFrameDefault + 0x4c3a (0x5db0ba in /workspace/vllm/.venv/bin/python)
frame #24: /workspace/vllm/.venv/bin/python() [0x549d47]
frame #25: PyObject_CallMethodObjArgs + 0xe3 (0x54b5c3 in /workspace/vllm/.venv/bin/python)
frame #26: PyImport_ImportModuleLevelObject + 0x395 (0x5fd805 in /workspace/vllm/.venv/bin/python)
frame #27: _PyEval_EvalFrameDefault + 0x5eee (0x5dc36e in /workspace/vllm/.venv/bin/python)
frame #28: PyEval_EvalCode + 0x15b (0x5d543b in /workspace/vllm/.venv/bin/python)
frame #29: /workspace/vllm/.venv/bin/python() [0x5d322c]
frame #30: /workspace/vllm/.venv/bin/python() [0x581d1d]
frame #31: _PyEval_EvalFrameDefault + 0x4c3a (0x5db0ba in /workspace/vllm/.venv/bin/python)
frame #32: PyObject_CallOneArg + 0x4d (0x54a65d in /workspace/vllm/.venv/bin/python)
frame #33: /workspace/vllm/.venv/bin/python() [0x582e84]
frame #34: _PyObject_LookupAttr + 0x7a (0x584bea in /workspace/vllm/.venv/bin/python)
frame #35: /workspace/vllm/.venv/bin/python() [0x5d2b8a]
frame #36: _PyEval_EvalFrameDefault + 0x207d (0x5d84fd in /workspace/vllm/.venv/bin/python)
frame #37: /workspace/vllm/.venv/bin/python() [0x549d47]
frame #38: PyObject_CallMethodObjArgs + 0xe3 (0x54b5c3 in /workspace/vllm/.venv/bin/python)
frame #39: PyImport_ImportModuleLevelObject + 0x5eb (0x5fda5b in /workspace/vllm/.venv/bin/python)
frame #40: _PyEval_EvalFrameDefault + 0x5eee (0x5dc36e in /workspace/vllm/.venv/bin/python)
frame #41: PyEval_EvalCode + 0x15b (0x5d543b in /workspace/vllm/.venv/bin/python)
frame #42: /workspace/vllm/.venv/bin/python() [0x5d322c]
frame #43: /workspace/vllm/.venv/bin/python() [0x581d1d]
frame #44: _PyEval_EvalFrameDefault + 0x4c3a (0x5db0ba in /workspace/vllm/.venv/bin/python)
frame #45: /workspace/vllm/.venv/bin/python() [0x549d47]
frame #46: PyObject_CallMethodObjArgs + 0xe3 (0x54b5c3 in /workspace/vllm/.venv/bin/python)
frame #47: PyImport_ImportModuleLevelObject + 0x395 (0x5fd805 in /workspace/vllm/.venv/bin/python)
frame #48: _PyEval_EvalFrameDefault + 0x5eee (0x5dc36e in /workspace/vllm/.venv/bin/python)
frame #49: PyEval_EvalCode + 0x15b (0x5d543b in /workspace/vllm/.venv/bin/python)
frame #50: /workspace/vllm/.venv/bin/python() [0x5d322c]
frame #51: /workspace/vllm/.venv/bin/python() [0x581d1d]
frame #52: _PyEval_EvalFrameDefault + 0x4c3a (0x5db0ba in /workspace/vllm/.venv/bin/python)
frame #53: /workspace/vllm/.venv/bin/python() [0x549d47]
frame #54: PyObject_CallMethodObjArgs + 0xe3 (0x54b5c3 in /workspace/vllm/.venv/bin/python)
frame #55: PyImport_ImportModuleLevelObject + 0x395 (0x5fd805 in /workspace/vllm/.venv/bin/python)
frame #56: _PyEval_EvalFrameDefault + 0x5eee (0x5dc36e in /workspace/vllm/.venv/bin/python)
frame #57: PyEval_EvalCode + 0x15b (0x5d543b in /workspace/vllm/.venv/bin/python)
frame #58: /workspace/vllm/.venv/bin/python() [0x5d322c]
frame #59: /workspace/vllm/.venv/bin/python() [0x581d1d]
frame #60: _PyEval_EvalFrameDefault + 0x4c3a (0x5db0ba in /workspace/vllm/.venv/bin/python)
frame #61: /workspace/vllm/.venv/bin/python() [0x549d47]
frame #62: PyObject_CallMethodObjArgs + 0xe3 (0x54b5c3 in /workspace/vllm/.venv/bin/python)

[W708 11:04:49.218788827 OperatorEntry.cpp:208] Warning: Warning only once for all operators,  other operators may also be overridden.
  Overriding a previously registered kernel for the same operator and the same dispatch key
  operator: _C::persistent_masked_m_silu_mul_quant(Tensor input, Tensor counts, Tensor($0! -> ) y_q, Tensor($1! -> ) y_s, bool use_ue8m0) -> ()
    registered at /workspace/csrc/torch_bindings.cpp:21
  dispatch key: CUDA
  previous kernel: registered at /workspace/csrc/torch_bindings.cpp:21
       new kernel: registered at /workspace/csrc/libtorch_stable/torch_bindings.cpp:603 (function operator())
[E708 11:04:50.246490763 shim_common.cpp:1458] Exception in aoti_torch: Tried to register an operator (_C::persistent_masked_m_silu_mul_quant(Tensor input, Tensor counts, Tensor($0! -> ) y_q, Tensor($1! -> ) y_s, bool use_ue8m0) -> ()) with the same name and overload name multiple times. Each overload's schema should only be registered with a single call to def(). Duplicate registration: registered at /workspace/csrc/libtorch_stable/torch_bindings.cpp:10. Original registration: registered at /workspace/csrc/torch_bindings.cpp:21
Exception raised from registerDef at /pytorch/aten/src/ATen/core/dispatch/Dispatcher.cpp:248 (most recent call first):
frame #0: c10::Error::Error(c10::SourceLocation, std::__cxx11::basic_string<char, std::char_traits<char>, std::allocator<char> >) + 0x9d (0x7ffff6b7205d in /workspace/vllm/.venv/lib/python3.12/site-packages/torch/lib/libc10.so)
frame #1: c10::detail::torchCheckFail(char const*, char const*, unsigned int, std::__cxx11::basic_string<char, std::char_traits<char>, std::allocator<char> > const&) + 0xc3 (0x7ffff6b066fd in /workspace/vllm/.venv/lib/python3.12/site-packages/torch/lib/libc10.so)
frame #2: c10::Dispatcher::registerDef(c10::FunctionSchema, std::__cxx11::basic_string<char, std::char_traits<char>, std::allocator<char> >, std::vector<at::Tag, std::allocator<at::Tag> >) + 0x35e (0x7fff0e6811fe in /workspace/vllm/.venv/lib/python3.12/site-packages/torch/lib/libtorch_cpu.so)
frame #3: torch::Library::_def(c10::FunctionSchema&&, c10::OperatorName*, std::vector<at::Tag, std::allocator<at::Tag> > const&, torch::_RegisterOrVerify) & + 0x514 (0x7fff0e6c2254 in /workspace/vllm/.venv/lib/python3.12/site-packages/torch/lib/libtorch_cpu.so)
frame #4: aoti_torch_library_def + 0x99 (0x7fff128d45b9 in /workspace/vllm/.venv/lib/python3.12/site-packages/torch/lib/libtorch_cpu.so)
frame #5: <unknown function> + 0x2bdaf1 (0x7ffe8aebeaf1 in /workspace/vllm/vllm/_C_stable_libtorch.abi3.so)
frame #6: <unknown function> + 0x2bf0ce (0x7ffe8aec00ce in /workspace/vllm/vllm/_C_stable_libtorch.abi3.so)
frame #7: <unknown function> + 0x279d92 (0x7ffe8ae7ad92 in /workspace/vllm/vllm/_C_stable_libtorch.abi3.so)
frame #8: <unknown function> + 0x571f (0x7ffff7fca71f in /lib64/ld-linux-x86-64.so.2)
frame #9: <unknown function> + 0x5824 (0x7ffff7fca824 in /lib64/ld-linux-x86-64.so.2)
frame #10: _dl_catch_exception + 0x132 (0x7ffff7fc65b2 in /lib64/ld-linux-x86-64.so.2)
frame #11: <unknown function> + 0xcd7c (0x7ffff7fd1d7c in /lib64/ld-linux-x86-64.so.2)
frame #12: _dl_catch_exception + 0x9c (0x7ffff7fc651c in /lib64/ld-linux-x86-64.so.2)
frame #13: <unknown function> + 0xd164 (0x7ffff7fd2164 in /lib64/ld-linux-x86-64.so.2)
frame #14: <unknown function> + 0x981a4 (0x7ffff7d0c1a4 in /usr/lib/x86_64-linux-gnu/libc.so.6)
frame #15: _dl_catch_exception + 0x9c (0x7ffff7fc651c in /lib64/ld-linux-x86-64.so.2)
frame #16: <unknown function> + 0x1669 (0x7ffff7fc6669 in /lib64/ld-linux-x86-64.so.2)
frame #17: <unknown function> + 0x97c83 (0x7ffff7d0bc83 in /usr/lib/x86_64-linux-gnu/libc.so.6)
frame #18: dlopen + 0x6f (0x7ffff7d0c25f in /usr/lib/x86_64-linux-gnu/libc.so.6)
frame #19: /workspace/vllm/.venv/bin/python() [0x6bc36c]
frame #20: /workspace/vllm/.venv/bin/python() [0x6a946a]
frame #21: /workspace/vllm/.venv/bin/python() [0x6a8bf2]
frame #22: /workspace/vllm/.venv/bin/python() [0x581f37]
frame #23: _PyEval_EvalFrameDefault + 0x4c3a (0x5db0ba in /workspace/vllm/.venv/bin/python)
frame #24: /workspace/vllm/.venv/bin/python() [0x549d47]
frame #25: PyObject_CallMethodObjArgs + 0xe3 (0x54b5c3 in /workspace/vllm/.venv/bin/python)
frame #26: PyImport_ImportModuleLevelObject + 0x395 (0x5fd805 in /workspace/vllm/.venv/bin/python)
frame #27: _PyEval_EvalFrameDefault + 0x5eee (0x5dc36e in /workspace/vllm/.venv/bin/python)
frame #28: PyEval_EvalCode + 0x15b (0x5d543b in /workspace/vllm/.venv/bin/python)
frame #29: /workspace/vllm/.venv/bin/python() [0x5d322c]
frame #30: /workspace/vllm/.venv/bin/python() [0x581d1d]
frame #31: _PyEval_EvalFrameDefault + 0x4c3a (0x5db0ba in /workspace/vllm/.venv/bin/python)
frame #32: PyObject_CallOneArg + 0x4d (0x54a65d in /workspace/vllm/.venv/bin/python)
frame #33: /workspace/vllm/.venv/bin/python() [0x582e84]
frame #34: _PyObject_LookupAttr + 0x7a (0x584bea in /workspace/vllm/.venv/bin/python)
frame #35: /workspace/vllm/.venv/bin/python() [0x5d2b8a]
frame #36: _PyEval_EvalFrameDefault + 0x207d (0x5d84fd in /workspace/vllm/.venv/bin/python)
frame #37: /workspace/vllm/.venv/bin/python() [0x549d47]
frame #38: PyObject_CallMethodObjArgs + 0xe3 (0x54b5c3 in /workspace/vllm/.venv/bin/python)
frame #39: PyImport_ImportModuleLevelObject + 0x5eb (0x5fda5b in /workspace/vllm/.venv/bin/python)
frame #40: _PyEval_EvalFrameDefault + 0x5eee (0x5dc36e in /workspace/vllm/.venv/bin/python)
frame #41: PyEval_EvalCode + 0x15b (0x5d543b in /workspace/vllm/.venv/bin/python)
frame #42: /workspace/vllm/.venv/bin/python() [0x5d322c]
frame #43: /workspace/vllm/.venv/bin/python() [0x581d1d]
frame #44: _PyEval_EvalFrameDefault + 0x4c3a (0x5db0ba in /workspace/vllm/.venv/bin/python)
frame #45: /workspace/vllm/.venv/bin/python() [0x549d47]
frame #46: PyObject_CallMethodObjArgs + 0xe3 (0x54b5c3 in /workspace/vllm/.venv/bin/python)
frame #47: PyImport_ImportModuleLevelObject + 0x395 (0x5fd805 in /workspace/vllm/.venv/bin/python)
frame #48: _PyEval_EvalFrameDefault + 0x5eee (0x5dc36e in /workspace/vllm/.venv/bin/python)
frame #49: PyEval_EvalCode + 0x15b (0x5d543b in /workspace/vllm/.venv/bin/python)
frame #50: /workspace/vllm/.venv/bin/python() [0x5d322c]
frame #51: /workspace/vllm/.venv/bin/python() [0x581d1d]
frame #52: _PyEval_EvalFrameDefault + 0x4c3a (0x5db0ba in /workspace/vllm/.venv/bin/python)
frame #53: /workspace/vllm/.venv/bin/python() [0x549d47]
frame #54: PyObject_CallMethodObjArgs + 0xe3 (0x54b5c3 in /workspace/vllm/.venv/bin/python)
frame #55: PyImport_ImportModuleLevelObject + 0x395 (0x5fd805 in /workspace/vllm/.venv/bin/python)
frame #56: _PyEval_EvalFrameDefault + 0x5eee (0x5dc36e in /workspace/vllm/.venv/bin/python)
frame #57: PyEval_EvalCode + 0x15b (0x5d543b in /workspace/vllm/.venv/bin/python)
frame #58: /workspace/vllm/.venv/bin/python() [0x5d322c]
frame #59: /workspace/vllm/.venv/bin/python() [0x581d1d]
frame #60: _PyEval_EvalFrameDefault + 0x4c3a (0x5db0ba in /workspace/vllm/.venv/bin/python)
frame #61: /workspace/vllm/.venv/bin/python() [0x549d47]
frame #62: PyObject_CallMethodObjArgs + 0xe3 (0x54b5c3 in /workspace/vllm/.venv/bin/python)

[E708 11:04:50.246560908 shim_common.cpp:1458] Exception in aoti_torch: Tried to register an operator (_C::persistent_masked_m_silu_mul_quant(Tensor input, Tensor counts, Tensor($0! -> ) y_q, Tensor($1! -> ) y_s, bool use_ue8m0) -> ()) with the same name and overload name multiple times. Each overload's schema should only be registered with a single call to def(). Duplicate registration: registered at /workspace/csrc/libtorch_stable/torch_bindings.cpp:10. Original registration: registered at /workspace/csrc/torch_bindings.cpp:21
Exception raised from registerDef at /pytorch/aten/src/ATen/core/dispatch/Dispatcher.cpp:248 (most recent call first):
frame #0: c10::Error::Error(c10::SourceLocation, std::__cxx11::basic_string<char, std::char_traits<char>, std::allocator<char> >) + 0x9d (0x7ffff6b7205d in /workspace/vllm/.venv/lib/python3.12/site-packages/torch/lib/libc10.so)
frame #1: c10::detail::torchCheckFail(char const*, char const*, unsigned int, std::__cxx11::basic_string<char, std::char_traits<char>, std::allocator<char> > const&) + 0xc3 (0x7ffff6b066fd in /workspace/vllm/.venv/lib/python3.12/site-packages/torch/lib/libc10.so)
frame #2: c10::Dispatcher::registerDef(c10::FunctionSchema, std::__cxx11::basic_string<char, std::char_traits<char>, std::allocator<char> >, std::vector<at::Tag, std::allocator<at::Tag> >) + 0x35e (0x7fff0e6811fe in /workspace/vllm/.venv/lib/python3.12/site-packages/torch/lib/libtorch_cpu.so)
frame #3: torch::Library::_def(c10::FunctionSchema&&, c10::OperatorName*, std::vector<at::Tag, std::allocator<at::Tag> > const&, torch::_RegisterOrVerify) & + 0x514 (0x7fff0e6c2254 in /workspace/vllm/.venv/lib/python3.12/site-packages/torch/lib/libtorch_cpu.so)
frame #4: aoti_torch_library_def + 0x99 (0x7fff128d45b9 in /workspace/vllm/.venv/lib/python3.12/site-packages/torch/lib/libtorch_cpu.so)
frame #5: <unknown function> + 0x2bdaf1 (0x7ffe8aebeaf1 in /workspace/vllm/vllm/_C_stable_libtorch.abi3.so)
frame #6: <unknown function> + 0x2bf0ce (0x7ffe8aec00ce in /workspace/vllm/vllm/_C_stable_libtorch.abi3.so)
frame #7: <unknown function> + 0x279d92 (0x7ffe8ae7ad92 in /workspace/vllm/vllm/_C_stable_libtorch.abi3.so)
frame #8: <unknown function> + 0x571f (0x7ffff7fca71f in /lib64/ld-linux-x86-64.so.2)
frame #9: <unknown function> + 0x5824 (0x7ffff7fca824 in /lib64/ld-linux-x86-64.so.2)
frame #10: _dl_catch_exception + 0x132 (0x7ffff7fc65b2 in /lib64/ld-linux-x86-64.so.2)
frame #11: <unknown function> + 0xcd7c (0x7ffff7fd1d7c in /lib64/ld-linux-x86-64.so.2)
frame #12: _dl_catch_exception + 0x9c (0x7ffff7fc651c in /lib64/ld-linux-x86-64.so.2)
frame #13: <unknown function> + 0xd164 (0x7ffff7fd2164 in /lib64/ld-linux-x86-64.so.2)
frame #14: <unknown function> + 0x981a4 (0x7ffff7d0c1a4 in /usr/lib/x86_64-linux-gnu/libc.so.6)
frame #15: _dl_catch_exception + 0x9c (0x7ffff7fc651c in /lib64/ld-linux-x86-64.so.2)
frame #16: <unknown function> + 0x1669 (0x7ffff7fc6669 in /lib64/ld-linux-x86-64.so.2)
frame #17: <unknown function> + 0x97c83 (0x7ffff7d0bc83 in /usr/lib/x86_64-linux-gnu/libc.so.6)
frame #18: dlopen + 0x6f (0x7ffff7d0c25f in /usr/lib/x86_64-linux-gnu/libc.so.6)
frame #19: /workspace/vllm/.venv/bin/python() [0x6bc36c]
frame #20: /workspace/vllm/.venv/bin/python() [0x6a946a]
frame #21: /workspace/vllm/.venv/bin/python() [0x6a8bf2]
frame #22: /workspace/vllm/.venv/bin/python() [0x581f37]
frame #23: _PyEval_EvalFrameDefault + 0x4c3a (0x5db0ba in /workspace/vllm/.venv/bin/python)
frame #24: /workspace/vllm/.venv/bin/python() [0x549d47]
frame #25: PyObject_CallMethodObjArgs + 0xe3 (0x54b5c3 in /workspace/vllm/.venv/bin/python)
frame #26: PyImport_ImportModuleLevelObject + 0x395 (0x5fd805 in /workspace/vllm/.venv/bin/python)
frame #27: _PyEval_EvalFrameDefault + 0x5eee (0x5dc36e in /workspace/vllm/.venv/bin/python)
frame #28: PyEval_EvalCode + 0x15b (0x5d543b in /workspace/vllm/.venv/bin/python)
frame #29: /workspace/vllm/.venv/bin/python() [0x5d322c]
frame #30: /workspace/vllm/.venv/bin/python() [0x581d1d]
frame #31: _PyEval_EvalFrameDefault + 0x4c3a (0x5db0ba in /workspace/vllm/.venv/bin/python)
frame #32: PyObject_CallOneArg + 0x4d (0x54a65d in /workspace/vllm/.venv/bin/python)
frame #33: /workspace/vllm/.venv/bin/python() [0x582e84]
frame #34: _PyObject_LookupAttr + 0x7a (0x584bea in /workspace/vllm/.venv/bin/python)
frame #35: /workspace/vllm/.venv/bin/python() [0x5d2b8a]
frame #36: _PyEval_EvalFrameDefault + 0x207d (0x5d84fd in /workspace/vllm/.venv/bin/python)
frame #37: /workspace/vllm/.venv/bin/python() [0x549d47]
frame #38: PyObject_CallMethodObjArgs + 0xe3 (0x54b5c3 in /workspace/vllm/.venv/bin/python)
frame #39: PyImport_ImportModuleLevelObject + 0x5eb (0x5fda5b in /workspace/vllm/.venv/bin/python)
frame #40: _PyEval_EvalFrameDefault + 0x5eee (0x5dc36e in /workspace/vllm/.venv/bin/python)
frame #41: PyEval_EvalCode + 0x15b (0x5d543b in /workspace/vllm/.venv/bin/python)
frame #42: /workspace/vllm/.venv/bin/python() [0x5d322c]
frame #43: /workspace/vllm/.venv/bin/python() [0x581d1d]
frame #44: _PyEval_EvalFrameDefault + 0x4c3a (0x5db0ba in /workspace/vllm/.venv/bin/python)
frame #45: /workspace/vllm/.venv/bin/python() [0x549d47]
frame #46: PyObject_CallMethodObjArgs + 0xe3 (0x54b5c3 in /workspace/vllm/.venv/bin/python)
frame #47: PyImport_ImportModuleLevelObject + 0x395 (0x5fd805 in /workspace/vllm/.venv/bin/python)
frame #48: _PyEval_EvalFrameDefault + 0x5eee (0x5dc36e in /workspace/vllm/.venv/bin/python)
frame #49: PyEval_EvalCode + 0x15b (0x5d543b in /workspace/vllm/.venv/bin/python)
frame #50: /workspace/vllm/.venv/bin/python() [0x5d322c]
frame #51: /workspace/vllm/.venv/bin/python() [0x581d1d]
frame #52: _PyEval_EvalFrameDefault + 0x4c3a (0x5db0ba in /workspace/vllm/.venv/bin/python)
frame #53: /workspace/vllm/.venv/bin/python() [0x549d47]
frame #54: PyObject_CallMethodObjArgs + 0xe3 (0x54b5c3 in /workspace/vllm/.venv/bin/python)
frame #55: PyImport_ImportModuleLevelObject + 0x395 (0x5fd805 in /workspace/vllm/.venv/bin/python)
frame #56: _PyEval_EvalFrameDefault + 0x5eee (0x5dc36e in /workspace/vllm/.venv/bin/python)
frame #57: PyEval_EvalCode + 0x15b (0x5d543b in /workspace/vllm/.venv/bin/python)
frame #58: /workspace/vllm/.venv/bin/python() [0x5d322c]
frame #59: /workspace/vllm/.venv/bin/python() [0x581d1d]
frame #60: _PyEval_EvalFrameDefault + 0x4c3a (0x5db0ba in /workspace/vllm/.venv/bin/python)
frame #61: /workspace/vllm/.venv/bin/python() [0x549d47]
frame #62: PyObject_CallMethodObjArgs + 0xe3 (0x54b5c3 in /workspace/vllm/.venv/bin/python)

[E708 11:04:50.248675688 shim_common.cpp:1458] Exception in aoti_torch: Tried to register an operator (_C::weak_ref_tensor(Tensor input) -> Tensor) with the same name and overload name multiple times. Each overload's schema should only be registered with a single call to def(). Duplicate registration: registered at /workspace/csrc/libtorch_stable/torch_bindings.cpp:10. Original registration: registered at /workspace/csrc/torch_bindings.cpp:21
Exception raised from registerDef at /pytorch/aten/src/ATen/core/dispatch/Dispatcher.cpp:248 (most recent call first):
frame #0: c10::Error::Error(c10::SourceLocation, std::__cxx11::basic_string<char, std::char_traits<char>, std::allocator<char> >) + 0x9d (0x7ffff6b7205d in /workspace/vllm/.venv/lib/python3.12/site-packages/torch/lib/libc10.so)
frame #1: c10::detail::torchCheckFail(char const*, char const*, unsigned int, std::__cxx11::basic_string<char, std::char_traits<char>, std::allocator<char> > const&) + 0xc3 (0x7ffff6b066fd in /workspace/vllm/.venv/lib/python3.12/site-packages/torch/lib/libc10.so)
frame #2: c10::Dispatcher::registerDef(c10::FunctionSchema, std::__cxx11::basic_string<char, std::char_traits<char>, std::allocator<char> >, std::vector<at::Tag, std::allocator<at::Tag> >) + 0x35e (0x7fff0e6811fe in /workspace/vllm/.venv/lib/python3.12/site-packages/torch/lib/libtorch_cpu.so)
frame #3: torch::Library::_def(c10::FunctionSchema&&, c10::OperatorName*, std::vector<at::Tag, std::allocator<at::Tag> > const&, torch::_RegisterOrVerify) & + 0x514 (0x7fff0e6c2254 in /workspace/vllm/.venv/lib/python3.12/site-packages/torch/lib/libtorch_cpu.so)
frame #4: aoti_torch_library_def + 0x99 (0x7fff128d45b9 in /workspace/vllm/.venv/lib/python3.12/site-packages/torch/lib/libtorch_cpu.so)
frame #5: <unknown function> + 0x2bdb00 (0x7ffe8aebeb00 in /workspace/vllm/vllm/_C_stable_libtorch.abi3.so)
frame #6: <unknown function> + 0x2bf0ce (0x7ffe8aec00ce in /workspace/vllm/vllm/_C_stable_libtorch.abi3.so)
frame #7: <unknown function> + 0x279d92 (0x7ffe8ae7ad92 in /workspace/vllm/vllm/_C_stable_libtorch.abi3.so)
frame #8: <unknown function> + 0x571f (0x7ffff7fca71f in /lib64/ld-linux-x86-64.so.2)
frame #9: <unknown function> + 0x5824 (0x7ffff7fca824 in /lib64/ld-linux-x86-64.so.2)
frame #10: _dl_catch_exception + 0x132 (0x7ffff7fc65b2 in /lib64/ld-linux-x86-64.so.2)
frame #11: <unknown function> + 0xcd7c (0x7ffff7fd1d7c in /lib64/ld-linux-x86-64.so.2)
frame #12: _dl_catch_exception + 0x9c (0x7ffff7fc651c in /lib64/ld-linux-x86-64.so.2)
frame #13: <unknown function> + 0xd164 (0x7ffff7fd2164 in /lib64/ld-linux-x86-64.so.2)
frame #14: <unknown function> + 0x981a4 (0x7ffff7d0c1a4 in /usr/lib/x86_64-linux-gnu/libc.so.6)
frame #15: _dl_catch_exception + 0x9c (0x7ffff7fc651c in /lib64/ld-linux-x86-64.so.2)
frame #16: <unknown function> + 0x1669 (0x7ffff7fc6669 in /lib64/ld-linux-x86-64.so.2)
frame #17: <unknown function> + 0x97c83 (0x7ffff7d0bc83 in /usr/lib/x86_64-linux-gnu/libc.so.6)
frame #18: dlopen + 0x6f (0x7ffff7d0c25f in /usr/lib/x86_64-linux-gnu/libc.so.6)
frame #19: /workspace/vllm/.venv/bin/python() [0x6bc36c]
frame #20: /workspace/vllm/.venv/bin/python() [0x6a946a]
frame #21: /workspace/vllm/.venv/bin/python() [0x6a8bf2]
frame #22: /workspace/vllm/.venv/bin/python() [0x581f37]
frame #23: _PyEval_EvalFrameDefault + 0x4c3a (0x5db0ba in /workspace/vllm/.venv/bin/python)
frame #24: /workspace/vllm/.venv/bin/python() [0x549d47]
frame #25: PyObject_CallMethodObjArgs + 0xe3 (0x54b5c3 in /workspace/vllm/.venv/bin/python)
frame #26: PyImport_ImportModuleLevelObject + 0x395 (0x5fd805 in /workspace/vllm/.venv/bin/python)
frame #27: _PyEval_EvalFrameDefault + 0x5eee (0x5dc36e in /workspace/vllm/.venv/bin/python)
frame #28: PyEval_EvalCode + 0x15b (0x5d543b in /workspace/vllm/.venv/bin/python)
frame #29: /workspace/vllm/.venv/bin/python() [0x5d322c]
frame #30: /workspace/vllm/.venv/bin/python() [0x581d1d]
frame #31: _PyEval_EvalFrameDefault + 0x4c3a (0x5db0ba in /workspace/vllm/.venv/bin/python)
frame #32: PyObject_CallOneArg + 0x4d (0x54a65d in /workspace/vllm/.venv/bin/python)
frame #33: /workspace/vllm/.venv/bin/python() [0x582e84]
frame #34: _PyObject_LookupAttr + 0x7a (0x584bea in /workspace/vllm/.venv/bin/python)
frame #35: /workspace/vllm/.venv/bin/python() [0x5d2b8a]
frame #36: _PyEval_EvalFrameDefault + 0x207d (0x5d84fd in /workspace/vllm/.venv/bin/python)
frame #37: /workspace/vllm/.venv/bin/python() [0x549d47]
frame #38: PyObject_CallMethodObjArgs + 0xe3 (0x54b5c3 in /workspace/vllm/.venv/bin/python)
frame #39: PyImport_ImportModuleLevelObject + 0x5eb (0x5fda5b in /workspace/vllm/.venv/bin/python)
frame #40: _PyEval_EvalFrameDefault + 0x5eee (0x5dc36e in /workspace/vllm/.venv/bin/python)
frame #41: PyEval_EvalCode + 0x15b (0x5d543b in /workspace/vllm/.venv/bin/python)
frame #42: /workspace/vllm/.venv/bin/python() [0x5d322c]
frame #43: /workspace/vllm/.venv/bin/python() [0x581d1d]
frame #44: _PyEval_EvalFrameDefault + 0x4c3a (0x5db0ba in /workspace/vllm/.venv/bin/python)
frame #45: /workspace/vllm/.venv/bin/python() [0x549d47]
frame #46: PyObject_CallMethodObjArgs + 0xe3 (0x54b5c3 in /workspace/vllm/.venv/bin/python)
frame #47: PyImport_ImportModuleLevelObject + 0x395 (0x5fd805 in /workspace/vllm/.venv/bin/python)
frame #48: _PyEval_EvalFrameDefault + 0x5eee (0x5dc36e in /workspace/vllm/.venv/bin/python)
frame #49: PyEval_EvalCode + 0x15b (0x5d543b in /workspace/vllm/.venv/bin/python)
frame #50: /workspace/vllm/.venv/bin/python() [0x5d322c]
frame #51: /workspace/vllm/.venv/bin/python() [0x581d1d]
frame #52: _PyEval_EvalFrameDefault + 0x4c3a (0x5db0ba in /workspace/vllm/.venv/bin/python)
frame #53: /workspace/vllm/.venv/bin/python() [0x549d47]
frame #54: PyObject_CallMethodObjArgs + 0xe3 (0x54b5c3 in /workspace/vllm/.venv/bin/python)
frame #55: PyImport_ImportModuleLevelObject + 0x395 (0x5fd805 in /workspace/vllm/.venv/bin/python)
frame #56: _PyEval_EvalFrameDefault + 0x5eee (0x5dc36e in /workspace/vllm/.venv/bin/python)
frame #57: PyEval_EvalCode + 0x15b (0x5d543b in /workspace/vllm/.venv/bin/python)
frame #58: /workspace/vllm/.venv/bin/python() [0x5d322c]
frame #59: /workspace/vllm/.venv/bin/python() [0x581d1d]
frame #60: _PyEval_EvalFrameDefault + 0x4c3a (0x5db0ba in /workspace/vllm/.venv/bin/python)
frame #61: /workspace/vllm/.venv/bin/python() [0x549d47]
frame #62: PyObject_CallMethodObjArgs + 0xe3 (0x54b5c3 in /workspace/vllm/.venv/bin/python)

[E708 11:04:50.248760241 shim_common.cpp:1458] Exception in aoti_torch: Tried to register an operator (_C::weak_ref_tensor(Tensor input) -> Tensor) with the same name and overload name multiple times. Each overload's schema should only be registered with a single call to def(). Duplicate registration: registered at /workspace/csrc/libtorch_stable/torch_bindings.cpp:10. Original registration: registered at /workspace/csrc/torch_bindings.cpp:21
Exception raised from registerDef at /pytorch/aten/src/ATen/core/dispatch/Dispatcher.cpp:248 (most recent call first):
frame #0: c10::Error::Error(c10::SourceLocation, std::__cxx11::basic_string<char, std::char_traits<char>, std::allocator<char> >) + 0x9d (0x7ffff6b7205d in /workspace/vllm/.venv/lib/python3.12/site-packages/torch/lib/libc10.so)
frame #1: c10::detail::torchCheckFail(char const*, char const*, unsigned int, std::__cxx11::basic_string<char, std::char_traits<char>, std::allocator<char> > const&) + 0xc3 (0x7ffff6b066fd in /workspace/vllm/.venv/lib/python3.12/site-packages/torch/lib/libc10.so)
frame #2: c10::Dispatcher::registerDef(c10::FunctionSchema, std::__cxx11::basic_string<char, std::char_traits<char>, std::allocator<char> >, std::vector<at::Tag, std::allocator<at::Tag> >) + 0x35e (0x7fff0e6811fe in /workspace/vllm/.venv/lib/python3.12/site-packages/torch/lib/libtorch_cpu.so)
frame #3: torch::Library::_def(c10::FunctionSchema&&, c10::OperatorName*, std::vector<at::Tag, std::allocator<at::Tag> > const&, torch::_RegisterOrVerify) & + 0x514 (0x7fff0e6c2254 in /workspace/vllm/.venv/lib/python3.12/site-packages/torch/lib/libtorch_cpu.so)
frame #4: aoti_torch_library_def + 0x99 (0x7fff128d45b9 in /workspace/vllm/.venv/lib/python3.12/site-packages/torch/lib/libtorch_cpu.so)
frame #5: <unknown function> + 0x2bdb00 (0x7ffe8aebeb00 in /workspace/vllm/vllm/_C_stable_libtorch.abi3.so)
frame #6: <unknown function> + 0x2bf0ce (0x7ffe8aec00ce in /workspace/vllm/vllm/_C_stable_libtorch.abi3.so)
frame #7: <unknown function> + 0x279d92 (0x7ffe8ae7ad92 in /workspace/vllm/vllm/_C_stable_libtorch.abi3.so)
frame #8: <unknown function> + 0x571f (0x7ffff7fca71f in /lib64/ld-linux-x86-64.so.2)
frame #9: <unknown function> + 0x5824 (0x7ffff7fca824 in /lib64/ld-linux-x86-64.so.2)
frame #10: _dl_catch_exception + 0x132 (0x7ffff7fc65b2 in /lib64/ld-linux-x86-64.so.2)
frame #11: <unknown function> + 0xcd7c (0x7ffff7fd1d7c in /lib64/ld-linux-x86-64.so.2)
frame #12: _dl_catch_exception + 0x9c (0x7ffff7fc651c in /lib64/ld-linux-x86-64.so.2)
frame #13: <unknown function> + 0xd164 (0x7ffff7fd2164 in /lib64/ld-linux-x86-64.so.2)
frame #14: <unknown function> + 0x981a4 (0x7ffff7d0c1a4 in /usr/lib/x86_64-linux-gnu/libc.so.6)
frame #15: _dl_catch_exception + 0x9c (0x7ffff7fc651c in /lib64/ld-linux-x86-64.so.2)
frame #16: <unknown function> + 0x1669 (0x7ffff7fc6669 in /lib64/ld-linux-x86-64.so.2)
frame #17: <unknown function> + 0x97c83 (0x7ffff7d0bc83 in /usr/lib/x86_64-linux-gnu/libc.so.6)
frame #18: dlopen + 0x6f (0x7ffff7d0c25f in /usr/lib/x86_64-linux-gnu/libc.so.6)
frame #19: /workspace/vllm/.venv/bin/python() [0x6bc36c]
frame #20: /workspace/vllm/.venv/bin/python() [0x6a946a]
frame #21: /workspace/vllm/.venv/bin/python() [0x6a8bf2]
frame #22: /workspace/vllm/.venv/bin/python() [0x581f37]
frame #23: _PyEval_EvalFrameDefault + 0x4c3a (0x5db0ba in /workspace/vllm/.venv/bin/python)
frame #24: /workspace/vllm/.venv/bin/python() [0x549d47]
frame #25: PyObject_CallMethodObjArgs + 0xe3 (0x54b5c3 in /workspace/vllm/.venv/bin/python)
frame #26: PyImport_ImportModuleLevelObject + 0x395 (0x5fd805 in /workspace/vllm/.venv/bin/python)
frame #27: _PyEval_EvalFrameDefault + 0x5eee (0x5dc36e in /workspace/vllm/.venv/bin/python)
frame #28: PyEval_EvalCode + 0x15b (0x5d543b in /workspace/vllm/.venv/bin/python)
frame #29: /workspace/vllm/.venv/bin/python() [0x5d322c]
frame #30: /workspace/vllm/.venv/bin/python() [0x581d1d]
frame #31: _PyEval_EvalFrameDefault + 0x4c3a (0x5db0ba in /workspace/vllm/.venv/bin/python)
frame #32: PyObject_CallOneArg + 0x4d (0x54a65d in /workspace/vllm/.venv/bin/python)
frame #33: /workspace/vllm/.venv/bin/python() [0x582e84]
frame #34: _PyObject_LookupAttr + 0x7a (0x584bea in /workspace/vllm/.venv/bin/python)
frame #35: /workspace/vllm/.venv/bin/python() [0x5d2b8a]
frame #36: _PyEval_EvalFrameDefault + 0x207d (0x5d84fd in /workspace/vllm/.venv/bin/python)
frame #37: /workspace/vllm/.venv/bin/python() [0x549d47]
frame #38: PyObject_CallMethodObjArgs + 0xe3 (0x54b5c3 in /workspace/vllm/.venv/bin/python)
frame #39: PyImport_ImportModuleLevelObject + 0x5eb (0x5fda5b in /workspace/vllm/.venv/bin/python)
frame #40: _PyEval_EvalFrameDefault + 0x5eee (0x5dc36e in /workspace/vllm/.venv/bin/python)
frame #41: PyEval_EvalCode + 0x15b (0x5d543b in /workspace/vllm/.venv/bin/python)
frame #42: /workspace/vllm/.venv/bin/python() [0x5d322c]
frame #43: /workspace/vllm/.venv/bin/python() [0x581d1d]
frame #44: _PyEval_EvalFrameDefault + 0x4c3a (0x5db0ba in /workspace/vllm/.venv/bin/python)
frame #45: /workspace/vllm/.venv/bin/python() [0x549d47]
frame #46: PyObject_CallMethodObjArgs + 0xe3 (0x54b5c3 in /workspace/vllm/.venv/bin/python)
frame #47: PyImport_ImportModuleLevelObject + 0x395 (0x5fd805 in /workspace/vllm/.venv/bin/python)
frame #48: _PyEval_EvalFrameDefault + 0x5eee (0x5dc36e in /workspace/vllm/.venv/bin/python)
frame #49: PyEval_EvalCode + 0x15b (0x5d543b in /workspace/vllm/.venv/bin/python)
frame #50: /workspace/vllm/.venv/bin/python() [0x5d322c]
frame #51: /workspace/vllm/.venv/bin/python() [0x581d1d]
frame #52: _PyEval_EvalFrameDefault + 0x4c3a (0x5db0ba in /workspace/vllm/.venv/bin/python)
frame #53: /workspace/vllm/.venv/bin/python() [0x549d47]
frame #54: PyObject_CallMethodObjArgs + 0xe3 (0x54b5c3 in /workspace/vllm/.venv/bin/python)
frame #55: PyImport_ImportModuleLevelObject + 0x395 (0x5fd805 in /workspace/vllm/.venv/bin/python)
frame #56: _PyEval_EvalFrameDefault + 0x5eee (0x5dc36e in /workspace/vllm/.venv/bin/python)
frame #57: PyEval_EvalCode + 0x15b (0x5d543b in /workspace/vllm/.venv/bin/python)
frame #58: /workspace/vllm/.venv/bin/python() [0x5d322c]
frame #59: /workspace/vllm/.venv/bin/python() [0x581d1d]
frame #60: _PyEval_EvalFrameDefault + 0x4c3a (0x5db0ba in /workspace/vllm/.venv/bin/python)
frame #61: /workspace/vllm/.venv/bin/python() [0x549d47]
frame #62: PyObject_CallMethodObjArgs + 0xe3 (0x54b5c3 in /workspace/vllm/.venv/bin/python)

[E708 11:04:50.250892746 shim_common.cpp:1458] Exception in aoti_torch: Tried to register an operator (_C::silu_and_mul_quant(Tensor($0! -> ) result, Tensor input, Tensor scale) -> ()) with the same name and overload name multiple times. Each overload's schema should only be registered with a single call to def(). Duplicate registration: registered at /workspace/csrc/libtorch_stable/torch_bindings.cpp:10. Original registration: registered at /workspace/csrc/torch_bindings.cpp:21
Exception raised from registerDef at /pytorch/aten/src/ATen/core/dispatch/Dispatcher.cpp:248 (most recent call first):
frame #0: c10::Error::Error(c10::SourceLocation, std::__cxx11::basic_string<char, std::char_traits<char>, std::allocator<char> >) + 0x9d (0x7ffff6b7205d in /workspace/vllm/.venv/lib/python3.12/site-packages/torch/lib/libc10.so)
frame #1: c10::detail::torchCheckFail(char const*, char const*, unsigned int, std::__cxx11::basic_string<char, std::char_traits<char>, std::allocator<char> > const&) + 0xc3 (0x7ffff6b066fd in /workspace/vllm/.venv/lib/python3.12/site-packages/torch/lib/libc10.so)
frame #2: c10::Dispatcher::registerDef(c10::FunctionSchema, std::__cxx11::basic_string<char, std::char_traits<char>, std::allocator<char> >, std::vector<at::Tag, std::allocator<at::Tag> >) + 0x35e (0x7fff0e6811fe in /workspace/vllm/.venv/lib/python3.12/site-packages/torch/lib/libtorch_cpu.so)
frame #3: torch::Library::_def(c10::FunctionSchema&&, c10::OperatorName*, std::vector<at::Tag, std::allocator<at::Tag> > const&, torch::_RegisterOrVerify) & + 0x514 (0x7fff0e6c2254 in /workspace/vllm/.venv/lib/python3.12/site-packages/torch/lib/libtorch_cpu.so)
frame #4: aoti_torch_library_def + 0x99 (0x7fff128d45b9 in /workspace/vllm/.venv/lib/python3.12/site-packages/torch/lib/libtorch_cpu.so)
frame #5: <unknown function> + 0x2bdb3c (0x7ffe8aebeb3c in /workspace/vllm/vllm/_C_stable_libtorch.abi3.so)
frame #6: <unknown function> + 0x2bf0ce (0x7ffe8aec00ce in /workspace/vllm/vllm/_C_stable_libtorch.abi3.so)
frame #7: <unknown function> + 0x279d92 (0x7ffe8ae7ad92 in /workspace/vllm/vllm/_C_stable_libtorch.abi3.so)
frame #8: <unknown function> + 0x571f (0x7ffff7fca71f in /lib64/ld-linux-x86-64.so.2)
frame #9: <unknown function> + 0x5824 (0x7ffff7fca824 in /lib64/ld-linux-x86-64.so.2)
frame #10: _dl_catch_exception + 0x132 (0x7ffff7fc65b2 in /lib64/ld-linux-x86-64.so.2)
frame #11: <unknown function> + 0xcd7c (0x7ffff7fd1d7c in /lib64/ld-linux-x86-64.so.2)
frame #12: _dl_catch_exception + 0x9c (0x7ffff7fc651c in /lib64/ld-linux-x86-64.so.2)
frame #13: <unknown function> + 0xd164 (0x7ffff7fd2164 in /lib64/ld-linux-x86-64.so.2)
frame #14: <unknown function> + 0x981a4 (0x7ffff7d0c1a4 in /usr/lib/x86_64-linux-gnu/libc.so.6)
frame #15: _dl_catch_exception + 0x9c (0x7ffff7fc651c in /lib64/ld-linux-x86-64.so.2)
frame #16: <unknown function> + 0x1669 (0x7ffff7fc6669 in /lib64/ld-linux-x86-64.so.2)
frame #17: <unknown function> + 0x97c83 (0x7ffff7d0bc83 in /usr/lib/x86_64-linux-gnu/libc.so.6)
frame #18: dlopen + 0x6f (0x7ffff7d0c25f in /usr/lib/x86_64-linux-gnu/libc.so.6)
frame #19: /workspace/vllm/.venv/bin/python() [0x6bc36c]
frame #20: /workspace/vllm/.venv/bin/python() [0x6a946a]
frame #21: /workspace/vllm/.venv/bin/python() [0x6a8bf2]
frame #22: /workspace/vllm/.venv/bin/python() [0x581f37]
frame #23: _PyEval_EvalFrameDefault + 0x4c3a (0x5db0ba in /workspace/vllm/.venv/bin/python)
frame #24: /workspace/vllm/.venv/bin/python() [0x549d47]
frame #25: PyObject_CallMethodObjArgs + 0xe3 (0x54b5c3 in /workspace/vllm/.venv/bin/python)
frame #26: PyImport_ImportModuleLevelObject + 0x395 (0x5fd805 in /workspace/vllm/.venv/bin/python)
frame #27: _PyEval_EvalFrameDefault + 0x5eee (0x5dc36e in /workspace/vllm/.venv/bin/python)
frame #28: PyEval_EvalCode + 0x15b (0x5d543b in /workspace/vllm/.venv/bin/python)
frame #29: /workspace/vllm/.venv/bin/python() [0x5d322c]
frame #30: /workspace/vllm/.venv/bin/python() [0x581d1d]
frame #31: _PyEval_EvalFrameDefault + 0x4c3a (0x5db0ba in /workspace/vllm/.venv/bin/python)
frame #32: PyObject_CallOneArg + 0x4d (0x54a65d in /workspace/vllm/.venv/bin/python)
frame #33: /workspace/vllm/.venv/bin/python() [0x582e84]
frame #34: _PyObject_LookupAttr + 0x7a (0x584bea in /workspace/vllm/.venv/bin/python)
frame #35: /workspace/vllm/.venv/bin/python() [0x5d2b8a]
frame #36: _PyEval_EvalFrameDefault + 0x207d (0x5d84fd in /workspace/vllm/.venv/bin/python)
frame #37: /workspace/vllm/.venv/bin/python() [0x549d47]
frame #38: PyObject_CallMethodObjArgs + 0xe3 (0x54b5c3 in /workspace/vllm/.venv/bin/python)
frame #39: PyImport_ImportModuleLevelObject + 0x5eb (0x5fda5b in /workspace/vllm/.venv/bin/python)
frame #40: _PyEval_EvalFrameDefault + 0x5eee (0x5dc36e in /workspace/vllm/.venv/bin/python)
frame #41: PyEval_EvalCode + 0x15b (0x5d543b in /workspace/vllm/.venv/bin/python)
frame #42: /workspace/vllm/.venv/bin/python() [0x5d322c]
frame #43: /workspace/vllm/.venv/bin/python() [0x581d1d]
frame #44: _PyEval_EvalFrameDefault + 0x4c3a (0x5db0ba in /workspace/vllm/.venv/bin/python)
frame #45: /workspace/vllm/.venv/bin/python() [0x549d47]
frame #46: PyObject_CallMethodObjArgs + 0xe3 (0x54b5c3 in /workspace/vllm/.venv/bin/python)
frame #47: PyImport_ImportModuleLevelObject + 0x395 (0x5fd805 in /workspace/vllm/.venv/bin/python)
frame #48: _PyEval_EvalFrameDefault + 0x5eee (0x5dc36e in /workspace/vllm/.venv/bin/python)
frame #49: PyEval_EvalCode + 0x15b (0x5d543b in /workspace/vllm/.venv/bin/python)
frame #50: /workspace/vllm/.venv/bin/python() [0x5d322c]
frame #51: /workspace/vllm/.venv/bin/python() [0x581d1d]
frame #52: _PyEval_EvalFrameDefault + 0x4c3a (0x5db0ba in /workspace/vllm/.venv/bin/python)
frame #53: /workspace/vllm/.venv/bin/python() [0x549d47]
frame #54: PyObject_CallMethodObjArgs + 0xe3 (0x54b5c3 in /workspace/vllm/.venv/bin/python)
frame #55: PyImport_ImportModuleLevelObject + 0x395 (0x5fd805 in /workspace/vllm/.venv/bin/python)
frame #56: _PyEval_EvalFrameDefault + 0x5eee (0x5dc36e in /workspace/vllm/.venv/bin/python)
frame #57: PyEval_EvalCode + 0x15b (0x5d543b in /workspace/vllm/.venv/bin/python)
frame #58: /workspace/vllm/.venv/bin/python() [0x5d322c]
frame #59: /workspace/vllm/.venv/bin/python() [0x581d1d]
frame #60: _PyEval_EvalFrameDefault + 0x4c3a (0x5db0ba in /workspace/vllm/.venv/bin/python)
frame #61: /workspace/vllm/.venv/bin/python() [0x549d47]
frame #62: PyObject_CallMethodObjArgs + 0xe3 (0x54b5c3 in /workspace/vllm/.venv/bin/python)

[E708 11:04:50.250840954 shim_common.cpp:1458] Exception in aoti_torch: Tried to register an operator (_C::silu_and_mul_quant(Tensor($0! -> ) result, Tensor input, Tensor scale) -> ()) with the same name and overload name multiple times. Each overload's schema should only be registered with a single call to def(). Duplicate registration: registered at /workspace/csrc/libtorch_stable/torch_bindings.cpp:10. Original registration: registered at /workspace/csrc/torch_bindings.cpp:21
Exception raised from registerDef at /pytorch/aten/src/ATen/core/dispatch/Dispatcher.cpp:248 (most recent call first):
frame #0: c10::Error::Error(c10::SourceLocation, std::__cxx11::basic_string<char, std::char_traits<char>, std::allocator<char> >) + 0x9d (0x7ffff6b7205d in /workspace/vllm/.venv/lib/python3.12/site-packages/torch/lib/libc10.so)
frame #1: c10::detail::torchCheckFail(char const*, char const*, unsigned int, std::__cxx11::basic_string<char, std::char_traits<char>, std::allocator<char> > const&) + 0xc3 (0x7ffff6b066fd in /workspace/vllm/.venv/lib/python3.12/site-packages/torch/lib/libc10.so)
frame #2: c10::Dispatcher::registerDef(c10::FunctionSchema, std::__cxx11::basic_string<char, std::char_traits<char>, std::allocator<char> >, std::vector<at::Tag, std::allocator<at::Tag> >) + 0x35e (0x7fff0e6811fe in /workspace/vllm/.venv/lib/python3.12/site-packages/torch/lib/libtorch_cpu.so)
frame #3: torch::Library::_def(c10::FunctionSchema&&, c10::OperatorName*, std::vector<at::Tag, std::allocator<at::Tag> > const&, torch::_RegisterOrVerify) & + 0x514 (0x7fff0e6c2254 in /workspace/vllm/.venv/lib/python3.12/site-packages/torch/lib/libtorch_cpu.so)
frame #4: aoti_torch_library_def + 0x99 (0x7fff128d45b9 in /workspace/vllm/.venv/lib/python3.12/site-packages/torch/lib/libtorch_cpu.so)
frame #5: <unknown function> + 0x2bdb3c (0x7ffe8aebeb3c in /workspace/vllm/vllm/_C_stable_libtorch.abi3.so)
frame #6: <unknown function> + 0x2bf0ce (0x7ffe8aec00ce in /workspace/vllm/vllm/_C_stable_libtorch.abi3.so)
frame #7: <unknown function> + 0x279d92 (0x7ffe8ae7ad92 in /workspace/vllm/vllm/_C_stable_libtorch.abi3.so)
frame #8: <unknown function> + 0x571f (0x7ffff7fca71f in /lib64/ld-linux-x86-64.so.2)
frame #9: <unknown function> + 0x5824 (0x7ffff7fca824 in /lib64/ld-linux-x86-64.so.2)
frame #10: _dl_catch_exception + 0x132 (0x7ffff7fc65b2 in /lib64/ld-linux-x86-64.so.2)
frame #11: <unknown function> + 0xcd7c (0x7ffff7fd1d7c in /lib64/ld-linux-x86-64.so.2)
frame #12: _dl_catch_exception + 0x9c (0x7ffff7fc651c in /lib64/ld-linux-x86-64.so.2)
frame #13: <unknown function> + 0xd164 (0x7ffff7fd2164 in /lib64/ld-linux-x86-64.so.2)
frame #14: <unknown function> + 0x981a4 (0x7ffff7d0c1a4 in /usr/lib/x86_64-linux-gnu/libc.so.6)
frame #15: _dl_catch_exception + 0x9c (0x7ffff7fc651c in /lib64/ld-linux-x86-64.so.2)
frame #16: <unknown function> + 0x1669 (0x7ffff7fc6669 in /lib64/ld-linux-x86-64.so.2)
frame #17: <unknown function> + 0x97c83 (0x7ffff7d0bc83 in /usr/lib/x86_64-linux-gnu/libc.so.6)
frame #18: dlopen + 0x6f (0x7ffff7d0c25f in /usr/lib/x86_64-linux-gnu/libc.so.6)
frame #19: /workspace/vllm/.venv/bin/python() [0x6bc36c]
frame #20: /workspace/vllm/.venv/bin/python() [0x6a946a]
frame #21: /workspace/vllm/.venv/bin/python() [0x6a8bf2]
frame #22: /workspace/vllm/.venv/bin/python() [0x581f37]
frame #23: _PyEval_EvalFrameDefault + 0x4c3a (0x5db0ba in /workspace/vllm/.venv/bin/python)
frame #24: /workspace/vllm/.venv/bin/python() [0x549d47]
frame #25: PyObject_CallMethodObjArgs + 0xe3 (0x54b5c3 in /workspace/vllm/.venv/bin/python)
frame #26: PyImport_ImportModuleLevelObject + 0x395 (0x5fd805 in /workspace/vllm/.venv/bin/python)
frame #27: _PyEval_EvalFrameDefault + 0x5eee (0x5dc36e in /workspace/vllm/.venv/bin/python)
frame #28: PyEval_EvalCode + 0x15b (0x5d543b in /workspace/vllm/.venv/bin/python)
frame #29: /workspace/vllm/.venv/bin/python() [0x5d322c]
frame #30: /workspace/vllm/.venv/bin/python() [0x581d1d]
frame #31: _PyEval_EvalFrameDefault + 0x4c3a (0x5db0ba in /workspace/vllm/.venv/bin/python)
frame #32: PyObject_CallOneArg + 0x4d (0x54a65d in /workspace/vllm/.venv/bin/python)
frame #33: /workspace/vllm/.venv/bin/python() [0x582e84]
frame #34: _PyObject_LookupAttr + 0x7a (0x584bea in /workspace/vllm/.venv/bin/python)
frame #35: /workspace/vllm/.venv/bin/python() [0x5d2b8a]
frame #36: _PyEval_EvalFrameDefault + 0x207d (0x5d84fd in /workspace/vllm/.venv/bin/python)
frame #37: /workspace/vllm/.venv/bin/python() [0x549d47]
frame #38: PyObject_CallMethodObjArgs + 0xe3 (0x54b5c3 in /workspace/vllm/.venv/bin/python)
frame #39: PyImport_ImportModuleLevelObject + 0x5eb (0x5fda5b in /workspace/vllm/.venv/bin/python)
frame #40: _PyEval_EvalFrameDefault + 0x5eee (0x5dc36e in /workspace/vllm/.venv/bin/python)
frame #41: PyEval_EvalCode + 0x15b (0x5d543b in /workspace/vllm/.venv/bin/python)
frame #42: /workspace/vllm/.venv/bin/python() [0x5d322c]
frame #43: /workspace/vllm/.venv/bin/python() [0x581d1d]
frame #44: _PyEval_EvalFrameDefault + 0x4c3a (0x5db0ba in /workspace/vllm/.venv/bin/python)
frame #45: /workspace/vllm/.venv/bin/python() [0x549d47]
frame #46: PyObject_CallMethodObjArgs + 0xe3 (0x54b5c3 in /workspace/vllm/.venv/bin/python)
frame #47: PyImport_ImportModuleLevelObject + 0x395 (0x5fd805 in /workspace/vllm/.venv/bin/python)
frame #48: _PyEval_EvalFrameDefault + 0x5eee (0x5dc36e in /workspace/vllm/.venv/bin/python)
frame #49: PyEval_EvalCode + 0x15b (0x5d543b in /workspace/vllm/.venv/bin/python)
frame #50: /workspace/vllm/.venv/bin/python() [0x5d322c]
frame #51: /workspace/vllm/.venv/bin/python() [0x581d1d]
frame #52: _PyEval_EvalFrameDefault + 0x4c3a (0x5db0ba in /workspace/vllm/.venv/bin/python)
frame #53: /workspace/vllm/.venv/bin/python() [0x549d47]
frame #54: PyObject_CallMethodObjArgs + 0xe3 (0x54b5c3 in /workspace/vllm/.venv/bin/python)
frame #55: PyImport_ImportModuleLevelObject + 0x395 (0x5fd805 in /workspace/vllm/.venv/bin/python)
frame #56: _PyEval_EvalFrameDefault + 0x5eee (0x5dc36e in /workspace/vllm/.venv/bin/python)
frame #57: PyEval_EvalCode + 0x15b (0x5d543b in /workspace/vllm/.venv/bin/python)
frame #58: /workspace/vllm/.venv/bin/python() [0x5d322c]
frame #59: /workspace/vllm/.venv/bin/python() [0x581d1d]
frame #60: _PyEval_EvalFrameDefault + 0x4c3a (0x5db0ba in /workspace/vllm/.venv/bin/python)
frame #61: /workspace/vllm/.venv/bin/python() [0x549d47]
frame #62: PyObject_CallMethodObjArgs + 0xe3 (0x54b5c3 in /workspace/vllm/.venv/bin/python)

[W708 11:04:50.253230611 OperatorEntry.cpp:208] Warning: Warning only once for all operators,  other operators may also be overridden.
  Overriding a previously registered kernel for the same operator and the same dispatch key
  operator: _C::persistent_masked_m_silu_mul_quant(Tensor input, Tensor counts, Tensor($0! -> ) y_q, Tensor($1! -> ) y_s, bool use_ue8m0) -> ()
    registered at /workspace/csrc/torch_bindings.cpp:21
  dispatch key: CUDA
  previous kernel: registered at /workspace/csrc/torch_bindings.cpp:21
       new kernel: registered at /workspace/csrc/libtorch_stable/torch_bindings.cpp:603 (function operator())
[W708 11:04:50.253236934 OperatorEntry.cpp:208] Warning: Warning only once for all operators,  other operators may also be overridden.
  Overriding a previously registered kernel for the same operator and the same dispatch key
  operator: _C::persistent_masked_m_silu_mul_quant(Tensor input, Tensor counts, Tensor($0! -> ) y_q, Tensor($1! -> ) y_s, bool use_ue8m0) -> ()
    registered at /workspace/csrc/torch_bindings.cpp:21
  dispatch key: CUDA
  previous kernel: registered at /workspace/csrc/torch_bindings.cpp:21
       new kernel: registered at /workspace/csrc/libtorch_stable/torch_bindings.cpp:603 (function operator())
[E708 11:04:50.266602240 shim_common.cpp:1458] Exception in aoti_torch: Tried to register an operator (_C::persistent_masked_m_silu_mul_quant(Tensor input, Tensor counts, Tensor($0! -> ) y_q, Tensor($1! -> ) y_s, bool use_ue8m0) -> ()) with the same name and overload name multiple times. Each overload's schema should only be registered with a single call to def(). Duplicate registration: registered at /workspace/csrc/libtorch_stable/torch_bindings.cpp:10. Original registration: registered at /workspace/csrc/torch_bindings.cpp:21
Exception raised from registerDef at /pytorch/aten/src/ATen/core/dispatch/Dispatcher.cpp:248 (most recent call first):
frame #0: c10::Error::Error(c10::SourceLocation, std::__cxx11::basic_string<char, std::char_traits<char>, std::allocator<char> >) + 0x9d (0x7ffff6b7205d in /workspace/vllm/.venv/lib/python3.12/site-packages/torch/lib/libc10.so)
frame #1: c10::detail::torchCheckFail(char const*, char const*, unsigned int, std::__cxx11::basic_string<char, std::char_traits<char>, std::allocator<char> > const&) + 0xc3 (0x7ffff6b066fd in /workspace/vllm/.venv/lib/python3.12/site-packages/torch/lib/libc10.so)
frame #2: c10::Dispatcher::registerDef(c10::FunctionSchema, std::__cxx11::basic_string<char, std::char_traits<char>, std::allocator<char> >, std::vector<at::Tag, std::allocator<at::Tag> >) + 0x35e (0x7fff0e6811fe in /workspace/vllm/.venv/lib/python3.12/site-packages/torch/lib/libtorch_cpu.so)
frame #3: torch::Library::_def(c10::FunctionSchema&&, c10::OperatorName*, std::vector<at::Tag, std::allocator<at::Tag> > const&, torch::_RegisterOrVerify) & + 0x514 (0x7fff0e6c2254 in /workspace/vllm/.venv/lib/python3.12/site-packages/torch/lib/libtorch_cpu.so)
frame #4: aoti_torch_library_def + 0x99 (0x7fff128d45b9 in /workspace/vllm/.venv/lib/python3.12/site-packages/torch/lib/libtorch_cpu.so)
frame #5: <unknown function> + 0x2bdaf1 (0x7ffe8aebeaf1 in /workspace/vllm/vllm/_C_stable_libtorch.abi3.so)
frame #6: <unknown function> + 0x2bf0ce (0x7ffe8aec00ce in /workspace/vllm/vllm/_C_stable_libtorch.abi3.so)
frame #7: <unknown function> + 0x279d92 (0x7ffe8ae7ad92 in /workspace/vllm/vllm/_C_stable_libtorch.abi3.so)
frame #8: <unknown function> + 0x571f (0x7ffff7fca71f in /lib64/ld-linux-x86-64.so.2)
frame #9: <unknown function> + 0x5824 (0x7ffff7fca824 in /lib64/ld-linux-x86-64.so.2)
frame #10: _dl_catch_exception + 0x132 (0x7ffff7fc65b2 in /lib64/ld-linux-x86-64.so.2)
frame #11: <unknown function> + 0xcd7c (0x7ffff7fd1d7c in /lib64/ld-linux-x86-64.so.2)
frame #12: _dl_catch_exception + 0x9c (0x7ffff7fc651c in /lib64/ld-linux-x86-64.so.2)
frame #13: <unknown function> + 0xd164 (0x7ffff7fd2164 in /lib64/ld-linux-x86-64.so.2)
frame #14: <unknown function> + 0x981a4 (0x7ffff7d0c1a4 in /usr/lib/x86_64-linux-gnu/libc.so.6)
frame #15: _dl_catch_exception + 0x9c (0x7ffff7fc651c in /lib64/ld-linux-x86-64.so.2)
frame #16: <unknown function> + 0x1669 (0x7ffff7fc6669 in /lib64/ld-linux-x86-64.so.2)
frame #17: <unknown function> + 0x97c83 (0x7ffff7d0bc83 in /usr/lib/x86_64-linux-gnu/libc.so.6)
frame #18: dlopen + 0x6f (0x7ffff7d0c25f in /usr/lib/x86_64-linux-gnu/libc.so.6)
frame #19: /workspace/vllm/.venv/bin/python() [0x6bc36c]
frame #20: /workspace/vllm/.venv/bin/python() [0x6a946a]
frame #21: /workspace/vllm/.venv/bin/python() [0x6a8bf2]
frame #22: /workspace/vllm/.venv/bin/python() [0x581f37]
frame #23: _PyEval_EvalFrameDefault + 0x4c3a (0x5db0ba in /workspace/vllm/.venv/bin/python)
frame #24: /workspace/vllm/.venv/bin/python() [0x549d47]
frame #25: PyObject_CallMethodObjArgs + 0xe3 (0x54b5c3 in /workspace/vllm/.venv/bin/python)
frame #26: PyImport_ImportModuleLevelObject + 0x395 (0x5fd805 in /workspace/vllm/.venv/bin/python)
frame #27: _PyEval_EvalFrameDefault + 0x5eee (0x5dc36e in /workspace/vllm/.venv/bin/python)
frame #28: PyEval_EvalCode + 0x15b (0x5d543b in /workspace/vllm/.venv/bin/python)
frame #29: /workspace/vllm/.venv/bin/python() [0x5d322c]
frame #30: /workspace/vllm/.venv/bin/python() [0x581d1d]
frame #31: _PyEval_EvalFrameDefault + 0x4c3a (0x5db0ba in /workspace/vllm/.venv/bin/python)
frame #32: PyObject_CallOneArg + 0x4d (0x54a65d in /workspace/vllm/.venv/bin/python)
frame #33: /workspace/vllm/.venv/bin/python() [0x582e84]
frame #34: _PyObject_LookupAttr + 0x7a (0x584bea in /workspace/vllm/.venv/bin/python)
frame #35: /workspace/vllm/.venv/bin/python() [0x5d2b8a]
frame #36: _PyEval_EvalFrameDefault + 0x207d (0x5d84fd in /workspace/vllm/.venv/bin/python)
frame #37: /workspace/vllm/.venv/bin/python() [0x549d47]
frame #38: PyObject_CallMethodObjArgs + 0xe3 (0x54b5c3 in /workspace/vllm/.venv/bin/python)
frame #39: PyImport_ImportModuleLevelObject + 0x5eb (0x5fda5b in /workspace/vllm/.venv/bin/python)
frame #40: _PyEval_EvalFrameDefault + 0x5eee (0x5dc36e in /workspace/vllm/.venv/bin/python)
frame #41: PyEval_EvalCode + 0x15b (0x5d543b in /workspace/vllm/.venv/bin/python)
frame #42: /workspace/vllm/.venv/bin/python() [0x5d322c]
frame #43: /workspace/vllm/.venv/bin/python() [0x581d1d]
frame #44: _PyEval_EvalFrameDefault + 0x4c3a (0x5db0ba in /workspace/vllm/.venv/bin/python)
frame #45: /workspace/vllm/.venv/bin/python() [0x549d47]
frame #46: PyObject_CallMethodObjArgs + 0xe3 (0x54b5c3 in /workspace/vllm/.venv/bin/python)
frame #47: PyImport_ImportModuleLevelObject + 0x395 (0x5fd805 in /workspace/vllm/.venv/bin/python)
frame #48: _PyEval_EvalFrameDefault + 0x5eee (0x5dc36e in /workspace/vllm/.venv/bin/python)
frame #49: PyEval_EvalCode + 0x15b (0x5d543b in /workspace/vllm/.venv/bin/python)
frame #50: /workspace/vllm/.venv/bin/python() [0x5d322c]
frame #51: /workspace/vllm/.venv/bin/python() [0x581d1d]
frame #52: _PyEval_EvalFrameDefault + 0x4c3a (0x5db0ba in /workspace/vllm/.venv/bin/python)
frame #53: /workspace/vllm/.venv/bin/python() [0x549d47]
frame #54: PyObject_CallMethodObjArgs + 0xe3 (0x54b5c3 in /workspace/vllm/.venv/bin/python)
frame #55: PyImport_ImportModuleLevelObject + 0x395 (0x5fd805 in /workspace/vllm/.venv/bin/python)
frame #56: _PyEval_EvalFrameDefault + 0x5eee (0x5dc36e in /workspace/vllm/.venv/bin/python)
frame #57: PyEval_EvalCode + 0x15b (0x5d543b in /workspace/vllm/.venv/bin/python)
frame #58: /workspace/vllm/.venv/bin/python() [0x5d322c]
frame #59: /workspace/vllm/.venv/bin/python() [0x581d1d]
frame #60: _PyEval_EvalFrameDefault + 0x4c3a (0x5db0ba in /workspace/vllm/.venv/bin/python)
frame #61: /workspace/vllm/.venv/bin/python() [0x549d47]
frame #62: PyObject_CallMethodObjArgs + 0xe3 (0x54b5c3 in /workspace/vllm/.venv/bin/python)

[E708 11:04:50.268637856 shim_common.cpp:1458] Exception in aoti_torch: Tried to register an operator (_C::weak_ref_tensor(Tensor input) -> Tensor) with the same name and overload name multiple times. Each overload's schema should only be registered with a single call to def(). Duplicate registration: registered at /workspace/csrc/libtorch_stable/torch_bindings.cpp:10. Original registration: registered at /workspace/csrc/torch_bindings.cpp:21
Exception raised from registerDef at /pytorch/aten/src/ATen/core/dispatch/Dispatcher.cpp:248 (most recent call first):
frame #0: c10::Error::Error(c10::SourceLocation, std::__cxx11::basic_string<char, std::char_traits<char>, std::allocator<char> >) + 0x9d (0x7ffff6b7205d in /workspace/vllm/.venv/lib/python3.12/site-packages/torch/lib/libc10.so)
frame #1: c10::detail::torchCheckFail(char const*, char const*, unsigned int, std::__cxx11::basic_string<char, std::char_traits<char>, std::allocator<char> > const&) + 0xc3 (0x7ffff6b066fd in /workspace/vllm/.venv/lib/python3.12/site-packages/torch/lib/libc10.so)
frame #2: c10::Dispatcher::registerDef(c10::FunctionSchema, std::__cxx11::basic_string<char, std::char_traits<char>, std::allocator<char> >, std::vector<at::Tag, std::allocator<at::Tag> >) + 0x35e (0x7fff0e6811fe in /workspace/vllm/.venv/lib/python3.12/site-packages/torch/lib/libtorch_cpu.so)
frame #3: torch::Library::_def(c10::FunctionSchema&&, c10::OperatorName*, std::vector<at::Tag, std::allocator<at::Tag> > const&, torch::_RegisterOrVerify) & + 0x514 (0x7fff0e6c2254 in /workspace/vllm/.venv/lib/python3.12/site-packages/torch/lib/libtorch_cpu.so)
frame #4: aoti_torch_library_def + 0x99 (0x7fff128d45b9 in /workspace/vllm/.venv/lib/python3.12/site-packages/torch/lib/libtorch_cpu.so)
frame #5: <unknown function> + 0x2bdb00 (0x7ffe8aebeb00 in /workspace/vllm/vllm/_C_stable_libtorch.abi3.so)
frame #6: <unknown function> + 0x2bf0ce (0x7ffe8aec00ce in /workspace/vllm/vllm/_C_stable_libtorch.abi3.so)
frame #7: <unknown function> + 0x279d92 (0x7ffe8ae7ad92 in /workspace/vllm/vllm/_C_stable_libtorch.abi3.so)
frame #8: <unknown function> + 0x571f (0x7ffff7fca71f in /lib64/ld-linux-x86-64.so.2)
frame #9: <unknown function> + 0x5824 (0x7ffff7fca824 in /lib64/ld-linux-x86-64.so.2)
frame #10: _dl_catch_exception + 0x132 (0x7ffff7fc65b2 in /lib64/ld-linux-x86-64.so.2)
frame #11: <unknown function> + 0xcd7c (0x7ffff7fd1d7c in /lib64/ld-linux-x86-64.so.2)
frame #12: _dl_catch_exception + 0x9c (0x7ffff7fc651c in /lib64/ld-linux-x86-64.so.2)
frame #13: <unknown function> + 0xd164 (0x7ffff7fd2164 in /lib64/ld-linux-x86-64.so.2)
frame #14: <unknown function> + 0x981a4 (0x7ffff7d0c1a4 in /usr/lib/x86_64-linux-gnu/libc.so.6)
frame #15: _dl_catch_exception + 0x9c (0x7ffff7fc651c in /lib64/ld-linux-x86-64.so.2)
frame #16: <unknown function> + 0x1669 (0x7ffff7fc6669 in /lib64/ld-linux-x86-64.so.2)
frame #17: <unknown function> + 0x97c83 (0x7ffff7d0bc83 in /usr/lib/x86_64-linux-gnu/libc.so.6)
frame #18: dlopen + 0x6f (0x7ffff7d0c25f in /usr/lib/x86_64-linux-gnu/libc.so.6)
frame #19: /workspace/vllm/.venv/bin/python() [0x6bc36c]
frame #20: /workspace/vllm/.venv/bin/python() [0x6a946a]
frame #21: /workspace/vllm/.venv/bin/python() [0x6a8bf2]
frame #22: /workspace/vllm/.venv/bin/python() [0x581f37]
frame #23: _PyEval_EvalFrameDefault + 0x4c3a (0x5db0ba in /workspace/vllm/.venv/bin/python)
frame #24: /workspace/vllm/.venv/bin/python() [0x549d47]
frame #25: PyObject_CallMethodObjArgs + 0xe3 (0x54b5c3 in /workspace/vllm/.venv/bin/python)
frame #26: PyImport_ImportModuleLevelObject + 0x395 (0x5fd805 in /workspace/vllm/.venv/bin/python)
frame #27: _PyEval_EvalFrameDefault + 0x5eee (0x5dc36e in /workspace/vllm/.venv/bin/python)
frame #28: PyEval_EvalCode + 0x15b (0x5d543b in /workspace/vllm/.venv/bin/python)
frame #29: /workspace/vllm/.venv/bin/python() [0x5d322c]
frame #30: /workspace/vllm/.venv/bin/python() [0x581d1d]
frame #31: _PyEval_EvalFrameDefault + 0x4c3a (0x5db0ba in /workspace/vllm/.venv/bin/python)
frame #32: PyObject_CallOneArg + 0x4d (0x54a65d in /workspace/vllm/.venv/bin/python)
frame #33: /workspace/vllm/.venv/bin/python() [0x582e84]
frame #34: _PyObject_LookupAttr + 0x7a (0x584bea in /workspace/vllm/.venv/bin/python)
frame #35: /workspace/vllm/.venv/bin/python() [0x5d2b8a]
frame #36: _PyEval_EvalFrameDefault + 0x207d (0x5d84fd in /workspace/vllm/.venv/bin/python)
frame #37: /workspace/vllm/.venv/bin/python() [0x549d47]
frame #38: PyObject_CallMethodObjArgs + 0xe3 (0x54b5c3 in /workspace/vllm/.venv/bin/python)
frame #39: PyImport_ImportModuleLevelObject + 0x5eb (0x5fda5b in /workspace/vllm/.venv/bin/python)
frame #40: _PyEval_EvalFrameDefault + 0x5eee (0x5dc36e in /workspace/vllm/.venv/bin/python)
frame #41: PyEval_EvalCode + 0x15b (0x5d543b in /workspace/vllm/.venv/bin/python)
frame #42: /workspace/vllm/.venv/bin/python() [0x5d322c]
frame #43: /workspace/vllm/.venv/bin/python() [0x581d1d]
frame #44: _PyEval_EvalFrameDefault + 0x4c3a (0x5db0ba in /workspace/vllm/.venv/bin/python)
frame #45: /workspace/vllm/.venv/bin/python() [0x549d47]
frame #46: PyObject_CallMethodObjArgs + 0xe3 (0x54b5c3 in /workspace/vllm/.venv/bin/python)
frame #47: PyImport_ImportModuleLevelObject + 0x395 (0x5fd805 in /workspace/vllm/.venv/bin/python)
frame #48: _PyEval_EvalFrameDefault + 0x5eee (0x5dc36e in /workspace/vllm/.venv/bin/python)
frame #49: PyEval_EvalCode + 0x15b (0x5d543b in /workspace/vllm/.venv/bin/python)
frame #50: /workspace/vllm/.venv/bin/python() [0x5d322c]
frame #51: /workspace/vllm/.venv/bin/python() [0x581d1d]
frame #52: _PyEval_EvalFrameDefault + 0x4c3a (0x5db0ba in /workspace/vllm/.venv/bin/python)
frame #53: /workspace/vllm/.venv/bin/python() [0x549d47]
frame #54: PyObject_CallMethodObjArgs + 0xe3 (0x54b5c3 in /workspace/vllm/.venv/bin/python)
frame #55: PyImport_ImportModuleLevelObject + 0x395 (0x5fd805 in /workspace/vllm/.venv/bin/python)
frame #56: _PyEval_EvalFrameDefault + 0x5eee (0x5dc36e in /workspace/vllm/.venv/bin/python)
frame #57: PyEval_EvalCode + 0x15b (0x5d543b in /workspace/vllm/.venv/bin/python)
frame #58: /workspace/vllm/.venv/bin/python() [0x5d322c]
frame #59: /workspace/vllm/.venv/bin/python() [0x581d1d]
frame #60: _PyEval_EvalFrameDefault + 0x4c3a (0x5db0ba in /workspace/vllm/.venv/bin/python)
frame #61: /workspace/vllm/.venv/bin/python() [0x549d47]
frame #62: PyObject_CallMethodObjArgs + 0xe3 (0x54b5c3 in /workspace/vllm/.venv/bin/python)

[E708 11:04:50.270612713 shim_common.cpp:1458] Exception in aoti_torch: Tried to register an operator (_C::silu_and_mul_quant(Tensor($0! -> ) result, Tensor input, Tensor scale) -> ()) with the same name and overload name multiple times. Each overload's schema should only be registered with a single call to def(). Duplicate registration: registered at /workspace/csrc/libtorch_stable/torch_bindings.cpp:10. Original registration: registered at /workspace/csrc/torch_bindings.cpp:21
Exception raised from registerDef at /pytorch/aten/src/ATen/core/dispatch/Dispatcher.cpp:248 (most recent call first):
frame #0: c10::Error::Error(c10::SourceLocation, std::__cxx11::basic_string<char, std::char_traits<char>, std::allocator<char> >) + 0x9d (0x7ffff6b7205d in /workspace/vllm/.venv/lib/python3.12/site-packages/torch/lib/libc10.so)
frame #1: c10::detail::torchCheckFail(char const*, char const*, unsigned int, std::__cxx11::basic_string<char, std::char_traits<char>, std::allocator<char> > const&) + 0xc3 (0x7ffff6b066fd in /workspace/vllm/.venv/lib/python3.12/site-packages/torch/lib/libc10.so)
frame #2: c10::Dispatcher::registerDef(c10::FunctionSchema, std::__cxx11::basic_string<char, std::char_traits<char>, std::allocator<char> >, std::vector<at::Tag, std::allocator<at::Tag> >) + 0x35e (0x7fff0e6811fe in /workspace/vllm/.venv/lib/python3.12/site-packages/torch/lib/libtorch_cpu.so)
frame #3: torch::Library::_def(c10::FunctionSchema&&, c10::OperatorName*, std::vector<at::Tag, std::allocator<at::Tag> > const&, torch::_RegisterOrVerify) & + 0x514 (0x7fff0e6c2254 in /workspace/vllm/.venv/lib/python3.12/site-packages/torch/lib/libtorch_cpu.so)
frame #4: aoti_torch_library_def + 0x99 (0x7fff128d45b9 in /workspace/vllm/.venv/lib/python3.12/site-packages/torch/lib/libtorch_cpu.so)
frame #5: <unknown function> + 0x2bdb3c (0x7ffe8aebeb3c in /workspace/vllm/vllm/_C_stable_libtorch.abi3.so)
frame #6: <unknown function> + 0x2bf0ce (0x7ffe8aec00ce in /workspace/vllm/vllm/_C_stable_libtorch.abi3.so)
frame #7: <unknown function> + 0x279d92 (0x7ffe8ae7ad92 in /workspace/vllm/vllm/_C_stable_libtorch.abi3.so)
frame #8: <unknown function> + 0x571f (0x7ffff7fca71f in /lib64/ld-linux-x86-64.so.2)
frame #9: <unknown function> + 0x5824 (0x7ffff7fca824 in /lib64/ld-linux-x86-64.so.2)
frame #10: _dl_catch_exception + 0x132 (0x7ffff7fc65b2 in /lib64/ld-linux-x86-64.so.2)
frame #11: <unknown function> + 0xcd7c (0x7ffff7fd1d7c in /lib64/ld-linux-x86-64.so.2)
frame #12: _dl_catch_exception + 0x9c (0x7ffff7fc651c in /lib64/ld-linux-x86-64.so.2)
frame #13: <unknown function> + 0xd164 (0x7ffff7fd2164 in /lib64/ld-linux-x86-64.so.2)
frame #14: <unknown function> + 0x981a4 (0x7ffff7d0c1a4 in /usr/lib/x86_64-linux-gnu/libc.so.6)
frame #15: _dl_catch_exception + 0x9c (0x7ffff7fc651c in /lib64/ld-linux-x86-64.so.2)
frame #16: <unknown function> + 0x1669 (0x7ffff7fc6669 in /lib64/ld-linux-x86-64.so.2)
frame #17: <unknown function> + 0x97c83 (0x7ffff7d0bc83 in /usr/lib/x86_64-linux-gnu/libc.so.6)
frame #18: dlopen + 0x6f (0x7ffff7d0c25f in /usr/lib/x86_64-linux-gnu/libc.so.6)
frame #19: /workspace/vllm/.venv/bin/python() [0x6bc36c]
frame #20: /workspace/vllm/.venv/bin/python() [0x6a946a]
frame #21: /workspace/vllm/.venv/bin/python() [0x6a8bf2]
frame #22: /workspace/vllm/.venv/bin/python() [0x581f37]
frame #23: _PyEval_EvalFrameDefault + 0x4c3a (0x5db0ba in /workspace/vllm/.venv/bin/python)
frame #24: /workspace/vllm/.venv/bin/python() [0x549d47]
frame #25: PyObject_CallMethodObjArgs + 0xe3 (0x54b5c3 in /workspace/vllm/.venv/bin/python)
frame #26: PyImport_ImportModuleLevelObject + 0x395 (0x5fd805 in /workspace/vllm/.venv/bin/python)
frame #27: _PyEval_EvalFrameDefault + 0x5eee (0x5dc36e in /workspace/vllm/.venv/bin/python)
frame #28: PyEval_EvalCode + 0x15b (0x5d543b in /workspace/vllm/.venv/bin/python)
frame #29: /workspace/vllm/.venv/bin/python() [0x5d322c]
frame #30: /workspace/vllm/.venv/bin/python() [0x581d1d]
frame #31: _PyEval_EvalFrameDefault + 0x4c3a (0x5db0ba in /workspace/vllm/.venv/bin/python)
frame #32: PyObject_CallOneArg + 0x4d (0x54a65d in /workspace/vllm/.venv/bin/python)
frame #33: /workspace/vllm/.venv/bin/python() [0x582e84]
frame #34: _PyObject_LookupAttr + 0x7a (0x584bea in /workspace/vllm/.venv/bin/python)
frame #35: /workspace/vllm/.venv/bin/python() [0x5d2b8a]
frame #36: _PyEval_EvalFrameDefault + 0x207d (0x5d84fd in /workspace/vllm/.venv/bin/python)
frame #37: /workspace/vllm/.venv/bin/python() [0x549d47]
frame #38: PyObject_CallMethodObjArgs + 0xe3 (0x54b5c3 in /workspace/vllm/.venv/bin/python)
frame #39: PyImport_ImportModuleLevelObject + 0x5eb (0x5fda5b in /workspace/vllm/.venv/bin/python)
frame #40: _PyEval_EvalFrameDefault + 0x5eee (0x5dc36e in /workspace/vllm/.venv/bin/python)
frame #41: PyEval_EvalCode + 0x15b (0x5d543b in /workspace/vllm/.venv/bin/python)
frame #42: /workspace/vllm/.venv/bin/python() [0x5d322c]
frame #43: /workspace/vllm/.venv/bin/python() [0x581d1d]
frame #44: _PyEval_EvalFrameDefault + 0x4c3a (0x5db0ba in /workspace/vllm/.venv/bin/python)
frame #45: /workspace/vllm/.venv/bin/python() [0x549d47]
frame #46: PyObject_CallMethodObjArgs + 0xe3 (0x54b5c3 in /workspace/vllm/.venv/bin/python)
frame #47: PyImport_ImportModuleLevelObject + 0x395 (0x5fd805 in /workspace/vllm/.venv/bin/python)
frame #48: _PyEval_EvalFrameDefault + 0x5eee (0x5dc36e in /workspace/vllm/.venv/bin/python)
frame #49: PyEval_EvalCode + 0x15b (0x5d543b in /workspace/vllm/.venv/bin/python)
frame #50: /workspace/vllm/.venv/bin/python() [0x5d322c]
frame #51: /workspace/vllm/.venv/bin/python() [0x581d1d]
frame #52: _PyEval_EvalFrameDefault + 0x4c3a (0x5db0ba in /workspace/vllm/.venv/bin/python)
frame #53: /workspace/vllm/.venv/bin/python() [0x549d47]
frame #54: PyObject_CallMethodObjArgs + 0xe3 (0x54b5c3 in /workspace/vllm/.venv/bin/python)
frame #55: PyImport_ImportModuleLevelObject + 0x395 (0x5fd805 in /workspace/vllm/.venv/bin/python)
frame #56: _PyEval_EvalFrameDefault + 0x5eee (0x5dc36e in /workspace/vllm/.venv/bin/python)
frame #57: PyEval_EvalCode + 0x15b (0x5d543b in /workspace/vllm/.venv/bin/python)
frame #58: /workspace/vllm/.venv/bin/python() [0x5d322c]
frame #59: /workspace/vllm/.venv/bin/python() [0x581d1d]
frame #60: _PyEval_EvalFrameDefault + 0x4c3a (0x5db0ba in /workspace/vllm/.venv/bin/python)
frame #61: /workspace/vllm/.venv/bin/python() [0x549d47]
frame #62: PyObject_CallMethodObjArgs + 0xe3 (0x54b5c3 in /workspace/vllm/.venv/bin/python)

[W708 11:04:50.272679331 OperatorEntry.cpp:208] Warning: Warning only once for all operators,  other operators may also be overridden.
  Overriding a previously registered kernel for the same operator and the same dispatch key
  operator: _C::persistent_masked_m_silu_mul_quant(Tensor input, Tensor counts, Tensor($0! -> ) y_q, Tensor($1! -> ) y_s, bool use_ue8m0) -> ()
    registered at /workspace/csrc/torch_bindings.cpp:21
  dispatch key: CUDA
  previous kernel: registered at /workspace/csrc/torch_bindings.cpp:21
       new kernel: registered at /workspace/csrc/libtorch_stable/torch_bindings.cpp:603 (function operator())
[E708 11:04:50.274216961 shim_common.cpp:1458] Exception in aoti_torch: Tried to register an operator (_C::persistent_masked_m_silu_mul_quant(Tensor input, Tensor counts, Tensor($0! -> ) y_q, Tensor($1! -> ) y_s, bool use_ue8m0) -> ()) with the same name and overload name multiple times. Each overload's schema should only be registered with a single call to def(). Duplicate registration: registered at /workspace/csrc/libtorch_stable/torch_bindings.cpp:10. Original registration: registered at /workspace/csrc/torch_bindings.cpp:21
Exception raised from registerDef at /pytorch/aten/src/ATen/core/dispatch/Dispatcher.cpp:248 (most recent call first):
frame #0: c10::Error::Error(c10::SourceLocation, std::__cxx11::basic_string<char, std::char_traits<char>, std::allocator<char> >) + 0x9d (0x7ffff6b7205d in /workspace/vllm/.venv/lib/python3.12/site-packages/torch/lib/libc10.so)
frame #1: c10::detail::torchCheckFail(char const*, char const*, unsigned int, std::__cxx11::basic_string<char, std::char_traits<char>, std::allocator<char> > const&) + 0xc3 (0x7ffff6b066fd in /workspace/vllm/.venv/lib/python3.12/site-packages/torch/lib/libc10.so)
frame #2: c10::Dispatcher::registerDef(c10::FunctionSchema, std::__cxx11::basic_string<char, std::char_traits<char>, std::allocator<char> >, std::vector<at::Tag, std::allocator<at::Tag> >) + 0x35e (0x7fff0e6811fe in /workspace/vllm/.venv/lib/python3.12/site-packages/torch/lib/libtorch_cpu.so)
frame #3: torch::Library::_def(c10::FunctionSchema&&, c10::OperatorName*, std::vector<at::Tag, std::allocator<at::Tag> > const&, torch::_RegisterOrVerify) & + 0x514 (0x7fff0e6c2254 in /workspace/vllm/.venv/lib/python3.12/site-packages/torch/lib/libtorch_cpu.so)
frame #4: aoti_torch_library_def + 0x99 (0x7fff128d45b9 in /workspace/vllm/.venv/lib/python3.12/site-packages/torch/lib/libtorch_cpu.so)
frame #5: <unknown function> + 0x2bdaf1 (0x7ffe8aebeaf1 in /workspace/vllm/vllm/_C_stable_libtorch.abi3.so)
frame #6: <unknown function> + 0x2bf0ce (0x7ffe8aec00ce in /workspace/vllm/vllm/_C_stable_libtorch.abi3.so)
frame #7: <unknown function> + 0x279d92 (0x7ffe8ae7ad92 in /workspace/vllm/vllm/_C_stable_libtorch.abi3.so)
frame #8: <unknown function> + 0x571f (0x7ffff7fca71f in /lib64/ld-linux-x86-64.so.2)
frame #9: <unknown function> + 0x5824 (0x7ffff7fca824 in /lib64/ld-linux-x86-64.so.2)
frame #10: _dl_catch_exception + 0x132 (0x7ffff7fc65b2 in /lib64/ld-linux-x86-64.so.2)
frame #11: <unknown function> + 0xcd7c (0x7ffff7fd1d7c in /lib64/ld-linux-x86-64.so.2)
frame #12: _dl_catch_exception + 0x9c (0x7ffff7fc651c in /lib64/ld-linux-x86-64.so.2)
frame #13: <unknown function> + 0xd164 (0x7ffff7fd2164 in /lib64/ld-linux-x86-64.so.2)
frame #14: <unknown function> + 0x981a4 (0x7ffff7d0c1a4 in /usr/lib/x86_64-linux-gnu/libc.so.6)
frame #15: _dl_catch_exception + 0x9c (0x7ffff7fc651c in /lib64/ld-linux-x86-64.so.2)
frame #16: <unknown function> + 0x1669 (0x7ffff7fc6669 in /lib64/ld-linux-x86-64.so.2)
frame #17: <unknown function> + 0x97c83 (0x7ffff7d0bc83 in /usr/lib/x86_64-linux-gnu/libc.so.6)
frame #18: dlopen + 0x6f (0x7ffff7d0c25f in /usr/lib/x86_64-linux-gnu/libc.so.6)
frame #19: /workspace/vllm/.venv/bin/python() [0x6bc36c]
frame #20: /workspace/vllm/.venv/bin/python() [0x6a946a]
frame #21: /workspace/vllm/.venv/bin/python() [0x6a8bf2]
frame #22: /workspace/vllm/.venv/bin/python() [0x581f37]
frame #23: _PyEval_EvalFrameDefault + 0x4c3a (0x5db0ba in /workspace/vllm/.venv/bin/python)
frame #24: /workspace/vllm/.venv/bin/python() [0x549d47]
frame #25: PyObject_CallMethodObjArgs + 0xe3 (0x54b5c3 in /workspace/vllm/.venv/bin/python)
frame #26: PyImport_ImportModuleLevelObject + 0x395 (0x5fd805 in /workspace/vllm/.venv/bin/python)
frame #27: _PyEval_EvalFrameDefault + 0x5eee (0x5dc36e in /workspace/vllm/.venv/bin/python)
frame #28: PyEval_EvalCode + 0x15b (0x5d543b in /workspace/vllm/.venv/bin/python)
frame #29: /workspace/vllm/.venv/bin/python() [0x5d322c]
frame #30: /workspace/vllm/.venv/bin/python() [0x581d1d]
frame #31: _PyEval_EvalFrameDefault + 0x4c3a (0x5db0ba in /workspace/vllm/.venv/bin/python)
frame #32: PyObject_CallOneArg + 0x4d (0x54a65d in /workspace/vllm/.venv/bin/python)
frame #33: /workspace/vllm/.venv/bin/python() [0x582e84]
frame #34: _PyObject_LookupAttr + 0x7a (0x584bea in /workspace/vllm/.venv/bin/python)
frame #35: /workspace/vllm/.venv/bin/python() [0x5d2b8a]
frame #36: _PyEval_EvalFrameDefault + 0x207d (0x5d84fd in /workspace/vllm/.venv/bin/python)
frame #37: /workspace/vllm/.venv/bin/python() [0x549d47]
frame #38: PyObject_CallMethodObjArgs + 0xe3 (0x54b5c3 in /workspace/vllm/.venv/bin/python)
frame #39: PyImport_ImportModuleLevelObject + 0x5eb (0x5fda5b in /workspace/vllm/.venv/bin/python)
frame #40: _PyEval_EvalFrameDefault + 0x5eee (0x5dc36e in /workspace/vllm/.venv/bin/python)
frame #41: PyEval_EvalCode + 0x15b (0x5d543b in /workspace/vllm/.venv/bin/python)
frame #42: /workspace/vllm/.venv/bin/python() [0x5d322c]
frame #43: /workspace/vllm/.venv/bin/python() [0x581d1d]
frame #44: _PyEval_EvalFrameDefault + 0x4c3a (0x5db0ba in /workspace/vllm/.venv/bin/python)
frame #45: /workspace/vllm/.venv/bin/python() [0x549d47]
frame #46: PyObject_CallMethodObjArgs + 0xe3 (0x54b5c3 in /workspace/vllm/.venv/bin/python)
frame #47: PyImport_ImportModuleLevelObject + 0x395 (0x5fd805 in /workspace/vllm/.venv/bin/python)
frame #48: _PyEval_EvalFrameDefault + 0x5eee (0x5dc36e in /workspace/vllm/.venv/bin/python)
frame #49: PyEval_EvalCode + 0x15b (0x5d543b in /workspace/vllm/.venv/bin/python)
frame #50: /workspace/vllm/.venv/bin/python() [0x5d322c]
frame #51: /workspace/vllm/.venv/bin/python() [0x581d1d]
frame #52: _PyEval_EvalFrameDefault + 0x4c3a (0x5db0ba in /workspace/vllm/.venv/bin/python)
frame #53: /workspace/vllm/.venv/bin/python() [0x549d47]
frame #54: PyObject_CallMethodObjArgs + 0xe3 (0x54b5c3 in /workspace/vllm/.venv/bin/python)
frame #55: PyImport_ImportModuleLevelObject + 0x395 (0x5fd805 in /workspace/vllm/.venv/bin/python)
frame #56: _PyEval_EvalFrameDefault + 0x5eee (0x5dc36e in /workspace/vllm/.venv/bin/python)
frame #57: PyEval_EvalCode + 0x15b (0x5d543b in /workspace/vllm/.venv/bin/python)
frame #58: /workspace/vllm/.venv/bin/python() [0x5d322c]
frame #59: /workspace/vllm/.venv/bin/python() [0x581d1d]
frame #60: _PyEval_EvalFrameDefault + 0x4c3a (0x5db0ba in /workspace/vllm/.venv/bin/python)
frame #61: /workspace/vllm/.venv/bin/python() [0x549d47]
frame #62: PyObject_CallMethodObjArgs + 0xe3 (0x54b5c3 in /workspace/vllm/.venv/bin/python)

[E708 11:04:50.276230522 shim_common.cpp:1458] Exception in aoti_torch: Tried to register an operator (_C::weak_ref_tensor(Tensor input) -> Tensor) with the same name and overload name multiple times. Each overload's schema should only be registered with a single call to def(). Duplicate registration: registered at /workspace/csrc/libtorch_stable/torch_bindings.cpp:10. Original registration: registered at /workspace/csrc/torch_bindings.cpp:21
Exception raised from registerDef at /pytorch/aten/src/ATen/core/dispatch/Dispatcher.cpp:248 (most recent call first):
frame #0: c10::Error::Error(c10::SourceLocation, std::__cxx11::basic_string<char, std::char_traits<char>, std::allocator<char> >) + 0x9d (0x7ffff6b7205d in /workspace/vllm/.venv/lib/python3.12/site-packages/torch/lib/libc10.so)
frame #1: c10::detail::torchCheckFail(char const*, char const*, unsigned int, std::__cxx11::basic_string<char, std::char_traits<char>, std::allocator<char> > const&) + 0xc3 (0x7ffff6b066fd in /workspace/vllm/.venv/lib/python3.12/site-packages/torch/lib/libc10.so)
frame #2: c10::Dispatcher::registerDef(c10::FunctionSchema, std::__cxx11::basic_string<char, std::char_traits<char>, std::allocator<char> >, std::vector<at::Tag, std::allocator<at::Tag> >) + 0x35e (0x7fff0e6811fe in /workspace/vllm/.venv/lib/python3.12/site-packages/torch/lib/libtorch_cpu.so)
frame #3: torch::Library::_def(c10::FunctionSchema&&, c10::OperatorName*, std::vector<at::Tag, std::allocator<at::Tag> > const&, torch::_RegisterOrVerify) & + 0x514 (0x7fff0e6c2254 in /workspace/vllm/.venv/lib/python3.12/site-packages/torch/lib/libtorch_cpu.so)
frame #4: aoti_torch_library_def + 0x99 (0x7fff128d45b9 in /workspace/vllm/.venv/lib/python3.12/site-packages/torch/lib/libtorch_cpu.so)
frame #5: <unknown function> + 0x2bdb00 (0x7ffe8aebeb00 in /workspace/vllm/vllm/_C_stable_libtorch.abi3.so)
frame #6: <unknown function> + 0x2bf0ce (0x7ffe8aec00ce in /workspace/vllm/vllm/_C_stable_libtorch.abi3.so)
frame #7: <unknown function> + 0x279d92 (0x7ffe8ae7ad92 in /workspace/vllm/vllm/_C_stable_libtorch.abi3.so)
frame #8: <unknown function> + 0x571f (0x7ffff7fca71f in /lib64/ld-linux-x86-64.so.2)
frame #9: <unknown function> + 0x5824 (0x7ffff7fca824 in /lib64/ld-linux-x86-64.so.2)
frame #10: _dl_catch_exception + 0x132 (0x7ffff7fc65b2 in /lib64/ld-linux-x86-64.so.2)
frame #11: <unknown function> + 0xcd7c (0x7ffff7fd1d7c in /lib64/ld-linux-x86-64.so.2)
frame #12: _dl_catch_exception + 0x9c (0x7ffff7fc651c in /lib64/ld-linux-x86-64.so.2)
frame #13: <unknown function> + 0xd164 (0x7ffff7fd2164 in /lib64/ld-linux-x86-64.so.2)
frame #14: <unknown function> + 0x981a4 (0x7ffff7d0c1a4 in /usr/lib/x86_64-linux-gnu/libc.so.6)
frame #15: _dl_catch_exception + 0x9c (0x7ffff7fc651c in /lib64/ld-linux-x86-64.so.2)
frame #16: <unknown function> + 0x1669 (0x7ffff7fc6669 in /lib64/ld-linux-x86-64.so.2)
frame #17: <unknown function> + 0x97c83 (0x7ffff7d0bc83 in /usr/lib/x86_64-linux-gnu/libc.so.6)
frame #18: dlopen + 0x6f (0x7ffff7d0c25f in /usr/lib/x86_64-linux-gnu/libc.so.6)
frame #19: /workspace/vllm/.venv/bin/python() [0x6bc36c]
frame #20: /workspace/vllm/.venv/bin/python() [0x6a946a]
frame #21: /workspace/vllm/.venv/bin/python() [0x6a8bf2]
frame #22: /workspace/vllm/.venv/bin/python() [0x581f37]
frame #23: _PyEval_EvalFrameDefault + 0x4c3a (0x5db0ba in /workspace/vllm/.venv/bin/python)
frame #24: /workspace/vllm/.venv/bin/python() [0x549d47]
frame #25: PyObject_CallMethodObjArgs + 0xe3 (0x54b5c3 in /workspace/vllm/.venv/bin/python)
frame #26: PyImport_ImportModuleLevelObject + 0x395 (0x5fd805 in /workspace/vllm/.venv/bin/python)
frame #27: _PyEval_EvalFrameDefault + 0x5eee (0x5dc36e in /workspace/vllm/.venv/bin/python)
frame #28: PyEval_EvalCode + 0x15b (0x5d543b in /workspace/vllm/.venv/bin/python)
frame #29: /workspace/vllm/.venv/bin/python() [0x5d322c]
frame #30: /workspace/vllm/.venv/bin/python() [0x581d1d]
frame #31: _PyEval_EvalFrameDefault + 0x4c3a (0x5db0ba in /workspace/vllm/.venv/bin/python)
frame #32: PyObject_CallOneArg + 0x4d (0x54a65d in /workspace/vllm/.venv/bin/python)
frame #33: /workspace/vllm/.venv/bin/python() [0x582e84]
frame #34: _PyObject_LookupAttr + 0x7a (0x584bea in /workspace/vllm/.venv/bin/python)
frame #35: /workspace/vllm/.venv/bin/python() [0x5d2b8a]
frame #36: _PyEval_EvalFrameDefault + 0x207d (0x5d84fd in /workspace/vllm/.venv/bin/python)
frame #37: /workspace/vllm/.venv/bin/python() [0x549d47]
frame #38: PyObject_CallMethodObjArgs + 0xe3 (0x54b5c3 in /workspace/vllm/.venv/bin/python)
frame #39: PyImport_ImportModuleLevelObject + 0x5eb (0x5fda5b in /workspace/vllm/.venv/bin/python)
frame #40: _PyEval_EvalFrameDefault + 0x5eee (0x5dc36e in /workspace/vllm/.venv/bin/python)
frame #41: PyEval_EvalCode + 0x15b (0x5d543b in /workspace/vllm/.venv/bin/python)
frame #42: /workspace/vllm/.venv/bin/python() [0x5d322c]
frame #43: /workspace/vllm/.venv/bin/python() [0x581d1d]
frame #44: _PyEval_EvalFrameDefault + 0x4c3a (0x5db0ba in /workspace/vllm/.venv/bin/python)
frame #45: /workspace/vllm/.venv/bin/python() [0x549d47]
frame #46: PyObject_CallMethodObjArgs + 0xe3 (0x54b5c3 in /workspace/vllm/.venv/bin/python)
frame #47: PyImport_ImportModuleLevelObject + 0x395 (0x5fd805 in /workspace/vllm/.venv/bin/python)
frame #48: _PyEval_EvalFrameDefault + 0x5eee (0x5dc36e in /workspace/vllm/.venv/bin/python)
frame #49: PyEval_EvalCode + 0x15b (0x5d543b in /workspace/vllm/.venv/bin/python)
frame #50: /workspace/vllm/.venv/bin/python() [0x5d322c]
frame #51: /workspace/vllm/.venv/bin/python() [0x581d1d]
frame #52: _PyEval_EvalFrameDefault + 0x4c3a (0x5db0ba in /workspace/vllm/.venv/bin/python)
frame #53: /workspace/vllm/.venv/bin/python() [0x549d47]
frame #54: PyObject_CallMethodObjArgs + 0xe3 (0x54b5c3 in /workspace/vllm/.venv/bin/python)
frame #55: PyImport_ImportModuleLevelObject + 0x395 (0x5fd805 in /workspace/vllm/.venv/bin/python)
frame #56: _PyEval_EvalFrameDefault + 0x5eee (0x5dc36e in /workspace/vllm/.venv/bin/python)
frame #57: PyEval_EvalCode + 0x15b (0x5d543b in /workspace/vllm/.venv/bin/python)
frame #58: /workspace/vllm/.venv/bin/python() [0x5d322c]
frame #59: /workspace/vllm/.venv/bin/python() [0x581d1d]
frame #60: _PyEval_EvalFrameDefault + 0x4c3a (0x5db0ba in /workspace/vllm/.venv/bin/python)
frame #61: /workspace/vllm/.venv/bin/python() [0x549d47]
frame #62: PyObject_CallMethodObjArgs + 0xe3 (0x54b5c3 in /workspace/vllm/.venv/bin/python)

[E708 11:04:50.278210551 shim_common.cpp:1458] Exception in aoti_torch: Tried to register an operator (_C::silu_and_mul_quant(Tensor($0! -> ) result, Tensor input, Tensor scale) -> ()) with the same name and overload name multiple times. Each overload's schema should only be registered with a single call to def(). Duplicate registration: registered at /workspace/csrc/libtorch_stable/torch_bindings.cpp:10. Original registration: registered at /workspace/csrc/torch_bindings.cpp:21
Exception raised from registerDef at /pytorch/aten/src/ATen/core/dispatch/Dispatcher.cpp:248 (most recent call first):
frame #0: c10::Error::Error(c10::SourceLocation, std::__cxx11::basic_string<char, std::char_traits<char>, std::allocator<char> >) + 0x9d (0x7ffff6b7205d in /workspace/vllm/.venv/lib/python3.12/site-packages/torch/lib/libc10.so)
frame #1: c10::detail::torchCheckFail(char const*, char const*, unsigned int, std::__cxx11::basic_string<char, std::char_traits<char>, std::allocator<char> > const&) + 0xc3 (0x7ffff6b066fd in /workspace/vllm/.venv/lib/python3.12/site-packages/torch/lib/libc10.so)
frame #2: c10::Dispatcher::registerDef(c10::FunctionSchema, std::__cxx11::basic_string<char, std::char_traits<char>, std::allocator<char> >, std::vector<at::Tag, std::allocator<at::Tag> >) + 0x35e (0x7fff0e6811fe in /workspace/vllm/.venv/lib/python3.12/site-packages/torch/lib/libtorch_cpu.so)
frame #3: torch::Library::_def(c10::FunctionSchema&&, c10::OperatorName*, std::vector<at::Tag, std::allocator<at::Tag> > const&, torch::_RegisterOrVerify) & + 0x514 (0x7fff0e6c2254 in /workspace/vllm/.venv/lib/python3.12/site-packages/torch/lib/libtorch_cpu.so)
frame #4: aoti_torch_library_def + 0x99 (0x7fff128d45b9 in /workspace/vllm/.venv/lib/python3.12/site-packages/torch/lib/libtorch_cpu.so)
frame #5: <unknown function> + 0x2bdb3c (0x7ffe8aebeb3c in /workspace/vllm/vllm/_C_stable_libtorch.abi3.so)
frame #6: <unknown function> + 0x2bf0ce (0x7ffe8aec00ce in /workspace/vllm/vllm/_C_stable_libtorch.abi3.so)
frame #7: <unknown function> + 0x279d92 (0x7ffe8ae7ad92 in /workspace/vllm/vllm/_C_stable_libtorch.abi3.so)
frame #8: <unknown function> + 0x571f (0x7ffff7fca71f in /lib64/ld-linux-x86-64.so.2)
frame #9: <unknown function> + 0x5824 (0x7ffff7fca824 in /lib64/ld-linux-x86-64.so.2)
frame #10: _dl_catch_exception + 0x132 (0x7ffff7fc65b2 in /lib64/ld-linux-x86-64.so.2)
frame #11: <unknown function> + 0xcd7c (0x7ffff7fd1d7c in /lib64/ld-linux-x86-64.so.2)
frame #12: _dl_catch_exception + 0x9c (0x7ffff7fc651c in /lib64/ld-linux-x86-64.so.2)
frame #13: <unknown function> + 0xd164 (0x7ffff7fd2164 in /lib64/ld-linux-x86-64.so.2)
frame #14: <unknown function> + 0x981a4 (0x7ffff7d0c1a4 in /usr/lib/x86_64-linux-gnu/libc.so.6)
frame #15: _dl_catch_exception + 0x9c (0x7ffff7fc651c in /lib64/ld-linux-x86-64.so.2)
frame #16: <unknown function> + 0x1669 (0x7ffff7fc6669 in /lib64/ld-linux-x86-64.so.2)
frame #17: <unknown function> + 0x97c83 (0x7ffff7d0bc83 in /usr/lib/x86_64-linux-gnu/libc.so.6)
frame #18: dlopen + 0x6f (0x7ffff7d0c25f in /usr/lib/x86_64-linux-gnu/libc.so.6)
frame #19: /workspace/vllm/.venv/bin/python() [0x6bc36c]
frame #20: /workspace/vllm/.venv/bin/python() [0x6a946a]
frame #21: /workspace/vllm/.venv/bin/python() [0x6a8bf2]
frame #22: /workspace/vllm/.venv/bin/python() [0x581f37]
frame #23: _PyEval_EvalFrameDefault + 0x4c3a (0x5db0ba in /workspace/vllm/.venv/bin/python)
frame #24: /workspace/vllm/.venv/bin/python() [0x549d47]
frame #25: PyObject_CallMethodObjArgs + 0xe3 (0x54b5c3 in /workspace/vllm/.venv/bin/python)
frame #26: PyImport_ImportModuleLevelObject + 0x395 (0x5fd805 in /workspace/vllm/.venv/bin/python)
frame #27: _PyEval_EvalFrameDefault + 0x5eee (0x5dc36e in /workspace/vllm/.venv/bin/python)
frame #28: PyEval_EvalCode + 0x15b (0x5d543b in /workspace/vllm/.venv/bin/python)
frame #29: /workspace/vllm/.venv/bin/python() [0x5d322c]
frame #30: /workspace/vllm/.venv/bin/python() [0x581d1d]
frame #31: _PyEval_EvalFrameDefault + 0x4c3a (0x5db0ba in /workspace/vllm/.venv/bin/python)
frame #32: PyObject_CallOneArg + 0x4d (0x54a65d in /workspace/vllm/.venv/bin/python)
frame #33: /workspace/vllm/.venv/bin/python() [0x582e84]
frame #34: _PyObject_LookupAttr + 0x7a (0x584bea in /workspace/vllm/.venv/bin/python)
frame #35: /workspace/vllm/.venv/bin/python() [0x5d2b8a]
frame #36: _PyEval_EvalFrameDefault + 0x207d (0x5d84fd in /workspace/vllm/.venv/bin/python)
frame #37: /workspace/vllm/.venv/bin/python() [0x549d47]
frame #38: PyObject_CallMethodObjArgs + 0xe3 (0x54b5c3 in /workspace/vllm/.venv/bin/python)
frame #39: PyImport_ImportModuleLevelObject + 0x5eb (0x5fda5b in /workspace/vllm/.venv/bin/python)
frame #40: _PyEval_EvalFrameDefault + 0x5eee (0x5dc36e in /workspace/vllm/.venv/bin/python)
frame #41: PyEval_EvalCode + 0x15b (0x5d543b in /workspace/vllm/.venv/bin/python)
frame #42: /workspace/vllm/.venv/bin/python() [0x5d322c]
frame #43: /workspace/vllm/.venv/bin/python() [0x581d1d]
frame #44: _PyEval_EvalFrameDefault + 0x4c3a (0x5db0ba in /workspace/vllm/.venv/bin/python)
frame #45: /workspace/vllm/.venv/bin/python() [0x549d47]
frame #46: PyObject_CallMethodObjArgs + 0xe3 (0x54b5c3 in /workspace/vllm/.venv/bin/python)
frame #47: PyImport_ImportModuleLevelObject + 0x395 (0x5fd805 in /workspace/vllm/.venv/bin/python)
frame #48: _PyEval_EvalFrameDefault + 0x5eee (0x5dc36e in /workspace/vllm/.venv/bin/python)
frame #49: PyEval_EvalCode + 0x15b (0x5d543b in /workspace/vllm/.venv/bin/python)
frame #50: /workspace/vllm/.venv/bin/python() [0x5d322c]
frame #51: /workspace/vllm/.venv/bin/python() [0x581d1d]
frame #52: _PyEval_EvalFrameDefault + 0x4c3a (0x5db0ba in /workspace/vllm/.venv/bin/python)
frame #53: /workspace/vllm/.venv/bin/python() [0x549d47]
frame #54: PyObject_CallMethodObjArgs + 0xe3 (0x54b5c3 in /workspace/vllm/.venv/bin/python)
frame #55: PyImport_ImportModuleLevelObject + 0x395 (0x5fd805 in /workspace/vllm/.venv/bin/python)
frame #56: _PyEval_EvalFrameDefault + 0x5eee (0x5dc36e in /workspace/vllm/.venv/bin/python)
frame #57: PyEval_EvalCode + 0x15b (0x5d543b in /workspace/vllm/.venv/bin/python)
frame #58: /workspace/vllm/.venv/bin/python() [0x5d322c]
frame #59: /workspace/vllm/.venv/bin/python() [0x581d1d]
frame #60: _PyEval_EvalFrameDefault + 0x4c3a (0x5db0ba in /workspace/vllm/.venv/bin/python)
frame #61: /workspace/vllm/.venv/bin/python() [0x549d47]
frame #62: PyObject_CallMethodObjArgs + 0xe3 (0x54b5c3 in /workspace/vllm/.venv/bin/python)

[W708 11:04:50.280371329 OperatorEntry.cpp:208] Warning: Warning only once for all operators,  other operators may also be overridden.
  Overriding a previously registered kernel for the same operator and the same dispatch key
  operator: _C::persistent_masked_m_silu_mul_quant(Tensor input, Tensor counts, Tensor($0! -> ) y_q, Tensor($1! -> ) y_s, bool use_ue8m0) -> ()
    registered at /workspace/csrc/torch_bindings.cpp:21
  dispatch key: CUDA
  previous kernel: registered at /workspace/csrc/torch_bindings.cpp:21
       new kernel: registered at /workspace/csrc/libtorch_stable/torch_bindings.cpp:603 (function operator())
[E708 11:04:50.432401473 shim_common.cpp:1458] Exception in aoti_torch: Tried to register an operator (_C::persistent_masked_m_silu_mul_quant(Tensor input, Tensor counts, Tensor($0! -> ) y_q, Tensor($1! -> ) y_s, bool use_ue8m0) -> ()) with the same name and overload name multiple times. Each overload's schema should only be registered with a single call to def(). Duplicate registration: registered at /workspace/csrc/libtorch_stable/torch_bindings.cpp:10. Original registration: registered at /workspace/csrc/torch_bindings.cpp:21
Exception raised from registerDef at /pytorch/aten/src/ATen/core/dispatch/Dispatcher.cpp:248 (most recent call first):
frame #0: c10::Error::Error(c10::SourceLocation, std::__cxx11::basic_string<char, std::char_traits<char>, std::allocator<char> >) + 0x9d (0x7ffff6b7205d in /workspace/vllm/.venv/lib/python3.12/site-packages/torch/lib/libc10.so)
frame #1: c10::detail::torchCheckFail(char const*, char const*, unsigned int, std::__cxx11::basic_string<char, std::char_traits<char>, std::allocator<char> > const&) + 0xc3 (0x7ffff6b066fd in /workspace/vllm/.venv/lib/python3.12/site-packages/torch/lib/libc10.so)
frame #2: c10::Dispatcher::registerDef(c10::FunctionSchema, std::__cxx11::basic_string<char, std::char_traits<char>, std::allocator<char> >, std::vector<at::Tag, std::allocator<at::Tag> >) + 0x35e (0x7fff0e6811fe in /workspace/vllm/.venv/lib/python3.12/site-packages/torch/lib/libtorch_cpu.so)
frame #3: torch::Library::_def(c10::FunctionSchema&&, c10::OperatorName*, std::vector<at::Tag, std::allocator<at::Tag> > const&, torch::_RegisterOrVerify) & + 0x514 (0x7fff0e6c2254 in /workspace/vllm/.venv/lib/python3.12/site-packages/torch/lib/libtorch_cpu.so)
frame #4: aoti_torch_library_def + 0x99 (0x7fff128d45b9 in /workspace/vllm/.venv/lib/python3.12/site-packages/torch/lib/libtorch_cpu.so)
frame #5: <unknown function> + 0x2bdaf1 (0x7ffe8aebeaf1 in /workspace/vllm/vllm/_C_stable_libtorch.abi3.so)
frame #6: <unknown function> + 0x2bf0ce (0x7ffe8aec00ce in /workspace/vllm/vllm/_C_stable_libtorch.abi3.so)
frame #7: <unknown function> + 0x279d92 (0x7ffe8ae7ad92 in /workspace/vllm/vllm/_C_stable_libtorch.abi3.so)
frame #8: <unknown function> + 0x571f (0x7ffff7fca71f in /lib64/ld-linux-x86-64.so.2)
frame #9: <unknown function> + 0x5824 (0x7ffff7fca824 in /lib64/ld-linux-x86-64.so.2)
frame #10: _dl_catch_exception + 0x132 (0x7ffff7fc65b2 in /lib64/ld-linux-x86-64.so.2)
frame #11: <unknown function> + 0xcd7c (0x7ffff7fd1d7c in /lib64/ld-linux-x86-64.so.2)
frame #12: _dl_catch_exception + 0x9c (0x7ffff7fc651c in /lib64/ld-linux-x86-64.so.2)
frame #13: <unknown function> + 0xd164 (0x7ffff7fd2164 in /lib64/ld-linux-x86-64.so.2)
frame #14: <unknown function> + 0x981a4 (0x7ffff7d0c1a4 in /usr/lib/x86_64-linux-gnu/libc.so.6)
frame #15: _dl_catch_exception + 0x9c (0x7ffff7fc651c in /lib64/ld-linux-x86-64.so.2)
frame #16: <unknown function> + 0x1669 (0x7ffff7fc6669 in /lib64/ld-linux-x86-64.so.2)
frame #17: <unknown function> + 0x97c83 (0x7ffff7d0bc83 in /usr/lib/x86_64-linux-gnu/libc.so.6)
frame #18: dlopen + 0x6f (0x7ffff7d0c25f in /usr/lib/x86_64-linux-gnu/libc.so.6)
frame #19: /workspace/vllm/.venv/bin/python() [0x6bc36c]
frame #20: /workspace/vllm/.venv/bin/python() [0x6a946a]
frame #21: /workspace/vllm/.venv/bin/python() [0x6a8bf2]
frame #22: /workspace/vllm/.venv/bin/python() [0x581f37]
frame #23: _PyEval_EvalFrameDefault + 0x4c3a (0x5db0ba in /workspace/vllm/.venv/bin/python)
frame #24: /workspace/vllm/.venv/bin/python() [0x549d47]
frame #25: PyObject_CallMethodObjArgs + 0xe3 (0x54b5c3 in /workspace/vllm/.venv/bin/python)
frame #26: PyImport_ImportModuleLevelObject + 0x395 (0x5fd805 in /workspace/vllm/.venv/bin/python)
frame #27: _PyEval_EvalFrameDefault + 0x5eee (0x5dc36e in /workspace/vllm/.venv/bin/python)
frame #28: PyEval_EvalCode + 0x15b (0x5d543b in /workspace/vllm/.venv/bin/python)
frame #29: /workspace/vllm/.venv/bin/python() [0x5d322c]
frame #30: /workspace/vllm/.venv/bin/python() [0x581d1d]
frame #31: _PyEval_EvalFrameDefault + 0x4c3a (0x5db0ba in /workspace/vllm/.venv/bin/python)
frame #32: PyObject_CallOneArg + 0x4d (0x54a65d in /workspace/vllm/.venv/bin/python)
frame #33: /workspace/vllm/.venv/bin/python() [0x582e84]
frame #34: _PyObject_LookupAttr + 0x7a (0x584bea in /workspace/vllm/.venv/bin/python)
frame #35: /workspace/vllm/.venv/bin/python() [0x5d2b8a]
frame #36: _PyEval_EvalFrameDefault + 0x207d (0x5d84fd in /workspace/vllm/.venv/bin/python)
frame #37: /workspace/vllm/.venv/bin/python() [0x549d47]
frame #38: PyObject_CallMethodObjArgs + 0xe3 (0x54b5c3 in /workspace/vllm/.venv/bin/python)
frame #39: PyImport_ImportModuleLevelObject + 0x5eb (0x5fda5b in /workspace/vllm/.venv/bin/python)
frame #40: _PyEval_EvalFrameDefault + 0x5eee (0x5dc36e in /workspace/vllm/.venv/bin/python)
frame #41: PyEval_EvalCode + 0x15b (0x5d543b in /workspace/vllm/.venv/bin/python)
frame #42: /workspace/vllm/.venv/bin/python() [0x5d322c]
frame #43: /workspace/vllm/.venv/bin/python() [0x581d1d]
frame #44: _PyEval_EvalFrameDefault + 0x4c3a (0x5db0ba in /workspace/vllm/.venv/bin/python)
frame #45: /workspace/vllm/.venv/bin/python() [0x549d47]
frame #46: PyObject_CallMethodObjArgs + 0xe3 (0x54b5c3 in /workspace/vllm/.venv/bin/python)
frame #47: PyImport_ImportModuleLevelObject + 0x395 (0x5fd805 in /workspace/vllm/.venv/bin/python)
frame #48: _PyEval_EvalFrameDefault + 0x5eee (0x5dc36e in /workspace/vllm/.venv/bin/python)
frame #49: PyEval_EvalCode + 0x15b (0x5d543b in /workspace/vllm/.venv/bin/python)
frame #50: /workspace/vllm/.venv/bin/python() [0x5d322c]
frame #51: /workspace/vllm/.venv/bin/python() [0x581d1d]
frame #52: _PyEval_EvalFrameDefault + 0x4c3a (0x5db0ba in /workspace/vllm/.venv/bin/python)
frame #53: /workspace/vllm/.venv/bin/python() [0x549d47]
frame #54: PyObject_CallMethodObjArgs + 0xe3 (0x54b5c3 in /workspace/vllm/.venv/bin/python)
frame #55: PyImport_ImportModuleLevelObject + 0x395 (0x5fd805 in /workspace/vllm/.venv/bin/python)
frame #56: _PyEval_EvalFrameDefault + 0x5eee (0x5dc36e in /workspace/vllm/.venv/bin/python)
frame #57: PyEval_EvalCode + 0x15b (0x5d543b in /workspace/vllm/.venv/bin/python)
frame #58: /workspace/vllm/.venv/bin/python() [0x5d322c]
frame #59: /workspace/vllm/.venv/bin/python() [0x581d1d]
frame #60: _PyEval_EvalFrameDefault + 0x4c3a (0x5db0ba in /workspace/vllm/.venv/bin/python)
frame #61: /workspace/vllm/.venv/bin/python() [0x549d47]
frame #62: PyObject_CallMethodObjArgs + 0xe3 (0x54b5c3 in /workspace/vllm/.venv/bin/python)

[E708 11:04:50.434620695 shim_common.cpp:1458] Exception in aoti_torch: Tried to register an operator (_C::weak_ref_tensor(Tensor input) -> Tensor) with the same name and overload name multiple times. Each overload's schema should only be registered with a single call to def(). Duplicate registration: registered at /workspace/csrc/libtorch_stable/torch_bindings.cpp:10. Original registration: registered at /workspace/csrc/torch_bindings.cpp:21
Exception raised from registerDef at /pytorch/aten/src/ATen/core/dispatch/Dispatcher.cpp:248 (most recent call first):
frame #0: c10::Error::Error(c10::SourceLocation, std::__cxx11::basic_string<char, std::char_traits<char>, std::allocator<char> >) + 0x9d (0x7ffff6b7205d in /workspace/vllm/.venv/lib/python3.12/site-packages/torch/lib/libc10.so)
frame #1: c10::detail::torchCheckFail(char const*, char const*, unsigned int, std::__cxx11::basic_string<char, std::char_traits<char>, std::allocator<char> > const&) + 0xc3 (0x7ffff6b066fd in /workspace/vllm/.venv/lib/python3.12/site-packages/torch/lib/libc10.so)
frame #2: c10::Dispatcher::registerDef(c10::FunctionSchema, std::__cxx11::basic_string<char, std::char_traits<char>, std::allocator<char> >, std::vector<at::Tag, std::allocator<at::Tag> >) + 0x35e (0x7fff0e6811fe in /workspace/vllm/.venv/lib/python3.12/site-packages/torch/lib/libtorch_cpu.so)
frame #3: torch::Library::_def(c10::FunctionSchema&&, c10::OperatorName*, std::vector<at::Tag, std::allocator<at::Tag> > const&, torch::_RegisterOrVerify) & + 0x514 (0x7fff0e6c2254 in /workspace/vllm/.venv/lib/python3.12/site-packages/torch/lib/libtorch_cpu.so)
frame #4: aoti_torch_library_def + 0x99 (0x7fff128d45b9 in /workspace/vllm/.venv/lib/python3.12/site-packages/torch/lib/libtorch_cpu.so)
frame #5: <unknown function> + 0x2bdb00 (0x7ffe8aebeb00 in /workspace/vllm/vllm/_C_stable_libtorch.abi3.so)
frame #6: <unknown function> + 0x2bf0ce (0x7ffe8aec00ce in /workspace/vllm/vllm/_C_stable_libtorch.abi3.so)
frame #7: <unknown function> + 0x279d92 (0x7ffe8ae7ad92 in /workspace/vllm/vllm/_C_stable_libtorch.abi3.so)
frame #8: <unknown function> + 0x571f (0x7ffff7fca71f in /lib64/ld-linux-x86-64.so.2)
frame #9: <unknown function> + 0x5824 (0x7ffff7fca824 in /lib64/ld-linux-x86-64.so.2)
frame #10: _dl_catch_exception + 0x132 (0x7ffff7fc65b2 in /lib64/ld-linux-x86-64.so.2)
frame #11: <unknown function> + 0xcd7c (0x7ffff7fd1d7c in /lib64/ld-linux-x86-64.so.2)
frame #12: _dl_catch_exception + 0x9c (0x7ffff7fc651c in /lib64/ld-linux-x86-64.so.2)
frame #13: <unknown function> + 0xd164 (0x7ffff7fd2164 in /lib64/ld-linux-x86-64.so.2)
frame #14: <unknown function> + 0x981a4 (0x7ffff7d0c1a4 in /usr/lib/x86_64-linux-gnu/libc.so.6)
frame #15: _dl_catch_exception + 0x9c (0x7ffff7fc651c in /lib64/ld-linux-x86-64.so.2)
frame #16: <unknown function> + 0x1669 (0x7ffff7fc6669 in /lib64/ld-linux-x86-64.so.2)
frame #17: <unknown function> + 0x97c83 (0x7ffff7d0bc83 in /usr/lib/x86_64-linux-gnu/libc.so.6)
frame #18: dlopen + 0x6f (0x7ffff7d0c25f in /usr/lib/x86_64-linux-gnu/libc.so.6)
frame #19: /workspace/vllm/.venv/bin/python() [0x6bc36c]
frame #20: /workspace/vllm/.venv/bin/python() [0x6a946a]
frame #21: /workspace/vllm/.venv/bin/python() [0x6a8bf2]
frame #22: /workspace/vllm/.venv/bin/python() [0x581f37]
frame #23: _PyEval_EvalFrameDefault + 0x4c3a (0x5db0ba in /workspace/vllm/.venv/bin/python)
frame #24: /workspace/vllm/.venv/bin/python() [0x549d47]
frame #25: PyObject_CallMethodObjArgs + 0xe3 (0x54b5c3 in /workspace/vllm/.venv/bin/python)
frame #26: PyImport_ImportModuleLevelObject + 0x395 (0x5fd805 in /workspace/vllm/.venv/bin/python)
frame #27: _PyEval_EvalFrameDefault + 0x5eee (0x5dc36e in /workspace/vllm/.venv/bin/python)
frame #28: PyEval_EvalCode + 0x15b (0x5d543b in /workspace/vllm/.venv/bin/python)
frame #29: /workspace/vllm/.venv/bin/python() [0x5d322c]
frame #30: /workspace/vllm/.venv/bin/python() [0x581d1d]
frame #31: _PyEval_EvalFrameDefault + 0x4c3a (0x5db0ba in /workspace/vllm/.venv/bin/python)
frame #32: PyObject_CallOneArg + 0x4d (0x54a65d in /workspace/vllm/.venv/bin/python)
frame #33: /workspace/vllm/.venv/bin/python() [0x582e84]
frame #34: _PyObject_LookupAttr + 0x7a (0x584bea in /workspace/vllm/.venv/bin/python)
frame #35: /workspace/vllm/.venv/bin/python() [0x5d2b8a]
frame #36: _PyEval_EvalFrameDefault + 0x207d (0x5d84fd in /workspace/vllm/.venv/bin/python)
frame #37: /workspace/vllm/.venv/bin/python() [0x549d47]
frame #38: PyObject_CallMethodObjArgs + 0xe3 (0x54b5c3 in /workspace/vllm/.venv/bin/python)
frame #39: PyImport_ImportModuleLevelObject + 0x5eb (0x5fda5b in /workspace/vllm/.venv/bin/python)
frame #40: _PyEval_EvalFrameDefault + 0x5eee (0x5dc36e in /workspace/vllm/.venv/bin/python)
frame #41: PyEval_EvalCode + 0x15b (0x5d543b in /workspace/vllm/.venv/bin/python)
frame #42: /workspace/vllm/.venv/bin/python() [0x5d322c]
frame #43: /workspace/vllm/.venv/bin/python() [0x581d1d]
frame #44: _PyEval_EvalFrameDefault + 0x4c3a (0x5db0ba in /workspace/vllm/.venv/bin/python)
frame #45: /workspace/vllm/.venv/bin/python() [0x549d47]
frame #46: PyObject_CallMethodObjArgs + 0xe3 (0x54b5c3 in /workspace/vllm/.venv/bin/python)
frame #47: PyImport_ImportModuleLevelObject + 0x395 (0x5fd805 in /workspace/vllm/.venv/bin/python)
frame #48: _PyEval_EvalFrameDefault + 0x5eee (0x5dc36e in /workspace/vllm/.venv/bin/python)
frame #49: PyEval_EvalCode + 0x15b (0x5d543b in /workspace/vllm/.venv/bin/python)
frame #50: /workspace/vllm/.venv/bin/python() [0x5d322c]
frame #51: /workspace/vllm/.venv/bin/python() [0x581d1d]
frame #52: _PyEval_EvalFrameDefault + 0x4c3a (0x5db0ba in /workspace/vllm/.venv/bin/python)
frame #53: /workspace/vllm/.venv/bin/python() [0x549d47]
frame #54: PyObject_CallMethodObjArgs + 0xe3 (0x54b5c3 in /workspace/vllm/.venv/bin/python)
frame #55: PyImport_ImportModuleLevelObject + 0x395 (0x5fd805 in /workspace/vllm/.venv/bin/python)
frame #56: _PyEval_EvalFrameDefault + 0x5eee (0x5dc36e in /workspace/vllm/.venv/bin/python)
frame #57: PyEval_EvalCode + 0x15b (0x5d543b in /workspace/vllm/.venv/bin/python)
frame #58: /workspace/vllm/.venv/bin/python() [0x5d322c]
frame #59: /workspace/vllm/.venv/bin/python() [0x581d1d]
frame #60: _PyEval_EvalFrameDefault + 0x4c3a (0x5db0ba in /workspace/vllm/.venv/bin/python)
frame #61: /workspace/vllm/.venv/bin/python() [0x549d47]
frame #62: PyObject_CallMethodObjArgs + 0xe3 (0x54b5c3 in /workspace/vllm/.venv/bin/python)

[E708 11:04:50.436821264 shim_common.cpp:1458] Exception in aoti_torch: Tried to register an operator (_C::silu_and_mul_quant(Tensor($0! -> ) result, Tensor input, Tensor scale) -> ()) with the same name and overload name multiple times. Each overload's schema should only be registered with a single call to def(). Duplicate registration: registered at /workspace/csrc/libtorch_stable/torch_bindings.cpp:10. Original registration: registered at /workspace/csrc/torch_bindings.cpp:21
Exception raised from registerDef at /pytorch/aten/src/ATen/core/dispatch/Dispatcher.cpp:248 (most recent call first):
frame #0: c10::Error::Error(c10::SourceLocation, std::__cxx11::basic_string<char, std::char_traits<char>, std::allocator<char> >) + 0x9d (0x7ffff6b7205d in /workspace/vllm/.venv/lib/python3.12/site-packages/torch/lib/libc10.so)
frame #1: c10::detail::torchCheckFail(char const*, char const*, unsigned int, std::__cxx11::basic_string<char, std::char_traits<char>, std::allocator<char> > const&) + 0xc3 (0x7ffff6b066fd in /workspace/vllm/.venv/lib/python3.12/site-packages/torch/lib/libc10.so)
frame #2: c10::Dispatcher::registerDef(c10::FunctionSchema, std::__cxx11::basic_string<char, std::char_traits<char>, std::allocator<char> >, std::vector<at::Tag, std::allocator<at::Tag> >) + 0x35e (0x7fff0e6811fe in /workspace/vllm/.venv/lib/python3.12/site-packages/torch/lib/libtorch_cpu.so)
frame #3: torch::Library::_def(c10::FunctionSchema&&, c10::OperatorName*, std::vector<at::Tag, std::allocator<at::Tag> > const&, torch::_RegisterOrVerify) & + 0x514 (0x7fff0e6c2254 in /workspace/vllm/.venv/lib/python3.12/site-packages/torch/lib/libtorch_cpu.so)
frame #4: aoti_torch_library_def + 0x99 (0x7fff128d45b9 in /workspace/vllm/.venv/lib/python3.12/site-packages/torch/lib/libtorch_cpu.so)
frame #5: <unknown function> + 0x2bdb3c (0x7ffe8aebeb3c in /workspace/vllm/vllm/_C_stable_libtorch.abi3.so)
frame #6: <unknown function> + 0x2bf0ce (0x7ffe8aec00ce in /workspace/vllm/vllm/_C_stable_libtorch.abi3.so)
frame #7: <unknown function> + 0x279d92 (0x7ffe8ae7ad92 in /workspace/vllm/vllm/_C_stable_libtorch.abi3.so)
frame #8: <unknown function> + 0x571f (0x7ffff7fca71f in /lib64/ld-linux-x86-64.so.2)
frame #9: <unknown function> + 0x5824 (0x7ffff7fca824 in /lib64/ld-linux-x86-64.so.2)
frame #10: _dl_catch_exception + 0x132 (0x7ffff7fc65b2 in /lib64/ld-linux-x86-64.so.2)
frame #11: <unknown function> + 0xcd7c (0x7ffff7fd1d7c in /lib64/ld-linux-x86-64.so.2)
frame #12: _dl_catch_exception + 0x9c (0x7ffff7fc651c in /lib64/ld-linux-x86-64.so.2)
frame #13: <unknown function> + 0xd164 (0x7ffff7fd2164 in /lib64/ld-linux-x86-64.so.2)
frame #14: <unknown function> + 0x981a4 (0x7ffff7d0c1a4 in /usr/lib/x86_64-linux-gnu/libc.so.6)
frame #15: _dl_catch_exception + 0x9c (0x7ffff7fc651c in /lib64/ld-linux-x86-64.so.2)
frame #16: <unknown function> + 0x1669 (0x7ffff7fc6669 in /lib64/ld-linux-x86-64.so.2)
frame #17: <unknown function> + 0x97c83 (0x7ffff7d0bc83 in /usr/lib/x86_64-linux-gnu/libc.so.6)
frame #18: dlopen + 0x6f (0x7ffff7d0c25f in /usr/lib/x86_64-linux-gnu/libc.so.6)
frame #19: /workspace/vllm/.venv/bin/python() [0x6bc36c]
frame #20: /workspace/vllm/.venv/bin/python() [0x6a946a]
frame #21: /workspace/vllm/.venv/bin/python() [0x6a8bf2]
frame #22: /workspace/vllm/.venv/bin/python() [0x581f37]
frame #23: _PyEval_EvalFrameDefault + 0x4c3a (0x5db0ba in /workspace/vllm/.venv/bin/python)
frame #24: /workspace/vllm/.venv/bin/python() [0x549d47]
frame #25: PyObject_CallMethodObjArgs + 0xe3 (0x54b5c3 in /workspace/vllm/.venv/bin/python)
frame #26: PyImport_ImportModuleLevelObject + 0x395 (0x5fd805 in /workspace/vllm/.venv/bin/python)
frame #27: _PyEval_EvalFrameDefault + 0x5eee (0x5dc36e in /workspace/vllm/.venv/bin/python)
frame #28: PyEval_EvalCode + 0x15b (0x5d543b in /workspace/vllm/.venv/bin/python)
frame #29: /workspace/vllm/.venv/bin/python() [0x5d322c]
frame #30: /workspace/vllm/.venv/bin/python() [0x581d1d]
frame #31: _PyEval_EvalFrameDefault + 0x4c3a (0x5db0ba in /workspace/vllm/.venv/bin/python)
frame #32: PyObject_CallOneArg + 0x4d (0x54a65d in /workspace/vllm/.venv/bin/python)
frame #33: /workspace/vllm/.venv/bin/python() [0x582e84]
frame #34: _PyObject_LookupAttr + 0x7a (0x584bea in /workspace/vllm/.venv/bin/python)
frame #35: /workspace/vllm/.venv/bin/python() [0x5d2b8a]
frame #36: _PyEval_EvalFrameDefault + 0x207d (0x5d84fd in /workspace/vllm/.venv/bin/python)
frame #37: /workspace/vllm/.venv/bin/python() [0x549d47]
frame #38: PyObject_CallMethodObjArgs + 0xe3 (0x54b5c3 in /workspace/vllm/.venv/bin/python)
frame #39: PyImport_ImportModuleLevelObject + 0x5eb (0x5fda5b in /workspace/vllm/.venv/bin/python)
frame #40: _PyEval_EvalFrameDefault + 0x5eee (0x5dc36e in /workspace/vllm/.venv/bin/python)
frame #41: PyEval_EvalCode + 0x15b (0x5d543b in /workspace/vllm/.venv/bin/python)
frame #42: /workspace/vllm/.venv/bin/python() [0x5d322c]
frame #43: /workspace/vllm/.venv/bin/python() [0x581d1d]
frame #44: _PyEval_EvalFrameDefault + 0x4c3a (0x5db0ba in /workspace/vllm/.venv/bin/python)
frame #45: /workspace/vllm/.venv/bin/python() [0x549d47]
frame #46: PyObject_CallMethodObjArgs + 0xe3 (0x54b5c3 in /workspace/vllm/.venv/bin/python)
frame #47: PyImport_ImportModuleLevelObject + 0x395 (0x5fd805 in /workspace/vllm/.venv/bin/python)
frame #48: _PyEval_EvalFrameDefault + 0x5eee (0x5dc36e in /workspace/vllm/.venv/bin/python)
frame #49: PyEval_EvalCode + 0x15b (0x5d543b in /workspace/vllm/.venv/bin/python)
frame #50: /workspace/vllm/.venv/bin/python() [0x5d322c]
frame #51: /workspace/vllm/.venv/bin/python() [0x581d1d]
frame #52: _PyEval_EvalFrameDefault + 0x4c3a (0x5db0ba in /workspace/vllm/.venv/bin/python)
frame #53: /workspace/vllm/.venv/bin/python() [0x549d47]
frame #54: PyObject_CallMethodObjArgs + 0xe3 (0x54b5c3 in /workspace/vllm/.venv/bin/python)
frame #55: PyImport_ImportModuleLevelObject + 0x395 (0x5fd805 in /workspace/vllm/.venv/bin/python)
frame #56: _PyEval_EvalFrameDefault + 0x5eee (0x5dc36e in /workspace/vllm/.venv/bin/python)
frame #57: PyEval_EvalCode + 0x15b (0x5d543b in /workspace/vllm/.venv/bin/python)
frame #58: /workspace/vllm/.venv/bin/python() [0x5d322c]
frame #59: /workspace/vllm/.venv/bin/python() [0x581d1d]
frame #60: _PyEval_EvalFrameDefault + 0x4c3a (0x5db0ba in /workspace/vllm/.venv/bin/python)
frame #61: /workspace/vllm/.venv/bin/python() [0x549d47]
frame #62: PyObject_CallMethodObjArgs + 0xe3 (0x54b5c3 in /workspace/vllm/.venv/bin/python)

[W708 11:04:50.439247205 OperatorEntry.cpp:208] Warning: Warning only once for all operators,  other operators may also be overridden.
  Overriding a previously registered kernel for the same operator and the same dispatch key
  operator: _C::persistent_masked_m_silu_mul_quant(Tensor input, Tensor counts, Tensor($0! -> ) y_q, Tensor($1! -> ) y_s, bool use_ue8m0) -> ()
    registered at /workspace/csrc/torch_bindings.cpp:21
  dispatch key: CUDA
  previous kernel: registered at /workspace/csrc/torch_bindings.cpp:21
       new kernel: registered at /workspace/csrc/libtorch_stable/torch_bindings.cpp:603 (function operator())
[E708 11:04:50.449569681 shim_common.cpp:1458] Exception in aoti_torch: Tried to register an operator (_C::persistent_masked_m_silu_mul_quant(Tensor input, Tensor counts, Tensor($0! -> ) y_q, Tensor($1! -> ) y_s, bool use_ue8m0) -> ()) with the same name and overload name multiple times. Each overload's schema should only be registered with a single call to def(). Duplicate registration: registered at /workspace/csrc/libtorch_stable/torch_bindings.cpp:10. Original registration: registered at /workspace/csrc/torch_bindings.cpp:21
Exception raised from registerDef at /pytorch/aten/src/ATen/core/dispatch/Dispatcher.cpp:248 (most recent call first):
frame #0: c10::Error::Error(c10::SourceLocation, std::__cxx11::basic_string<char, std::char_traits<char>, std::allocator<char> >) + 0x9d (0x7ffff6b7205d in /workspace/vllm/.venv/lib/python3.12/site-packages/torch/lib/libc10.so)
frame #1: c10::detail::torchCheckFail(char const*, char const*, unsigned int, std::__cxx11::basic_string<char, std::char_traits<char>, std::allocator<char> > const&) + 0xc3 (0x7ffff6b066fd in /workspace/vllm/.venv/lib/python3.12/site-packages/torch/lib/libc10.so)
frame #2: c10::Dispatcher::registerDef(c10::FunctionSchema, std::__cxx11::basic_string<char, std::char_traits<char>, std::allocator<char> >, std::vector<at::Tag, std::allocator<at::Tag> >) + 0x35e (0x7fff0e6811fe in /workspace/vllm/.venv/lib/python3.12/site-packages/torch/lib/libtorch_cpu.so)
frame #3: torch::Library::_def(c10::FunctionSchema&&, c10::OperatorName*, std::vector<at::Tag, std::allocator<at::Tag> > const&, torch::_RegisterOrVerify) & + 0x514 (0x7fff0e6c2254 in /workspace/vllm/.venv/lib/python3.12/site-packages/torch/lib/libtorch_cpu.so)
frame #4: aoti_torch_library_def + 0x99 (0x7fff128d45b9 in /workspace/vllm/.venv/lib/python3.12/site-packages/torch/lib/libtorch_cpu.so)
frame #5: <unknown function> + 0x2bdaf1 (0x7ffe8aebeaf1 in /workspace/vllm/vllm/_C_stable_libtorch.abi3.so)
frame #6: <unknown function> + 0x2bf0ce (0x7ffe8aec00ce in /workspace/vllm/vllm/_C_stable_libtorch.abi3.so)
frame #7: <unknown function> + 0x279d92 (0x7ffe8ae7ad92 in /workspace/vllm/vllm/_C_stable_libtorch.abi3.so)
frame #8: <unknown function> + 0x571f (0x7ffff7fca71f in /lib64/ld-linux-x86-64.so.2)
frame #9: <unknown function> + 0x5824 (0x7ffff7fca824 in /lib64/ld-linux-x86-64.so.2)
frame #10: _dl_catch_exception + 0x132 (0x7ffff7fc65b2 in /lib64/ld-linux-x86-64.so.2)
frame #11: <unknown function> + 0xcd7c (0x7ffff7fd1d7c in /lib64/ld-linux-x86-64.so.2)
frame #12: _dl_catch_exception + 0x9c (0x7ffff7fc651c in /lib64/ld-linux-x86-64.so.2)
frame #13: <unknown function> + 0xd164 (0x7ffff7fd2164 in /lib64/ld-linux-x86-64.so.2)
frame #14: <unknown function> + 0x981a4 (0x7ffff7d0c1a4 in /usr/lib/x86_64-linux-gnu/libc.so.6)
frame #15: _dl_catch_exception + 0x9c (0x7ffff7fc651c in /lib64/ld-linux-x86-64.so.2)
frame #16: <unknown function> + 0x1669 (0x7ffff7fc6669 in /lib64/ld-linux-x86-64.so.2)
frame #17: <unknown function> + 0x97c83 (0x7ffff7d0bc83 in /usr/lib/x86_64-linux-gnu/libc.so.6)
frame #18: dlopen + 0x6f (0x7ffff7d0c25f in /usr/lib/x86_64-linux-gnu/libc.so.6)
frame #19: /workspace/vllm/.venv/bin/python() [0x6bc36c]
frame #20: /workspace/vllm/.venv/bin/python() [0x6a946a]
frame #21: /workspace/vllm/.venv/bin/python() [0x6a8bf2]
frame #22: /workspace/vllm/.venv/bin/python() [0x581f37]
frame #23: _PyEval_EvalFrameDefault + 0x4c3a (0x5db0ba in /workspace/vllm/.venv/bin/python)
frame #24: /workspace/vllm/.venv/bin/python() [0x549d47]
frame #25: PyObject_CallMethodObjArgs + 0xe3 (0x54b5c3 in /workspace/vllm/.venv/bin/python)
frame #26: PyImport_ImportModuleLevelObject + 0x395 (0x5fd805 in /workspace/vllm/.venv/bin/python)
frame #27: _PyEval_EvalFrameDefault + 0x5eee (0x5dc36e in /workspace/vllm/.venv/bin/python)
frame #28: PyEval_EvalCode + 0x15b (0x5d543b in /workspace/vllm/.venv/bin/python)
frame #29: /workspace/vllm/.venv/bin/python() [0x5d322c]
frame #30: /workspace/vllm/.venv/bin/python() [0x581d1d]
frame #31: _PyEval_EvalFrameDefault + 0x4c3a (0x5db0ba in /workspace/vllm/.venv/bin/python)
frame #32: PyObject_CallOneArg + 0x4d (0x54a65d in /workspace/vllm/.venv/bin/python)
frame #33: /workspace/vllm/.venv/bin/python() [0x582e84]
frame #34: _PyObject_LookupAttr + 0x7a (0x584bea in /workspace/vllm/.venv/bin/python)
frame #35: /workspace/vllm/.venv/bin/python() [0x5d2b8a]
frame #36: _PyEval_EvalFrameDefault + 0x207d (0x5d84fd in /workspace/vllm/.venv/bin/python)
frame #37: /workspace/vllm/.venv/bin/python() [0x549d47]
frame #38: PyObject_CallMethodObjArgs + 0xe3 (0x54b5c3 in /workspace/vllm/.venv/bin/python)
frame #39: PyImport_ImportModuleLevelObject + 0x5eb (0x5fda5b in /workspace/vllm/.venv/bin/python)
frame #40: _PyEval_EvalFrameDefault + 0x5eee (0x5dc36e in /workspace/vllm/.venv/bin/python)
frame #41: PyEval_EvalCode + 0x15b (0x5d543b in /workspace/vllm/.venv/bin/python)
frame #42: /workspace/vllm/.venv/bin/python() [0x5d322c]
frame #43: /workspace/vllm/.venv/bin/python() [0x581d1d]
frame #44: _PyEval_EvalFrameDefault + 0x4c3a (0x5db0ba in /workspace/vllm/.venv/bin/python)
frame #45: /workspace/vllm/.venv/bin/python() [0x549d47]
frame #46: PyObject_CallMethodObjArgs + 0xe3 (0x54b5c3 in /workspace/vllm/.venv/bin/python)
frame #47: PyImport_ImportModuleLevelObject + 0x395 (0x5fd805 in /workspace/vllm/.venv/bin/python)
frame #48: _PyEval_EvalFrameDefault + 0x5eee (0x5dc36e in /workspace/vllm/.venv/bin/python)
frame #49: PyEval_EvalCode + 0x15b (0x5d543b in /workspace/vllm/.venv/bin/python)
frame #50: /workspace/vllm/.venv/bin/python() [0x5d322c]
frame #51: /workspace/vllm/.venv/bin/python() [0x581d1d]
frame #52: _PyEval_EvalFrameDefault + 0x4c3a (0x5db0ba in /workspace/vllm/.venv/bin/python)
frame #53: /workspace/vllm/.venv/bin/python() [0x549d47]
frame #54: PyObject_CallMethodObjArgs + 0xe3 (0x54b5c3 in /workspace/vllm/.venv/bin/python)
frame #55: PyImport_ImportModuleLevelObject + 0x395 (0x5fd805 in /workspace/vllm/.venv/bin/python)
frame #56: _PyEval_EvalFrameDefault + 0x5eee (0x5dc36e in /workspace/vllm/.venv/bin/python)
frame #57: PyEval_EvalCode + 0x15b (0x5d543b in /workspace/vllm/.venv/bin/python)
frame #58: /workspace/vllm/.venv/bin/python() [0x5d322c]
frame #59: /workspace/vllm/.venv/bin/python() [0x581d1d]
frame #60: _PyEval_EvalFrameDefault + 0x4c3a (0x5db0ba in /workspace/vllm/.venv/bin/python)
frame #61: /workspace/vllm/.venv/bin/python() [0x549d47]
frame #62: PyObject_CallMethodObjArgs + 0xe3 (0x54b5c3 in /workspace/vllm/.venv/bin/python)

[E708 11:04:50.451720673 shim_common.cpp:1458] Exception in aoti_torch: Tried to register an operator (_C::weak_ref_tensor(Tensor input) -> Tensor) with the same name and overload name multiple times. Each overload's schema should only be registered with a single call to def(). Duplicate registration: registered at /workspace/csrc/libtorch_stable/torch_bindings.cpp:10. Original registration: registered at /workspace/csrc/torch_bindings.cpp:21
Exception raised from registerDef at /pytorch/aten/src/ATen/core/dispatch/Dispatcher.cpp:248 (most recent call first):
frame #0: c10::Error::Error(c10::SourceLocation, std::__cxx11::basic_string<char, std::char_traits<char>, std::allocator<char> >) + 0x9d (0x7ffff6b7205d in /workspace/vllm/.venv/lib/python3.12/site-packages/torch/lib/libc10.so)
frame #1: c10::detail::torchCheckFail(char const*, char const*, unsigned int, std::__cxx11::basic_string<char, std::char_traits<char>, std::allocator<char> > const&) + 0xc3 (0x7ffff6b066fd in /workspace/vllm/.venv/lib/python3.12/site-packages/torch/lib/libc10.so)
frame #2: c10::Dispatcher::registerDef(c10::FunctionSchema, std::__cxx11::basic_string<char, std::char_traits<char>, std::allocator<char> >, std::vector<at::Tag, std::allocator<at::Tag> >) + 0x35e (0x7fff0e6811fe in /workspace/vllm/.venv/lib/python3.12/site-packages/torch/lib/libtorch_cpu.so)
frame #3: torch::Library::_def(c10::FunctionSchema&&, c10::OperatorName*, std::vector<at::Tag, std::allocator<at::Tag> > const&, torch::_RegisterOrVerify) & + 0x514 (0x7fff0e6c2254 in /workspace/vllm/.venv/lib/python3.12/site-packages/torch/lib/libtorch_cpu.so)
frame #4: aoti_torch_library_def + 0x99 (0x7fff128d45b9 in /workspace/vllm/.venv/lib/python3.12/site-packages/torch/lib/libtorch_cpu.so)
frame #5: <unknown function> + 0x2bdb00 (0x7ffe8aebeb00 in /workspace/vllm/vllm/_C_stable_libtorch.abi3.so)
frame #6: <unknown function> + 0x2bf0ce (0x7ffe8aec00ce in /workspace/vllm/vllm/_C_stable_libtorch.abi3.so)
frame #7: <unknown function> + 0x279d92 (0x7ffe8ae7ad92 in /workspace/vllm/vllm/_C_stable_libtorch.abi3.so)
frame #8: <unknown function> + 0x571f (0x7ffff7fca71f in /lib64/ld-linux-x86-64.so.2)
frame #9: <unknown function> + 0x5824 (0x7ffff7fca824 in /lib64/ld-linux-x86-64.so.2)
frame #10: _dl_catch_exception + 0x132 (0x7ffff7fc65b2 in /lib64/ld-linux-x86-64.so.2)
frame #11: <unknown function> + 0xcd7c (0x7ffff7fd1d7c in /lib64/ld-linux-x86-64.so.2)
frame #12: _dl_catch_exception + 0x9c (0x7ffff7fc651c in /lib64/ld-linux-x86-64.so.2)
frame #13: <unknown function> + 0xd164 (0x7ffff7fd2164 in /lib64/ld-linux-x86-64.so.2)
frame #14: <unknown function> + 0x981a4 (0x7ffff7d0c1a4 in /usr/lib/x86_64-linux-gnu/libc.so.6)
frame #15: _dl_catch_exception + 0x9c (0x7ffff7fc651c in /lib64/ld-linux-x86-64.so.2)
frame #16: <unknown function> + 0x1669 (0x7ffff7fc6669 in /lib64/ld-linux-x86-64.so.2)
frame #17: <unknown function> + 0x97c83 (0x7ffff7d0bc83 in /usr/lib/x86_64-linux-gnu/libc.so.6)
frame #18: dlopen + 0x6f (0x7ffff7d0c25f in /usr/lib/x86_64-linux-gnu/libc.so.6)
frame #19: /workspace/vllm/.venv/bin/python() [0x6bc36c]
frame #20: /workspace/vllm/.venv/bin/python() [0x6a946a]
frame #21: /workspace/vllm/.venv/bin/python() [0x6a8bf2]
frame #22: /workspace/vllm/.venv/bin/python() [0x581f37]
frame #23: _PyEval_EvalFrameDefault + 0x4c3a (0x5db0ba in /workspace/vllm/.venv/bin/python)
frame #24: /workspace/vllm/.venv/bin/python() [0x549d47]
frame #25: PyObject_CallMethodObjArgs + 0xe3 (0x54b5c3 in /workspace/vllm/.venv/bin/python)
frame #26: PyImport_ImportModuleLevelObject + 0x395 (0x5fd805 in /workspace/vllm/.venv/bin/python)
frame #27: _PyEval_EvalFrameDefault + 0x5eee (0x5dc36e in /workspace/vllm/.venv/bin/python)
frame #28: PyEval_EvalCode + 0x15b (0x5d543b in /workspace/vllm/.venv/bin/python)
frame #29: /workspace/vllm/.venv/bin/python() [0x5d322c]
frame #30: /workspace/vllm/.venv/bin/python() [0x581d1d]
frame #31: _PyEval_EvalFrameDefault + 0x4c3a (0x5db0ba in /workspace/vllm/.venv/bin/python)
frame #32: PyObject_CallOneArg + 0x4d (0x54a65d in /workspace/vllm/.venv/bin/python)
frame #33: /workspace/vllm/.venv/bin/python() [0x582e84]
frame #34: _PyObject_LookupAttr + 0x7a (0x584bea in /workspace/vllm/.venv/bin/python)
frame #35: /workspace/vllm/.venv/bin/python() [0x5d2b8a]
frame #36: _PyEval_EvalFrameDefault + 0x207d (0x5d84fd in /workspace/vllm/.venv/bin/python)
frame #37: /workspace/vllm/.venv/bin/python() [0x549d47]
frame #38: PyObject_CallMethodObjArgs + 0xe3 (0x54b5c3 in /workspace/vllm/.venv/bin/python)
frame #39: PyImport_ImportModuleLevelObject + 0x5eb (0x5fda5b in /workspace/vllm/.venv/bin/python)
frame #40: _PyEval_EvalFrameDefault + 0x5eee (0x5dc36e in /workspace/vllm/.venv/bin/python)
frame #41: PyEval_EvalCode + 0x15b (0x5d543b in /workspace/vllm/.venv/bin/python)
frame #42: /workspace/vllm/.venv/bin/python() [0x5d322c]
frame #43: /workspace/vllm/.venv/bin/python() [0x581d1d]
frame #44: _PyEval_EvalFrameDefault + 0x4c3a (0x5db0ba in /workspace/vllm/.venv/bin/python)
frame #45: /workspace/vllm/.venv/bin/python() [0x549d47]
frame #46: PyObject_CallMethodObjArgs + 0xe3 (0x54b5c3 in /workspace/vllm/.venv/bin/python)
frame #47: PyImport_ImportModuleLevelObject + 0x395 (0x5fd805 in /workspace/vllm/.venv/bin/python)
frame #48: _PyEval_EvalFrameDefault + 0x5eee (0x5dc36e in /workspace/vllm/.venv/bin/python)
frame #49: PyEval_EvalCode + 0x15b (0x5d543b in /workspace/vllm/.venv/bin/python)
frame #50: /workspace/vllm/.venv/bin/python() [0x5d322c]
frame #51: /workspace/vllm/.venv/bin/python() [0x581d1d]
frame #52: _PyEval_EvalFrameDefault + 0x4c3a (0x5db0ba in /workspace/vllm/.venv/bin/python)
frame #53: /workspace/vllm/.venv/bin/python() [0x549d47]
frame #54: PyObject_CallMethodObjArgs + 0xe3 (0x54b5c3 in /workspace/vllm/.venv/bin/python)
frame #55: PyImport_ImportModuleLevelObject + 0x395 (0x5fd805 in /workspace/vllm/.venv/bin/python)
frame #56: _PyEval_EvalFrameDefault + 0x5eee (0x5dc36e in /workspace/vllm/.venv/bin/python)
frame #57: PyEval_EvalCode + 0x15b (0x5d543b in /workspace/vllm/.venv/bin/python)
frame #58: /workspace/vllm/.venv/bin/python() [0x5d322c]
frame #59: /workspace/vllm/.venv/bin/python() [0x581d1d]
frame #60: _PyEval_EvalFrameDefault + 0x4c3a (0x5db0ba in /workspace/vllm/.venv/bin/python)
frame #61: /workspace/vllm/.venv/bin/python() [0x549d47]
frame #62: PyObject_CallMethodObjArgs + 0xe3 (0x54b5c3 in /workspace/vllm/.venv/bin/python)

[E708 11:04:50.453873056 shim_common.cpp:1458] Exception in aoti_torch: Tried to register an operator (_C::silu_and_mul_quant(Tensor($0! -> ) result, Tensor input, Tensor scale) -> ()) with the same name and overload name multiple times. Each overload's schema should only be registered with a single call to def(). Duplicate registration: registered at /workspace/csrc/libtorch_stable/torch_bindings.cpp:10. Original registration: registered at /workspace/csrc/torch_bindings.cpp:21
Exception raised from registerDef at /pytorch/aten/src/ATen/core/dispatch/Dispatcher.cpp:248 (most recent call first):
frame #0: c10::Error::Error(c10::SourceLocation, std::__cxx11::basic_string<char, std::char_traits<char>, std::allocator<char> >) + 0x9d (0x7ffff6b7205d in /workspace/vllm/.venv/lib/python3.12/site-packages/torch/lib/libc10.so)
frame #1: c10::detail::torchCheckFail(char const*, char const*, unsigned int, std::__cxx11::basic_string<char, std::char_traits<char>, std::allocator<char> > const&) + 0xc3 (0x7ffff6b066fd in /workspace/vllm/.venv/lib/python3.12/site-packages/torch/lib/libc10.so)
frame #2: c10::Dispatcher::registerDef(c10::FunctionSchema, std::__cxx11::basic_string<char, std::char_traits<char>, std::allocator<char> >, std::vector<at::Tag, std::allocator<at::Tag> >) + 0x35e (0x7fff0e6811fe in /workspace/vllm/.venv/lib/python3.12/site-packages/torch/lib/libtorch_cpu.so)
frame #3: torch::Library::_def(c10::FunctionSchema&&, c10::OperatorName*, std::vector<at::Tag, std::allocator<at::Tag> > const&, torch::_RegisterOrVerify) & + 0x514 (0x7fff0e6c2254 in /workspace/vllm/.venv/lib/python3.12/site-packages/torch/lib/libtorch_cpu.so)
frame #4: aoti_torch_library_def + 0x99 (0x7fff128d45b9 in /workspace/vllm/.venv/lib/python3.12/site-packages/torch/lib/libtorch_cpu.so)
frame #5: <unknown function> + 0x2bdb3c (0x7ffe8aebeb3c in /workspace/vllm/vllm/_C_stable_libtorch.abi3.so)
frame #6: <unknown function> + 0x2bf0ce (0x7ffe8aec00ce in /workspace/vllm/vllm/_C_stable_libtorch.abi3.so)
frame #7: <unknown function> + 0x279d92 (0x7ffe8ae7ad92 in /workspace/vllm/vllm/_C_stable_libtorch.abi3.so)
frame #8: <unknown function> + 0x571f (0x7ffff7fca71f in /lib64/ld-linux-x86-64.so.2)
frame #9: <unknown function> + 0x5824 (0x7ffff7fca824 in /lib64/ld-linux-x86-64.so.2)
frame #10: _dl_catch_exception + 0x132 (0x7ffff7fc65b2 in /lib64/ld-linux-x86-64.so.2)
frame #11: <unknown function> + 0xcd7c (0x7ffff7fd1d7c in /lib64/ld-linux-x86-64.so.2)
frame #12: _dl_catch_exception + 0x9c (0x7ffff7fc651c in /lib64/ld-linux-x86-64.so.2)
frame #13: <unknown function> + 0xd164 (0x7ffff7fd2164 in /lib64/ld-linux-x86-64.so.2)
frame #14: <unknown function> + 0x981a4 (0x7ffff7d0c1a4 in /usr/lib/x86_64-linux-gnu/libc.so.6)
frame #15: _dl_catch_exception + 0x9c (0x7ffff7fc651c in /lib64/ld-linux-x86-64.so.2)
frame #16: <unknown function> + 0x1669 (0x7ffff7fc6669 in /lib64/ld-linux-x86-64.so.2)
frame #17: <unknown function> + 0x97c83 (0x7ffff7d0bc83 in /usr/lib/x86_64-linux-gnu/libc.so.6)
frame #18: dlopen + 0x6f (0x7ffff7d0c25f in /usr/lib/x86_64-linux-gnu/libc.so.6)
frame #19: /workspace/vllm/.venv/bin/python() [0x6bc36c]
frame #20: /workspace/vllm/.venv/bin/python() [0x6a946a]
frame #21: /workspace/vllm/.venv/bin/python() [0x6a8bf2]
frame #22: /workspace/vllm/.venv/bin/python() [0x581f37]
frame #23: _PyEval_EvalFrameDefault + 0x4c3a (0x5db0ba in /workspace/vllm/.venv/bin/python)
frame #24: /workspace/vllm/.venv/bin/python() [0x549d47]
frame #25: PyObject_CallMethodObjArgs + 0xe3 (0x54b5c3 in /workspace/vllm/.venv/bin/python)
frame #26: PyImport_ImportModuleLevelObject + 0x395 (0x5fd805 in /workspace/vllm/.venv/bin/python)
frame #27: _PyEval_EvalFrameDefault + 0x5eee (0x5dc36e in /workspace/vllm/.venv/bin/python)
frame #28: PyEval_EvalCode + 0x15b (0x5d543b in /workspace/vllm/.venv/bin/python)
frame #29: /workspace/vllm/.venv/bin/python() [0x5d322c]
frame #30: /workspace/vllm/.venv/bin/python() [0x581d1d]
frame #31: _PyEval_EvalFrameDefault + 0x4c3a (0x5db0ba in /workspace/vllm/.venv/bin/python)
frame #32: PyObject_CallOneArg + 0x4d (0x54a65d in /workspace/vllm/.venv/bin/python)
frame #33: /workspace/vllm/.venv/bin/python() [0x582e84]
frame #34: _PyObject_LookupAttr + 0x7a (0x584bea in /workspace/vllm/.venv/bin/python)
frame #35: /workspace/vllm/.venv/bin/python() [0x5d2b8a]
frame #36: _PyEval_EvalFrameDefault + 0x207d (0x5d84fd in /workspace/vllm/.venv/bin/python)
frame #37: /workspace/vllm/.venv/bin/python() [0x549d47]
frame #38: PyObject_CallMethodObjArgs + 0xe3 (0x54b5c3 in /workspace/vllm/.venv/bin/python)
frame #39: PyImport_ImportModuleLevelObject + 0x5eb (0x5fda5b in /workspace/vllm/.venv/bin/python)
frame #40: _PyEval_EvalFrameDefault + 0x5eee (0x5dc36e in /workspace/vllm/.venv/bin/python)
frame #41: PyEval_EvalCode + 0x15b (0x5d543b in /workspace/vllm/.venv/bin/python)
frame #42: /workspace/vllm/.venv/bin/python() [0x5d322c]
frame #43: /workspace/vllm/.venv/bin/python() [0x581d1d]
frame #44: _PyEval_EvalFrameDefault + 0x4c3a (0x5db0ba in /workspace/vllm/.venv/bin/python)
frame #45: /workspace/vllm/.venv/bin/python() [0x549d47]
frame #46: PyObject_CallMethodObjArgs + 0xe3 (0x54b5c3 in /workspace/vllm/.venv/bin/python)
frame #47: PyImport_ImportModuleLevelObject + 0x395 (0x5fd805 in /workspace/vllm/.venv/bin/python)
frame #48: _PyEval_EvalFrameDefault + 0x5eee (0x5dc36e in /workspace/vllm/.venv/bin/python)
frame #49: PyEval_EvalCode + 0x15b (0x5d543b in /workspace/vllm/.venv/bin/python)
frame #50: /workspace/vllm/.venv/bin/python() [0x5d322c]
frame #51: /workspace/vllm/.venv/bin/python() [0x581d1d]
frame #52: _PyEval_EvalFrameDefault + 0x4c3a (0x5db0ba in /workspace/vllm/.venv/bin/python)
frame #53: /workspace/vllm/.venv/bin/python() [0x549d47]
frame #54: PyObject_CallMethodObjArgs + 0xe3 (0x54b5c3 in /workspace/vllm/.venv/bin/python)
frame #55: PyImport_ImportModuleLevelObject + 0x395 (0x5fd805 in /workspace/vllm/.venv/bin/python)
frame #56: _PyEval_EvalFrameDefault + 0x5eee (0x5dc36e in /workspace/vllm/.venv/bin/python)
frame #57: PyEval_EvalCode + 0x15b (0x5d543b in /workspace/vllm/.venv/bin/python)
frame #58: /workspace/vllm/.venv/bin/python() [0x5d322c]
frame #59: /workspace/vllm/.venv/bin/python() [0x581d1d]
frame #60: _PyEval_EvalFrameDefault + 0x4c3a (0x5db0ba in /workspace/vllm/.venv/bin/python)
frame #61: /workspace/vllm/.venv/bin/python() [0x549d47]
frame #62: PyObject_CallMethodObjArgs + 0xe3 (0x54b5c3 in /workspace/vllm/.venv/bin/python)

[W708 11:04:50.456267795 OperatorEntry.cpp:208] Warning: Warning only once for all operators,  other operators may also be overridden.
  Overriding a previously registered kernel for the same operator and the same dispatch key
  operator: _C::persistent_masked_m_silu_mul_quant(Tensor input, Tensor counts, Tensor($0! -> ) y_q, Tensor($1! -> ) y_s, bool use_ue8m0) -> ()
    registered at /workspace/csrc/torch_bindings.cpp:21
  dispatch key: CUDA
  previous kernel: registered at /workspace/csrc/torch_bindings.cpp:21
       new kernel: registered at /workspace/csrc/libtorch_stable/torch_bindings.cpp:603 (function operator())
(Worker pid=3204106) INFO 07-08 11:04:56 [parallel_state.py:1422] world_size=8 rank=2 local_rank=2 distributed_init_method=tcp://127.0.0.1:60699 backend=nccl
(Worker pid=3204104) INFO 07-08 11:04:59 [parallel_state.py:1422] world_size=8 rank=0 local_rank=0 distributed_init_method=tcp://127.0.0.1:60699 backend=nccl
(Worker pid=3204109) INFO 07-08 11:04:59 [parallel_state.py:1422] world_size=8 rank=4 local_rank=4 distributed_init_method=tcp://127.0.0.1:60699 backend=nccl
(Worker pid=3204105) INFO 07-08 11:04:59 [parallel_state.py:1422] world_size=8 rank=1 local_rank=1 distributed_init_method=tcp://127.0.0.1:60699 backend=nccl
(Worker pid=3204111) INFO 07-08 11:04:59 [parallel_state.py:1422] world_size=8 rank=6 local_rank=6 distributed_init_method=tcp://127.0.0.1:60699 backend=nccl
(Worker pid=3204108) INFO 07-08 11:05:00 [parallel_state.py:1422] world_size=8 rank=3 local_rank=3 distributed_init_method=tcp://127.0.0.1:60699 backend=nccl
(Worker pid=3204112) INFO 07-08 11:05:00 [parallel_state.py:1422] world_size=8 rank=7 local_rank=7 distributed_init_method=tcp://127.0.0.1:60699 backend=nccl
(Worker pid=3204110) INFO 07-08 11:05:00 [parallel_state.py:1422] world_size=8 rank=5 local_rank=5 distributed_init_method=tcp://127.0.0.1:60699 backend=nccl
(Worker pid=3204104) <frozen importlib._bootstrap_external>:1297: FutureWarning: The cuda.cudart module is deprecated and will be removed in a future release, please switch to use the cuda.bindings.runtime module instead.
(Worker pid=3204104) <frozen importlib._bootstrap_external>:1297: FutureWarning: The cuda.nvrtc module is deprecated and will be removed in a future release, please switch to use the cuda.bindings.nvrtc module instead.
(Worker pid=3204110) <frozen importlib._bootstrap_external>:1297: FutureWarning: The cuda.cudart module is deprecated and will be removed in a future release, please switch to use the cuda.bindings.runtime module instead.
(Worker pid=3204110) <frozen importlib._bootstrap_external>:1297: FutureWarning: The cuda.nvrtc module is deprecated and will be removed in a future release, please switch to use the cuda.bindings.nvrtc module instead.
(Worker pid=3204111) <frozen importlib._bootstrap_external>:1297: FutureWarning: The cuda.cudart module is deprecated and will be removed in a future release, please switch to use the cuda.bindings.runtime module instead.
(Worker pid=3204111) <frozen importlib._bootstrap_external>:1297: FutureWarning: The cuda.nvrtc module is deprecated and will be removed in a future release, please switch to use the cuda.bindings.nvrtc module instead.
(Worker pid=3204108) <frozen importlib._bootstrap_external>:1297: FutureWarning: The cuda.cudart module is deprecated and will be removed in a future release, please switch to use the cuda.bindings.runtime module instead.
(Worker pid=3204108) <frozen importlib._bootstrap_external>:1297: FutureWarning: The cuda.nvrtc module is deprecated and will be removed in a future release, please switch to use the cuda.bindings.nvrtc module instead.
(Worker pid=3204112) <frozen importlib._bootstrap_external>:1297: FutureWarning: The cuda.cudart module is deprecated and will be removed in a future release, please switch to use the cuda.bindings.runtime module instead.
(Worker pid=3204112) <frozen importlib._bootstrap_external>:1297: FutureWarning: The cuda.nvrtc module is deprecated and will be removed in a future release, please switch to use the cuda.bindings.nvrtc module instead.
(Worker pid=3204105) <frozen importlib._bootstrap_external>:1297: FutureWarning: The cuda.cudart module is deprecated and will be removed in a future release, please switch to use the cuda.bindings.runtime module instead.
(Worker pid=3204105) <frozen importlib._bootstrap_external>:1297: FutureWarning: The cuda.nvrtc module is deprecated and will be removed in a future release, please switch to use the cuda.bindings.nvrtc module instead.
(Worker pid=3204109) <frozen importlib._bootstrap_external>:1297: FutureWarning: The cuda.cudart module is deprecated and will be removed in a future release, please switch to use the cuda.bindings.runtime module instead.
(Worker pid=3204109) <frozen importlib._bootstrap_external>:1297: FutureWarning: The cuda.nvrtc module is deprecated and will be removed in a future release, please switch to use the cuda.bindings.nvrtc module instead.
(Worker pid=3204106) <frozen importlib._bootstrap_external>:1297: FutureWarning: The cuda.cudart module is deprecated and will be removed in a future release, please switch to use the cuda.bindings.runtime module instead.
(Worker pid=3204106) <frozen importlib._bootstrap_external>:1297: FutureWarning: The cuda.nvrtc module is deprecated and will be removed in a future release, please switch to use the cuda.bindings.nvrtc module instead.
(Worker pid=3204104) INFO 07-08 11:05:02 [cuda_communicator.py:248] Using [] all-reduce backends (in dispatch order) for group 'tp:0' out of potential backends: ['FT_NCCL', 'NCCL_SYMM_MEM', 'QUICK_REDUCE', 'FLASHINFER', 'CUSTOM', 'SYMM_MEM', 'PYNCCL'].
(Worker pid=3204104) INFO 07-08 11:05:03 [parallel_state.py:1735] rank 0 in world size 8 is assigned as DP rank 0, PP rank 0, PCP rank 0, TP rank 0, EP rank N/A, EPLB rank N/A
(Worker pid=3204104) INFO 07-08 11:05:03 [topk_topp_sampler.py:45] Using FlashInfer for top-p & top-k sampling.
(Worker_TP0 pid=3204104) INFO 07-08 11:05:03 [gpu_model_runner.py:5037] Starting to load model Qwen/Qwen2.5-32B-Instruct...
(Worker_TP0 pid=3204104) INFO 07-08 11:05:04 [cuda.py:378] Using FLASH_ATTN attention backend out of potential backends: ['FLASH_ATTN', 'FLASHINFER', 'TRITON_ATTN', 'FLEX_ATTENTION'].
(Worker_TP0 pid=3204104) INFO 07-08 11:05:04 [flash_attn.py:636] Using FlashAttention version 3
(Worker_TP1 pid=3204105) Warning: You are sending unauthenticated requests to the HF Hub. Please set a HF_TOKEN to enable higher rate limits and faster downloads.
(Worker_TP7 pid=3204112) Warning: You are sending unauthenticated requests to the HF Hub. Please set a HF_TOKEN to enable higher rate limits and faster downloads.
(Worker_TP5 pid=3204110) Warning: You are sending unauthenticated requests to the HF Hub. Please set a HF_TOKEN to enable higher rate limits and faster downloads.
(Worker_TP0 pid=3204104) Warning: You are sending unauthenticated requests to the HF Hub. Please set a HF_TOKEN to enable higher rate limits and faster downloads.
(Worker_TP4 pid=3204109) Warning: You are sending unauthenticated requests to the HF Hub. Please set a HF_TOKEN to enable higher rate limits and faster downloads.
(Worker_TP2 pid=3204106) Warning: You are sending unauthenticated requests to the HF Hub. Please set a HF_TOKEN to enable higher rate limits and faster downloads.
(Worker_TP0 pid=3204104) INFO 07-08 11:05:06 [weight_utils.py:922] Filesystem type for checkpoints: TMPFS. Checkpoint size: 61.03 GiB. Available RAM: 1694.57 GiB.
(Worker_TP0 pid=3204104) INFO 07-08 11:05:06 [weight_utils.py:945] Auto-prefetch is disabled because the filesystem (TMPFS) is not a recognized network FS (NFS/Lustre). If you want to force prefetching, start vLLM with --safetensors-load-strategy=prefetch.
(Worker_TP0 pid=3204104) Loading safetensors checkpoint shards:   0% Completed | 0/17 [00:00<?, ?it/s]
(Worker_TP0 pid=3204104) Loading safetensors checkpoint shards:   6% Completed | 1/17 [00:00<00:02,  7.68it/s]
(Worker_TP0 pid=3204104) Loading safetensors checkpoint shards:  12% Completed | 2/17 [00:00<00:02,  6.04it/s]
(Worker_TP0 pid=3204104) Loading safetensors checkpoint shards:  18% Completed | 3/17 [00:00<00:02,  5.50it/s]
(Worker_TP0 pid=3204104) Loading safetensors checkpoint shards:  24% Completed | 4/17 [00:00<00:02,  5.24it/s]
(Worker_TP0 pid=3204104) Loading safetensors checkpoint shards:  29% Completed | 5/17 [00:00<00:02,  5.13it/s]
(Worker_TP0 pid=3204104) Loading safetensors checkpoint shards:  35% Completed | 6/17 [00:01<00:02,  5.09it/s]
(Worker_TP0 pid=3204104) Loading safetensors checkpoint shards:  41% Completed | 7/17 [00:01<00:01,  5.12it/s]
(Worker_TP0 pid=3204104) Loading safetensors checkpoint shards:  47% Completed | 8/17 [00:01<00:01,  5.12it/s]
(Worker_TP0 pid=3204104) Loading safetensors checkpoint shards:  53% Completed | 9/17 [00:01<00:01,  5.12it/s]
(Worker_TP0 pid=3204104) Loading safetensors checkpoint shards:  59% Completed | 10/17 [00:01<00:01,  5.13it/s]
(Worker_TP0 pid=3204104) Loading safetensors checkpoint shards:  65% Completed | 11/17 [00:02<00:01,  5.15it/s]
(Worker_TP0 pid=3204104) Loading safetensors checkpoint shards:  71% Completed | 12/17 [00:02<00:00,  5.12it/s]
(Worker_TP0 pid=3204104) Loading safetensors checkpoint shards:  76% Completed | 13/17 [00:02<00:00,  5.10it/s]
(Worker_TP0 pid=3204104) Loading safetensors checkpoint shards:  82% Completed | 14/17 [00:02<00:00,  5.08it/s]
(Worker_TP0 pid=3204104) Loading safetensors checkpoint shards:  88% Completed | 15/17 [00:02<00:00,  5.11it/s]
(Worker_TP0 pid=3204104) Loading safetensors checkpoint shards:  94% Completed | 16/17 [00:03<00:00,  5.29it/s]
(Worker_TP0 pid=3204104) Loading safetensors checkpoint shards: 100% Completed | 17/17 [00:03<00:00,  5.98it/s]
(Worker_TP0 pid=3204104) Loading safetensors checkpoint shards: 100% Completed | 17/17 [00:03<00:00,  5.35it/s]
(Worker_TP0 pid=3204104) 
(Worker_TP0 pid=3204104) INFO 07-08 11:05:09 [default_loader.py:397] Loading weights took 3.19 seconds
(Worker_TP0 pid=3204104) INFO 07-08 11:05:10 [gpu_model_runner.py:5132] Model loading took 7.69 GiB memory and 5.414641 seconds
(Worker_TP0 pid=3204104) INFO 07-08 11:05:13 [backends.py:1089] Using cache directory: /root/.cache/vllm/torch_compile_cache/a97b847bab/rank_0_0/backbone for vLLM's torch.compile
(Worker_TP0 pid=3204104) INFO 07-08 11:05:13 [backends.py:1148] Dynamo bytecode transform time: 3.22 s
(Worker_TP0 pid=3204104) INFO 07-08 11:05:13 [flashinfer_all_reduce.py:111] Auto-selected flashinfer allreduce backend: trtllm
(Worker_TP0 pid=3204104) /workspace/vllm/.venv/lib/python3.12/site-packages/torch/distributed/c10d_logger.py:83: UserWarning: barrier(): using the device under current context. You can specify `device_id` in `init_process_group` to mute this warning.
(Worker_TP0 pid=3204104)   return func(*args, **kwargs)
[rank0]:[W708 11:05:14.877831834 ProcessGroupNCCL.cpp:5188] Guessing device ID based on global rank. This can cause a hang if rank to GPU mapping is heterogeneous. You can specify device_id in init_process_group()
(Worker_TP0 pid=3204104) INFO 07-08 11:05:18 [flashinfer_all_reduce.py:151] Initialized FlashInfer Allreduce norm fusion workspace with backend=trtllm
(Worker_TP5 pid=3204110) INFO 07-08 11:05:21 [decorators.py:311] Directly load AOT compilation from path /root/.cache/vllm/torch_compile_cache/torch_aot_compile/f2bb87f9671a54f646a66b25c3454e2516b7bb5febbd9aef295e6b6e722240d0/rank_5_0/model
(Worker_TP6 pid=3204111) INFO 07-08 11:05:21 [decorators.py:311] Directly load AOT compilation from path /root/.cache/vllm/torch_compile_cache/torch_aot_compile/f2bb87f9671a54f646a66b25c3454e2516b7bb5febbd9aef295e6b6e722240d0/rank_6_0/model
(Worker_TP4 pid=3204109) INFO 07-08 11:05:21 [decorators.py:311] Directly load AOT compilation from path /root/.cache/vllm/torch_compile_cache/torch_aot_compile/f2bb87f9671a54f646a66b25c3454e2516b7bb5febbd9aef295e6b6e722240d0/rank_4_0/model
(Worker_TP7 pid=3204112) INFO 07-08 11:05:21 [decorators.py:311] Directly load AOT compilation from path /root/.cache/vllm/torch_compile_cache/torch_aot_compile/f2bb87f9671a54f646a66b25c3454e2516b7bb5febbd9aef295e6b6e722240d0/rank_7_0/model
(Worker_TP0 pid=3204104) INFO 07-08 11:05:21 [backends.py:292] Directly load the compiled graph(s) for compile range (1, 51) from the cache, took 3.061 s
(Worker_TP0 pid=3204104) INFO 07-08 11:05:21 [backends.py:292] Directly load the compiled graph(s) for compile range (52, 4096) from the cache, took 3.076 s
(Worker_TP0 pid=3204104) INFO 07-08 11:05:21 [decorators.py:311] Directly load AOT compilation from path /root/.cache/vllm/torch_compile_cache/torch_aot_compile/f2bb87f9671a54f646a66b25c3454e2516b7bb5febbd9aef295e6b6e722240d0/rank_0_0/model
(Worker_TP0 pid=3204104) INFO 07-08 11:05:21 [monitor.py:53] torch.compile took 11.49 s in total
(Worker_TP2 pid=3204106) INFO 07-08 11:05:21 [decorators.py:311] Directly load AOT compilation from path /root/.cache/vllm/torch_compile_cache/torch_aot_compile/f2bb87f9671a54f646a66b25c3454e2516b7bb5febbd9aef295e6b6e722240d0/rank_2_0/model
(Worker_TP3 pid=3204108) INFO 07-08 11:05:21 [decorators.py:311] Directly load AOT compilation from path /root/.cache/vllm/torch_compile_cache/torch_aot_compile/f2bb87f9671a54f646a66b25c3454e2516b7bb5febbd9aef295e6b6e722240d0/rank_3_0/model
(Worker_TP1 pid=3204105) INFO 07-08 11:05:22 [decorators.py:311] Directly load AOT compilation from path /root/.cache/vllm/torch_compile_cache/torch_aot_compile/f2bb87f9671a54f646a66b25c3454e2516b7bb5febbd9aef295e6b6e722240d0/rank_1_0/model
(Worker_TP0 pid=3204104) INFO 07-08 11:05:22 [monitor.py:81] Initial profiling/warmup run took 0.66 s
(Worker_TP6 pid=3204111) INFO 07-08 11:05:23 [gpu_model_runner.py:6279] Profiling CUDA graph memory: PIECEWISE=51 (largest=512), FULL=51 (largest=512)
(Worker_TP2 pid=3204106) INFO 07-08 11:05:23 [gpu_model_runner.py:6279] Profiling CUDA graph memory: PIECEWISE=51 (largest=512), FULL=51 (largest=512)
(Worker_TP7 pid=3204112) INFO 07-08 11:05:23 [gpu_model_runner.py:6279] Profiling CUDA graph memory: PIECEWISE=51 (largest=512), FULL=51 (largest=512)
(Worker_TP5 pid=3204110) INFO 07-08 11:05:23 [gpu_model_runner.py:6279] Profiling CUDA graph memory: PIECEWISE=51 (largest=512), FULL=51 (largest=512)
(Worker_TP4 pid=3204109) INFO 07-08 11:05:23 [gpu_model_runner.py:6279] Profiling CUDA graph memory: PIECEWISE=51 (largest=512), FULL=51 (largest=512)
(Worker_TP0 pid=3204104) INFO 07-08 11:05:23 [gpu_model_runner.py:6279] Profiling CUDA graph memory: PIECEWISE=51 (largest=512), FULL=51 (largest=512)
(Worker_TP1 pid=3204105) INFO 07-08 11:05:23 [gpu_model_runner.py:6279] Profiling CUDA graph memory: PIECEWISE=51 (largest=512), FULL=51 (largest=512)
(Worker_TP3 pid=3204108) INFO 07-08 11:05:23 [gpu_model_runner.py:6279] Profiling CUDA graph memory: PIECEWISE=51 (largest=512), FULL=51 (largest=512)
(Worker_TP6 pid=3204111) INFO 07-08 11:05:25 [gpu_model_runner.py:6365] Estimated CUDA graph memory: 1.09 GiB total
(Worker_TP5 pid=3204110) INFO 07-08 11:05:25 [gpu_model_runner.py:6365] Estimated CUDA graph memory: 1.09 GiB total
(Worker_TP7 pid=3204112) INFO 07-08 11:05:25 [gpu_model_runner.py:6365] Estimated CUDA graph memory: 1.09 GiB total
(Worker_TP4 pid=3204109) INFO 07-08 11:05:25 [gpu_model_runner.py:6365] Estimated CUDA graph memory: 1.09 GiB total
(Worker_TP2 pid=3204106) INFO 07-08 11:05:25 [gpu_model_runner.py:6365] Estimated CUDA graph memory: 1.09 GiB total
(Worker_TP6 pid=3204111) INFO 07-08 11:05:25 [gpu_worker.py:481] CUDA graph memory profiling is enabled (default since v0.21.0). The current --gpu-memory-utilization=0.9000 is equivalent to --gpu-memory-utilization=0.8863 without CUDA graph memory profiling. To maintain the same effective KV cache size as before, increase --gpu-memory-utilization to 0.9137. To disable, set VLLM_MEMORY_PROFILER_ESTIMATE_CUDAGRAPHS=0.
(Worker_TP7 pid=3204112) INFO 07-08 11:05:25 [gpu_worker.py:481] CUDA graph memory profiling is enabled (default since v0.21.0). The current --gpu-memory-utilization=0.9000 is equivalent to --gpu-memory-utilization=0.8863 without CUDA graph memory profiling. To maintain the same effective KV cache size as before, increase --gpu-memory-utilization to 0.9137. To disable, set VLLM_MEMORY_PROFILER_ESTIMATE_CUDAGRAPHS=0.
(Worker_TP5 pid=3204110) INFO 07-08 11:05:25 [gpu_worker.py:481] CUDA graph memory profiling is enabled (default since v0.21.0). The current --gpu-memory-utilization=0.9000 is equivalent to --gpu-memory-utilization=0.8863 without CUDA graph memory profiling. To maintain the same effective KV cache size as before, increase --gpu-memory-utilization to 0.9137. To disable, set VLLM_MEMORY_PROFILER_ESTIMATE_CUDAGRAPHS=0.
(Worker_TP1 pid=3204105) INFO 07-08 11:05:25 [gpu_model_runner.py:6365] Estimated CUDA graph memory: 1.09 GiB total
(Worker_TP3 pid=3204108) INFO 07-08 11:05:25 [gpu_model_runner.py:6365] Estimated CUDA graph memory: 1.09 GiB total
(Worker_TP0 pid=3204104) INFO 07-08 11:05:25 [gpu_model_runner.py:6365] Estimated CUDA graph memory: 1.09 GiB total
(Worker_TP4 pid=3204109) INFO 07-08 11:05:25 [gpu_worker.py:481] CUDA graph memory profiling is enabled (default since v0.21.0). The current --gpu-memory-utilization=0.9000 is equivalent to --gpu-memory-utilization=0.8863 without CUDA graph memory profiling. To maintain the same effective KV cache size as before, increase --gpu-memory-utilization to 0.9137. To disable, set VLLM_MEMORY_PROFILER_ESTIMATE_CUDAGRAPHS=0.
(Worker_TP2 pid=3204106) INFO 07-08 11:05:25 [gpu_worker.py:481] CUDA graph memory profiling is enabled (default since v0.21.0). The current --gpu-memory-utilization=0.9000 is equivalent to --gpu-memory-utilization=0.8863 without CUDA graph memory profiling. To maintain the same effective KV cache size as before, increase --gpu-memory-utilization to 0.9137. To disable, set VLLM_MEMORY_PROFILER_ESTIMATE_CUDAGRAPHS=0.
(Worker_TP1 pid=3204105) INFO 07-08 11:05:26 [gpu_worker.py:481] CUDA graph memory profiling is enabled (default since v0.21.0). The current --gpu-memory-utilization=0.9000 is equivalent to --gpu-memory-utilization=0.8863 without CUDA graph memory profiling. To maintain the same effective KV cache size as before, increase --gpu-memory-utilization to 0.9137. To disable, set VLLM_MEMORY_PROFILER_ESTIMATE_CUDAGRAPHS=0.
(Worker_TP3 pid=3204108) INFO 07-08 11:05:26 [gpu_worker.py:481] CUDA graph memory profiling is enabled (default since v0.21.0). The current --gpu-memory-utilization=0.9000 is equivalent to --gpu-memory-utilization=0.8863 without CUDA graph memory profiling. To maintain the same effective KV cache size as before, increase --gpu-memory-utilization to 0.9137. To disable, set VLLM_MEMORY_PROFILER_ESTIMATE_CUDAGRAPHS=0.
(Worker_TP0 pid=3204104) INFO 07-08 11:05:26 [gpu_worker.py:466] Available KV cache memory: 58.91 GiB
(Worker_TP0 pid=3204104) INFO 07-08 11:05:26 [gpu_worker.py:481] CUDA graph memory profiling is enabled (default since v0.21.0). The current --gpu-memory-utilization=0.9000 is equivalent to --gpu-memory-utilization=0.8863 without CUDA graph memory profiling. To maintain the same effective KV cache size as before, increase --gpu-memory-utilization to 0.9137. To disable, set VLLM_MEMORY_PROFILER_ESTIMATE_CUDAGRAPHS=0.
(EngineCore pid=3203832) INFO 07-08 11:05:26 [kv_cache_utils.py:1733] GPU KV cache size: 1,930,432 tokens
(EngineCore pid=3203832) INFO 07-08 11:05:26 [kv_cache_utils.py:1734] Maximum concurrency for 4,096 tokens per request: 471.30x
(Worker_TP0 pid=3204104) 2026-07-08 11:05:26,564 - INFO - autotuner.py:615 - flashinfer.jit: [Autotuner]: Autotuning process starts ...
(Worker_TP3 pid=3204108) 2026-07-08 11:05:26,564 - INFO - autotuner.py:615 - flashinfer.jit: [Autotuner]: Autotuning process starts ...
(Worker_TP2 pid=3204106) 2026-07-08 11:05:26,564 - INFO - autotuner.py:615 - flashinfer.jit: [Autotuner]: Autotuning process starts ...
(Worker_TP4 pid=3204109) 2026-07-08 11:05:26,564 - INFO - autotuner.py:615 - flashinfer.jit: [Autotuner]: Autotuning process starts ...
(Worker_TP6 pid=3204111) 2026-07-08 11:05:26,564 - INFO - autotuner.py:615 - flashinfer.jit: [Autotuner]: Autotuning process starts ...
(Worker_TP1 pid=3204105) 2026-07-08 11:05:26,564 - INFO - autotuner.py:615 - flashinfer.jit: [Autotuner]: Autotuning process starts ...
(Worker_TP5 pid=3204110) 2026-07-08 11:05:26,564 - INFO - autotuner.py:615 - flashinfer.jit: [Autotuner]: Autotuning process starts ...
(Worker_TP7 pid=3204112) 2026-07-08 11:05:26,569 - INFO - autotuner.py:615 - flashinfer.jit: [Autotuner]: Autotuning process starts ...
(Worker_TP5 pid=3204110) 2026-07-08 11:05:26,586 - INFO - autotuner.py:634 - flashinfer.jit: [Autotuner]: Autotuning process ends
(Worker_TP0 pid=3204104) 2026-07-08 11:05:26,586 - INFO - autotuner.py:634 - flashinfer.jit: [Autotuner]: Autotuning process ends
(Worker_TP6 pid=3204111) 2026-07-08 11:05:26,586 - INFO - autotuner.py:634 - flashinfer.jit: [Autotuner]: Autotuning process ends
(Worker_TP4 pid=3204109) 2026-07-08 11:05:26,587 - INFO - autotuner.py:634 - flashinfer.jit: [Autotuner]: Autotuning process ends
(Worker_TP2 pid=3204106) 2026-07-08 11:05:26,587 - INFO - autotuner.py:634 - flashinfer.jit: [Autotuner]: Autotuning process ends
(Worker_TP3 pid=3204108) 2026-07-08 11:05:26,587 - INFO - autotuner.py:634 - flashinfer.jit: [Autotuner]: Autotuning process ends
(Worker_TP1 pid=3204105) 2026-07-08 11:05:26,589 - INFO - autotuner.py:634 - flashinfer.jit: [Autotuner]: Autotuning process ends
(Worker_TP7 pid=3204112) 2026-07-08 11:05:26,601 - INFO - autotuner.py:634 - flashinfer.jit: [Autotuner]: Autotuning process ends
(Worker_TP0 pid=3204104) Capturing CUDA graphs (mixed prefill-decode, PIECEWISE):   0%|          | 0/51 [00:00<?, ?it/s]Capturing CUDA graphs (mixed prefill-decode, PIECEWISE):   4%|▍         | 2/51 [00:00<00:04, 12.02it/s]Capturing CUDA graphs (mixed prefill-decode, PIECEWISE):   8%|▊         | 4/51 [00:00<00:04, 11.67it/s]Capturing CUDA graphs (mixed prefill-decode, PIECEWISE):  12%|█▏        | 6/51 [00:00<00:04, 11.19it/s]Capturing CUDA graphs (mixed prefill-decode, PIECEWISE):  16%|█▌        | 8/51 [00:00<00:03, 11.02it/s]Capturing CUDA graphs (mixed prefill-decode, PIECEWISE):  20%|█▉        | 10/51 [00:00<00:03, 10.84it/s]Capturing CUDA graphs (mixed prefill-decode, PIECEWISE):  24%|██▎       | 12/51 [00:01<00:03, 10.80it/s]Capturing CUDA graphs (mixed prefill-decode, PIECEWISE):  27%|██▋       | 14/51 [00:01<00:03, 10.58it/s]Capturing CUDA graphs (mixed prefill-decode, PIECEWISE):  31%|███▏      | 16/51 [00:01<00:03, 10.46it/s]Capturing CUDA graphs (mixed prefill-decode, PIECEWISE):  35%|███▌      | 18/51 [00:01<00:03, 10.31it/s]Capturing CUDA graphs (mixed prefill-decode, PIECEWISE):  39%|███▉      | 20/51 [00:01<00:03, 10.07it/s]Capturing CUDA graphs (mixed prefill-decode, PIECEWISE):  43%|████▎     | 22/51 [00:02<00:02, 10.02it/s]Capturing CUDA graphs (mixed prefill-decode, PIECEWISE):  47%|████▋     | 24/51 [00:02<00:02,  9.91it/s]Capturing CUDA graphs (mixed prefill-decode, PIECEWISE):  49%|████▉     | 25/51 [00:02<00:02,  9.68it/s]Capturing CUDA graphs (mixed prefill-decode, PIECEWISE):  53%|█████▎    | 27/51 [00:02<00:02,  9.72it/s]Capturing CUDA graphs (mixed prefill-decode, PIECEWISE):  55%|█████▍    | 28/51 [00:02<00:02,  9.69it/s]Capturing CUDA graphs (mixed prefill-decode, PIECEWISE):  57%|█████▋    | 29/51 [00:02<00:02,  9.75it/s]Capturing CUDA graphs (mixed prefill-decode, PIECEWISE):  59%|█████▉    | 30/51 [00:02<00:02,  9.71it/s]Capturing CUDA graphs (mixed prefill-decode, PIECEWISE):  61%|██████    | 31/51 [00:03<00:02,  9.53it/s]Capturing CUDA graphs (mixed prefill-decode, PIECEWISE):  63%|██████▎   | 32/51 [00:03<00:01,  9.63it/s]Capturing CUDA graphs (mixed prefill-decode, PIECEWISE):  65%|██████▍   | 33/51 [00:03<00:01,  9.52it/s]Capturing CUDA graphs (mixed prefill-decode, PIECEWISE):  67%|██████▋   | 34/51 [00:03<00:01,  9.54it/s]Capturing CUDA graphs (mixed prefill-decode, PIECEWISE):  69%|██████▊   | 35/51 [00:03<00:01,  9.50it/s]Capturing CUDA graphs (mixed prefill-decode, PIECEWISE):  73%|███████▎  | 37/51 [00:03<00:01,  9.79it/s]Capturing CUDA graphs (mixed prefill-decode, PIECEWISE):  75%|███████▍  | 38/51 [00:03<00:01,  9.79it/s]Capturing CUDA graphs (mixed prefill-decode, PIECEWISE):  76%|███████▋  | 39/51 [00:03<00:01,  9.73it/s]Capturing CUDA graphs (mixed prefill-decode, PIECEWISE):  78%|███████▊  | 40/51 [00:03<00:01,  9.63it/s]Capturing CUDA graphs (mixed prefill-decode, PIECEWISE):  82%|████████▏ | 42/51 [00:04<00:00,  9.75it/s]Capturing CUDA graphs (mixed prefill-decode, PIECEWISE):  84%|████████▍ | 43/51 [00:04<00:00,  9.42it/s]Capturing CUDA graphs (mixed prefill-decode, PIECEWISE):  88%|████████▊ | 45/51 [00:04<00:00, 10.28it/s]Capturing CUDA graphs (mixed prefill-decode, PIECEWISE):  92%|█████████▏| 47/51 [00:04<00:00, 10.73it/s]Capturing CUDA graphs (mixed prefill-decode, PIECEWISE):  96%|█████████▌| 49/51 [00:04<00:00, 11.14it/s]Capturing CUDA graphs (mixed prefill-decode, PIECEWISE): 100%|██████████| 51/51 [00:04<00:00, 11.21it/s]Capturing CUDA graphs (mixed prefill-decode, PIECEWISE): 100%|██████████| 51/51 [00:04<00:00, 10.26it/s]
(Worker_TP0 pid=3204104) Capturing CUDA graphs (decode, FULL):   0%|          | 0/51 [00:00<?, ?it/s]Capturing CUDA graphs (decode, FULL):   4%|▍         | 2/51 [00:00<00:03, 13.45it/s]Capturing CUDA graphs (decode, FULL):   8%|▊         | 4/51 [00:00<00:03, 13.74it/s]Capturing CUDA graphs (decode, FULL):  12%|█▏        | 6/51 [00:00<00:03, 14.03it/s]Capturing CUDA graphs (decode, FULL):  16%|█▌        | 8/51 [00:00<00:03, 14.30it/s]Capturing CUDA graphs (decode, FULL):  20%|█▉        | 10/51 [00:00<00:02, 14.08it/s]Capturing CUDA graphs (decode, FULL):  24%|██▎       | 12/51 [00:00<00:02, 14.36it/s]Capturing CUDA graphs (decode, FULL):  27%|██▋       | 14/51 [00:01<00:02, 13.89it/s]Capturing CUDA graphs (decode, FULL):  31%|███▏      | 16/51 [00:01<00:02, 13.94it/s]Capturing CUDA graphs (decode, FULL):  35%|███▌      | 18/51 [00:01<00:02, 14.16it/s]Capturing CUDA graphs (decode, FULL):  39%|███▉      | 20/51 [00:01<00:02, 14.23it/s]Capturing CUDA graphs (decode, FULL):  43%|████▎     | 22/51 [00:01<00:02, 14.38it/s]Capturing CUDA graphs (decode, FULL):  47%|████▋     | 24/51 [00:01<00:01, 14.28it/s]Capturing CUDA graphs (decode, FULL):  51%|█████     | 26/51 [00:01<00:01, 14.25it/s]Capturing CUDA graphs (decode, FULL):  55%|█████▍    | 28/51 [00:01<00:01, 14.56it/s]Capturing CUDA graphs (decode, FULL):  59%|█████▉    | 30/51 [00:02<00:01, 14.50it/s]Capturing CUDA graphs (decode, FULL):  63%|██████▎   | 32/51 [00:02<00:01, 14.65it/s]Capturing CUDA graphs (decode, FULL):  67%|██████▋   | 34/51 [00:02<00:01, 14.75it/s]Capturing CUDA graphs (decode, FULL):  71%|███████   | 36/51 [00:02<00:01, 14.64it/s]Capturing CUDA graphs (decode, FULL):  75%|███████▍  | 38/51 [00:02<00:00, 14.94it/s]Capturing CUDA graphs (decode, FULL):  78%|███████▊  | 40/51 [00:02<00:00, 14.89it/s]Capturing CUDA graphs (decode, FULL):  82%|████████▏ | 42/51 [00:02<00:00, 15.26it/s]Capturing CUDA graphs (decode, FULL):  88%|████████▊ | 45/51 [00:03<00:00, 17.39it/s]Capturing CUDA graphs (decode, FULL):  94%|█████████▍| 48/51 [00:03<00:00, 19.18it/s]Capturing CUDA graphs (decode, FULL): 100%|██████████| 51/51 [00:03<00:00, 20.59it/s]Capturing CUDA graphs (decode, FULL): 100%|██████████| 51/51 [00:03<00:00, 15.52it/s]
(Worker_TP5 pid=3204110) INFO 07-08 11:05:35 [gpu_worker.py:619] CUDA graph pool memory: 0.97 GiB (actual), 1.09 GiB (estimated), difference: 0.12 GiB (12.3%).
(Worker_TP6 pid=3204111) INFO 07-08 11:05:35 [gpu_worker.py:619] CUDA graph pool memory: 0.97 GiB (actual), 1.09 GiB (estimated), difference: 0.12 GiB (12.3%).
(Worker_TP7 pid=3204112) INFO 07-08 11:05:35 [gpu_worker.py:619] CUDA graph pool memory: 0.97 GiB (actual), 1.09 GiB (estimated), difference: 0.12 GiB (12.3%).
(Worker_TP2 pid=3204106) INFO 07-08 11:05:35 [gpu_worker.py:619] CUDA graph pool memory: 0.97 GiB (actual), 1.09 GiB (estimated), difference: 0.12 GiB (12.3%).
(Worker_TP4 pid=3204109) INFO 07-08 11:05:35 [gpu_worker.py:619] CUDA graph pool memory: 0.97 GiB (actual), 1.09 GiB (estimated), difference: 0.12 GiB (12.3%).
(Worker_TP0 pid=3204104) INFO 07-08 11:05:36 [gpu_model_runner.py:6456] Graph capturing finished in 9 secs, took 0.97 GiB
(Worker_TP0 pid=3204104) INFO 07-08 11:05:36 [gpu_worker.py:619] CUDA graph pool memory: 0.97 GiB (actual), 1.09 GiB (estimated), difference: 0.12 GiB (12.3%).
(Worker_TP3 pid=3204108) INFO 07-08 11:05:36 [gpu_worker.py:619] CUDA graph pool memory: 0.97 GiB (actual), 1.09 GiB (estimated), difference: 0.12 GiB (12.3%).
(Worker_TP1 pid=3204105) INFO 07-08 11:05:36 [gpu_worker.py:619] CUDA graph pool memory: 0.97 GiB (actual), 1.09 GiB (estimated), difference: 0.12 GiB (12.3%).
(Worker_TP5 pid=3204110) INFO 07-08 11:05:36 [jit_monitor.py:54] Kernel JIT monitor activated — Triton JIT compilations during inference will be logged as warnings.
(Worker_TP6 pid=3204111) INFO 07-08 11:05:36 [jit_monitor.py:54] Kernel JIT monitor activated — Triton JIT compilations during inference will be logged as warnings.
(Worker_TP7 pid=3204112) INFO 07-08 11:05:36 [jit_monitor.py:54] Kernel JIT monitor activated — Triton JIT compilations during inference will be logged as warnings.
(Worker_TP4 pid=3204109) INFO 07-08 11:05:36 [jit_monitor.py:54] Kernel JIT monitor activated — Triton JIT compilations during inference will be logged as warnings.
(Worker_TP0 pid=3204104) INFO 07-08 11:05:36 [jit_monitor.py:54] Kernel JIT monitor activated — Triton JIT compilations during inference will be logged as warnings.
(Worker_TP3 pid=3204108) INFO 07-08 11:05:36 [jit_monitor.py:54] Kernel JIT monitor activated — Triton JIT compilations during inference will be logged as warnings.
(Worker_TP2 pid=3204106) INFO 07-08 11:05:36 [jit_monitor.py:54] Kernel JIT monitor activated — Triton JIT compilations during inference will be logged as warnings.
(Worker_TP1 pid=3204105) INFO 07-08 11:05:36 [jit_monitor.py:54] Kernel JIT monitor activated — Triton JIT compilations during inference will be logged as warnings.
(EngineCore pid=3203832) INFO 07-08 11:05:36 [core.py:302] init engine (profile, create kv cache, warmup model) took 25.96 s (compilation: 11.49 s)
(EngineCore pid=3203832) Warning: You are sending unauthenticated requests to the HF Hub. Please set a HF_TOKEN to enable higher rate limits and faster downloads.
(EngineCore pid=3203832) INFO 07-08 11:05:38 [vllm.py:977] Asynchronous scheduling is enabled.
(EngineCore pid=3203832) INFO 07-08 11:05:38 [kernel.py:270] Final IR op priority after setting platform defaults: IrOpPriorityConfig(rms_norm=['native'], fused_add_rms_norm=['native'])
(EngineCore pid=3203832) <frozen importlib._bootstrap_external>:1297: FutureWarning: The cuda.cudart module is deprecated and will be removed in a future release, please switch to use the cuda.bindings.runtime module instead.
(EngineCore pid=3203832) <frozen importlib._bootstrap_external>:1297: FutureWarning: The cuda.nvrtc module is deprecated and will be removed in a future release, please switch to use the cuda.bindings.nvrtc module instead.
(EngineCore pid=3203832) INFO 07-08 11:05:39 [compilation.py:312] Enabled custom fusions: allreduce_rms
(APIServer pid=3202435) INFO 07-08 11:05:39 [api_server.py:592] Supported tasks: ['generate']
(APIServer pid=3202435) WARNING 07-08 11:05:39 [model.py:1509] Default vLLM sampling parameters have been overridden by the model's `generation_config.json`: `{'repetition_penalty': 1.05, 'temperature': 0.7, 'top_k': 20, 'top_p': 0.8}`. If this is not intended, please relaunch vLLM instance with `--generation-config vllm`.
(APIServer pid=3202435) INFO 07-08 11:05:40 [hf.py:488] Detected the chat template content format to be 'string'. You can set `--chat-template-content-format` to override this.
(APIServer pid=3202435) INFO 07-08 11:05:41 [api_server.py:596] Starting vLLM server on http://127.0.0.1:8000
(APIServer pid=3202435) INFO 07-08 11:05:41 [launcher.py:37] Available routes are:
(APIServer pid=3202435) INFO 07-08 11:05:41 [launcher.py:46] Route: /openapi.json, Methods: HEAD, GET
(APIServer pid=3202435) INFO 07-08 11:05:41 [launcher.py:46] Route: /docs, Methods: HEAD, GET
(APIServer pid=3202435) INFO 07-08 11:05:41 [launcher.py:46] Route: /docs/oauth2-redirect, Methods: HEAD, GET
(APIServer pid=3202435) INFO 07-08 11:05:41 [launcher.py:46] Route: /redoc, Methods: HEAD, GET
(APIServer pid=3202435) INFO 07-08 11:05:41 [launcher.py:46] Route: /tokenize, Methods: POST
(APIServer pid=3202435) INFO 07-08 11:05:41 [launcher.py:46] Route: /detokenize, Methods: POST
(APIServer pid=3202435) INFO 07-08 11:05:41 [launcher.py:46] Route: /load, Methods: GET
(APIServer pid=3202435) INFO 07-08 11:05:41 [launcher.py:46] Route: /version, Methods: GET
(APIServer pid=3202435) INFO 07-08 11:05:41 [launcher.py:46] Route: /health, Methods: GET
(APIServer pid=3202435) INFO 07-08 11:05:41 [launcher.py:46] Route: /metrics, Methods: GET
(APIServer pid=3202435) INFO 07-08 11:05:41 [launcher.py:46] Route: /v1/models, Methods: GET
(APIServer pid=3202435) INFO 07-08 11:05:41 [launcher.py:46] Route: /ping, Methods: GET
(APIServer pid=3202435) INFO 07-08 11:05:41 [launcher.py:46] Route: /ping, Methods: POST
(APIServer pid=3202435) INFO 07-08 11:05:41 [launcher.py:46] Route: /invocations, Methods: POST
(APIServer pid=3202435) INFO 07-08 11:05:41 [launcher.py:46] Route: /v1/chat/completions, Methods: POST
(APIServer pid=3202435) INFO 07-08 11:05:41 [launcher.py:46] Route: /v1/chat/completions/batch, Methods: POST
(APIServer pid=3202435) INFO 07-08 11:05:41 [launcher.py:46] Route: /v1/responses, Methods: POST
(APIServer pid=3202435) INFO 07-08 11:05:41 [launcher.py:46] Route: /v1/responses/{response_id}, Methods: GET
(APIServer pid=3202435) INFO 07-08 11:05:41 [launcher.py:46] Route: /v1/responses/{response_id}/cancel, Methods: POST
(APIServer pid=3202435) INFO 07-08 11:05:41 [launcher.py:46] Route: /v1/completions, Methods: POST
(APIServer pid=3202435) INFO 07-08 11:05:41 [launcher.py:46] Route: /v1/messages, Methods: POST
(APIServer pid=3202435) INFO 07-08 11:05:41 [launcher.py:46] Route: /v1/messages/count_tokens, Methods: POST
(APIServer pid=3202435) INFO 07-08 11:05:41 [launcher.py:46] Route: /inference/v1/generate, Methods: POST
(APIServer pid=3202435) INFO 07-08 11:05:41 [launcher.py:46] Route: /scale_elastic_ep, Methods: POST
(APIServer pid=3202435) INFO 07-08 11:05:41 [launcher.py:46] Route: /is_scaling_elastic_ep, Methods: POST
(APIServer pid=3202435) INFO 07-08 11:05:41 [launcher.py:46] Route: /generative_scoring, Methods: POST
(APIServer pid=3202435) INFO 07-08 11:05:41 [launcher.py:46] Route: /v1/chat/completions/render, Methods: POST
(APIServer pid=3202435) INFO 07-08 11:05:41 [launcher.py:46] Route: /v1/completions/render, Methods: POST
(APIServer pid=3202435) INFO:     Started server process [3202435]
(APIServer pid=3202435) INFO:     Waiting for application startup.
(APIServer pid=3202435) INFO:     Application startup complete.
(APIServer pid=3202435) INFO:     127.0.0.1:52004 - "POST /v1/completions HTTP/1.1" 200 OK
(Worker_TP0 pid=3204104) WARNING 07-08 11:05:42 [jit_monitor.py:103] Triton kernel JIT compilation during inference: _compute_slot_mapping_kernel. This causes a latency spike; consider extending warmup to cover this shape/config.
(APIServer pid=3202435) INFO:     127.0.0.1:52004 - "POST /v1/completions HTTP/1.1" 200 OK
(APIServer pid=3202435) INFO:     127.0.0.1:52008 - "POST /v1/completions HTTP/1.1" 200 OK
(APIServer pid=3202435) INFO:     127.0.0.1:52010 - "POST /v1/completions HTTP/1.1" 200 OK
(APIServer pid=3202435) INFO:     127.0.0.1:52014 - "POST /v1/completions HTTP/1.1" 200 OK
(APIServer pid=3202435) INFO:     127.0.0.1:52030 - "POST /v1/completions HTTP/1.1" 200 OK
(APIServer pid=3202435) INFO:     127.0.0.1:52038 - "POST /v1/completions HTTP/1.1" 200 OK
(APIServer pid=3202435) INFO:     127.0.0.1:52048 - "POST /v1/completions HTTP/1.1" 200 OK
(APIServer pid=3202435) INFO:     127.0.0.1:52050 - "POST /v1/completions HTTP/1.1" 200 OK
(APIServer pid=3202435) INFO:     127.0.0.1:52060 - "POST /v1/completions HTTP/1.1" 200 OK
(APIServer pid=3202435) INFO:     127.0.0.1:52068 - "POST /v1/completions HTTP/1.1" 200 OK
(APIServer pid=3202435) INFO:     127.0.0.1:52076 - "POST /v1/completions HTTP/1.1" 200 OK
(APIServer pid=3202435) INFO:     127.0.0.1:52084 - "POST /v1/completions HTTP/1.1" 200 OK
(APIServer pid=3202435) INFO:     127.0.0.1:52088 - "POST /v1/completions HTTP/1.1" 200 OK
(APIServer pid=3202435) INFO:     127.0.0.1:52102 - "POST /v1/completions HTTP/1.1" 200 OK
(APIServer pid=3202435) INFO:     127.0.0.1:52110 - "POST /v1/completions HTTP/1.1" 200 OK
(APIServer pid=3202435) INFO:     127.0.0.1:52122 - "POST /v1/completions HTTP/1.1" 200 OK
(APIServer pid=3202435) INFO:     127.0.0.1:52132 - "POST /v1/completions HTTP/1.1" 200 OK
(APIServer pid=3202435) INFO:     127.0.0.1:52146 - "POST /v1/completions HTTP/1.1" 200 OK
(APIServer pid=3202435) INFO:     127.0.0.1:52150 - "POST /v1/completions HTTP/1.1" 200 OK
(APIServer pid=3202435) INFO:     127.0.0.1:52166 - "POST /v1/completions HTTP/1.1" 200 OK
(APIServer pid=3202435) INFO:     127.0.0.1:52174 - "POST /v1/completions HTTP/1.1" 200 OK
(APIServer pid=3202435) INFO:     127.0.0.1:52182 - "POST /v1/completions HTTP/1.1" 200 OK
(APIServer pid=3202435) INFO:     127.0.0.1:52190 - "POST /v1/completions HTTP/1.1" 200 OK
(APIServer pid=3202435) INFO:     127.0.0.1:52194 - "POST /v1/completions HTTP/1.1" 200 OK
(APIServer pid=3202435) INFO:     127.0.0.1:52210 - "POST /v1/completions HTTP/1.1" 200 OK
(APIServer pid=3202435) INFO:     127.0.0.1:52216 - "POST /v1/completions HTTP/1.1" 200 OK
(APIServer pid=3202435) INFO:     127.0.0.1:52218 - "POST /v1/completions HTTP/1.1" 200 OK
(APIServer pid=3202435) INFO:     127.0.0.1:52234 - "POST /v1/completions HTTP/1.1" 200 OK
(APIServer pid=3202435) INFO:     127.0.0.1:52242 - "POST /v1/completions HTTP/1.1" 200 OK
(APIServer pid=3202435) INFO:     127.0.0.1:52256 - "POST /v1/completions HTTP/1.1" 200 OK
(APIServer pid=3202435) INFO:     127.0.0.1:52272 - "POST /v1/completions HTTP/1.1" 200 OK
(APIServer pid=3202435) INFO:     127.0.0.1:52278 - "POST /v1/completions HTTP/1.1" 200 OK
(APIServer pid=3202435) INFO:     127.0.0.1:52288 - "POST /v1/completions HTTP/1.1" 200 OK
(APIServer pid=3202435) INFO:     127.0.0.1:52304 - "POST /v1/completions HTTP/1.1" 200 OK
(APIServer pid=3202435) INFO:     127.0.0.1:52312 - "POST /v1/completions HTTP/1.1" 200 OK
(APIServer pid=3202435) INFO:     127.0.0.1:52322 - "POST /v1/completions HTTP/1.1" 200 OK
(APIServer pid=3202435) INFO:     127.0.0.1:52334 - "POST /v1/completions HTTP/1.1" 200 OK
(APIServer pid=3202435) INFO:     127.0.0.1:52336 - "POST /v1/completions HTTP/1.1" 200 OK
(APIServer pid=3202435) INFO:     127.0.0.1:52346 - "POST /v1/completions HTTP/1.1" 200 OK
(APIServer pid=3202435) INFO:     127.0.0.1:52354 - "POST /v1/completions HTTP/1.1" 200 OK
(APIServer pid=3202435) INFO:     127.0.0.1:52364 - "POST /v1/completions HTTP/1.1" 200 OK
(APIServer pid=3202435) INFO:     127.0.0.1:52378 - "POST /v1/completions HTTP/1.1" 200 OK
(APIServer pid=3202435) INFO:     127.0.0.1:52386 - "POST /v1/completions HTTP/1.1" 200 OK
(APIServer pid=3202435) INFO:     127.0.0.1:52398 - "POST /v1/completions HTTP/1.1" 200 OK
(APIServer pid=3202435) INFO:     127.0.0.1:52406 - "POST /v1/completions HTTP/1.1" 200 OK
(APIServer pid=3202435) INFO:     127.0.0.1:52408 - "POST /v1/completions HTTP/1.1" 200 OK
(APIServer pid=3202435) INFO:     127.0.0.1:52424 - "POST /v1/completions HTTP/1.1" 200 OK
(APIServer pid=3202435) INFO:     127.0.0.1:52438 - "POST /v1/completions HTTP/1.1" 200 OK
(APIServer pid=3202435) INFO:     127.0.0.1:52444 - "POST /v1/completions HTTP/1.1" 200 OK
(APIServer pid=3202435) INFO:     127.0.0.1:52450 - "POST /v1/completions HTTP/1.1" 200 OK
(APIServer pid=3202435) INFO:     127.0.0.1:52462 - "POST /v1/completions HTTP/1.1" 200 OK
(APIServer pid=3202435) INFO:     127.0.0.1:52476 - "POST /v1/completions HTTP/1.1" 200 OK
(APIServer pid=3202435) INFO:     127.0.0.1:52488 - "POST /v1/completions HTTP/1.1" 200 OK
(APIServer pid=3202435) INFO:     127.0.0.1:52492 - "POST /v1/completions HTTP/1.1" 200 OK
(APIServer pid=3202435) INFO:     127.0.0.1:52498 - "POST /v1/completions HTTP/1.1" 200 OK
(APIServer pid=3202435) INFO:     127.0.0.1:52508 - "POST /v1/completions HTTP/1.1" 200 OK
(APIServer pid=3202435) INFO:     127.0.0.1:52512 - "POST /v1/completions HTTP/1.1" 200 OK
(APIServer pid=3202435) INFO:     127.0.0.1:52522 - "POST /v1/completions HTTP/1.1" 200 OK
(APIServer pid=3202435) INFO:     127.0.0.1:52528 - "POST /v1/completions HTTP/1.1" 200 OK
(APIServer pid=3202435) INFO:     127.0.0.1:52540 - "POST /v1/completions HTTP/1.1" 200 OK
(APIServer pid=3202435) INFO:     127.0.0.1:52552 - "POST /v1/completions HTTP/1.1" 200 OK
(APIServer pid=3202435) INFO:     127.0.0.1:52562 - "POST /v1/completions HTTP/1.1" 200 OK
(APIServer pid=3202435) INFO:     127.0.0.1:52576 - "POST /v1/completions HTTP/1.1" 200 OK
(APIServer pid=3202435) INFO:     127.0.0.1:52590 - "POST /v1/completions HTTP/1.1" 200 OK
(APIServer pid=3202435) INFO 07-08 11:05:51 [loggers.py:271] Engine 000: Avg prompt throughput: 87.9 tokens/s, Avg generation throughput: 1222.1 tokens/s, Running: 64 reqs, Waiting: 0 reqs, GPU KV cache usage: 0.9%, Prefix cache hit rate: 86.2%
(APIServer pid=3202435) INFO:     127.0.0.1:52004 - "GET /metrics HTTP/1.1" 200 OK
(APIServer pid=3202435) INFO:     127.0.0.1:52008 - "POST /v1/completions HTTP/1.1" 200 OK
(APIServer pid=3202435) INFO:     127.0.0.1:52210 - "POST /v1/completions HTTP/1.1" 200 OK
(APIServer pid=3202435) INFO:     127.0.0.1:52194 - "POST /v1/completions HTTP/1.1" 200 OK
(APIServer pid=3202435) INFO:     127.0.0.1:52218 - "POST /v1/completions HTTP/1.1" 200 OK
(APIServer pid=3202435) INFO:     127.0.0.1:52216 - "POST /v1/completions HTTP/1.1" 200 OK
(APIServer pid=3202435) INFO:     127.0.0.1:52150 - "POST /v1/completions HTTP/1.1" 200 OK
(APIServer pid=3202435) INFO:     127.0.0.1:52146 - "POST /v1/completions HTTP/1.1" 200 OK
(APIServer pid=3202435) INFO:     127.0.0.1:52174 - "POST /v1/completions HTTP/1.1" 200 OK
(APIServer pid=3202435) INFO:     127.0.0.1:52166 - "POST /v1/completions HTTP/1.1" 200 OK
(APIServer pid=3202435) INFO:     127.0.0.1:52132 - "POST /v1/completions HTTP/1.1" 200 OK
(APIServer pid=3202435) INFO:     127.0.0.1:52122 - "POST /v1/completions HTTP/1.1" 200 OK
(APIServer pid=3202435) INFO:     127.0.0.1:52110 - "POST /v1/completions HTTP/1.1" 200 OK
(APIServer pid=3202435) INFO:     127.0.0.1:52102 - "POST /v1/completions HTTP/1.1" 200 OK
(APIServer pid=3202435) INFO:     127.0.0.1:52088 - "POST /v1/completions HTTP/1.1" 200 OK
(APIServer pid=3202435) INFO:     127.0.0.1:52084 - "POST /v1/completions HTTP/1.1" 200 OK
(APIServer pid=3202435) INFO:     127.0.0.1:52182 - "POST /v1/completions HTTP/1.1" 200 OK
(APIServer pid=3202435) INFO:     127.0.0.1:52190 - "POST /v1/completions HTTP/1.1" 200 OK
(APIServer pid=3202435) INFO:     127.0.0.1:52076 - "POST /v1/completions HTTP/1.1" 200 OK
(APIServer pid=3202435) INFO:     127.0.0.1:52068 - "POST /v1/completions HTTP/1.1" 200 OK
(APIServer pid=3202435) INFO:     127.0.0.1:52030 - "POST /v1/completions HTTP/1.1" 200 OK
(APIServer pid=3202435) INFO:     127.0.0.1:52050 - "POST /v1/completions HTTP/1.1" 200 OK
(APIServer pid=3202435) INFO:     127.0.0.1:52234 - "POST /v1/completions HTTP/1.1" 200 OK
(APIServer pid=3202435) INFO:     127.0.0.1:52060 - "POST /v1/completions HTTP/1.1" 200 OK
(APIServer pid=3202435) INFO:     127.0.0.1:52048 - "POST /v1/completions HTTP/1.1" 200 OK
(APIServer pid=3202435) INFO:     127.0.0.1:52038 - "POST /v1/completions HTTP/1.1" 200 OK
(APIServer pid=3202435) INFO:     127.0.0.1:52010 - "POST /v1/completions HTTP/1.1" 200 OK
(APIServer pid=3202435) INFO:     127.0.0.1:52304 - "POST /v1/completions HTTP/1.1" 200 OK
(APIServer pid=3202435) INFO:     127.0.0.1:52288 - "POST /v1/completions HTTP/1.1" 200 OK
(APIServer pid=3202435) INFO:     127.0.0.1:52278 - "POST /v1/completions HTTP/1.1" 200 OK
(APIServer pid=3202435) INFO:     127.0.0.1:52272 - "POST /v1/completions HTTP/1.1" 200 OK
(APIServer pid=3202435) INFO:     127.0.0.1:52014 - "POST /v1/completions HTTP/1.1" 200 OK
(APIServer pid=3202435) INFO:     127.0.0.1:52242 - "POST /v1/completions HTTP/1.1" 200 OK
(APIServer pid=3202435) INFO:     127.0.0.1:52256 - "POST /v1/completions HTTP/1.1" 200 OK
(APIServer pid=3202435) INFO:     127.0.0.1:52386 - "POST /v1/completions HTTP/1.1" 200 OK
(APIServer pid=3202435) INFO:     127.0.0.1:52378 - "POST /v1/completions HTTP/1.1" 200 OK
(APIServer pid=3202435) INFO:     127.0.0.1:52364 - "POST /v1/completions HTTP/1.1" 200 OK
(APIServer pid=3202435) INFO:     127.0.0.1:52354 - "POST /v1/completions HTTP/1.1" 200 OK
(APIServer pid=3202435) INFO:     127.0.0.1:52346 - "POST /v1/completions HTTP/1.1" 200 OK
(APIServer pid=3202435) INFO:     127.0.0.1:52336 - "POST /v1/completions HTTP/1.1" 200 OK
(APIServer pid=3202435) INFO:     127.0.0.1:52334 - "POST /v1/completions HTTP/1.1" 200 OK
(APIServer pid=3202435) INFO:     127.0.0.1:52322 - "POST /v1/completions HTTP/1.1" 200 OK
(APIServer pid=3202435) INFO:     127.0.0.1:52312 - "POST /v1/completions HTTP/1.1" 200 OK
(APIServer pid=3202435) INFO:     127.0.0.1:52462 - "POST /v1/completions HTTP/1.1" 200 OK
(APIServer pid=3202435) INFO:     127.0.0.1:52450 - "POST /v1/completions HTTP/1.1" 200 OK
(APIServer pid=3202435) INFO:     127.0.0.1:52444 - "POST /v1/completions HTTP/1.1" 200 OK
(APIServer pid=3202435) INFO:     127.0.0.1:52438 - "POST /v1/completions HTTP/1.1" 200 OK
(APIServer pid=3202435) INFO:     127.0.0.1:52424 - "POST /v1/completions HTTP/1.1" 200 OK
(APIServer pid=3202435) INFO:     127.0.0.1:52408 - "POST /v1/completions HTTP/1.1" 200 OK
(APIServer pid=3202435) INFO:     127.0.0.1:52406 - "POST /v1/completions HTTP/1.1" 200 OK
(APIServer pid=3202435) INFO:     127.0.0.1:52398 - "POST /v1/completions HTTP/1.1" 200 OK
(APIServer pid=3202435) INFO:     127.0.0.1:52590 - "POST /v1/completions HTTP/1.1" 200 OK
(APIServer pid=3202435) INFO:     127.0.0.1:52576 - "POST /v1/completions HTTP/1.1" 200 OK
(APIServer pid=3202435) INFO:     127.0.0.1:52562 - "POST /v1/completions HTTP/1.1" 200 OK
(APIServer pid=3202435) INFO:     127.0.0.1:52552 - "POST /v1/completions HTTP/1.1" 200 OK
(APIServer pid=3202435) INFO:     127.0.0.1:52540 - "POST /v1/completions HTTP/1.1" 200 OK
(APIServer pid=3202435) INFO:     127.0.0.1:52528 - "POST /v1/completions HTTP/1.1" 200 OK
(APIServer pid=3202435) INFO:     127.0.0.1:52522 - "POST /v1/completions HTTP/1.1" 200 OK
(APIServer pid=3202435) INFO:     127.0.0.1:52512 - "POST /v1/completions HTTP/1.1" 200 OK
(APIServer pid=3202435) INFO:     127.0.0.1:52508 - "POST /v1/completions HTTP/1.1" 200 OK
(APIServer pid=3202435) INFO:     127.0.0.1:52498 - "POST /v1/completions HTTP/1.1" 200 OK
(APIServer pid=3202435) INFO:     127.0.0.1:52492 - "POST /v1/completions HTTP/1.1" 200 OK
(APIServer pid=3202435) INFO:     127.0.0.1:52488 - "POST /v1/completions HTTP/1.1" 200 OK
(APIServer pid=3202435) INFO:     127.0.0.1:52476 - "POST /v1/completions HTTP/1.1" 200 OK
(APIServer pid=3202435) INFO:     127.0.0.1:52004 - "POST /v1/completions HTTP/1.1" 200 OK
(APIServer pid=3202435) INFO:     127.0.0.1:34972 - "POST /v1/completions HTTP/1.1" 200 OK
(APIServer pid=3202435) INFO:     127.0.0.1:34986 - "POST /v1/completions HTTP/1.1" 200 OK
(APIServer pid=3202435) INFO:     127.0.0.1:34998 - "POST /v1/completions HTTP/1.1" 200 OK
(APIServer pid=3202435) INFO:     127.0.0.1:35010 - "POST /v1/completions HTTP/1.1" 200 OK
(APIServer pid=3202435) INFO:     127.0.0.1:35012 - "POST /v1/completions HTTP/1.1" 200 OK
(APIServer pid=3202435) INFO:     127.0.0.1:35018 - "POST /v1/completions HTTP/1.1" 200 OK
(APIServer pid=3202435) INFO:     127.0.0.1:35020 - "POST /v1/completions HTTP/1.1" 200 OK
(APIServer pid=3202435) INFO:     127.0.0.1:35036 - "POST /v1/completions HTTP/1.1" 200 OK
(APIServer pid=3202435) INFO:     127.0.0.1:35052 - "POST /v1/completions HTTP/1.1" 200 OK
(APIServer pid=3202435) INFO:     127.0.0.1:35056 - "POST /v1/completions HTTP/1.1" 200 OK
(APIServer pid=3202435) INFO:     127.0.0.1:35062 - "POST /v1/completions HTTP/1.1" 200 OK
(APIServer pid=3202435) INFO:     127.0.0.1:35070 - "POST /v1/completions HTTP/1.1" 200 OK
(APIServer pid=3202435) INFO:     127.0.0.1:35080 - "POST /v1/completions HTTP/1.1" 200 OK
(APIServer pid=3202435) INFO:     127.0.0.1:35086 - "POST /v1/completions HTTP/1.1" 200 OK
(APIServer pid=3202435) INFO:     127.0.0.1:35092 - "POST /v1/completions HTTP/1.1" 200 OK
(APIServer pid=3202435) INFO:     127.0.0.1:35104 - "POST /v1/completions HTTP/1.1" 200 OK
(APIServer pid=3202435) INFO:     127.0.0.1:35114 - "POST /v1/completions HTTP/1.1" 200 OK
(APIServer pid=3202435) INFO:     127.0.0.1:35130 - "POST /v1/completions HTTP/1.1" 200 OK
(APIServer pid=3202435) INFO:     127.0.0.1:35134 - "POST /v1/completions HTTP/1.1" 200 OK
(APIServer pid=3202435) INFO:     127.0.0.1:35140 - "POST /v1/completions HTTP/1.1" 200 OK
(APIServer pid=3202435) INFO:     127.0.0.1:35152 - "POST /v1/completions HTTP/1.1" 200 OK
(APIServer pid=3202435) INFO:     127.0.0.1:35166 - "POST /v1/completions HTTP/1.1" 200 OK
(APIServer pid=3202435) INFO:     127.0.0.1:35180 - "POST /v1/completions HTTP/1.1" 200 OK
(APIServer pid=3202435) INFO:     127.0.0.1:35182 - "POST /v1/completions HTTP/1.1" 200 OK
(APIServer pid=3202435) INFO:     127.0.0.1:35196 - "POST /v1/completions HTTP/1.1" 200 OK
(APIServer pid=3202435) INFO:     127.0.0.1:35212 - "POST /v1/completions HTTP/1.1" 200 OK
(APIServer pid=3202435) INFO:     127.0.0.1:35222 - "POST /v1/completions HTTP/1.1" 200 OK
(APIServer pid=3202435) INFO:     127.0.0.1:35226 - "POST /v1/completions HTTP/1.1" 200 OK
(APIServer pid=3202435) INFO:     127.0.0.1:35228 - "POST /v1/completions HTTP/1.1" 200 OK
(APIServer pid=3202435) INFO:     127.0.0.1:35230 - "POST /v1/completions HTTP/1.1" 200 OK
(APIServer pid=3202435) INFO:     127.0.0.1:35236 - "POST /v1/completions HTTP/1.1" 200 OK
(APIServer pid=3202435) INFO:     127.0.0.1:35238 - "POST /v1/completions HTTP/1.1" 200 OK
(APIServer pid=3202435) INFO:     127.0.0.1:35244 - "POST /v1/completions HTTP/1.1" 200 OK
(APIServer pid=3202435) INFO:     127.0.0.1:35252 - "POST /v1/completions HTTP/1.1" 200 OK
(APIServer pid=3202435) INFO:     127.0.0.1:35254 - "POST /v1/completions HTTP/1.1" 200 OK
(APIServer pid=3202435) INFO:     127.0.0.1:35264 - "POST /v1/completions HTTP/1.1" 200 OK
(APIServer pid=3202435) INFO:     127.0.0.1:35276 - "POST /v1/completions HTTP/1.1" 200 OK
(APIServer pid=3202435) INFO:     127.0.0.1:35284 - "POST /v1/completions HTTP/1.1" 200 OK
(APIServer pid=3202435) INFO:     127.0.0.1:35292 - "POST /v1/completions HTTP/1.1" 200 OK
(APIServer pid=3202435) INFO:     127.0.0.1:35306 - "POST /v1/completions HTTP/1.1" 200 OK
(APIServer pid=3202435) INFO:     127.0.0.1:35316 - "POST /v1/completions HTTP/1.1" 200 OK
(APIServer pid=3202435) INFO:     127.0.0.1:35326 - "POST /v1/completions HTTP/1.1" 200 OK
(APIServer pid=3202435) INFO:     127.0.0.1:35338 - "POST /v1/completions HTTP/1.1" 200 OK
(APIServer pid=3202435) INFO:     127.0.0.1:35350 - "POST /v1/completions HTTP/1.1" 200 OK
(APIServer pid=3202435) INFO:     127.0.0.1:35366 - "POST /v1/completions HTTP/1.1" 200 OK
(APIServer pid=3202435) INFO:     127.0.0.1:35378 - "POST /v1/completions HTTP/1.1" 200 OK
(APIServer pid=3202435) INFO:     127.0.0.1:35384 - "POST /v1/completions HTTP/1.1" 200 OK
(APIServer pid=3202435) INFO:     127.0.0.1:35388 - "POST /v1/completions HTTP/1.1" 200 OK
(APIServer pid=3202435) INFO:     127.0.0.1:35404 - "POST /v1/completions HTTP/1.1" 200 OK
(APIServer pid=3202435) INFO:     127.0.0.1:35420 - "POST /v1/completions HTTP/1.1" 200 OK
(APIServer pid=3202435) INFO:     127.0.0.1:35430 - "POST /v1/completions HTTP/1.1" 200 OK
(APIServer pid=3202435) INFO:     127.0.0.1:35446 - "POST /v1/completions HTTP/1.1" 200 OK
(APIServer pid=3202435) INFO:     127.0.0.1:35452 - "POST /v1/completions HTTP/1.1" 200 OK
(APIServer pid=3202435) INFO:     127.0.0.1:35458 - "POST /v1/completions HTTP/1.1" 200 OK
(APIServer pid=3202435) INFO:     127.0.0.1:35464 - "POST /v1/completions HTTP/1.1" 200 OK
(APIServer pid=3202435) INFO:     127.0.0.1:35472 - "POST /v1/completions HTTP/1.1" 200 OK
(APIServer pid=3202435) INFO:     127.0.0.1:35486 - "POST /v1/completions HTTP/1.1" 200 OK
(APIServer pid=3202435) INFO:     127.0.0.1:35490 - "POST /v1/completions HTTP/1.1" 200 OK
(APIServer pid=3202435) INFO:     127.0.0.1:35502 - "POST /v1/completions HTTP/1.1" 200 OK
(APIServer pid=3202435) INFO:     127.0.0.1:35516 - "POST /v1/completions HTTP/1.1" 200 OK
(APIServer pid=3202435) INFO:     127.0.0.1:35532 - "POST /v1/completions HTTP/1.1" 200 OK
(APIServer pid=3202435) INFO:     127.0.0.1:35548 - "POST /v1/completions HTTP/1.1" 200 OK
(APIServer pid=3202435) INFO:     127.0.0.1:35564 - "POST /v1/completions HTTP/1.1" 200 OK
(APIServer pid=3202435) INFO:     127.0.0.1:35572 - "POST /v1/completions HTTP/1.1" 200 OK
(APIServer pid=3202435) INFO:     127.0.0.1:35574 - "POST /v1/completions HTTP/1.1" 200 OK
(APIServer pid=3202435) INFO:     127.0.0.1:35590 - "POST /v1/completions HTTP/1.1" 200 OK
(APIServer pid=3202435) INFO:     127.0.0.1:35596 - "POST /v1/completions HTTP/1.1" 200 OK
(APIServer pid=3202435) INFO:     127.0.0.1:35610 - "POST /v1/completions HTTP/1.1" 200 OK
(APIServer pid=3202435) INFO:     127.0.0.1:35616 - "POST /v1/completions HTTP/1.1" 200 OK
(APIServer pid=3202435) INFO:     127.0.0.1:35630 - "POST /v1/completions HTTP/1.1" 200 OK
(APIServer pid=3202435) INFO:     127.0.0.1:35646 - "POST /v1/completions HTTP/1.1" 200 OK
(APIServer pid=3202435) INFO:     127.0.0.1:35648 - "POST /v1/completions HTTP/1.1" 200 OK
(APIServer pid=3202435) INFO:     127.0.0.1:35660 - "POST /v1/completions HTTP/1.1" 200 OK
(APIServer pid=3202435) INFO:     127.0.0.1:35666 - "POST /v1/completions HTTP/1.1" 200 OK
(APIServer pid=3202435) INFO:     127.0.0.1:35680 - "POST /v1/completions HTTP/1.1" 200 OK
(APIServer pid=3202435) INFO:     127.0.0.1:35696 - "POST /v1/completions HTTP/1.1" 200 OK
(APIServer pid=3202435) INFO:     127.0.0.1:35710 - "POST /v1/completions HTTP/1.1" 200 OK
(APIServer pid=3202435) INFO:     127.0.0.1:35726 - "POST /v1/completions HTTP/1.1" 200 OK
(APIServer pid=3202435) INFO:     127.0.0.1:35732 - "POST /v1/completions HTTP/1.1" 200 OK
(APIServer pid=3202435) INFO:     127.0.0.1:35744 - "POST /v1/completions HTTP/1.1" 200 OK
(APIServer pid=3202435) INFO:     127.0.0.1:35746 - "POST /v1/completions HTTP/1.1" 200 OK
(APIServer pid=3202435) INFO:     127.0.0.1:35748 - "POST /v1/completions HTTP/1.1" 200 OK
(APIServer pid=3202435) INFO:     127.0.0.1:35758 - "POST /v1/completions HTTP/1.1" 200 OK
(APIServer pid=3202435) INFO:     127.0.0.1:35762 - "POST /v1/completions HTTP/1.1" 200 OK
(APIServer pid=3202435) INFO:     127.0.0.1:35778 - "POST /v1/completions HTTP/1.1" 200 OK
(APIServer pid=3202435) INFO:     127.0.0.1:35782 - "POST /v1/completions HTTP/1.1" 200 OK
(APIServer pid=3202435) INFO:     127.0.0.1:35796 - "POST /v1/completions HTTP/1.1" 200 OK
(APIServer pid=3202435) INFO:     127.0.0.1:35800 - "POST /v1/completions HTTP/1.1" 200 OK
(APIServer pid=3202435) INFO:     127.0.0.1:35816 - "POST /v1/completions HTTP/1.1" 200 OK
(APIServer pid=3202435) INFO:     127.0.0.1:35820 - "POST /v1/completions HTTP/1.1" 200 OK
(APIServer pid=3202435) INFO:     127.0.0.1:35834 - "POST /v1/completions HTTP/1.1" 200 OK
(APIServer pid=3202435) INFO:     127.0.0.1:35842 - "POST /v1/completions HTTP/1.1" 200 OK
(APIServer pid=3202435) INFO:     127.0.0.1:35856 - "POST /v1/completions HTTP/1.1" 200 OK
(APIServer pid=3202435) INFO:     127.0.0.1:35870 - "POST /v1/completions HTTP/1.1" 200 OK
(APIServer pid=3202435) INFO:     127.0.0.1:35886 - "POST /v1/completions HTTP/1.1" 200 OK
(APIServer pid=3202435) INFO:     127.0.0.1:35898 - "POST /v1/completions HTTP/1.1" 200 OK
(APIServer pid=3202435) INFO:     127.0.0.1:35910 - "POST /v1/completions HTTP/1.1" 200 OK
(APIServer pid=3202435) INFO:     127.0.0.1:35926 - "POST /v1/completions HTTP/1.1" 200 OK
(APIServer pid=3202435) INFO:     127.0.0.1:35936 - "POST /v1/completions HTTP/1.1" 200 OK
(APIServer pid=3202435) INFO:     127.0.0.1:35942 - "POST /v1/completions HTTP/1.1" 200 OK
(APIServer pid=3202435) INFO:     127.0.0.1:35944 - "POST /v1/completions HTTP/1.1" 200 OK
(APIServer pid=3202435) INFO:     127.0.0.1:35958 - "POST /v1/completions HTTP/1.1" 200 OK
(APIServer pid=3202435) INFO:     127.0.0.1:35966 - "POST /v1/completions HTTP/1.1" 200 OK
(APIServer pid=3202435) INFO:     127.0.0.1:35976 - "POST /v1/completions HTTP/1.1" 200 OK
(APIServer pid=3202435) INFO:     127.0.0.1:35982 - "POST /v1/completions HTTP/1.1" 200 OK
(APIServer pid=3202435) INFO:     127.0.0.1:35992 - "POST /v1/completions HTTP/1.1" 200 OK
(APIServer pid=3202435) INFO:     127.0.0.1:36004 - "POST /v1/completions HTTP/1.1" 200 OK
(APIServer pid=3202435) INFO:     127.0.0.1:36016 - "POST /v1/completions HTTP/1.1" 200 OK
(APIServer pid=3202435) INFO:     127.0.0.1:36024 - "POST /v1/completions HTTP/1.1" 200 OK
(APIServer pid=3202435) INFO:     127.0.0.1:36040 - "POST /v1/completions HTTP/1.1" 200 OK
(APIServer pid=3202435) INFO:     127.0.0.1:36054 - "POST /v1/completions HTTP/1.1" 200 OK
(APIServer pid=3202435) INFO:     127.0.0.1:36064 - "POST /v1/completions HTTP/1.1" 200 OK
(APIServer pid=3202435) INFO:     127.0.0.1:36074 - "POST /v1/completions HTTP/1.1" 200 OK
(APIServer pid=3202435) INFO:     127.0.0.1:36076 - "POST /v1/completions HTTP/1.1" 200 OK
(APIServer pid=3202435) INFO:     127.0.0.1:36082 - "POST /v1/completions HTTP/1.1" 200 OK
(APIServer pid=3202435) INFO:     127.0.0.1:36096 - "POST /v1/completions HTTP/1.1" 200 OK
(APIServer pid=3202435) INFO:     127.0.0.1:36100 - "POST /v1/completions HTTP/1.1" 200 OK
(APIServer pid=3202435) INFO:     127.0.0.1:36102 - "POST /v1/completions HTTP/1.1" 200 OK
(APIServer pid=3202435) INFO:     127.0.0.1:36104 - "POST /v1/completions HTTP/1.1" 200 OK
(APIServer pid=3202435) INFO:     127.0.0.1:36108 - "POST /v1/completions HTTP/1.1" 200 OK
(APIServer pid=3202435) INFO:     127.0.0.1:36124 - "POST /v1/completions HTTP/1.1" 200 OK
(APIServer pid=3202435) INFO:     127.0.0.1:36130 - "POST /v1/completions HTTP/1.1" 200 OK
(APIServer pid=3202435) INFO:     127.0.0.1:36140 - "POST /v1/completions HTTP/1.1" 200 OK
(APIServer pid=3202435) INFO:     127.0.0.1:36148 - "POST /v1/completions HTTP/1.1" 200 OK
(APIServer pid=3202435) INFO:     127.0.0.1:36164 - "POST /v1/completions HTTP/1.1" 200 OK
(APIServer pid=3202435) INFO:     127.0.0.1:36172 - "POST /v1/completions HTTP/1.1" 200 OK
(APIServer pid=3202435) INFO:     127.0.0.1:36182 - "POST /v1/completions HTTP/1.1" 200 OK
(APIServer pid=3202435) INFO:     127.0.0.1:36198 - "POST /v1/completions HTTP/1.1" 200 OK
(APIServer pid=3202435) INFO:     127.0.0.1:36212 - "POST /v1/completions HTTP/1.1" 200 OK
(APIServer pid=3202435) INFO:     127.0.0.1:36228 - "POST /v1/completions HTTP/1.1" 200 OK
(APIServer pid=3202435) INFO:     127.0.0.1:36238 - "POST /v1/completions HTTP/1.1" 200 OK
(APIServer pid=3202435) INFO:     127.0.0.1:36250 - "POST /v1/completions HTTP/1.1" 200 OK
(APIServer pid=3202435) INFO:     127.0.0.1:36252 - "POST /v1/completions HTTP/1.1" 200 OK
(APIServer pid=3202435) INFO:     127.0.0.1:36264 - "POST /v1/completions HTTP/1.1" 200 OK
(APIServer pid=3202435) INFO:     127.0.0.1:36266 - "POST /v1/completions HTTP/1.1" 200 OK
(APIServer pid=3202435) INFO:     127.0.0.1:36270 - "POST /v1/completions HTTP/1.1" 200 OK
(APIServer pid=3202435) INFO:     127.0.0.1:36284 - "POST /v1/completions HTTP/1.1" 200 OK
(APIServer pid=3202435) INFO:     127.0.0.1:36292 - "POST /v1/completions HTTP/1.1" 200 OK
(APIServer pid=3202435) INFO:     127.0.0.1:36294 - "POST /v1/completions HTTP/1.1" 200 OK
(APIServer pid=3202435) INFO:     127.0.0.1:36296 - "POST /v1/completions HTTP/1.1" 200 OK
(APIServer pid=3202435) INFO:     127.0.0.1:36306 - "POST /v1/completions HTTP/1.1" 200 OK
(APIServer pid=3202435) INFO:     127.0.0.1:36316 - "POST /v1/completions HTTP/1.1" 200 OK
(APIServer pid=3202435) INFO:     127.0.0.1:36322 - "POST /v1/completions HTTP/1.1" 200 OK
(APIServer pid=3202435) INFO:     127.0.0.1:36330 - "POST /v1/completions HTTP/1.1" 200 OK
(APIServer pid=3202435) INFO:     127.0.0.1:36344 - "POST /v1/completions HTTP/1.1" 200 OK
(APIServer pid=3202435) INFO:     127.0.0.1:36346 - "POST /v1/completions HTTP/1.1" 200 OK
(APIServer pid=3202435) INFO:     127.0.0.1:36348 - "POST /v1/completions HTTP/1.1" 200 OK
(APIServer pid=3202435) INFO:     127.0.0.1:36350 - "POST /v1/completions HTTP/1.1" 200 OK
(APIServer pid=3202435) INFO:     127.0.0.1:36356 - "POST /v1/completions HTTP/1.1" 200 OK
(APIServer pid=3202435) INFO:     127.0.0.1:36366 - "POST /v1/completions HTTP/1.1" 200 OK
(APIServer pid=3202435) INFO:     127.0.0.1:36368 - "POST /v1/completions HTTP/1.1" 200 OK
(APIServer pid=3202435) INFO:     127.0.0.1:36372 - "POST /v1/completions HTTP/1.1" 200 OK
(APIServer pid=3202435) INFO:     127.0.0.1:36382 - "POST /v1/completions HTTP/1.1" 200 OK
(APIServer pid=3202435) INFO:     127.0.0.1:36398 - "POST /v1/completions HTTP/1.1" 200 OK
(APIServer pid=3202435) INFO:     127.0.0.1:36406 - "POST /v1/completions HTTP/1.1" 200 OK
(APIServer pid=3202435) INFO:     127.0.0.1:36416 - "POST /v1/completions HTTP/1.1" 200 OK
(APIServer pid=3202435) INFO:     127.0.0.1:36424 - "POST /v1/completions HTTP/1.1" 200 OK
(APIServer pid=3202435) INFO:     127.0.0.1:36440 - "POST /v1/completions HTTP/1.1" 200 OK
(APIServer pid=3202435) INFO:     127.0.0.1:36444 - "POST /v1/completions HTTP/1.1" 200 OK
(APIServer pid=3202435) INFO:     127.0.0.1:36452 - "POST /v1/completions HTTP/1.1" 200 OK
(APIServer pid=3202435) INFO:     127.0.0.1:36458 - "POST /v1/completions HTTP/1.1" 200 OK
(APIServer pid=3202435) INFO:     127.0.0.1:36462 - "POST /v1/completions HTTP/1.1" 200 OK
(APIServer pid=3202435) INFO:     127.0.0.1:36466 - "POST /v1/completions HTTP/1.1" 200 OK
(APIServer pid=3202435) INFO:     127.0.0.1:36474 - "POST /v1/completions HTTP/1.1" 200 OK
(APIServer pid=3202435) INFO:     127.0.0.1:36478 - "POST /v1/completions HTTP/1.1" 200 OK
(APIServer pid=3202435) INFO:     127.0.0.1:36480 - "POST /v1/completions HTTP/1.1" 200 OK
(APIServer pid=3202435) INFO:     127.0.0.1:36488 - "POST /v1/completions HTTP/1.1" 200 OK
(APIServer pid=3202435) INFO:     127.0.0.1:36492 - "POST /v1/completions HTTP/1.1" 200 OK
(APIServer pid=3202435) INFO:     127.0.0.1:36506 - "POST /v1/completions HTTP/1.1" 200 OK
(APIServer pid=3202435) INFO:     127.0.0.1:36514 - "POST /v1/completions HTTP/1.1" 200 OK
(APIServer pid=3202435) INFO:     127.0.0.1:36522 - "POST /v1/completions HTTP/1.1" 200 OK
(APIServer pid=3202435) INFO:     127.0.0.1:36524 - "POST /v1/completions HTTP/1.1" 200 OK
(APIServer pid=3202435) INFO:     127.0.0.1:36526 - "POST /v1/completions HTTP/1.1" 200 OK
(APIServer pid=3202435) INFO:     127.0.0.1:36530 - "POST /v1/completions HTTP/1.1" 200 OK
(APIServer pid=3202435) INFO:     127.0.0.1:36546 - "POST /v1/completions HTTP/1.1" 200 OK
(APIServer pid=3202435) INFO:     127.0.0.1:36558 - "POST /v1/completions HTTP/1.1" 200 OK
(APIServer pid=3202435) INFO:     127.0.0.1:36568 - "POST /v1/completions HTTP/1.1" 200 OK
(APIServer pid=3202435) INFO:     127.0.0.1:36576 - "POST /v1/completions HTTP/1.1" 200 OK
(APIServer pid=3202435) INFO:     127.0.0.1:36584 - "POST /v1/completions HTTP/1.1" 200 OK
(APIServer pid=3202435) INFO:     127.0.0.1:36590 - "POST /v1/completions HTTP/1.1" 200 OK
(APIServer pid=3202435) INFO:     127.0.0.1:36598 - "POST /v1/completions HTTP/1.1" 200 OK
(APIServer pid=3202435) INFO:     127.0.0.1:36604 - "POST /v1/completions HTTP/1.1" 200 OK
(APIServer pid=3202435) INFO:     127.0.0.1:36614 - "POST /v1/completions HTTP/1.1" 200 OK
(APIServer pid=3202435) INFO:     127.0.0.1:36630 - "POST /v1/completions HTTP/1.1" 200 OK
(APIServer pid=3202435) INFO:     127.0.0.1:36638 - "POST /v1/completions HTTP/1.1" 200 OK
(APIServer pid=3202435) INFO:     127.0.0.1:36646 - "POST /v1/completions HTTP/1.1" 200 OK
(APIServer pid=3202435) INFO:     127.0.0.1:36648 - "POST /v1/completions HTTP/1.1" 200 OK
(APIServer pid=3202435) INFO:     127.0.0.1:36662 - "POST /v1/completions HTTP/1.1" 200 OK
(APIServer pid=3202435) INFO:     127.0.0.1:36678 - "POST /v1/completions HTTP/1.1" 200 OK
(APIServer pid=3202435) INFO:     127.0.0.1:36690 - "POST /v1/completions HTTP/1.1" 200 OK
(APIServer pid=3202435) INFO:     127.0.0.1:36694 - "POST /v1/completions HTTP/1.1" 200 OK
(APIServer pid=3202435) INFO:     127.0.0.1:36706 - "POST /v1/completions HTTP/1.1" 200 OK
(APIServer pid=3202435) INFO 07-08 11:06:01 [loggers.py:271] Engine 000: Avg prompt throughput: 1665.7 tokens/s, Avg generation throughput: 5096.2 tokens/s, Running: 163 reqs, Waiting: 93 reqs, GPU KV cache usage: 1.2%, Prefix cache hit rate: 24.9%
(APIServer pid=3202435) INFO 07-08 11:06:11 [loggers.py:271] Engine 000: Avg prompt throughput: 1588.8 tokens/s, Avg generation throughput: 12857.6 tokens/s, Running: 256 reqs, Waiting: 0 reqs, GPU KV cache usage: 8.5%, Prefix cache hit rate: 18.0%
(APIServer pid=3202435) INFO 07-08 11:06:21 [loggers.py:271] Engine 000: Avg prompt throughput: 0.0 tokens/s, Avg generation throughput: 12306.5 tokens/s, Running: 256 reqs, Waiting: 0 reqs, GPU KV cache usage: 14.9%, Prefix cache hit rate: 18.0%
(APIServer pid=3202435) INFO:     127.0.0.1:52008 - "POST /v1/completions HTTP/1.1" 200 OK
(APIServer pid=3202435) INFO:     127.0.0.1:52194 - "POST /v1/completions HTTP/1.1" 200 OK
(APIServer pid=3202435) INFO:     127.0.0.1:52210 - "POST /v1/completions HTTP/1.1" 200 OK
(APIServer pid=3202435) INFO:     127.0.0.1:52218 - "POST /v1/completions HTTP/1.1" 200 OK
(APIServer pid=3202435) INFO:     127.0.0.1:52216 - "POST /v1/completions HTTP/1.1" 200 OK
(APIServer pid=3202435) INFO:     127.0.0.1:52146 - "POST /v1/completions HTTP/1.1" 200 OK
(APIServer pid=3202435) INFO:     127.0.0.1:52102 - "POST /v1/completions HTTP/1.1" 200 OK
(APIServer pid=3202435) INFO:     127.0.0.1:52150 - "POST /v1/completions HTTP/1.1" 200 OK
(APIServer pid=3202435) INFO:     127.0.0.1:52166 - "POST /v1/completions HTTP/1.1" 200 OK
(APIServer pid=3202435) INFO:     127.0.0.1:52110 - "POST /v1/completions HTTP/1.1" 200 OK
(APIServer pid=3202435) INFO:     127.0.0.1:52174 - "POST /v1/completions HTTP/1.1" 200 OK
(APIServer pid=3202435) INFO:     127.0.0.1:52122 - "POST /v1/completions HTTP/1.1" 200 OK
(APIServer pid=3202435) INFO:     127.0.0.1:52084 - "POST /v1/completions HTTP/1.1" 200 OK
(APIServer pid=3202435) INFO:     127.0.0.1:52182 - "POST /v1/completions HTTP/1.1" 200 OK
(APIServer pid=3202435) INFO:     127.0.0.1:52132 - "POST /v1/completions HTTP/1.1" 200 OK
(APIServer pid=3202435) INFO:     127.0.0.1:52088 - "POST /v1/completions HTTP/1.1" 200 OK
(APIServer pid=3202435) INFO:     127.0.0.1:52386 - "POST /v1/completions HTTP/1.1" 200 OK
(APIServer pid=3202435) INFO:     127.0.0.1:52190 - "POST /v1/completions HTTP/1.1" 200 OK
(APIServer pid=3202435) INFO:     127.0.0.1:52068 - "POST /v1/completions HTTP/1.1" 200 OK
(APIServer pid=3202435) INFO:     127.0.0.1:52030 - "POST /v1/completions HTTP/1.1" 200 OK
(APIServer pid=3202435) INFO:     127.0.0.1:52038 - "POST /v1/completions HTTP/1.1" 200 OK
(APIServer pid=3202435) INFO:     127.0.0.1:52278 - "POST /v1/completions HTTP/1.1" 200 OK
(APIServer pid=3202435) INFO:     127.0.0.1:52014 - "POST /v1/completions HTTP/1.1" 200 OK
(APIServer pid=3202435) INFO:     127.0.0.1:52354 - "POST /v1/completions HTTP/1.1" 200 OK
(APIServer pid=3202435) INFO:     127.0.0.1:52076 - "POST /v1/completions HTTP/1.1" 200 OK
(APIServer pid=3202435) INFO:     127.0.0.1:52234 - "POST /v1/completions HTTP/1.1" 200 OK
(APIServer pid=3202435) INFO:     127.0.0.1:52048 - "POST /v1/completions HTTP/1.1" 200 OK
(APIServer pid=3202435) INFO:     127.0.0.1:52010 - "POST /v1/completions HTTP/1.1" 200 OK
(APIServer pid=3202435) INFO:     127.0.0.1:52288 - "POST /v1/completions HTTP/1.1" 200 OK
(APIServer pid=3202435) INFO:     127.0.0.1:52242 - "POST /v1/completions HTTP/1.1" 200 OK
(APIServer pid=3202435) INFO:     127.0.0.1:52364 - "POST /v1/completions HTTP/1.1" 200 OK
(APIServer pid=3202435) INFO:     127.0.0.1:52050 - "POST /v1/completions HTTP/1.1" 200 OK
(APIServer pid=3202435) INFO:     127.0.0.1:52304 - "POST /v1/completions HTTP/1.1" 200 OK
(APIServer pid=3202435) INFO:     127.0.0.1:52256 - "POST /v1/completions HTTP/1.1" 200 OK
(APIServer pid=3202435) INFO:     127.0.0.1:52378 - "POST /v1/completions HTTP/1.1" 200 OK
(APIServer pid=3202435) INFO:     127.0.0.1:52060 - "POST /v1/completions HTTP/1.1" 200 OK
(APIServer pid=3202435) INFO:     127.0.0.1:52272 - "POST /v1/completions HTTP/1.1" 200 OK
(APIServer pid=3202435) INFO:     127.0.0.1:52346 - "POST /v1/completions HTTP/1.1" 200 OK
(APIServer pid=3202435) INFO:     127.0.0.1:52312 - "POST /v1/completions HTTP/1.1" 200 OK
(APIServer pid=3202435) INFO:     127.0.0.1:52438 - "POST /v1/completions HTTP/1.1" 200 OK
(APIServer pid=3202435) INFO:     127.0.0.1:34986 - "POST /v1/completions HTTP/1.1" 200 OK
(APIServer pid=3202435) INFO:     127.0.0.1:34972 - "POST /v1/completions HTTP/1.1" 200 OK
(APIServer pid=3202435) INFO:     127.0.0.1:52552 - "POST /v1/completions HTTP/1.1" 200 OK
(APIServer pid=3202435) INFO:     127.0.0.1:52512 - "POST /v1/completions HTTP/1.1" 200 OK
(APIServer pid=3202435) INFO:     127.0.0.1:52488 - "POST /v1/completions HTTP/1.1" 200 OK
(APIServer pid=3202435) INFO:     127.0.0.1:52322 - "POST /v1/completions HTTP/1.1" 200 OK
(APIServer pid=3202435) INFO:     127.0.0.1:52004 - "POST /v1/completions HTTP/1.1" 200 OK
(APIServer pid=3202435) INFO:     127.0.0.1:52444 - "POST /v1/completions HTTP/1.1" 200 OK
(APIServer pid=3202435) INFO:     127.0.0.1:52406 - "POST /v1/completions HTTP/1.1" 200 OK
(APIServer pid=3202435) INFO:     127.0.0.1:52562 - "POST /v1/completions HTTP/1.1" 200 OK
(APIServer pid=3202435) INFO:     127.0.0.1:52522 - "POST /v1/completions HTTP/1.1" 200 OK
(APIServer pid=3202435) INFO:     127.0.0.1:52492 - "POST /v1/completions HTTP/1.1" 200 OK
(APIServer pid=3202435) INFO:     127.0.0.1:52334 - "POST /v1/completions HTTP/1.1" 200 OK
(APIServer pid=3202435) INFO:     127.0.0.1:35010 - "POST /v1/completions HTTP/1.1" 200 OK
(APIServer pid=3202435) INFO:     127.0.0.1:52450 - "POST /v1/completions HTTP/1.1" 200 OK
(APIServer pid=3202435) INFO:     127.0.0.1:52408 - "POST /v1/completions HTTP/1.1" 200 OK
(APIServer pid=3202435) INFO:     127.0.0.1:52576 - "POST /v1/completions HTTP/1.1" 200 OK
(APIServer pid=3202435) INFO:     127.0.0.1:52528 - "POST /v1/completions HTTP/1.1" 200 OK
(APIServer pid=3202435) INFO:     127.0.0.1:52498 - "POST /v1/completions HTTP/1.1" 200 OK
(APIServer pid=3202435) INFO:     127.0.0.1:52336 - "POST /v1/completions HTTP/1.1" 200 OK
(APIServer pid=3202435) INFO:     127.0.0.1:52462 - "POST /v1/completions HTTP/1.1" 200 OK
(APIServer pid=3202435) INFO:     127.0.0.1:52424 - "POST /v1/completions HTTP/1.1" 200 OK
(APIServer pid=3202435) INFO:     127.0.0.1:34998 - "POST /v1/completions HTTP/1.1" 200 OK
(APIServer pid=3202435) INFO:     127.0.0.1:52398 - "POST /v1/completions HTTP/1.1" 200 OK
(APIServer pid=3202435) INFO:     127.0.0.1:52590 - "POST /v1/completions HTTP/1.1" 200 OK
(APIServer pid=3202435) INFO:     127.0.0.1:52540 - "POST /v1/completions HTTP/1.1" 200 OK
(APIServer pid=3202435) INFO:     127.0.0.1:52508 - "POST /v1/completions HTTP/1.1" 200 OK
(APIServer pid=3202435) INFO:     127.0.0.1:52476 - "POST /v1/completions HTTP/1.1" 200 OK
(APIServer pid=3202435) INFO:     127.0.0.1:35012 - "POST /v1/completions HTTP/1.1" 200 OK
(APIServer pid=3202435) INFO:     127.0.0.1:35104 - "POST /v1/completions HTTP/1.1" 200 OK
(APIServer pid=3202435) INFO:     127.0.0.1:35222 - "POST /v1/completions HTTP/1.1" 200 OK
(APIServer pid=3202435) INFO:     127.0.0.1:35134 - "POST /v1/completions HTTP/1.1" 200 OK
(APIServer pid=3202435) INFO:     127.0.0.1:35056 - "POST /v1/completions HTTP/1.1" 200 OK
(APIServer pid=3202435) INFO:     127.0.0.1:35196 - "POST /v1/completions HTTP/1.1" 200 OK
(APIServer pid=3202435) INFO:     127.0.0.1:35092 - "POST /v1/completions HTTP/1.1" 200 OK
(APIServer pid=3202435) INFO:     127.0.0.1:35252 - "POST /v1/completions HTTP/1.1" 200 OK
(APIServer pid=3202435) INFO:     127.0.0.1:35230 - "POST /v1/completions HTTP/1.1" 200 OK
(APIServer pid=3202435) INFO:     127.0.0.1:35140 - "POST /v1/completions HTTP/1.1" 200 OK
(APIServer pid=3202435) INFO:     127.0.0.1:35052 - "POST /v1/completions HTTP/1.1" 200 OK
(APIServer pid=3202435) INFO:     127.0.0.1:35226 - "POST /v1/completions HTTP/1.1" 200 OK
(APIServer pid=3202435) INFO:     127.0.0.1:35062 - "POST /v1/completions HTTP/1.1" 200 OK
(APIServer pid=3202435) INFO:     127.0.0.1:35236 - "POST /v1/completions HTTP/1.1" 200 OK
(APIServer pid=3202435) INFO:     127.0.0.1:35254 - "POST /v1/completions HTTP/1.1" 200 OK
(APIServer pid=3202435) INFO:     127.0.0.1:35152 - "POST /v1/completions HTTP/1.1" 200 OK
(APIServer pid=3202435) INFO:     127.0.0.1:35070 - "POST /v1/completions HTTP/1.1" 200 OK
(APIServer pid=3202435) INFO:     127.0.0.1:35228 - "POST /v1/completions HTTP/1.1" 200 OK
(APIServer pid=3202435) INFO:     127.0.0.1:35114 - "POST /v1/completions HTTP/1.1" 200 OK
(APIServer pid=3202435) INFO:     127.0.0.1:35018 - "POST /v1/completions HTTP/1.1" 200 OK
(APIServer pid=3202435) INFO:     127.0.0.1:35238 - "POST /v1/completions HTTP/1.1" 200 OK
(APIServer pid=3202435) INFO:     127.0.0.1:35264 - "POST /v1/completions HTTP/1.1" 200 OK
(APIServer pid=3202435) INFO:     127.0.0.1:35166 - "POST /v1/completions HTTP/1.1" 200 OK
(APIServer pid=3202435) INFO:     127.0.0.1:35080 - "POST /v1/completions HTTP/1.1" 200 OK
(APIServer pid=3202435) INFO:     127.0.0.1:35020 - "POST /v1/completions HTTP/1.1" 200 OK
(APIServer pid=3202435) INFO:     127.0.0.1:35086 - "POST /v1/completions HTTP/1.1" 200 OK
(APIServer pid=3202435) INFO:     127.0.0.1:35212 - "POST /v1/completions HTTP/1.1" 200 OK
(APIServer pid=3202435) INFO:     127.0.0.1:35180 - "POST /v1/completions HTTP/1.1" 200 OK
(APIServer pid=3202435) INFO:     127.0.0.1:35130 - "POST /v1/completions HTTP/1.1" 200 OK
(APIServer pid=3202435) INFO:     127.0.0.1:35244 - "POST /v1/completions HTTP/1.1" 200 OK
(APIServer pid=3202435) INFO:     127.0.0.1:35182 - "POST /v1/completions HTTP/1.1" 200 OK
(APIServer pid=3202435) INFO:     127.0.0.1:35036 - "POST /v1/completions HTTP/1.1" 200 OK
(APIServer pid=3202435) INFO:     127.0.0.1:35532 - "POST /v1/completions HTTP/1.1" 200 OK
(APIServer pid=3202435) INFO:     127.0.0.1:35404 - "POST /v1/completions HTTP/1.1" 200 OK
(APIServer pid=3202435) INFO:     127.0.0.1:35458 - "POST /v1/completions HTTP/1.1" 200 OK
(APIServer pid=3202435) INFO:     127.0.0.1:35366 - "POST /v1/completions HTTP/1.1" 200 OK
(APIServer pid=3202435) INFO:     127.0.0.1:35316 - "POST /v1/completions HTTP/1.1" 200 OK
(APIServer pid=3202435) INFO:     127.0.0.1:35596 - "POST /v1/completions HTTP/1.1" 200 OK
(APIServer pid=3202435) INFO:     127.0.0.1:35284 - "POST /v1/completions HTTP/1.1" 200 OK
(APIServer pid=3202435) INFO:     127.0.0.1:35548 - "POST /v1/completions HTTP/1.1" 200 OK
(APIServer pid=3202435) INFO:     127.0.0.1:35490 - "POST /v1/completions HTTP/1.1" 200 OK
(APIServer pid=3202435) INFO:     127.0.0.1:35420 - "POST /v1/completions HTTP/1.1" 200 OK
(APIServer pid=3202435) INFO:     127.0.0.1:35378 - "POST /v1/completions HTTP/1.1" 200 OK
(APIServer pid=3202435) INFO:     127.0.0.1:35464 - "POST /v1/completions HTTP/1.1" 200 OK
(APIServer pid=3202435) INFO:     127.0.0.1:35326 - "POST /v1/completions HTTP/1.1" 200 OK
(APIServer pid=3202435) INFO:     127.0.0.1:35292 - "POST /v1/completions HTTP/1.1" 200 OK
(APIServer pid=3202435) INFO:     127.0.0.1:35564 - "POST /v1/completions HTTP/1.1" 200 OK
(APIServer pid=3202435) INFO:     127.0.0.1:35502 - "POST /v1/completions HTTP/1.1" 200 OK
(APIServer pid=3202435) INFO:     127.0.0.1:35430 - "POST /v1/completions HTTP/1.1" 200 OK
(APIServer pid=3202435) INFO:     127.0.0.1:35384 - "POST /v1/completions HTTP/1.1" 200 OK
(APIServer pid=3202435) INFO:     127.0.0.1:35472 - "POST /v1/completions HTTP/1.1" 200 OK
(APIServer pid=3202435) INFO:     127.0.0.1:35446 - "POST /v1/completions HTTP/1.1" 200 OK
(APIServer pid=3202435) INFO:     127.0.0.1:35338 - "POST /v1/completions HTTP/1.1" 200 OK
(APIServer pid=3202435) INFO:     127.0.0.1:35574 - "POST /v1/completions HTTP/1.1" 200 OK
(APIServer pid=3202435) INFO:     127.0.0.1:35572 - "POST /v1/completions HTTP/1.1" 200 OK
(APIServer pid=3202435) INFO:     127.0.0.1:35516 - "POST /v1/completions HTTP/1.1" 200 OK
(APIServer pid=3202435) INFO:     127.0.0.1:35388 - "POST /v1/completions HTTP/1.1" 200 OK
(APIServer pid=3202435) INFO:     127.0.0.1:35486 - "POST /v1/completions HTTP/1.1" 200 OK
(APIServer pid=3202435) INFO:     127.0.0.1:35452 - "POST /v1/completions HTTP/1.1" 200 OK
(APIServer pid=3202435) INFO:     127.0.0.1:35350 - "POST /v1/completions HTTP/1.1" 200 OK
(APIServer pid=3202435) INFO:     127.0.0.1:35306 - "POST /v1/completions HTTP/1.1" 200 OK
(APIServer pid=3202435) INFO:     127.0.0.1:35590 - "POST /v1/completions HTTP/1.1" 200 OK
(APIServer pid=3202435) INFO:     127.0.0.1:35276 - "POST /v1/completions HTTP/1.1" 200 OK
(APIServer pid=3202435) INFO:     127.0.0.1:35680 - "POST /v1/completions HTTP/1.1" 200 OK
(APIServer pid=3202435) INFO:     127.0.0.1:35870 - "POST /v1/completions HTTP/1.1" 200 OK
(APIServer pid=3202435) INFO:     127.0.0.1:35758 - "POST /v1/completions HTTP/1.1" 200 OK
(APIServer pid=3202435) INFO:     127.0.0.1:35732 - "POST /v1/completions HTTP/1.1" 200 OK
(APIServer pid=3202435) INFO:     127.0.0.1:35816 - "POST /v1/completions HTTP/1.1" 200 OK
(APIServer pid=3202435) INFO:     127.0.0.1:35646 - "POST /v1/completions HTTP/1.1" 200 OK
(APIServer pid=3202435) INFO:     127.0.0.1:35910 - "POST /v1/completions HTTP/1.1" 200 OK
(APIServer pid=3202435) INFO:     127.0.0.1:35842 - "POST /v1/completions HTTP/1.1" 200 OK
(APIServer pid=3202435) INFO:     127.0.0.1:35696 - "POST /v1/completions HTTP/1.1" 200 OK
(APIServer pid=3202435) INFO:     127.0.0.1:35648 - "POST /v1/completions HTTP/1.1" 200 OK
(APIServer pid=3202435) INFO:     127.0.0.1:35762 - "POST /v1/completions HTTP/1.1" 200 OK
(APIServer pid=3202435) INFO:     127.0.0.1:35744 - "POST /v1/completions HTTP/1.1" 200 OK
(APIServer pid=3202435) INFO:     127.0.0.1:35820 - "POST /v1/completions HTTP/1.1" 200 OK
(APIServer pid=3202435) INFO:     127.0.0.1:35782 - "POST /v1/completions HTTP/1.1" 200 OK
(APIServer pid=3202435) INFO:     127.0.0.1:35898 - "POST /v1/completions HTTP/1.1" 200 OK
(APIServer pid=3202435) INFO:     127.0.0.1:35610 - "POST /v1/completions HTTP/1.1" 200 OK
(APIServer pid=3202435) INFO:     127.0.0.1:35926 - "POST /v1/completions HTTP/1.1" 200 OK
(APIServer pid=3202435) INFO:     127.0.0.1:35886 - "POST /v1/completions HTTP/1.1" 200 OK
(APIServer pid=3202435) INFO:     127.0.0.1:35710 - "POST /v1/completions HTTP/1.1" 200 OK
(APIServer pid=3202435) INFO:     127.0.0.1:35660 - "POST /v1/completions HTTP/1.1" 200 OK
(APIServer pid=3202435) INFO:     127.0.0.1:35778 - "POST /v1/completions HTTP/1.1" 200 OK
(APIServer pid=3202435) INFO:     127.0.0.1:35746 - "POST /v1/completions HTTP/1.1" 200 OK
(APIServer pid=3202435) INFO:     127.0.0.1:35834 - "POST /v1/completions HTTP/1.1" 200 OK
(APIServer pid=3202435) INFO:     127.0.0.1:35796 - "POST /v1/completions HTTP/1.1" 200 OK
(APIServer pid=3202435) INFO:     127.0.0.1:35616 - "POST /v1/completions HTTP/1.1" 200 OK
(APIServer pid=3202435) INFO:     127.0.0.1:35726 - "POST /v1/completions HTTP/1.1" 200 OK
(APIServer pid=3202435) INFO:     127.0.0.1:35666 - "POST /v1/completions HTTP/1.1" 200 OK
(APIServer pid=3202435) INFO:     127.0.0.1:35856 - "POST /v1/completions HTTP/1.1" 200 OK
(APIServer pid=3202435) INFO:     127.0.0.1:35748 - "POST /v1/completions HTTP/1.1" 200 OK
(APIServer pid=3202435) INFO:     127.0.0.1:35800 - "POST /v1/completions HTTP/1.1" 200 OK
(APIServer pid=3202435) INFO:     127.0.0.1:35630 - "POST /v1/completions HTTP/1.1" 200 OK
(APIServer pid=3202435) INFO:     127.0.0.1:36212 - "POST /v1/completions HTTP/1.1" 200 OK
(APIServer pid=3202435) INFO:     127.0.0.1:35958 - "POST /v1/completions HTTP/1.1" 200 OK
(APIServer pid=3202435) INFO:     127.0.0.1:36100 - "POST /v1/completions HTTP/1.1" 200 OK
(APIServer pid=3202435) INFO:     127.0.0.1:35942 - "POST /v1/completions HTTP/1.1" 200 OK
(APIServer pid=3202435) INFO:     127.0.0.1:36016 - "POST /v1/completions HTTP/1.1" 200 OK
(APIServer pid=3202435) INFO:     127.0.0.1:36164 - "POST /v1/completions HTTP/1.1" 200 OK
(APIServer pid=3202435) INFO:     127.0.0.1:36130 - "POST /v1/completions HTTP/1.1" 200 OK
(APIServer pid=3202435) INFO:     127.0.0.1:36108 - "POST /v1/completions HTTP/1.1" 200 OK
(APIServer pid=3202435) INFO:     127.0.0.1:36182 - "POST /v1/completions HTTP/1.1" 200 OK
(APIServer pid=3202435) INFO:     127.0.0.1:35982 - "POST /v1/completions HTTP/1.1" 200 OK
(APIServer pid=3202435) INFO:     127.0.0.1:36104 - "POST /v1/completions HTTP/1.1" 200 OK
(APIServer pid=3202435) INFO:     127.0.0.1:36124 - "POST /v1/completions HTTP/1.1" 200 OK
(APIServer pid=3202435) INFO:     127.0.0.1:36024 - "POST /v1/completions HTTP/1.1" 200 OK
(APIServer pid=3202435) INFO:     127.0.0.1:35966 - "POST /v1/completions HTTP/1.1" 200 OK
(APIServer pid=3202435) INFO:     127.0.0.1:36102 - "POST /v1/completions HTTP/1.1" 200 OK
(APIServer pid=3202435) INFO:     127.0.0.1:36148 - "POST /v1/completions HTTP/1.1" 200 OK
(APIServer pid=3202435) INFO:     127.0.0.1:36172 - "POST /v1/completions HTTP/1.1" 200 OK
(APIServer pid=3202435) INFO:     127.0.0.1:36074 - "POST /v1/completions HTTP/1.1" 200 OK
(APIServer pid=3202435) INFO:     127.0.0.1:36040 - "POST /v1/completions HTTP/1.1" 200 OK
(APIServer pid=3202435) INFO:     127.0.0.1:35992 - "POST /v1/completions HTTP/1.1" 200 OK
(APIServer pid=3202435) INFO:     127.0.0.1:36096 - "POST /v1/completions HTTP/1.1" 200 OK
(APIServer pid=3202435) INFO:     127.0.0.1:35936 - "POST /v1/completions HTTP/1.1" 200 OK
(APIServer pid=3202435) INFO:     127.0.0.1:36004 - "POST /v1/completions HTTP/1.1" 200 OK
(APIServer pid=3202435) INFO:     127.0.0.1:36198 - "POST /v1/completions HTTP/1.1" 200 OK
(APIServer pid=3202435) INFO:     127.0.0.1:35976 - "POST /v1/completions HTTP/1.1" 200 OK
(APIServer pid=3202435) INFO:     127.0.0.1:36076 - "POST /v1/completions HTTP/1.1" 200 OK
(APIServer pid=3202435) INFO:     127.0.0.1:35944 - "POST /v1/completions HTTP/1.1" 200 OK
(APIServer pid=3202435) INFO:     127.0.0.1:36140 - "POST /v1/completions HTTP/1.1" 200 OK
(APIServer pid=3202435) INFO:     127.0.0.1:36054 - "POST /v1/completions HTTP/1.1" 200 OK
(APIServer pid=3202435) INFO:     127.0.0.1:36064 - "POST /v1/completions HTTP/1.1" 200 OK
(APIServer pid=3202435) INFO:     127.0.0.1:36082 - "POST /v1/completions HTTP/1.1" 200 OK
(APIServer pid=3202435) INFO:     127.0.0.1:36316 - "POST /v1/completions HTTP/1.1" 200 OK
(APIServer pid=3202435) INFO:     127.0.0.1:36348 - "POST /v1/completions HTTP/1.1" 200 OK
(APIServer pid=3202435) INFO:     127.0.0.1:36296 - "POST /v1/completions HTTP/1.1" 200 OK
(APIServer pid=3202435) INFO:     127.0.0.1:36252 - "POST /v1/completions HTTP/1.1" 200 OK
(APIServer pid=3202435) INFO:     127.0.0.1:36292 - "POST /v1/completions HTTP/1.1" 200 OK
(APIServer pid=3202435) INFO:     127.0.0.1:36350 - "POST /v1/completions HTTP/1.1" 200 OK
(APIServer pid=3202435) INFO:     127.0.0.1:36344 - "POST /v1/completions HTTP/1.1" 200 OK
(APIServer pid=3202435) INFO:     127.0.0.1:36346 - "POST /v1/completions HTTP/1.1" 200 OK
(APIServer pid=3202435) INFO:     127.0.0.1:36382 - "POST /v1/completions HTTP/1.1" 200 OK
(APIServer pid=3202435) INFO:     127.0.0.1:36398 - "POST /v1/completions HTTP/1.1" 200 OK
(APIServer pid=3202435) INFO:     127.0.0.1:36368 - "POST /v1/completions HTTP/1.1" 200 OK
(APIServer pid=3202435) INFO:     127.0.0.1:36330 - "POST /v1/completions HTTP/1.1" 200 OK
(APIServer pid=3202435) INFO:     127.0.0.1:36284 - "POST /v1/completions HTTP/1.1" 200 OK
(APIServer pid=3202435) INFO:     127.0.0.1:36444 - "POST /v1/completions HTTP/1.1" 200 OK
(APIServer pid=3202435) INFO:     127.0.0.1:36228 - "POST /v1/completions HTTP/1.1" 200 OK
(APIServer pid=3202435) INFO:     127.0.0.1:36270 - "POST /v1/completions HTTP/1.1" 200 OK
(APIServer pid=3202435) INFO:     127.0.0.1:36322 - "POST /v1/completions HTTP/1.1" 200 OK
(APIServer pid=3202435) INFO:     127.0.0.1:36440 - "POST /v1/completions HTTP/1.1" 200 OK
(APIServer pid=3202435) INFO:     127.0.0.1:36356 - "POST /v1/completions HTTP/1.1" 200 OK
(APIServer pid=3202435) INFO:     127.0.0.1:36266 - "POST /v1/completions HTTP/1.1" 200 OK
(APIServer pid=3202435) INFO:     127.0.0.1:36250 - "POST /v1/completions HTTP/1.1" 200 OK
(APIServer pid=3202435) INFO:     127.0.0.1:36366 - "POST /v1/completions HTTP/1.1" 200 OK
(APIServer pid=3202435) INFO:     127.0.0.1:36238 - "POST /v1/completions HTTP/1.1" 200 OK
(APIServer pid=3202435) INFO:     127.0.0.1:36306 - "POST /v1/completions HTTP/1.1" 200 OK
(APIServer pid=3202435) INFO:     127.0.0.1:36452 - "POST /v1/completions HTTP/1.1" 200 OK
(APIServer pid=3202435) INFO:     127.0.0.1:36294 - "POST /v1/completions HTTP/1.1" 200 OK
(APIServer pid=3202435) INFO:     127.0.0.1:36264 - "POST /v1/completions HTTP/1.1" 200 OK
(APIServer pid=3202435) INFO:     127.0.0.1:36424 - "POST /v1/completions HTTP/1.1" 200 OK
(APIServer pid=3202435) INFO:     127.0.0.1:36372 - "POST /v1/completions HTTP/1.1" 200 OK
(APIServer pid=3202435) INFO:     127.0.0.1:36416 - "POST /v1/completions HTTP/1.1" 200 OK
(APIServer pid=3202435) INFO:     127.0.0.1:36406 - "POST /v1/completions HTTP/1.1" 200 OK
(APIServer pid=3202435) INFO:     127.0.0.1:36480 - "POST /v1/completions HTTP/1.1" 200 OK
(APIServer pid=3202435) INFO:     127.0.0.1:36646 - "POST /v1/completions HTTP/1.1" 200 OK
(APIServer pid=3202435) INFO:     127.0.0.1:36630 - "POST /v1/completions HTTP/1.1" 200 OK
(APIServer pid=3202435) INFO:     127.0.0.1:36488 - "POST /v1/completions HTTP/1.1" 200 OK
(APIServer pid=3202435) INFO:     127.0.0.1:36462 - "POST /v1/completions HTTP/1.1" 200 OK
(APIServer pid=3202435) INFO:     127.0.0.1:36546 - "POST /v1/completions HTTP/1.1" 200 OK
(APIServer pid=3202435) INFO:     127.0.0.1:36458 - "POST /v1/completions HTTP/1.1" 200 OK
(APIServer pid=3202435) INFO:     127.0.0.1:36558 - "POST /v1/completions HTTP/1.1" 200 OK
(APIServer pid=3202435) INFO:     127.0.0.1:36522 - "POST /v1/completions HTTP/1.1" 200 OK
(APIServer pid=3202435) INFO:     127.0.0.1:36584 - "POST /v1/completions HTTP/1.1" 200 OK
(APIServer pid=3202435) INFO:     127.0.0.1:36524 - "POST /v1/completions HTTP/1.1" 200 OK
(APIServer pid=3202435) INFO:     127.0.0.1:36590 - "POST /v1/completions HTTP/1.1" 200 OK
(APIServer pid=3202435) INFO:     127.0.0.1:36576 - "POST /v1/completions HTTP/1.1" 200 OK
(APIServer pid=3202435) INFO:     127.0.0.1:36638 - "POST /v1/completions HTTP/1.1" 200 OK
(APIServer pid=3202435) INFO:     127.0.0.1:36614 - "POST /v1/completions HTTP/1.1" 200 OK
(APIServer pid=3202435) INFO:     127.0.0.1:36526 - "POST /v1/completions HTTP/1.1" 200 OK
(APIServer pid=3202435) INFO:     127.0.0.1:36492 - "POST /v1/completions HTTP/1.1" 200 OK
(APIServer pid=3202435) INFO:     127.0.0.1:36690 - "POST /v1/completions HTTP/1.1" 200 OK
(APIServer pid=3202435) INFO:     127.0.0.1:36678 - "POST /v1/completions HTTP/1.1" 200 OK
(APIServer pid=3202435) INFO:     127.0.0.1:36466 - "POST /v1/completions HTTP/1.1" 200 OK
(APIServer pid=3202435) INFO:     127.0.0.1:36514 - "POST /v1/completions HTTP/1.1" 200 OK
(APIServer pid=3202435) INFO:     127.0.0.1:36506 - "POST /v1/completions HTTP/1.1" 200 OK
(APIServer pid=3202435) INFO:     127.0.0.1:36568 - "POST /v1/completions HTTP/1.1" 200 OK
(APIServer pid=3202435) INFO:     127.0.0.1:36478 - "POST /v1/completions HTTP/1.1" 200 OK
(APIServer pid=3202435) INFO:     127.0.0.1:36662 - "POST /v1/completions HTTP/1.1" 200 OK
(APIServer pid=3202435) INFO:     127.0.0.1:36648 - "POST /v1/completions HTTP/1.1" 200 OK
(APIServer pid=3202435) INFO:     127.0.0.1:36530 - "POST /v1/completions HTTP/1.1" 200 OK
(APIServer pid=3202435) INFO:     127.0.0.1:36598 - "POST /v1/completions HTTP/1.1" 200 OK
(APIServer pid=3202435) INFO:     127.0.0.1:36604 - "POST /v1/completions HTTP/1.1" 200 OK
(APIServer pid=3202435) INFO:     127.0.0.1:36474 - "POST /v1/completions HTTP/1.1" 200 OK
(APIServer pid=3202435) INFO:     127.0.0.1:36706 - "POST /v1/completions HTTP/1.1" 200 OK
(APIServer pid=3202435) INFO:     127.0.0.1:36694 - "POST /v1/completions HTTP/1.1" 200 OK
(APIServer pid=3202435) INFO 07-08 11:06:31 [loggers.py:271] Engine 000: Avg prompt throughput: 3253.5 tokens/s, Avg generation throughput: 12203.9 tokens/s, Running: 256 reqs, Waiting: 0 reqs, GPU KV cache usage: 7.6%, Prefix cache hit rate: 10.3%
(APIServer pid=3202435) INFO 07-08 11:06:41 [loggers.py:271] Engine 000: Avg prompt throughput: 0.0 tokens/s, Avg generation throughput: 12410.2 tokens/s, Running: 256 reqs, Waiting: 0 reqs, GPU KV cache usage: 14.0%, Prefix cache hit rate: 10.3%
(APIServer pid=3202435) INFO:     127.0.0.1:52008 - "GET /metrics HTTP/1.1" 200 OK
(APIServer pid=3202435) INFO 07-08 11:06:51 [loggers.py:271] Engine 000: Avg prompt throughput: 0.0 tokens/s, Avg generation throughput: 2593.1 tokens/s, Running: 0 reqs, Waiting: 0 reqs, GPU KV cache usage: 0.0%, Prefix cache hit rate: 10.3%
(APIServer pid=3202435) INFO:     127.0.0.1:36642 - "POST /v1/completions HTTP/1.1" 200 OK
(APIServer pid=3202435) INFO:     127.0.0.1:36642 - "POST /v1/completions HTTP/1.1" 200 OK
(APIServer pid=3202435) INFO:     127.0.0.1:60808 - "POST /v1/completions HTTP/1.1" 200 OK
(APIServer pid=3202435) INFO:     127.0.0.1:60814 - "POST /v1/completions HTTP/1.1" 200 OK
(APIServer pid=3202435) INFO:     127.0.0.1:60818 - "POST /v1/completions HTTP/1.1" 200 OK
(APIServer pid=3202435) INFO:     127.0.0.1:60834 - "POST /v1/completions HTTP/1.1" 200 OK
(APIServer pid=3202435) INFO:     127.0.0.1:60850 - "POST /v1/completions HTTP/1.1" 200 OK
(APIServer pid=3202435) INFO:     127.0.0.1:60856 - "POST /v1/completions HTTP/1.1" 200 OK
(APIServer pid=3202435) INFO:     127.0.0.1:60866 - "POST /v1/completions HTTP/1.1" 200 OK
(APIServer pid=3202435) INFO:     127.0.0.1:60876 - "POST /v1/completions HTTP/1.1" 200 OK
(APIServer pid=3202435) INFO:     127.0.0.1:60880 - "POST /v1/completions HTTP/1.1" 200 OK
(APIServer pid=3202435) INFO:     127.0.0.1:60892 - "POST /v1/completions HTTP/1.1" 200 OK
(APIServer pid=3202435) INFO:     127.0.0.1:60894 - "POST /v1/completions HTTP/1.1" 200 OK
(APIServer pid=3202435) INFO:     127.0.0.1:60900 - "POST /v1/completions HTTP/1.1" 200 OK
(APIServer pid=3202435) INFO:     127.0.0.1:60908 - "POST /v1/completions HTTP/1.1" 200 OK
(APIServer pid=3202435) INFO:     127.0.0.1:60914 - "POST /v1/completions HTTP/1.1" 200 OK
(APIServer pid=3202435) INFO:     127.0.0.1:60924 - "POST /v1/completions HTTP/1.1" 200 OK
(APIServer pid=3202435) INFO:     127.0.0.1:60936 - "POST /v1/completions HTTP/1.1" 200 OK
(APIServer pid=3202435) INFO:     127.0.0.1:60950 - "POST /v1/completions HTTP/1.1" 200 OK
(APIServer pid=3202435) INFO:     127.0.0.1:60966 - "POST /v1/completions HTTP/1.1" 200 OK
(APIServer pid=3202435) INFO:     127.0.0.1:60972 - "POST /v1/completions HTTP/1.1" 200 OK
(APIServer pid=3202435) INFO:     127.0.0.1:60974 - "POST /v1/completions HTTP/1.1" 200 OK
(APIServer pid=3202435) INFO:     127.0.0.1:60978 - "POST /v1/completions HTTP/1.1" 200 OK
(APIServer pid=3202435) INFO:     127.0.0.1:60980 - "POST /v1/completions HTTP/1.1" 200 OK
(APIServer pid=3202435) INFO:     127.0.0.1:60994 - "POST /v1/completions HTTP/1.1" 200 OK
(APIServer pid=3202435) INFO:     127.0.0.1:32772 - "POST /v1/completions HTTP/1.1" 200 OK
(APIServer pid=3202435) INFO:     127.0.0.1:32788 - "POST /v1/completions HTTP/1.1" 200 OK
(APIServer pid=3202435) INFO:     127.0.0.1:32790 - "POST /v1/completions HTTP/1.1" 200 OK
(APIServer pid=3202435) INFO:     127.0.0.1:32798 - "POST /v1/completions HTTP/1.1" 200 OK
(APIServer pid=3202435) INFO:     127.0.0.1:32806 - "POST /v1/completions HTTP/1.1" 200 OK
(APIServer pid=3202435) INFO:     127.0.0.1:32816 - "POST /v1/completions HTTP/1.1" 200 OK
(APIServer pid=3202435) INFO:     127.0.0.1:32820 - "POST /v1/completions HTTP/1.1" 200 OK
(APIServer pid=3202435) INFO:     127.0.0.1:32828 - "POST /v1/completions HTTP/1.1" 200 OK
(APIServer pid=3202435) INFO:     127.0.0.1:32832 - "POST /v1/completions HTTP/1.1" 200 OK
(APIServer pid=3202435) INFO:     127.0.0.1:32846 - "POST /v1/completions HTTP/1.1" 200 OK
(APIServer pid=3202435) INFO:     127.0.0.1:32848 - "POST /v1/completions HTTP/1.1" 200 OK
(APIServer pid=3202435) INFO:     127.0.0.1:32862 - "POST /v1/completions HTTP/1.1" 200 OK
(APIServer pid=3202435) INFO:     127.0.0.1:32872 - "POST /v1/completions HTTP/1.1" 200 OK
(APIServer pid=3202435) INFO:     127.0.0.1:32882 - "POST /v1/completions HTTP/1.1" 200 OK
(APIServer pid=3202435) INFO:     127.0.0.1:32884 - "POST /v1/completions HTTP/1.1" 200 OK
(APIServer pid=3202435) INFO:     127.0.0.1:32892 - "POST /v1/completions HTTP/1.1" 200 OK
(APIServer pid=3202435) INFO:     127.0.0.1:32902 - "POST /v1/completions HTTP/1.1" 200 OK
(APIServer pid=3202435) INFO:     127.0.0.1:32906 - "POST /v1/completions HTTP/1.1" 200 OK
(APIServer pid=3202435) INFO:     127.0.0.1:32910 - "POST /v1/completions HTTP/1.1" 200 OK
(APIServer pid=3202435) INFO:     127.0.0.1:32920 - "POST /v1/completions HTTP/1.1" 200 OK
(APIServer pid=3202435) INFO:     127.0.0.1:32934 - "POST /v1/completions HTTP/1.1" 200 OK
(APIServer pid=3202435) INFO:     127.0.0.1:32948 - "POST /v1/completions HTTP/1.1" 200 OK
(APIServer pid=3202435) INFO:     127.0.0.1:32964 - "POST /v1/completions HTTP/1.1" 200 OK
(APIServer pid=3202435) INFO:     127.0.0.1:32970 - "POST /v1/completions HTTP/1.1" 200 OK
(APIServer pid=3202435) INFO:     127.0.0.1:32980 - "POST /v1/completions HTTP/1.1" 200 OK
(APIServer pid=3202435) INFO:     127.0.0.1:32982 - "POST /v1/completions HTTP/1.1" 200 OK
(APIServer pid=3202435) INFO:     127.0.0.1:32994 - "POST /v1/completions HTTP/1.1" 200 OK
(APIServer pid=3202435) INFO:     127.0.0.1:33004 - "POST /v1/completions HTTP/1.1" 200 OK
(APIServer pid=3202435) INFO:     127.0.0.1:33020 - "POST /v1/completions HTTP/1.1" 200 OK
(APIServer pid=3202435) INFO:     127.0.0.1:33028 - "POST /v1/completions HTTP/1.1" 200 OK
(APIServer pid=3202435) INFO:     127.0.0.1:33042 - "POST /v1/completions HTTP/1.1" 200 OK
(APIServer pid=3202435) INFO:     127.0.0.1:33054 - "POST /v1/completions HTTP/1.1" 200 OK
(APIServer pid=3202435) INFO:     127.0.0.1:33066 - "POST /v1/completions HTTP/1.1" 200 OK
(APIServer pid=3202435) INFO:     127.0.0.1:33078 - "POST /v1/completions HTTP/1.1" 200 OK
(APIServer pid=3202435) INFO:     127.0.0.1:33088 - "POST /v1/completions HTTP/1.1" 200 OK
(APIServer pid=3202435) INFO:     127.0.0.1:33098 - "POST /v1/completions HTTP/1.1" 200 OK
(APIServer pid=3202435) INFO:     127.0.0.1:33102 - "POST /v1/completions HTTP/1.1" 200 OK
(APIServer pid=3202435) INFO:     127.0.0.1:33104 - "POST /v1/completions HTTP/1.1" 200 OK
(APIServer pid=3202435) INFO:     127.0.0.1:33108 - "POST /v1/completions HTTP/1.1" 200 OK
(APIServer pid=3202435) INFO:     127.0.0.1:33116 - "POST /v1/completions HTTP/1.1" 200 OK
(APIServer pid=3202435) INFO:     127.0.0.1:36642 - "GET /metrics HTTP/1.1" 200 OK
(APIServer pid=3202435) INFO:     127.0.0.1:60808 - "POST /v1/completions HTTP/1.1" 200 OK
(APIServer pid=3202435) INFO 07-08 11:07:01 [loggers.py:271] Engine 000: Avg prompt throughput: 296.0 tokens/s, Avg generation throughput: 833.0 tokens/s, Running: 1 reqs, Waiting: 0 reqs, GPU KV cache usage: 0.1%, Prefix cache hit rate: 66.9%
(APIServer pid=3202435) INFO:     127.0.0.1:60892 - "POST /v1/completions HTTP/1.1" 200 OK
(APIServer pid=3202435) INFO:     127.0.0.1:60880 - "POST /v1/completions HTTP/1.1" 200 OK
(APIServer pid=3202435) INFO:     127.0.0.1:60876 - "POST /v1/completions HTTP/1.1" 200 OK
(APIServer pid=3202435) INFO:     127.0.0.1:60818 - "POST /v1/completions HTTP/1.1" 200 OK
(APIServer pid=3202435) INFO:     127.0.0.1:60866 - "POST /v1/completions HTTP/1.1" 200 OK
(APIServer pid=3202435) INFO:     127.0.0.1:60834 - "POST /v1/completions HTTP/1.1" 200 OK
(APIServer pid=3202435) INFO:     127.0.0.1:60850 - "POST /v1/completions HTTP/1.1" 200 OK
(APIServer pid=3202435) INFO:     127.0.0.1:60814 - "POST /v1/completions HTTP/1.1" 200 OK
(APIServer pid=3202435) INFO:     127.0.0.1:60856 - "POST /v1/completions HTTP/1.1" 200 OK
(APIServer pid=3202435) INFO:     127.0.0.1:60894 - "POST /v1/completions HTTP/1.1" 200 OK
(APIServer pid=3202435) INFO:     127.0.0.1:32816 - "POST /v1/completions HTTP/1.1" 200 OK
(APIServer pid=3202435) INFO:     127.0.0.1:60978 - "POST /v1/completions HTTP/1.1" 200 OK
(APIServer pid=3202435) INFO:     127.0.0.1:60914 - "POST /v1/completions HTTP/1.1" 200 OK
(APIServer pid=3202435) INFO:     127.0.0.1:60924 - "POST /v1/completions HTTP/1.1" 200 OK
(APIServer pid=3202435) INFO:     127.0.0.1:60974 - "POST /v1/completions HTTP/1.1" 200 OK
(APIServer pid=3202435) INFO:     127.0.0.1:60900 - "POST /v1/completions HTTP/1.1" 200 OK
(APIServer pid=3202435) INFO:     127.0.0.1:60936 - "POST /v1/completions HTTP/1.1" 200 OK
(APIServer pid=3202435) INFO:     127.0.0.1:32806 - "POST /v1/completions HTTP/1.1" 200 OK
(APIServer pid=3202435) INFO:     127.0.0.1:32790 - "POST /v1/completions HTTP/1.1" 200 OK
(APIServer pid=3202435) INFO:     127.0.0.1:32788 - "POST /v1/completions HTTP/1.1" 200 OK
(APIServer pid=3202435) INFO:     127.0.0.1:32828 - "POST /v1/completions HTTP/1.1" 200 OK
(APIServer pid=3202435) INFO:     127.0.0.1:32832 - "POST /v1/completions HTTP/1.1" 200 OK
(APIServer pid=3202435) INFO:     127.0.0.1:60972 - "POST /v1/completions HTTP/1.1" 200 OK
(APIServer pid=3202435) INFO:     127.0.0.1:60994 - "POST /v1/completions HTTP/1.1" 200 OK
(APIServer pid=3202435) INFO:     127.0.0.1:32820 - "POST /v1/completions HTTP/1.1" 200 OK
(APIServer pid=3202435) INFO:     127.0.0.1:60950 - "POST /v1/completions HTTP/1.1" 200 OK
(APIServer pid=3202435) INFO:     127.0.0.1:60966 - "POST /v1/completions HTTP/1.1" 200 OK
(APIServer pid=3202435) INFO:     127.0.0.1:32772 - "POST /v1/completions HTTP/1.1" 200 OK
(APIServer pid=3202435) INFO:     127.0.0.1:32798 - "POST /v1/completions HTTP/1.1" 200 OK
(APIServer pid=3202435) INFO:     127.0.0.1:60980 - "POST /v1/completions HTTP/1.1" 200 OK
(APIServer pid=3202435) INFO:     127.0.0.1:60908 - "POST /v1/completions HTTP/1.1" 200 OK
(APIServer pid=3202435) INFO:     127.0.0.1:33020 - "POST /v1/completions HTTP/1.1" 200 OK
(APIServer pid=3202435) INFO:     127.0.0.1:32862 - "POST /v1/completions HTTP/1.1" 200 OK
(APIServer pid=3202435) INFO:     127.0.0.1:32964 - "POST /v1/completions HTTP/1.1" 200 OK
(APIServer pid=3202435) INFO:     127.0.0.1:32980 - "POST /v1/completions HTTP/1.1" 200 OK
(APIServer pid=3202435) INFO:     127.0.0.1:32902 - "POST /v1/completions HTTP/1.1" 200 OK
(APIServer pid=3202435) INFO:     127.0.0.1:32994 - "POST /v1/completions HTTP/1.1" 200 OK
(APIServer pid=3202435) INFO:     127.0.0.1:32882 - "POST /v1/completions HTTP/1.1" 200 OK
(APIServer pid=3202435) INFO:     127.0.0.1:32846 - "POST /v1/completions HTTP/1.1" 200 OK
(APIServer pid=3202435) INFO:     127.0.0.1:33054 - "POST /v1/completions HTTP/1.1" 200 OK
(APIServer pid=3202435) INFO:     127.0.0.1:32906 - "POST /v1/completions HTTP/1.1" 200 OK
(APIServer pid=3202435) INFO:     127.0.0.1:32970 - "POST /v1/completions HTTP/1.1" 200 OK
(APIServer pid=3202435) INFO:     127.0.0.1:32982 - "POST /v1/completions HTTP/1.1" 200 OK
(APIServer pid=3202435) INFO:     127.0.0.1:32920 - "POST /v1/completions HTTP/1.1" 200 OK
(APIServer pid=3202435) INFO:     127.0.0.1:32884 - "POST /v1/completions HTTP/1.1" 200 OK
(APIServer pid=3202435) INFO:     127.0.0.1:32872 - "POST /v1/completions HTTP/1.1" 200 OK
(APIServer pid=3202435) INFO:     127.0.0.1:33028 - "POST /v1/completions HTTP/1.1" 200 OK
(APIServer pid=3202435) INFO:     127.0.0.1:33042 - "POST /v1/completions HTTP/1.1" 200 OK
(APIServer pid=3202435) INFO:     127.0.0.1:32934 - "POST /v1/completions HTTP/1.1" 200 OK
(APIServer pid=3202435) INFO:     127.0.0.1:32848 - "POST /v1/completions HTTP/1.1" 200 OK
(APIServer pid=3202435) INFO:     127.0.0.1:33066 - "POST /v1/completions HTTP/1.1" 200 OK
(APIServer pid=3202435) INFO:     127.0.0.1:32948 - "POST /v1/completions HTTP/1.1" 200 OK
(APIServer pid=3202435) INFO:     127.0.0.1:33004 - "POST /v1/completions HTTP/1.1" 200 OK
(APIServer pid=3202435) INFO:     127.0.0.1:32910 - "POST /v1/completions HTTP/1.1" 200 OK
(APIServer pid=3202435) INFO:     127.0.0.1:32892 - "POST /v1/completions HTTP/1.1" 200 OK
(APIServer pid=3202435) INFO:     127.0.0.1:33102 - "POST /v1/completions HTTP/1.1" 200 OK
(APIServer pid=3202435) INFO:     127.0.0.1:33098 - "POST /v1/completions HTTP/1.1" 200 OK
(APIServer pid=3202435) INFO:     127.0.0.1:33104 - "POST /v1/completions HTTP/1.1" 200 OK
(APIServer pid=3202435) INFO:     127.0.0.1:33088 - "POST /v1/completions HTTP/1.1" 200 OK
(APIServer pid=3202435) INFO:     127.0.0.1:33078 - "POST /v1/completions HTTP/1.1" 200 OK
(APIServer pid=3202435) INFO:     127.0.0.1:33108 - "POST /v1/completions HTTP/1.1" 200 OK
(APIServer pid=3202435) INFO:     127.0.0.1:33116 - "POST /v1/completions HTTP/1.1" 200 OK
(APIServer pid=3202435) INFO:     127.0.0.1:36642 - "POST /v1/completions HTTP/1.1" 200 OK
(APIServer pid=3202435) INFO:     127.0.0.1:33126 - "POST /v1/completions HTTP/1.1" 200 OK
(APIServer pid=3202435) INFO:     127.0.0.1:33138 - "POST /v1/completions HTTP/1.1" 200 OK
(APIServer pid=3202435) INFO:     127.0.0.1:33152 - "POST /v1/completions HTTP/1.1" 200 OK
(APIServer pid=3202435) INFO:     127.0.0.1:33166 - "POST /v1/completions HTTP/1.1" 200 OK
(APIServer pid=3202435) INFO:     127.0.0.1:33176 - "POST /v1/completions HTTP/1.1" 200 OK
(APIServer pid=3202435) INFO:     127.0.0.1:33180 - "POST /v1/completions HTTP/1.1" 200 OK
(APIServer pid=3202435) INFO:     127.0.0.1:33194 - "POST /v1/completions HTTP/1.1" 200 OK
(APIServer pid=3202435) INFO:     127.0.0.1:33204 - "POST /v1/completions HTTP/1.1" 200 OK
(APIServer pid=3202435) INFO:     127.0.0.1:33214 - "POST /v1/completions HTTP/1.1" 200 OK
(APIServer pid=3202435) INFO:     127.0.0.1:33230 - "POST /v1/completions HTTP/1.1" 200 OK
(APIServer pid=3202435) INFO:     127.0.0.1:33232 - "POST /v1/completions HTTP/1.1" 200 OK
(APIServer pid=3202435) INFO:     127.0.0.1:33246 - "POST /v1/completions HTTP/1.1" 200 OK
(APIServer pid=3202435) INFO:     127.0.0.1:33252 - "POST /v1/completions HTTP/1.1" 200 OK
(APIServer pid=3202435) INFO:     127.0.0.1:33262 - "POST /v1/completions HTTP/1.1" 200 OK
(APIServer pid=3202435) INFO:     127.0.0.1:33276 - "POST /v1/completions HTTP/1.1" 200 OK
(APIServer pid=3202435) INFO:     127.0.0.1:33288 - "POST /v1/completions HTTP/1.1" 200 OK
(APIServer pid=3202435) INFO:     127.0.0.1:33290 - "POST /v1/completions HTTP/1.1" 200 OK
(APIServer pid=3202435) INFO:     127.0.0.1:33306 - "POST /v1/completions HTTP/1.1" 200 OK
(APIServer pid=3202435) INFO:     127.0.0.1:33316 - "POST /v1/completions HTTP/1.1" 200 OK
(APIServer pid=3202435) INFO:     127.0.0.1:33318 - "POST /v1/completions HTTP/1.1" 200 OK
(APIServer pid=3202435) INFO:     127.0.0.1:33332 - "POST /v1/completions HTTP/1.1" 200 OK
(APIServer pid=3202435) INFO:     127.0.0.1:33344 - "POST /v1/completions HTTP/1.1" 200 OK
(APIServer pid=3202435) INFO:     127.0.0.1:33350 - "POST /v1/completions HTTP/1.1" 200 OK
(APIServer pid=3202435) INFO:     127.0.0.1:33364 - "POST /v1/completions HTTP/1.1" 200 OK
(APIServer pid=3202435) INFO:     127.0.0.1:33376 - "POST /v1/completions HTTP/1.1" 200 OK
(APIServer pid=3202435) INFO:     127.0.0.1:33384 - "POST /v1/completions HTTP/1.1" 200 OK
(APIServer pid=3202435) INFO:     127.0.0.1:33390 - "POST /v1/completions HTTP/1.1" 200 OK
(APIServer pid=3202435) INFO:     127.0.0.1:33392 - "POST /v1/completions HTTP/1.1" 200 OK
(APIServer pid=3202435) INFO:     127.0.0.1:33394 - "POST /v1/completions HTTP/1.1" 200 OK
(APIServer pid=3202435) INFO:     127.0.0.1:33408 - "POST /v1/completions HTTP/1.1" 200 OK
(APIServer pid=3202435) INFO:     127.0.0.1:33422 - "POST /v1/completions HTTP/1.1" 200 OK
(APIServer pid=3202435) INFO:     127.0.0.1:33436 - "POST /v1/completions HTTP/1.1" 200 OK
(APIServer pid=3202435) INFO:     127.0.0.1:33452 - "POST /v1/completions HTTP/1.1" 200 OK
(APIServer pid=3202435) INFO:     127.0.0.1:33464 - "POST /v1/completions HTTP/1.1" 200 OK
(APIServer pid=3202435) INFO:     127.0.0.1:33472 - "POST /v1/completions HTTP/1.1" 200 OK
(APIServer pid=3202435) INFO:     127.0.0.1:33480 - "POST /v1/completions HTTP/1.1" 200 OK
(APIServer pid=3202435) INFO:     127.0.0.1:33496 - "POST /v1/completions HTTP/1.1" 200 OK
(APIServer pid=3202435) INFO:     127.0.0.1:33498 - "POST /v1/completions HTTP/1.1" 200 OK
(APIServer pid=3202435) INFO:     127.0.0.1:33506 - "POST /v1/completions HTTP/1.1" 200 OK
(APIServer pid=3202435) INFO:     127.0.0.1:33508 - "POST /v1/completions HTTP/1.1" 200 OK
(APIServer pid=3202435) INFO:     127.0.0.1:33510 - "POST /v1/completions HTTP/1.1" 200 OK
(APIServer pid=3202435) INFO:     127.0.0.1:33516 - "POST /v1/completions HTTP/1.1" 200 OK
(APIServer pid=3202435) INFO:     127.0.0.1:33522 - "POST /v1/completions HTTP/1.1" 200 OK
(APIServer pid=3202435) INFO:     127.0.0.1:33530 - "POST /v1/completions HTTP/1.1" 200 OK
(APIServer pid=3202435) INFO:     127.0.0.1:33532 - "POST /v1/completions HTTP/1.1" 200 OK
(APIServer pid=3202435) INFO:     127.0.0.1:33538 - "POST /v1/completions HTTP/1.1" 200 OK
(APIServer pid=3202435) INFO:     127.0.0.1:33552 - "POST /v1/completions HTTP/1.1" 200 OK
(APIServer pid=3202435) INFO:     127.0.0.1:33568 - "POST /v1/completions HTTP/1.1" 200 OK
(APIServer pid=3202435) INFO:     127.0.0.1:33574 - "POST /v1/completions HTTP/1.1" 200 OK
(APIServer pid=3202435) INFO:     127.0.0.1:33584 - "POST /v1/completions HTTP/1.1" 200 OK
(APIServer pid=3202435) INFO:     127.0.0.1:33596 - "POST /v1/completions HTTP/1.1" 200 OK
(APIServer pid=3202435) INFO:     127.0.0.1:33608 - "POST /v1/completions HTTP/1.1" 200 OK
(APIServer pid=3202435) INFO:     127.0.0.1:33616 - "POST /v1/completions HTTP/1.1" 200 OK
(APIServer pid=3202435) INFO:     127.0.0.1:33620 - "POST /v1/completions HTTP/1.1" 200 OK
(APIServer pid=3202435) INFO:     127.0.0.1:33628 - "POST /v1/completions HTTP/1.1" 200 OK
(APIServer pid=3202435) INFO:     127.0.0.1:33632 - "POST /v1/completions HTTP/1.1" 200 OK
(APIServer pid=3202435) INFO:     127.0.0.1:33636 - "POST /v1/completions HTTP/1.1" 200 OK
(APIServer pid=3202435) INFO:     127.0.0.1:33652 - "POST /v1/completions HTTP/1.1" 200 OK
(APIServer pid=3202435) INFO:     127.0.0.1:33658 - "POST /v1/completions HTTP/1.1" 200 OK
(APIServer pid=3202435) INFO:     127.0.0.1:33668 - "POST /v1/completions HTTP/1.1" 200 OK
(APIServer pid=3202435) INFO:     127.0.0.1:33674 - "POST /v1/completions HTTP/1.1" 200 OK
(APIServer pid=3202435) INFO:     127.0.0.1:33686 - "POST /v1/completions HTTP/1.1" 200 OK
(APIServer pid=3202435) INFO:     127.0.0.1:33688 - "POST /v1/completions HTTP/1.1" 200 OK
(APIServer pid=3202435) INFO:     127.0.0.1:33692 - "POST /v1/completions HTTP/1.1" 200 OK
(APIServer pid=3202435) INFO:     127.0.0.1:33694 - "POST /v1/completions HTTP/1.1" 200 OK
(APIServer pid=3202435) INFO:     127.0.0.1:33702 - "POST /v1/completions HTTP/1.1" 200 OK
(APIServer pid=3202435) INFO:     127.0.0.1:33704 - "POST /v1/completions HTTP/1.1" 200 OK
(APIServer pid=3202435) INFO:     127.0.0.1:33714 - "POST /v1/completions HTTP/1.1" 200 OK
(APIServer pid=3202435) INFO:     127.0.0.1:33724 - "POST /v1/completions HTTP/1.1" 200 OK
(APIServer pid=3202435) INFO:     127.0.0.1:33732 - "POST /v1/completions HTTP/1.1" 200 OK
(APIServer pid=3202435) INFO:     127.0.0.1:33738 - "POST /v1/completions HTTP/1.1" 200 OK
(APIServer pid=3202435) INFO:     127.0.0.1:33746 - "POST /v1/completions HTTP/1.1" 200 OK
(APIServer pid=3202435) INFO:     127.0.0.1:33758 - "POST /v1/completions HTTP/1.1" 200 OK
(APIServer pid=3202435) INFO:     127.0.0.1:33772 - "POST /v1/completions HTTP/1.1" 200 OK
(APIServer pid=3202435) INFO:     127.0.0.1:33786 - "POST /v1/completions HTTP/1.1" 200 OK
(APIServer pid=3202435) INFO:     127.0.0.1:33790 - "POST /v1/completions HTTP/1.1" 200 OK
(APIServer pid=3202435) INFO:     127.0.0.1:33798 - "POST /v1/completions HTTP/1.1" 200 OK
(APIServer pid=3202435) INFO:     127.0.0.1:33800 - "POST /v1/completions HTTP/1.1" 200 OK
(APIServer pid=3202435) INFO:     127.0.0.1:33814 - "POST /v1/completions HTTP/1.1" 200 OK
(APIServer pid=3202435) INFO:     127.0.0.1:33826 - "POST /v1/completions HTTP/1.1" 200 OK
(APIServer pid=3202435) INFO:     127.0.0.1:33830 - "POST /v1/completions HTTP/1.1" 200 OK
(APIServer pid=3202435) INFO:     127.0.0.1:33838 - "POST /v1/completions HTTP/1.1" 200 OK
(APIServer pid=3202435) INFO:     127.0.0.1:33844 - "POST /v1/completions HTTP/1.1" 200 OK
(APIServer pid=3202435) INFO:     127.0.0.1:33858 - "POST /v1/completions HTTP/1.1" 200 OK
(APIServer pid=3202435) INFO:     127.0.0.1:33870 - "POST /v1/completions HTTP/1.1" 200 OK
(APIServer pid=3202435) INFO:     127.0.0.1:33884 - "POST /v1/completions HTTP/1.1" 200 OK
(APIServer pid=3202435) INFO:     127.0.0.1:33890 - "POST /v1/completions HTTP/1.1" 200 OK
(APIServer pid=3202435) INFO:     127.0.0.1:33892 - "POST /v1/completions HTTP/1.1" 200 OK
(APIServer pid=3202435) INFO:     127.0.0.1:33904 - "POST /v1/completions HTTP/1.1" 200 OK
(APIServer pid=3202435) INFO:     127.0.0.1:33916 - "POST /v1/completions HTTP/1.1" 200 OK
(APIServer pid=3202435) INFO:     127.0.0.1:33932 - "POST /v1/completions HTTP/1.1" 200 OK
(APIServer pid=3202435) INFO:     127.0.0.1:33942 - "POST /v1/completions HTTP/1.1" 200 OK
(APIServer pid=3202435) INFO:     127.0.0.1:33954 - "POST /v1/completions HTTP/1.1" 200 OK
(APIServer pid=3202435) INFO:     127.0.0.1:33966 - "POST /v1/completions HTTP/1.1" 200 OK
(APIServer pid=3202435) INFO:     127.0.0.1:33970 - "POST /v1/completions HTTP/1.1" 200 OK
(APIServer pid=3202435) INFO:     127.0.0.1:33980 - "POST /v1/completions HTTP/1.1" 200 OK
(APIServer pid=3202435) INFO:     127.0.0.1:33988 - "POST /v1/completions HTTP/1.1" 200 OK
(APIServer pid=3202435) INFO:     127.0.0.1:33992 - "POST /v1/completions HTTP/1.1" 200 OK
(APIServer pid=3202435) INFO:     127.0.0.1:33994 - "POST /v1/completions HTTP/1.1" 200 OK
(APIServer pid=3202435) INFO:     127.0.0.1:34008 - "POST /v1/completions HTTP/1.1" 200 OK
(APIServer pid=3202435) INFO:     127.0.0.1:34024 - "POST /v1/completions HTTP/1.1" 200 OK
(APIServer pid=3202435) INFO:     127.0.0.1:34026 - "POST /v1/completions HTTP/1.1" 200 OK
(APIServer pid=3202435) INFO:     127.0.0.1:34028 - "POST /v1/completions HTTP/1.1" 200 OK
(APIServer pid=3202435) INFO:     127.0.0.1:34034 - "POST /v1/completions HTTP/1.1" 200 OK
(APIServer pid=3202435) INFO:     127.0.0.1:34038 - "POST /v1/completions HTTP/1.1" 200 OK
(APIServer pid=3202435) INFO:     127.0.0.1:34042 - "POST /v1/completions HTTP/1.1" 200 OK
(APIServer pid=3202435) INFO:     127.0.0.1:34052 - "POST /v1/completions HTTP/1.1" 200 OK
(APIServer pid=3202435) INFO:     127.0.0.1:34054 - "POST /v1/completions HTTP/1.1" 200 OK
(APIServer pid=3202435) INFO:     127.0.0.1:34062 - "POST /v1/completions HTTP/1.1" 200 OK
(APIServer pid=3202435) INFO:     127.0.0.1:34078 - "POST /v1/completions HTTP/1.1" 200 OK
(APIServer pid=3202435) INFO:     127.0.0.1:34084 - "POST /v1/completions HTTP/1.1" 200 OK
(APIServer pid=3202435) INFO:     127.0.0.1:34094 - "POST /v1/completions HTTP/1.1" 200 OK
(APIServer pid=3202435) INFO:     127.0.0.1:34110 - "POST /v1/completions HTTP/1.1" 200 OK
(APIServer pid=3202435) INFO:     127.0.0.1:34124 - "POST /v1/completions HTTP/1.1" 200 OK
(APIServer pid=3202435) INFO:     127.0.0.1:34132 - "POST /v1/completions HTTP/1.1" 200 OK
(APIServer pid=3202435) INFO:     127.0.0.1:34138 - "POST /v1/completions HTTP/1.1" 200 OK
(APIServer pid=3202435) INFO:     127.0.0.1:34146 - "POST /v1/completions HTTP/1.1" 200 OK
(APIServer pid=3202435) INFO:     127.0.0.1:34148 - "POST /v1/completions HTTP/1.1" 200 OK
(APIServer pid=3202435) INFO:     127.0.0.1:34156 - "POST /v1/completions HTTP/1.1" 200 OK
(APIServer pid=3202435) INFO:     127.0.0.1:34170 - "POST /v1/completions HTTP/1.1" 200 OK
(APIServer pid=3202435) INFO:     127.0.0.1:34178 - "POST /v1/completions HTTP/1.1" 200 OK
(APIServer pid=3202435) INFO:     127.0.0.1:34192 - "POST /v1/completions HTTP/1.1" 200 OK
(APIServer pid=3202435) INFO:     127.0.0.1:34200 - "POST /v1/completions HTTP/1.1" 200 OK
(APIServer pid=3202435) INFO:     127.0.0.1:34202 - "POST /v1/completions HTTP/1.1" 200 OK
(APIServer pid=3202435) INFO:     127.0.0.1:34206 - "POST /v1/completions HTTP/1.1" 200 OK
(APIServer pid=3202435) INFO:     127.0.0.1:34214 - "POST /v1/completions HTTP/1.1" 200 OK
(APIServer pid=3202435) INFO:     127.0.0.1:34228 - "POST /v1/completions HTTP/1.1" 200 OK
(APIServer pid=3202435) INFO:     127.0.0.1:34236 - "POST /v1/completions HTTP/1.1" 200 OK
(APIServer pid=3202435) INFO:     127.0.0.1:34238 - "POST /v1/completions HTTP/1.1" 200 OK
(APIServer pid=3202435) INFO:     127.0.0.1:34244 - "POST /v1/completions HTTP/1.1" 200 OK
(APIServer pid=3202435) INFO:     127.0.0.1:34258 - "POST /v1/completions HTTP/1.1" 200 OK
(APIServer pid=3202435) INFO:     127.0.0.1:34266 - "POST /v1/completions HTTP/1.1" 200 OK
(APIServer pid=3202435) INFO:     127.0.0.1:34280 - "POST /v1/completions HTTP/1.1" 200 OK
(APIServer pid=3202435) INFO:     127.0.0.1:34294 - "POST /v1/completions HTTP/1.1" 200 OK
(APIServer pid=3202435) INFO:     127.0.0.1:34308 - "POST /v1/completions HTTP/1.1" 200 OK
(APIServer pid=3202435) INFO:     127.0.0.1:34314 - "POST /v1/completions HTTP/1.1" 200 OK
(APIServer pid=3202435) INFO:     127.0.0.1:34322 - "POST /v1/completions HTTP/1.1" 200 OK
(APIServer pid=3202435) INFO:     127.0.0.1:34332 - "POST /v1/completions HTTP/1.1" 200 OK
(APIServer pid=3202435) INFO:     127.0.0.1:34346 - "POST /v1/completions HTTP/1.1" 200 OK
(APIServer pid=3202435) INFO:     127.0.0.1:34356 - "POST /v1/completions HTTP/1.1" 200 OK
(APIServer pid=3202435) INFO:     127.0.0.1:34370 - "POST /v1/completions HTTP/1.1" 200 OK
(APIServer pid=3202435) INFO:     127.0.0.1:34384 - "POST /v1/completions HTTP/1.1" 200 OK
(APIServer pid=3202435) INFO:     127.0.0.1:34398 - "POST /v1/completions HTTP/1.1" 200 OK
(APIServer pid=3202435) INFO:     127.0.0.1:34406 - "POST /v1/completions HTTP/1.1" 200 OK
(APIServer pid=3202435) INFO:     127.0.0.1:34420 - "POST /v1/completions HTTP/1.1" 200 OK
(APIServer pid=3202435) INFO:     127.0.0.1:34432 - "POST /v1/completions HTTP/1.1" 200 OK
(APIServer pid=3202435) INFO:     127.0.0.1:34436 - "POST /v1/completions HTTP/1.1" 200 OK
(APIServer pid=3202435) INFO:     127.0.0.1:34444 - "POST /v1/completions HTTP/1.1" 200 OK
(APIServer pid=3202435) INFO:     127.0.0.1:34446 - "POST /v1/completions HTTP/1.1" 200 OK
(APIServer pid=3202435) INFO:     127.0.0.1:34454 - "POST /v1/completions HTTP/1.1" 200 OK
(APIServer pid=3202435) INFO:     127.0.0.1:34466 - "POST /v1/completions HTTP/1.1" 200 OK
(APIServer pid=3202435) INFO:     127.0.0.1:34468 - "POST /v1/completions HTTP/1.1" 200 OK
(APIServer pid=3202435) INFO:     127.0.0.1:34478 - "POST /v1/completions HTTP/1.1" 200 OK
(APIServer pid=3202435) INFO:     127.0.0.1:34494 - "POST /v1/completions HTTP/1.1" 200 OK
(APIServer pid=3202435) INFO:     127.0.0.1:34508 - "POST /v1/completions HTTP/1.1" 200 OK
(APIServer pid=3202435) INFO:     127.0.0.1:34520 - "POST /v1/completions HTTP/1.1" 200 OK
(APIServer pid=3202435) INFO:     127.0.0.1:34532 - "POST /v1/completions HTTP/1.1" 200 OK
(APIServer pid=3202435) INFO:     127.0.0.1:34538 - "POST /v1/completions HTTP/1.1" 200 OK
(APIServer pid=3202435) INFO:     127.0.0.1:34546 - "POST /v1/completions HTTP/1.1" 200 OK
(APIServer pid=3202435) INFO:     127.0.0.1:34562 - "POST /v1/completions HTTP/1.1" 200 OK
(APIServer pid=3202435) INFO:     127.0.0.1:34566 - "POST /v1/completions HTTP/1.1" 200 OK
(APIServer pid=3202435) INFO:     127.0.0.1:34570 - "POST /v1/completions HTTP/1.1" 200 OK
(APIServer pid=3202435) INFO:     127.0.0.1:34576 - "POST /v1/completions HTTP/1.1" 200 OK
(APIServer pid=3202435) INFO:     127.0.0.1:34592 - "POST /v1/completions HTTP/1.1" 200 OK
(APIServer pid=3202435) INFO:     127.0.0.1:34606 - "POST /v1/completions HTTP/1.1" 200 OK
(APIServer pid=3202435) INFO:     127.0.0.1:34610 - "POST /v1/completions HTTP/1.1" 200 OK
(APIServer pid=3202435) INFO:     127.0.0.1:34618 - "POST /v1/completions HTTP/1.1" 200 OK
(APIServer pid=3202435) INFO:     127.0.0.1:34630 - "POST /v1/completions HTTP/1.1" 200 OK
(APIServer pid=3202435) INFO:     127.0.0.1:34646 - "POST /v1/completions HTTP/1.1" 200 OK
(APIServer pid=3202435) INFO:     127.0.0.1:34656 - "POST /v1/completions HTTP/1.1" 200 OK
(APIServer pid=3202435) INFO:     127.0.0.1:34662 - "POST /v1/completions HTTP/1.1" 200 OK
(APIServer pid=3202435) INFO:     127.0.0.1:34670 - "POST /v1/completions HTTP/1.1" 200 OK
(APIServer pid=3202435) INFO:     127.0.0.1:34686 - "POST /v1/completions HTTP/1.1" 200 OK
(APIServer pid=3202435) INFO:     127.0.0.1:34692 - "POST /v1/completions HTTP/1.1" 200 OK
(APIServer pid=3202435) INFO:     127.0.0.1:34702 - "POST /v1/completions HTTP/1.1" 200 OK
(APIServer pid=3202435) INFO:     127.0.0.1:34710 - "POST /v1/completions HTTP/1.1" 200 OK
(APIServer pid=3202435) INFO:     127.0.0.1:34724 - "POST /v1/completions HTTP/1.1" 200 OK
(APIServer pid=3202435) INFO:     127.0.0.1:34734 - "POST /v1/completions HTTP/1.1" 200 OK
(APIServer pid=3202435) INFO:     127.0.0.1:34736 - "POST /v1/completions HTTP/1.1" 200 OK
(APIServer pid=3202435) INFO:     127.0.0.1:34744 - "POST /v1/completions HTTP/1.1" 200 OK
(APIServer pid=3202435) INFO:     127.0.0.1:34746 - "POST /v1/completions HTTP/1.1" 200 OK
(APIServer pid=3202435) INFO:     127.0.0.1:34756 - "POST /v1/completions HTTP/1.1" 200 OK
(APIServer pid=3202435) INFO:     127.0.0.1:34758 - "POST /v1/completions HTTP/1.1" 200 OK
(APIServer pid=3202435) INFO:     127.0.0.1:34774 - "POST /v1/completions HTTP/1.1" 200 OK
(APIServer pid=3202435) INFO:     127.0.0.1:34784 - "POST /v1/completions HTTP/1.1" 200 OK
(APIServer pid=3202435) INFO:     127.0.0.1:34796 - "POST /v1/completions HTTP/1.1" 200 OK
(APIServer pid=3202435) INFO:     127.0.0.1:34802 - "POST /v1/completions HTTP/1.1" 200 OK
(APIServer pid=3202435) INFO:     127.0.0.1:34806 - "POST /v1/completions HTTP/1.1" 200 OK
(APIServer pid=3202435) INFO:     127.0.0.1:34814 - "POST /v1/completions HTTP/1.1" 200 OK
(APIServer pid=3202435) INFO:     127.0.0.1:34818 - "POST /v1/completions HTTP/1.1" 200 OK
(APIServer pid=3202435) INFO:     127.0.0.1:34834 - "POST /v1/completions HTTP/1.1" 200 OK
(APIServer pid=3202435) INFO:     127.0.0.1:34850 - "POST /v1/completions HTTP/1.1" 200 OK
(APIServer pid=3202435) INFO:     127.0.0.1:60808 - "POST /v1/completions HTTP/1.1" 200 OK
(APIServer pid=3202435) INFO 07-08 11:07:11 [loggers.py:271] Engine 000: Avg prompt throughput: 41671.5 tokens/s, Avg generation throughput: 1173.5 tokens/s, Running: 221 reqs, Waiting: 35 reqs, GPU KV cache usage: 24.0%, Prefix cache hit rate: 25.7%
(APIServer pid=3202435) INFO:     127.0.0.1:60892 - "POST /v1/completions HTTP/1.1" 200 OK
(APIServer pid=3202435) INFO:     127.0.0.1:60880 - "POST /v1/completions HTTP/1.1" 200 OK
(APIServer pid=3202435) INFO:     127.0.0.1:60876 - "POST /v1/completions HTTP/1.1" 200 OK
(APIServer pid=3202435) INFO:     127.0.0.1:60818 - "POST /v1/completions HTTP/1.1" 200 OK
(APIServer pid=3202435) INFO:     127.0.0.1:60866 - "POST /v1/completions HTTP/1.1" 200 OK
(APIServer pid=3202435) INFO:     127.0.0.1:60834 - "POST /v1/completions HTTP/1.1" 200 OK
(APIServer pid=3202435) INFO:     127.0.0.1:60850 - "POST /v1/completions HTTP/1.1" 200 OK
(APIServer pid=3202435) INFO:     127.0.0.1:60814 - "POST /v1/completions HTTP/1.1" 200 OK
(APIServer pid=3202435) INFO:     127.0.0.1:60856 - "POST /v1/completions HTTP/1.1" 200 OK
(APIServer pid=3202435) INFO:     127.0.0.1:60894 - "POST /v1/completions HTTP/1.1" 200 OK
(APIServer pid=3202435) INFO:     127.0.0.1:32816 - "POST /v1/completions HTTP/1.1" 200 OK
(APIServer pid=3202435) INFO:     127.0.0.1:60978 - "POST /v1/completions HTTP/1.1" 200 OK
(APIServer pid=3202435) INFO:     127.0.0.1:60914 - "POST /v1/completions HTTP/1.1" 200 OK
(APIServer pid=3202435) INFO:     127.0.0.1:60924 - "POST /v1/completions HTTP/1.1" 200 OK
(APIServer pid=3202435) INFO:     127.0.0.1:60900 - "POST /v1/completions HTTP/1.1" 200 OK
(APIServer pid=3202435) INFO:     127.0.0.1:60936 - "POST /v1/completions HTTP/1.1" 200 OK
(APIServer pid=3202435) INFO:     127.0.0.1:60974 - "POST /v1/completions HTTP/1.1" 200 OK
(APIServer pid=3202435) INFO:     127.0.0.1:32790 - "POST /v1/completions HTTP/1.1" 200 OK
(APIServer pid=3202435) INFO:     127.0.0.1:32806 - "POST /v1/completions HTTP/1.1" 200 OK
(APIServer pid=3202435) INFO:     127.0.0.1:32788 - "POST /v1/completions HTTP/1.1" 200 OK
(APIServer pid=3202435) INFO:     127.0.0.1:32828 - "POST /v1/completions HTTP/1.1" 200 OK
(APIServer pid=3202435) INFO:     127.0.0.1:60972 - "POST /v1/completions HTTP/1.1" 200 OK
(APIServer pid=3202435) INFO:     127.0.0.1:32832 - "POST /v1/completions HTTP/1.1" 200 OK
(APIServer pid=3202435) INFO:     127.0.0.1:60994 - "POST /v1/completions HTTP/1.1" 200 OK
(APIServer pid=3202435) INFO:     127.0.0.1:32820 - "POST /v1/completions HTTP/1.1" 200 OK
(APIServer pid=3202435) INFO:     127.0.0.1:60950 - "POST /v1/completions HTTP/1.1" 200 OK
(APIServer pid=3202435) INFO:     127.0.0.1:60966 - "POST /v1/completions HTTP/1.1" 200 OK
(APIServer pid=3202435) INFO:     127.0.0.1:32798 - "POST /v1/completions HTTP/1.1" 200 OK
(APIServer pid=3202435) INFO:     127.0.0.1:32772 - "POST /v1/completions HTTP/1.1" 200 OK
(APIServer pid=3202435) INFO:     127.0.0.1:60980 - "POST /v1/completions HTTP/1.1" 200 OK
(APIServer pid=3202435) INFO:     127.0.0.1:60908 - "POST /v1/completions HTTP/1.1" 200 OK
(APIServer pid=3202435) INFO:     127.0.0.1:33020 - "POST /v1/completions HTTP/1.1" 200 OK
(APIServer pid=3202435) INFO:     127.0.0.1:32862 - "POST /v1/completions HTTP/1.1" 200 OK
(APIServer pid=3202435) INFO:     127.0.0.1:32980 - "POST /v1/completions HTTP/1.1" 200 OK
(APIServer pid=3202435) INFO:     127.0.0.1:32902 - "POST /v1/completions HTTP/1.1" 200 OK
(APIServer pid=3202435) INFO:     127.0.0.1:32964 - "POST /v1/completions HTTP/1.1" 200 OK
(APIServer pid=3202435) INFO:     127.0.0.1:32994 - "POST /v1/completions HTTP/1.1" 200 OK
(APIServer pid=3202435) INFO:     127.0.0.1:32882 - "POST /v1/completions HTTP/1.1" 200 OK
(APIServer pid=3202435) INFO:     127.0.0.1:32846 - "POST /v1/completions HTTP/1.1" 200 OK
(APIServer pid=3202435) INFO:     127.0.0.1:33054 - "POST /v1/completions HTTP/1.1" 200 OK
(APIServer pid=3202435) INFO:     127.0.0.1:32906 - "POST /v1/completions HTTP/1.1" 200 OK
(APIServer pid=3202435) INFO:     127.0.0.1:32970 - "POST /v1/completions HTTP/1.1" 200 OK
(APIServer pid=3202435) INFO:     127.0.0.1:32982 - "POST /v1/completions HTTP/1.1" 200 OK
(APIServer pid=3202435) INFO:     127.0.0.1:32920 - "POST /v1/completions HTTP/1.1" 200 OK
(APIServer pid=3202435) INFO:     127.0.0.1:32884 - "POST /v1/completions HTTP/1.1" 200 OK
(APIServer pid=3202435) INFO:     127.0.0.1:32872 - "POST /v1/completions HTTP/1.1" 200 OK
(APIServer pid=3202435) INFO:     127.0.0.1:33028 - "POST /v1/completions HTTP/1.1" 200 OK
(APIServer pid=3202435) INFO:     127.0.0.1:33042 - "POST /v1/completions HTTP/1.1" 200 OK
(APIServer pid=3202435) INFO:     127.0.0.1:32934 - "POST /v1/completions HTTP/1.1" 200 OK
(APIServer pid=3202435) INFO:     127.0.0.1:32848 - "POST /v1/completions HTTP/1.1" 200 OK
(APIServer pid=3202435) INFO:     127.0.0.1:33066 - "POST /v1/completions HTTP/1.1" 200 OK
(APIServer pid=3202435) INFO:     127.0.0.1:32948 - "POST /v1/completions HTTP/1.1" 200 OK
(APIServer pid=3202435) INFO:     127.0.0.1:33004 - "POST /v1/completions HTTP/1.1" 200 OK
(APIServer pid=3202435) INFO:     127.0.0.1:32892 - "POST /v1/completions HTTP/1.1" 200 OK
(APIServer pid=3202435) INFO:     127.0.0.1:32910 - "POST /v1/completions HTTP/1.1" 200 OK
(APIServer pid=3202435) INFO:     127.0.0.1:33102 - "POST /v1/completions HTTP/1.1" 200 OK
(APIServer pid=3202435) INFO:     127.0.0.1:33098 - "POST /v1/completions HTTP/1.1" 200 OK
(APIServer pid=3202435) INFO:     127.0.0.1:33088 - "POST /v1/completions HTTP/1.1" 200 OK
(APIServer pid=3202435) INFO:     127.0.0.1:33104 - "POST /v1/completions HTTP/1.1" 200 OK
(APIServer pid=3202435) INFO:     127.0.0.1:33108 - "POST /v1/completions HTTP/1.1" 200 OK
(APIServer pid=3202435) INFO:     127.0.0.1:33078 - "POST /v1/completions HTTP/1.1" 200 OK
(APIServer pid=3202435) INFO:     127.0.0.1:33116 - "POST /v1/completions HTTP/1.1" 200 OK
(APIServer pid=3202435) INFO:     127.0.0.1:36642 - "POST /v1/completions HTTP/1.1" 200 OK
(APIServer pid=3202435) INFO:     127.0.0.1:33138 - "POST /v1/completions HTTP/1.1" 200 OK
(APIServer pid=3202435) INFO:     127.0.0.1:33126 - "POST /v1/completions HTTP/1.1" 200 OK
(APIServer pid=3202435) INFO:     127.0.0.1:33166 - "POST /v1/completions HTTP/1.1" 200 OK
(APIServer pid=3202435) INFO:     127.0.0.1:33152 - "POST /v1/completions HTTP/1.1" 200 OK
(APIServer pid=3202435) INFO:     127.0.0.1:33176 - "POST /v1/completions HTTP/1.1" 200 OK
(APIServer pid=3202435) INFO:     127.0.0.1:33180 - "POST /v1/completions HTTP/1.1" 200 OK
(APIServer pid=3202435) INFO:     127.0.0.1:33204 - "POST /v1/completions HTTP/1.1" 200 OK
(APIServer pid=3202435) INFO:     127.0.0.1:33194 - "POST /v1/completions HTTP/1.1" 200 OK
(APIServer pid=3202435) INFO:     127.0.0.1:33230 - "POST /v1/completions HTTP/1.1" 200 OK
(APIServer pid=3202435) INFO:     127.0.0.1:33214 - "POST /v1/completions HTTP/1.1" 200 OK
(APIServer pid=3202435) INFO:     127.0.0.1:33252 - "POST /v1/completions HTTP/1.1" 200 OK
(APIServer pid=3202435) INFO:     127.0.0.1:33232 - "POST /v1/completions HTTP/1.1" 200 OK
(APIServer pid=3202435) INFO:     127.0.0.1:33246 - "POST /v1/completions HTTP/1.1" 200 OK
(APIServer pid=3202435) INFO:     127.0.0.1:33276 - "POST /v1/completions HTTP/1.1" 200 OK
(APIServer pid=3202435) INFO:     127.0.0.1:33262 - "POST /v1/completions HTTP/1.1" 200 OK
(APIServer pid=3202435) INFO:     127.0.0.1:33288 - "POST /v1/completions HTTP/1.1" 200 OK
(APIServer pid=3202435) INFO:     127.0.0.1:33290 - "POST /v1/completions HTTP/1.1" 200 OK
(APIServer pid=3202435) INFO:     127.0.0.1:33316 - "POST /v1/completions HTTP/1.1" 200 OK
(APIServer pid=3202435) INFO:     127.0.0.1:33306 - "POST /v1/completions HTTP/1.1" 200 OK
(APIServer pid=3202435) INFO:     127.0.0.1:33318 - "POST /v1/completions HTTP/1.1" 200 OK
(APIServer pid=3202435) INFO:     127.0.0.1:33332 - "POST /v1/completions HTTP/1.1" 200 OK
(APIServer pid=3202435) INFO:     127.0.0.1:33344 - "POST /v1/completions HTTP/1.1" 200 OK
(APIServer pid=3202435) INFO:     127.0.0.1:33350 - "POST /v1/completions HTTP/1.1" 200 OK
(APIServer pid=3202435) INFO:     127.0.0.1:33364 - "POST /v1/completions HTTP/1.1" 200 OK
(APIServer pid=3202435) INFO:     127.0.0.1:33376 - "POST /v1/completions HTTP/1.1" 200 OK
(APIServer pid=3202435) INFO:     127.0.0.1:33384 - "POST /v1/completions HTTP/1.1" 200 OK
(APIServer pid=3202435) INFO:     127.0.0.1:33390 - "POST /v1/completions HTTP/1.1" 200 OK
(APIServer pid=3202435) INFO:     127.0.0.1:33394 - "POST /v1/completions HTTP/1.1" 200 OK
(APIServer pid=3202435) INFO:     127.0.0.1:33392 - "POST /v1/completions HTTP/1.1" 200 OK
(APIServer pid=3202435) INFO:     127.0.0.1:33422 - "POST /v1/completions HTTP/1.1" 200 OK
(APIServer pid=3202435) INFO:     127.0.0.1:33408 - "POST /v1/completions HTTP/1.1" 200 OK
(APIServer pid=3202435) INFO:     127.0.0.1:33436 - "POST /v1/completions HTTP/1.1" 200 OK
(APIServer pid=3202435) INFO:     127.0.0.1:33452 - "POST /v1/completions HTTP/1.1" 200 OK
(APIServer pid=3202435) INFO:     127.0.0.1:33464 - "POST /v1/completions HTTP/1.1" 200 OK
(APIServer pid=3202435) INFO:     127.0.0.1:33472 - "POST /v1/completions HTTP/1.1" 200 OK
(APIServer pid=3202435) INFO:     127.0.0.1:33480 - "POST /v1/completions HTTP/1.1" 200 OK
(APIServer pid=3202435) INFO:     127.0.0.1:33496 - "POST /v1/completions HTTP/1.1" 200 OK
(APIServer pid=3202435) INFO:     127.0.0.1:33498 - "POST /v1/completions HTTP/1.1" 200 OK
(APIServer pid=3202435) INFO:     127.0.0.1:33506 - "POST /v1/completions HTTP/1.1" 200 OK
(APIServer pid=3202435) INFO:     127.0.0.1:33508 - "POST /v1/completions HTTP/1.1" 200 OK
(APIServer pid=3202435) INFO:     127.0.0.1:33510 - "POST /v1/completions HTTP/1.1" 200 OK
(APIServer pid=3202435) INFO:     127.0.0.1:33516 - "POST /v1/completions HTTP/1.1" 200 OK
(APIServer pid=3202435) INFO:     127.0.0.1:33522 - "POST /v1/completions HTTP/1.1" 200 OK
(APIServer pid=3202435) INFO:     127.0.0.1:33530 - "POST /v1/completions HTTP/1.1" 200 OK
(APIServer pid=3202435) INFO:     127.0.0.1:33532 - "POST /v1/completions HTTP/1.1" 200 OK
(APIServer pid=3202435) INFO:     127.0.0.1:33538 - "POST /v1/completions HTTP/1.1" 200 OK
(APIServer pid=3202435) INFO:     127.0.0.1:33552 - "POST /v1/completions HTTP/1.1" 200 OK
(APIServer pid=3202435) INFO:     127.0.0.1:33568 - "POST /v1/completions HTTP/1.1" 200 OK
(APIServer pid=3202435) INFO:     127.0.0.1:33584 - "POST /v1/completions HTTP/1.1" 200 OK
(APIServer pid=3202435) INFO:     127.0.0.1:33574 - "POST /v1/completions HTTP/1.1" 200 OK
(APIServer pid=3202435) INFO:     127.0.0.1:33596 - "POST /v1/completions HTTP/1.1" 200 OK
(APIServer pid=3202435) INFO:     127.0.0.1:33608 - "POST /v1/completions HTTP/1.1" 200 OK
(APIServer pid=3202435) INFO:     127.0.0.1:33620 - "POST /v1/completions HTTP/1.1" 200 OK
(APIServer pid=3202435) INFO:     127.0.0.1:33616 - "POST /v1/completions HTTP/1.1" 200 OK
(APIServer pid=3202435) INFO:     127.0.0.1:33632 - "POST /v1/completions HTTP/1.1" 200 OK
(APIServer pid=3202435) INFO:     127.0.0.1:33628 - "POST /v1/completions HTTP/1.1" 200 OK
(APIServer pid=3202435) INFO:     127.0.0.1:33652 - "POST /v1/completions HTTP/1.1" 200 OK
(APIServer pid=3202435) INFO:     127.0.0.1:33636 - "POST /v1/completions HTTP/1.1" 200 OK
(APIServer pid=3202435) INFO:     127.0.0.1:33668 - "POST /v1/completions HTTP/1.1" 200 OK
(APIServer pid=3202435) INFO:     127.0.0.1:33658 - "POST /v1/completions HTTP/1.1" 200 OK
(APIServer pid=3202435) INFO:     127.0.0.1:33688 - "POST /v1/completions HTTP/1.1" 200 OK
(APIServer pid=3202435) INFO:     127.0.0.1:33674 - "POST /v1/completions HTTP/1.1" 200 OK
(APIServer pid=3202435) INFO:     127.0.0.1:33686 - "POST /v1/completions HTTP/1.1" 200 OK
(APIServer pid=3202435) INFO:     127.0.0.1:33694 - "POST /v1/completions HTTP/1.1" 200 OK
(APIServer pid=3202435) INFO:     127.0.0.1:33692 - "POST /v1/completions HTTP/1.1" 200 OK
(APIServer pid=3202435) INFO:     127.0.0.1:33702 - "POST /v1/completions HTTP/1.1" 200 OK
(APIServer pid=3202435) INFO:     127.0.0.1:33704 - "POST /v1/completions HTTP/1.1" 200 OK
(APIServer pid=3202435) INFO:     127.0.0.1:33714 - "POST /v1/completions HTTP/1.1" 200 OK
(APIServer pid=3202435) INFO:     127.0.0.1:33724 - "POST /v1/completions HTTP/1.1" 200 OK
(APIServer pid=3202435) INFO:     127.0.0.1:33738 - "POST /v1/completions HTTP/1.1" 200 OK
(APIServer pid=3202435) INFO:     127.0.0.1:33732 - "POST /v1/completions HTTP/1.1" 200 OK
(APIServer pid=3202435) INFO:     127.0.0.1:33746 - "POST /v1/completions HTTP/1.1" 200 OK
(APIServer pid=3202435) INFO:     127.0.0.1:33758 - "POST /v1/completions HTTP/1.1" 200 OK
(APIServer pid=3202435) INFO:     127.0.0.1:33772 - "POST /v1/completions HTTP/1.1" 200 OK
(APIServer pid=3202435) INFO:     127.0.0.1:33786 - "POST /v1/completions HTTP/1.1" 200 OK
(APIServer pid=3202435) INFO:     127.0.0.1:33798 - "POST /v1/completions HTTP/1.1" 200 OK
(APIServer pid=3202435) INFO:     127.0.0.1:33790 - "POST /v1/completions HTTP/1.1" 200 OK
(APIServer pid=3202435) INFO:     127.0.0.1:33814 - "POST /v1/completions HTTP/1.1" 200 OK
(APIServer pid=3202435) INFO:     127.0.0.1:33800 - "POST /v1/completions HTTP/1.1" 200 OK
(APIServer pid=3202435) INFO:     127.0.0.1:33826 - "POST /v1/completions HTTP/1.1" 200 OK
(APIServer pid=3202435) INFO:     127.0.0.1:33830 - "POST /v1/completions HTTP/1.1" 200 OK
(APIServer pid=3202435) INFO:     127.0.0.1:33844 - "POST /v1/completions HTTP/1.1" 200 OK
(APIServer pid=3202435) INFO:     127.0.0.1:33838 - "POST /v1/completions HTTP/1.1" 200 OK
(APIServer pid=3202435) INFO:     127.0.0.1:33870 - "POST /v1/completions HTTP/1.1" 200 OK
(APIServer pid=3202435) INFO:     127.0.0.1:33858 - "POST /v1/completions HTTP/1.1" 200 OK
(APIServer pid=3202435) INFO:     127.0.0.1:33884 - "POST /v1/completions HTTP/1.1" 200 OK
(APIServer pid=3202435) INFO:     127.0.0.1:33890 - "POST /v1/completions HTTP/1.1" 200 OK
(APIServer pid=3202435) INFO:     127.0.0.1:33892 - "POST /v1/completions HTTP/1.1" 200 OK
(APIServer pid=3202435) INFO:     127.0.0.1:33904 - "POST /v1/completions HTTP/1.1" 200 OK
(APIServer pid=3202435) INFO:     127.0.0.1:33932 - "POST /v1/completions HTTP/1.1" 200 OK
(APIServer pid=3202435) INFO:     127.0.0.1:33916 - "POST /v1/completions HTTP/1.1" 200 OK
(APIServer pid=3202435) INFO:     127.0.0.1:33942 - "POST /v1/completions HTTP/1.1" 200 OK
(APIServer pid=3202435) INFO:     127.0.0.1:33954 - "POST /v1/completions HTTP/1.1" 200 OK
(APIServer pid=3202435) INFO:     127.0.0.1:33966 - "POST /v1/completions HTTP/1.1" 200 OK
(APIServer pid=3202435) INFO:     127.0.0.1:33970 - "POST /v1/completions HTTP/1.1" 200 OK
(APIServer pid=3202435) INFO:     127.0.0.1:33988 - "POST /v1/completions HTTP/1.1" 200 OK
(APIServer pid=3202435) INFO:     127.0.0.1:33980 - "POST /v1/completions HTTP/1.1" 200 OK
(APIServer pid=3202435) INFO:     127.0.0.1:33992 - "POST /v1/completions HTTP/1.1" 200 OK
(APIServer pid=3202435) INFO:     127.0.0.1:34008 - "POST /v1/completions HTTP/1.1" 200 OK
(APIServer pid=3202435) INFO:     127.0.0.1:33994 - "POST /v1/completions HTTP/1.1" 200 OK
(APIServer pid=3202435) INFO:     127.0.0.1:34024 - "POST /v1/completions HTTP/1.1" 200 OK
(APIServer pid=3202435) INFO:     127.0.0.1:34026 - "POST /v1/completions HTTP/1.1" 200 OK
(APIServer pid=3202435) INFO:     127.0.0.1:34028 - "POST /v1/completions HTTP/1.1" 200 OK
(APIServer pid=3202435) INFO:     127.0.0.1:34034 - "POST /v1/completions HTTP/1.1" 200 OK
(APIServer pid=3202435) INFO:     127.0.0.1:34038 - "POST /v1/completions HTTP/1.1" 200 OK
(APIServer pid=3202435) INFO:     127.0.0.1:34042 - "POST /v1/completions HTTP/1.1" 200 OK
(APIServer pid=3202435) INFO:     127.0.0.1:34052 - "POST /v1/completions HTTP/1.1" 200 OK
(APIServer pid=3202435) INFO:     127.0.0.1:34054 - "POST /v1/completions HTTP/1.1" 200 OK
(APIServer pid=3202435) INFO:     127.0.0.1:34062 - "POST /v1/completions HTTP/1.1" 200 OK
(APIServer pid=3202435) INFO:     127.0.0.1:34078 - "POST /v1/completions HTTP/1.1" 200 OK
(APIServer pid=3202435) INFO:     127.0.0.1:34084 - "POST /v1/completions HTTP/1.1" 200 OK
(APIServer pid=3202435) INFO:     127.0.0.1:34094 - "POST /v1/completions HTTP/1.1" 200 OK
(APIServer pid=3202435) INFO:     127.0.0.1:34110 - "POST /v1/completions HTTP/1.1" 200 OK
(APIServer pid=3202435) INFO:     127.0.0.1:34124 - "POST /v1/completions HTTP/1.1" 200 OK
(APIServer pid=3202435) INFO:     127.0.0.1:34132 - "POST /v1/completions HTTP/1.1" 200 OK
(APIServer pid=3202435) INFO:     127.0.0.1:34138 - "POST /v1/completions HTTP/1.1" 200 OK
(APIServer pid=3202435) INFO 07-08 11:07:21 [loggers.py:271] Engine 000: Avg prompt throughput: 39180.7 tokens/s, Avg generation throughput: 2679.1 tokens/s, Running: 245 reqs, Waiting: 7 reqs, GPU KV cache usage: 26.8%, Prefix cache hit rate: 17.8%
(APIServer pid=3202435) INFO:     127.0.0.1:34148 - "POST /v1/completions HTTP/1.1" 200 OK
(APIServer pid=3202435) INFO:     127.0.0.1:34146 - "POST /v1/completions HTTP/1.1" 200 OK
(APIServer pid=3202435) INFO:     127.0.0.1:34156 - "POST /v1/completions HTTP/1.1" 200 OK
(APIServer pid=3202435) INFO:     127.0.0.1:34178 - "POST /v1/completions HTTP/1.1" 200 OK
(APIServer pid=3202435) INFO:     127.0.0.1:34170 - "POST /v1/completions HTTP/1.1" 200 OK
(APIServer pid=3202435) INFO:     127.0.0.1:34200 - "POST /v1/completions HTTP/1.1" 200 OK
(APIServer pid=3202435) INFO:     127.0.0.1:34192 - "POST /v1/completions HTTP/1.1" 200 OK
(APIServer pid=3202435) INFO:     127.0.0.1:34202 - "POST /v1/completions HTTP/1.1" 200 OK
(APIServer pid=3202435) INFO:     127.0.0.1:34206 - "POST /v1/completions HTTP/1.1" 200 OK
(APIServer pid=3202435) INFO:     127.0.0.1:34228 - "POST /v1/completions HTTP/1.1" 200 OK
(APIServer pid=3202435) INFO:     127.0.0.1:34214 - "POST /v1/completions HTTP/1.1" 200 OK
(APIServer pid=3202435) INFO:     127.0.0.1:34238 - "POST /v1/completions HTTP/1.1" 200 OK
(APIServer pid=3202435) INFO:     127.0.0.1:34236 - "POST /v1/completions HTTP/1.1" 200 OK
(APIServer pid=3202435) INFO:     127.0.0.1:34244 - "POST /v1/completions HTTP/1.1" 200 OK
(APIServer pid=3202435) INFO:     127.0.0.1:34258 - "POST /v1/completions HTTP/1.1" 200 OK
(APIServer pid=3202435) INFO:     127.0.0.1:34266 - "POST /v1/completions HTTP/1.1" 200 OK
(APIServer pid=3202435) INFO:     127.0.0.1:34280 - "POST /v1/completions HTTP/1.1" 200 OK
(APIServer pid=3202435) INFO:     127.0.0.1:34308 - "POST /v1/completions HTTP/1.1" 200 OK
(APIServer pid=3202435) INFO:     127.0.0.1:34294 - "POST /v1/completions HTTP/1.1" 200 OK
(APIServer pid=3202435) INFO:     127.0.0.1:34314 - "POST /v1/completions HTTP/1.1" 200 OK
(APIServer pid=3202435) INFO:     127.0.0.1:34322 - "POST /v1/completions HTTP/1.1" 200 OK
(APIServer pid=3202435) INFO:     127.0.0.1:34346 - "POST /v1/completions HTTP/1.1" 200 OK
(APIServer pid=3202435) INFO:     127.0.0.1:34332 - "POST /v1/completions HTTP/1.1" 200 OK
(APIServer pid=3202435) INFO:     127.0.0.1:34356 - "POST /v1/completions HTTP/1.1" 200 OK
(APIServer pid=3202435) INFO:     127.0.0.1:34370 - "POST /v1/completions HTTP/1.1" 200 OK
(APIServer pid=3202435) INFO:     127.0.0.1:34384 - "POST /v1/completions HTTP/1.1" 200 OK
(APIServer pid=3202435) INFO:     127.0.0.1:34398 - "POST /v1/completions HTTP/1.1" 200 OK
(APIServer pid=3202435) INFO:     127.0.0.1:34406 - "POST /v1/completions HTTP/1.1" 200 OK
(APIServer pid=3202435) INFO:     127.0.0.1:34420 - "POST /v1/completions HTTP/1.1" 200 OK
(APIServer pid=3202435) INFO:     127.0.0.1:34432 - "POST /v1/completions HTTP/1.1" 200 OK
(APIServer pid=3202435) INFO:     127.0.0.1:34436 - "POST /v1/completions HTTP/1.1" 200 OK
(APIServer pid=3202435) INFO:     127.0.0.1:34446 - "POST /v1/completions HTTP/1.1" 200 OK
(APIServer pid=3202435) INFO:     127.0.0.1:34444 - "POST /v1/completions HTTP/1.1" 200 OK
(APIServer pid=3202435) INFO:     127.0.0.1:34466 - "POST /v1/completions HTTP/1.1" 200 OK
(APIServer pid=3202435) INFO:     127.0.0.1:34454 - "POST /v1/completions HTTP/1.1" 200 OK
(APIServer pid=3202435) INFO:     127.0.0.1:34468 - "POST /v1/completions HTTP/1.1" 200 OK
(APIServer pid=3202435) INFO:     127.0.0.1:34478 - "POST /v1/completions HTTP/1.1" 200 OK
(APIServer pid=3202435) INFO:     127.0.0.1:34494 - "POST /v1/completions HTTP/1.1" 200 OK
(APIServer pid=3202435) INFO:     127.0.0.1:34508 - "POST /v1/completions HTTP/1.1" 200 OK
(APIServer pid=3202435) INFO:     127.0.0.1:34520 - "POST /v1/completions HTTP/1.1" 200 OK
(APIServer pid=3202435) INFO:     127.0.0.1:34532 - "POST /v1/completions HTTP/1.1" 200 OK
(APIServer pid=3202435) INFO:     127.0.0.1:34546 - "POST /v1/completions HTTP/1.1" 200 OK
(APIServer pid=3202435) INFO:     127.0.0.1:34538 - "POST /v1/completions HTTP/1.1" 200 OK
(APIServer pid=3202435) INFO:     127.0.0.1:34562 - "POST /v1/completions HTTP/1.1" 200 OK
(APIServer pid=3202435) INFO:     127.0.0.1:34566 - "POST /v1/completions HTTP/1.1" 200 OK
(APIServer pid=3202435) INFO:     127.0.0.1:34570 - "POST /v1/completions HTTP/1.1" 200 OK
(APIServer pid=3202435) INFO:     127.0.0.1:34576 - "POST /v1/completions HTTP/1.1" 200 OK
(APIServer pid=3202435) INFO:     127.0.0.1:34592 - "POST /v1/completions HTTP/1.1" 200 OK
(APIServer pid=3202435) INFO:     127.0.0.1:34606 - "POST /v1/completions HTTP/1.1" 200 OK
(APIServer pid=3202435) INFO:     127.0.0.1:34610 - "POST /v1/completions HTTP/1.1" 200 OK
(APIServer pid=3202435) INFO:     127.0.0.1:34618 - "POST /v1/completions HTTP/1.1" 200 OK
(APIServer pid=3202435) INFO:     127.0.0.1:34630 - "POST /v1/completions HTTP/1.1" 200 OK
(APIServer pid=3202435) INFO:     127.0.0.1:34646 - "POST /v1/completions HTTP/1.1" 200 OK
(APIServer pid=3202435) INFO:     127.0.0.1:34656 - "POST /v1/completions HTTP/1.1" 200 OK
(APIServer pid=3202435) INFO:     127.0.0.1:34670 - "POST /v1/completions HTTP/1.1" 200 OK
(APIServer pid=3202435) INFO:     127.0.0.1:34662 - "POST /v1/completions HTTP/1.1" 200 OK
(APIServer pid=3202435) INFO:     127.0.0.1:34686 - "POST /v1/completions HTTP/1.1" 200 OK
(APIServer pid=3202435) INFO:     127.0.0.1:34692 - "POST /v1/completions HTTP/1.1" 200 OK
(APIServer pid=3202435) INFO:     127.0.0.1:34702 - "POST /v1/completions HTTP/1.1" 200 OK
(APIServer pid=3202435) INFO:     127.0.0.1:34710 - "POST /v1/completions HTTP/1.1" 200 OK
(APIServer pid=3202435) INFO:     127.0.0.1:34724 - "POST /v1/completions HTTP/1.1" 200 OK
(APIServer pid=3202435) INFO:     127.0.0.1:34734 - "POST /v1/completions HTTP/1.1" 200 OK
(APIServer pid=3202435) INFO:     127.0.0.1:34736 - "POST /v1/completions HTTP/1.1" 200 OK
(APIServer pid=3202435) INFO:     127.0.0.1:34744 - "POST /v1/completions HTTP/1.1" 200 OK
(APIServer pid=3202435) INFO:     127.0.0.1:34746 - "POST /v1/completions HTTP/1.1" 200 OK
(APIServer pid=3202435) INFO:     127.0.0.1:34756 - "POST /v1/completions HTTP/1.1" 200 OK
(APIServer pid=3202435) INFO:     127.0.0.1:34774 - "POST /v1/completions HTTP/1.1" 200 OK
(APIServer pid=3202435) INFO:     127.0.0.1:34758 - "POST /v1/completions HTTP/1.1" 200 OK
(APIServer pid=3202435) INFO:     127.0.0.1:34796 - "POST /v1/completions HTTP/1.1" 200 OK
(APIServer pid=3202435) INFO:     127.0.0.1:34784 - "POST /v1/completions HTTP/1.1" 200 OK
(APIServer pid=3202435) INFO:     127.0.0.1:34802 - "POST /v1/completions HTTP/1.1" 200 OK
(APIServer pid=3202435) INFO:     127.0.0.1:34806 - "POST /v1/completions HTTP/1.1" 200 OK
(APIServer pid=3202435) INFO:     127.0.0.1:34814 - "POST /v1/completions HTTP/1.1" 200 OK
(APIServer pid=3202435) INFO:     127.0.0.1:34818 - "POST /v1/completions HTTP/1.1" 200 OK
(APIServer pid=3202435) INFO:     127.0.0.1:34850 - "POST /v1/completions HTTP/1.1" 200 OK
(APIServer pid=3202435) INFO:     127.0.0.1:34834 - "POST /v1/completions HTTP/1.1" 200 OK
(APIServer pid=3202435) INFO:     127.0.0.1:60808 - "GET /metrics HTTP/1.1" 200 OK
(EngineCore pid=3203832) INFO 07-08 11:07:28 [core.py:1266] Shutdown initiated (timeout=0)
(EngineCore pid=3203832) INFO 07-08 11:07:28 [core.py:1289] Shutdown complete
(Worker_TP0 pid=3204104) INFO 07-08 11:07:28 [multiproc_executor.py:775] Parent process exited, terminating worker queues
(Worker_TP6 pid=3204111) INFO 07-08 11:07:28 [multiproc_executor.py:872] WorkerProc shutting down.
(Worker_TP1 pid=3204105) INFO 07-08 11:07:28 [multiproc_executor.py:872] WorkerProc shutting down.
(Worker_TP3 pid=3204108) INFO 07-08 11:07:28 [multiproc_executor.py:872] WorkerProc shutting down.
(Worker_TP0 pid=3204104) INFO 07-08 11:07:28 [multiproc_executor.py:872] WorkerProc shutting down.
(Worker_TP2 pid=3204106) INFO 07-08 11:07:28 [multiproc_executor.py:872] WorkerProc shutting down.
(Worker_TP5 pid=3204110) INFO 07-08 11:07:28 [multiproc_executor.py:872] WorkerProc shutting down.
(Worker_TP7 pid=3204112) INFO 07-08 11:07:28 [multiproc_executor.py:872] WorkerProc shutting down.
(Worker_TP4 pid=3204109) INFO 07-08 11:07:28 [multiproc_executor.py:872] WorkerProc shutting down.
(APIServer pid=3202435) INFO 07-08 11:07:28 [launcher.py:137] Shutting down FastAPI HTTP server.
(APIServer pid=3202435) INFO:     Shutting down
(APIServer pid=3202435) INFO:     Waiting for application shutdown.
(APIServer pid=3202435) INFO:     Application shutdown complete.
/usr/lib/python3.12/multiprocessing/resource_tracker.py:254: UserWarning: resource_tracker: There appear to be 8 leaked semaphore objects to clean up at shutdown
  warnings.warn('resource_tracker: There appear to be %d '
/usr/lib/python3.12/multiprocessing/resource_tracker.py:254: UserWarning: resource_tracker: There appear to be 10 leaked shared_memory objects to clean up at shutdown
  warnings.warn('resource_tracker: There appear to be %d '
