Warning: FT_COLLECTIVE_PYTHON does not exist: /Users/tstamler/nccl/contrib/fault_tolerant_collectives/ft_handle/python
Starting FT NCCL communicator server: model=Qwen/Qwen2.5-32B-Instruct tp=8 port=8000
FT_COLLECTIVE_PYTHON=/Users/tstamler/nccl/contrib/fault_tolerant_collectives/ft_handle/python
FT_NCCL_MAX_COUNT=33554432
[E708 10:55:15.180473162 shim_common.cpp:1458] Exception in aoti_torch: Tried to register an operator (_C::persistent_masked_m_silu_mul_quant(Tensor input, Tensor counts, Tensor($0! -> ) y_q, Tensor($1! -> ) y_s, bool use_ue8m0) -> ()) with the same name and overload name multiple times. Each overload's schema should only be registered with a single call to def(). Duplicate registration: registered at /workspace/csrc/libtorch_stable/torch_bindings.cpp:10. Original registration: registered at /workspace/csrc/torch_bindings.cpp:21
Exception raised from registerDef at /pytorch/aten/src/ATen/core/dispatch/Dispatcher.cpp:248 (most recent call first):
frame #0: c10::Error::Error(c10::SourceLocation, std::__cxx11::basic_string<char, std::char_traits<char>, std::allocator<char> >) + 0x9d (0x7ffff6d7205d in /workspace/vllm/.venv/lib/python3.12/site-packages/torch/lib/libc10.so)
frame #1: c10::detail::torchCheckFail(char const*, char const*, unsigned int, std::__cxx11::basic_string<char, std::char_traits<char>, std::allocator<char> > const&) + 0xc3 (0x7ffff6d066fd in /workspace/vllm/.venv/lib/python3.12/site-packages/torch/lib/libc10.so)
frame #2: c10::Dispatcher::registerDef(c10::FunctionSchema, std::__cxx11::basic_string<char, std::char_traits<char>, std::allocator<char> >, std::vector<at::Tag, std::allocator<at::Tag> >) + 0x35e (0x7fff0e8811fe in /workspace/vllm/.venv/lib/python3.12/site-packages/torch/lib/libtorch_cpu.so)
frame #3: torch::Library::_def(c10::FunctionSchema&&, c10::OperatorName*, std::vector<at::Tag, std::allocator<at::Tag> > const&, torch::_RegisterOrVerify) & + 0x514 (0x7fff0e8c2254 in /workspace/vllm/.venv/lib/python3.12/site-packages/torch/lib/libtorch_cpu.so)
frame #4: aoti_torch_library_def + 0x99 (0x7fff12ad45b9 in /workspace/vllm/.venv/lib/python3.12/site-packages/torch/lib/libtorch_cpu.so)
frame #5: <unknown function> + 0x2bdaf1 (0x7ffded2beaf1 in /workspace/vllm/vllm/_C_stable_libtorch.abi3.so)
frame #6: <unknown function> + 0x2bf0ce (0x7ffded2c00ce in /workspace/vllm/vllm/_C_stable_libtorch.abi3.so)
frame #7: <unknown function> + 0x279d92 (0x7ffded27ad92 in /workspace/vllm/vllm/_C_stable_libtorch.abi3.so)
frame #8: <unknown function> + 0x571f (0x7ffff7fca71f in /lib64/ld-linux-x86-64.so.2)
frame #9: <unknown function> + 0x5824 (0x7ffff7fca824 in /lib64/ld-linux-x86-64.so.2)
frame #10: _dl_catch_exception + 0x132 (0x7ffff7fc65b2 in /lib64/ld-linux-x86-64.so.2)
frame #11: <unknown function> + 0xcd7c (0x7ffff7fd1d7c in /lib64/ld-linux-x86-64.so.2)
frame #12: _dl_catch_exception + 0x9c (0x7ffff7fc651c in /lib64/ld-linux-x86-64.so.2)
frame #13: <unknown function> + 0xd164 (0x7ffff7fd2164 in /lib64/ld-linux-x86-64.so.2)
frame #14: <unknown function> + 0x981a4 (0x7ffff7d0c1a4 in /usr/lib/x86_64-linux-gnu/libc.so.6)
frame #15: _dl_catch_exception + 0x9c (0x7ffff7fc651c in /lib64/ld-linux-x86-64.so.2)
frame #16: <unknown function> + 0x1669 (0x7ffff7fc6669 in /lib64/ld-linux-x86-64.so.2)
frame #17: <unknown function> + 0x97c83 (0x7ffff7d0bc83 in /usr/lib/x86_64-linux-gnu/libc.so.6)
frame #18: dlopen + 0x6f (0x7ffff7d0c25f in /usr/lib/x86_64-linux-gnu/libc.so.6)
frame #19: /workspace/vllm/.venv/bin/python() [0x6bc36c]
frame #20: /workspace/vllm/.venv/bin/python() [0x6a946a]
frame #21: /workspace/vllm/.venv/bin/python() [0x6a8bf2]
frame #22: /workspace/vllm/.venv/bin/python() [0x581f37]
frame #23: _PyEval_EvalFrameDefault + 0x4c3a (0x5db0ba in /workspace/vllm/.venv/bin/python)
frame #24: /workspace/vllm/.venv/bin/python() [0x549d47]
frame #25: PyObject_CallMethodObjArgs + 0xe3 (0x54b5c3 in /workspace/vllm/.venv/bin/python)
frame #26: PyImport_ImportModuleLevelObject + 0x395 (0x5fd805 in /workspace/vllm/.venv/bin/python)
frame #27: _PyEval_EvalFrameDefault + 0x5eee (0x5dc36e in /workspace/vllm/.venv/bin/python)
frame #28: PyEval_EvalCode + 0x15b (0x5d543b in /workspace/vllm/.venv/bin/python)
frame #29: /workspace/vllm/.venv/bin/python() [0x5d322c]
frame #30: /workspace/vllm/.venv/bin/python() [0x581d1d]
frame #31: _PyEval_EvalFrameDefault + 0x4c3a (0x5db0ba in /workspace/vllm/.venv/bin/python)
frame #32: PyObject_CallOneArg + 0x4d (0x54a65d in /workspace/vllm/.venv/bin/python)
frame #33: /workspace/vllm/.venv/bin/python() [0x582e84]
frame #34: _PyObject_LookupAttr + 0x7a (0x584bea in /workspace/vllm/.venv/bin/python)
frame #35: /workspace/vllm/.venv/bin/python() [0x5d2b8a]
frame #36: _PyEval_EvalFrameDefault + 0x207d (0x5d84fd in /workspace/vllm/.venv/bin/python)
frame #37: /workspace/vllm/.venv/bin/python() [0x549d47]
frame #38: PyObject_CallMethodObjArgs + 0xe3 (0x54b5c3 in /workspace/vllm/.venv/bin/python)
frame #39: PyImport_ImportModuleLevelObject + 0x5eb (0x5fda5b in /workspace/vllm/.venv/bin/python)
frame #40: _PyEval_EvalFrameDefault + 0x5eee (0x5dc36e in /workspace/vllm/.venv/bin/python)
frame #41: PyEval_EvalCode + 0x15b (0x5d543b in /workspace/vllm/.venv/bin/python)
frame #42: /workspace/vllm/.venv/bin/python() [0x5d322c]
frame #43: /workspace/vllm/.venv/bin/python() [0x581d1d]
frame #44: _PyEval_EvalFrameDefault + 0x4c3a (0x5db0ba in /workspace/vllm/.venv/bin/python)
frame #45: /workspace/vllm/.venv/bin/python() [0x549d47]
frame #46: PyObject_CallMethodObjArgs + 0xe3 (0x54b5c3 in /workspace/vllm/.venv/bin/python)
frame #47: PyImport_ImportModuleLevelObject + 0x395 (0x5fd805 in /workspace/vllm/.venv/bin/python)
frame #48: _PyEval_EvalFrameDefault + 0x5eee (0x5dc36e in /workspace/vllm/.venv/bin/python)
frame #49: PyEval_EvalCode + 0x15b (0x5d543b in /workspace/vllm/.venv/bin/python)
frame #50: /workspace/vllm/.venv/bin/python() [0x5d322c]
frame #51: /workspace/vllm/.venv/bin/python() [0x581d1d]
frame #52: _PyEval_EvalFrameDefault + 0x4c3a (0x5db0ba in /workspace/vllm/.venv/bin/python)
frame #53: /workspace/vllm/.venv/bin/python() [0x549d47]
frame #54: PyObject_CallMethodObjArgs + 0xe3 (0x54b5c3 in /workspace/vllm/.venv/bin/python)
frame #55: PyImport_ImportModuleLevelObject + 0x395 (0x5fd805 in /workspace/vllm/.venv/bin/python)
frame #56: _PyEval_EvalFrameDefault + 0x5eee (0x5dc36e in /workspace/vllm/.venv/bin/python)
frame #57: PyEval_EvalCode + 0x15b (0x5d543b in /workspace/vllm/.venv/bin/python)
frame #58: /workspace/vllm/.venv/bin/python() [0x5d322c]
frame #59: /workspace/vllm/.venv/bin/python() [0x581d1d]
frame #60: _PyEval_EvalFrameDefault + 0x4c3a (0x5db0ba in /workspace/vllm/.venv/bin/python)
frame #61: /workspace/vllm/.venv/bin/python() [0x549d47]
frame #62: PyObject_CallMethodObjArgs + 0xe3 (0x54b5c3 in /workspace/vllm/.venv/bin/python)

[E708 10:55:15.182770944 shim_common.cpp:1458] Exception in aoti_torch: Tried to register an operator (_C::weak_ref_tensor(Tensor input) -> Tensor) with the same name and overload name multiple times. Each overload's schema should only be registered with a single call to def(). Duplicate registration: registered at /workspace/csrc/libtorch_stable/torch_bindings.cpp:10. Original registration: registered at /workspace/csrc/torch_bindings.cpp:21
Exception raised from registerDef at /pytorch/aten/src/ATen/core/dispatch/Dispatcher.cpp:248 (most recent call first):
frame #0: c10::Error::Error(c10::SourceLocation, std::__cxx11::basic_string<char, std::char_traits<char>, std::allocator<char> >) + 0x9d (0x7ffff6d7205d in /workspace/vllm/.venv/lib/python3.12/site-packages/torch/lib/libc10.so)
frame #1: c10::detail::torchCheckFail(char const*, char const*, unsigned int, std::__cxx11::basic_string<char, std::char_traits<char>, std::allocator<char> > const&) + 0xc3 (0x7ffff6d066fd in /workspace/vllm/.venv/lib/python3.12/site-packages/torch/lib/libc10.so)
frame #2: c10::Dispatcher::registerDef(c10::FunctionSchema, std::__cxx11::basic_string<char, std::char_traits<char>, std::allocator<char> >, std::vector<at::Tag, std::allocator<at::Tag> >) + 0x35e (0x7fff0e8811fe in /workspace/vllm/.venv/lib/python3.12/site-packages/torch/lib/libtorch_cpu.so)
frame #3: torch::Library::_def(c10::FunctionSchema&&, c10::OperatorName*, std::vector<at::Tag, std::allocator<at::Tag> > const&, torch::_RegisterOrVerify) & + 0x514 (0x7fff0e8c2254 in /workspace/vllm/.venv/lib/python3.12/site-packages/torch/lib/libtorch_cpu.so)
frame #4: aoti_torch_library_def + 0x99 (0x7fff12ad45b9 in /workspace/vllm/.venv/lib/python3.12/site-packages/torch/lib/libtorch_cpu.so)
frame #5: <unknown function> + 0x2bdb00 (0x7ffded2beb00 in /workspace/vllm/vllm/_C_stable_libtorch.abi3.so)
frame #6: <unknown function> + 0x2bf0ce (0x7ffded2c00ce in /workspace/vllm/vllm/_C_stable_libtorch.abi3.so)
frame #7: <unknown function> + 0x279d92 (0x7ffded27ad92 in /workspace/vllm/vllm/_C_stable_libtorch.abi3.so)
frame #8: <unknown function> + 0x571f (0x7ffff7fca71f in /lib64/ld-linux-x86-64.so.2)
frame #9: <unknown function> + 0x5824 (0x7ffff7fca824 in /lib64/ld-linux-x86-64.so.2)
frame #10: _dl_catch_exception + 0x132 (0x7ffff7fc65b2 in /lib64/ld-linux-x86-64.so.2)
frame #11: <unknown function> + 0xcd7c (0x7ffff7fd1d7c in /lib64/ld-linux-x86-64.so.2)
frame #12: _dl_catch_exception + 0x9c (0x7ffff7fc651c in /lib64/ld-linux-x86-64.so.2)
frame #13: <unknown function> + 0xd164 (0x7ffff7fd2164 in /lib64/ld-linux-x86-64.so.2)
frame #14: <unknown function> + 0x981a4 (0x7ffff7d0c1a4 in /usr/lib/x86_64-linux-gnu/libc.so.6)
frame #15: _dl_catch_exception + 0x9c (0x7ffff7fc651c in /lib64/ld-linux-x86-64.so.2)
frame #16: <unknown function> + 0x1669 (0x7ffff7fc6669 in /lib64/ld-linux-x86-64.so.2)
frame #17: <unknown function> + 0x97c83 (0x7ffff7d0bc83 in /usr/lib/x86_64-linux-gnu/libc.so.6)
frame #18: dlopen + 0x6f (0x7ffff7d0c25f in /usr/lib/x86_64-linux-gnu/libc.so.6)
frame #19: /workspace/vllm/.venv/bin/python() [0x6bc36c]
frame #20: /workspace/vllm/.venv/bin/python() [0x6a946a]
frame #21: /workspace/vllm/.venv/bin/python() [0x6a8bf2]
frame #22: /workspace/vllm/.venv/bin/python() [0x581f37]
frame #23: _PyEval_EvalFrameDefault + 0x4c3a (0x5db0ba in /workspace/vllm/.venv/bin/python)
frame #24: /workspace/vllm/.venv/bin/python() [0x549d47]
frame #25: PyObject_CallMethodObjArgs + 0xe3 (0x54b5c3 in /workspace/vllm/.venv/bin/python)
frame #26: PyImport_ImportModuleLevelObject + 0x395 (0x5fd805 in /workspace/vllm/.venv/bin/python)
frame #27: _PyEval_EvalFrameDefault + 0x5eee (0x5dc36e in /workspace/vllm/.venv/bin/python)
frame #28: PyEval_EvalCode + 0x15b (0x5d543b in /workspace/vllm/.venv/bin/python)
frame #29: /workspace/vllm/.venv/bin/python() [0x5d322c]
frame #30: /workspace/vllm/.venv/bin/python() [0x581d1d]
frame #31: _PyEval_EvalFrameDefault + 0x4c3a (0x5db0ba in /workspace/vllm/.venv/bin/python)
frame #32: PyObject_CallOneArg + 0x4d (0x54a65d in /workspace/vllm/.venv/bin/python)
frame #33: /workspace/vllm/.venv/bin/python() [0x582e84]
frame #34: _PyObject_LookupAttr + 0x7a (0x584bea in /workspace/vllm/.venv/bin/python)
frame #35: /workspace/vllm/.venv/bin/python() [0x5d2b8a]
frame #36: _PyEval_EvalFrameDefault + 0x207d (0x5d84fd in /workspace/vllm/.venv/bin/python)
frame #37: /workspace/vllm/.venv/bin/python() [0x549d47]
frame #38: PyObject_CallMethodObjArgs + 0xe3 (0x54b5c3 in /workspace/vllm/.venv/bin/python)
frame #39: PyImport_ImportModuleLevelObject + 0x5eb (0x5fda5b in /workspace/vllm/.venv/bin/python)
frame #40: _PyEval_EvalFrameDefault + 0x5eee (0x5dc36e in /workspace/vllm/.venv/bin/python)
frame #41: PyEval_EvalCode + 0x15b (0x5d543b in /workspace/vllm/.venv/bin/python)
frame #42: /workspace/vllm/.venv/bin/python() [0x5d322c]
frame #43: /workspace/vllm/.venv/bin/python() [0x581d1d]
frame #44: _PyEval_EvalFrameDefault + 0x4c3a (0x5db0ba in /workspace/vllm/.venv/bin/python)
frame #45: /workspace/vllm/.venv/bin/python() [0x549d47]
frame #46: PyObject_CallMethodObjArgs + 0xe3 (0x54b5c3 in /workspace/vllm/.venv/bin/python)
frame #47: PyImport_ImportModuleLevelObject + 0x395 (0x5fd805 in /workspace/vllm/.venv/bin/python)
frame #48: _PyEval_EvalFrameDefault + 0x5eee (0x5dc36e in /workspace/vllm/.venv/bin/python)
frame #49: PyEval_EvalCode + 0x15b (0x5d543b in /workspace/vllm/.venv/bin/python)
frame #50: /workspace/vllm/.venv/bin/python() [0x5d322c]
frame #51: /workspace/vllm/.venv/bin/python() [0x581d1d]
frame #52: _PyEval_EvalFrameDefault + 0x4c3a (0x5db0ba in /workspace/vllm/.venv/bin/python)
frame #53: /workspace/vllm/.venv/bin/python() [0x549d47]
frame #54: PyObject_CallMethodObjArgs + 0xe3 (0x54b5c3 in /workspace/vllm/.venv/bin/python)
frame #55: PyImport_ImportModuleLevelObject + 0x395 (0x5fd805 in /workspace/vllm/.venv/bin/python)
frame #56: _PyEval_EvalFrameDefault + 0x5eee (0x5dc36e in /workspace/vllm/.venv/bin/python)
frame #57: PyEval_EvalCode + 0x15b (0x5d543b in /workspace/vllm/.venv/bin/python)
frame #58: /workspace/vllm/.venv/bin/python() [0x5d322c]
frame #59: /workspace/vllm/.venv/bin/python() [0x581d1d]
frame #60: _PyEval_EvalFrameDefault + 0x4c3a (0x5db0ba in /workspace/vllm/.venv/bin/python)
frame #61: /workspace/vllm/.venv/bin/python() [0x549d47]
frame #62: PyObject_CallMethodObjArgs + 0xe3 (0x54b5c3 in /workspace/vllm/.venv/bin/python)

[E708 10:55:15.185004210 shim_common.cpp:1458] Exception in aoti_torch: Tried to register an operator (_C::silu_and_mul_quant(Tensor($0! -> ) result, Tensor input, Tensor scale) -> ()) with the same name and overload name multiple times. Each overload's schema should only be registered with a single call to def(). Duplicate registration: registered at /workspace/csrc/libtorch_stable/torch_bindings.cpp:10. Original registration: registered at /workspace/csrc/torch_bindings.cpp:21
Exception raised from registerDef at /pytorch/aten/src/ATen/core/dispatch/Dispatcher.cpp:248 (most recent call first):
frame #0: c10::Error::Error(c10::SourceLocation, std::__cxx11::basic_string<char, std::char_traits<char>, std::allocator<char> >) + 0x9d (0x7ffff6d7205d in /workspace/vllm/.venv/lib/python3.12/site-packages/torch/lib/libc10.so)
frame #1: c10::detail::torchCheckFail(char const*, char const*, unsigned int, std::__cxx11::basic_string<char, std::char_traits<char>, std::allocator<char> > const&) + 0xc3 (0x7ffff6d066fd in /workspace/vllm/.venv/lib/python3.12/site-packages/torch/lib/libc10.so)
frame #2: c10::Dispatcher::registerDef(c10::FunctionSchema, std::__cxx11::basic_string<char, std::char_traits<char>, std::allocator<char> >, std::vector<at::Tag, std::allocator<at::Tag> >) + 0x35e (0x7fff0e8811fe in /workspace/vllm/.venv/lib/python3.12/site-packages/torch/lib/libtorch_cpu.so)
frame #3: torch::Library::_def(c10::FunctionSchema&&, c10::OperatorName*, std::vector<at::Tag, std::allocator<at::Tag> > const&, torch::_RegisterOrVerify) & + 0x514 (0x7fff0e8c2254 in /workspace/vllm/.venv/lib/python3.12/site-packages/torch/lib/libtorch_cpu.so)
frame #4: aoti_torch_library_def + 0x99 (0x7fff12ad45b9 in /workspace/vllm/.venv/lib/python3.12/site-packages/torch/lib/libtorch_cpu.so)
frame #5: <unknown function> + 0x2bdb3c (0x7ffded2beb3c in /workspace/vllm/vllm/_C_stable_libtorch.abi3.so)
frame #6: <unknown function> + 0x2bf0ce (0x7ffded2c00ce in /workspace/vllm/vllm/_C_stable_libtorch.abi3.so)
frame #7: <unknown function> + 0x279d92 (0x7ffded27ad92 in /workspace/vllm/vllm/_C_stable_libtorch.abi3.so)
frame #8: <unknown function> + 0x571f (0x7ffff7fca71f in /lib64/ld-linux-x86-64.so.2)
frame #9: <unknown function> + 0x5824 (0x7ffff7fca824 in /lib64/ld-linux-x86-64.so.2)
frame #10: _dl_catch_exception + 0x132 (0x7ffff7fc65b2 in /lib64/ld-linux-x86-64.so.2)
frame #11: <unknown function> + 0xcd7c (0x7ffff7fd1d7c in /lib64/ld-linux-x86-64.so.2)
frame #12: _dl_catch_exception + 0x9c (0x7ffff7fc651c in /lib64/ld-linux-x86-64.so.2)
frame #13: <unknown function> + 0xd164 (0x7ffff7fd2164 in /lib64/ld-linux-x86-64.so.2)
frame #14: <unknown function> + 0x981a4 (0x7ffff7d0c1a4 in /usr/lib/x86_64-linux-gnu/libc.so.6)
frame #15: _dl_catch_exception + 0x9c (0x7ffff7fc651c in /lib64/ld-linux-x86-64.so.2)
frame #16: <unknown function> + 0x1669 (0x7ffff7fc6669 in /lib64/ld-linux-x86-64.so.2)
frame #17: <unknown function> + 0x97c83 (0x7ffff7d0bc83 in /usr/lib/x86_64-linux-gnu/libc.so.6)
frame #18: dlopen + 0x6f (0x7ffff7d0c25f in /usr/lib/x86_64-linux-gnu/libc.so.6)
frame #19: /workspace/vllm/.venv/bin/python() [0x6bc36c]
frame #20: /workspace/vllm/.venv/bin/python() [0x6a946a]
frame #21: /workspace/vllm/.venv/bin/python() [0x6a8bf2]
frame #22: /workspace/vllm/.venv/bin/python() [0x581f37]
frame #23: _PyEval_EvalFrameDefault + 0x4c3a (0x5db0ba in /workspace/vllm/.venv/bin/python)
frame #24: /workspace/vllm/.venv/bin/python() [0x549d47]
frame #25: PyObject_CallMethodObjArgs + 0xe3 (0x54b5c3 in /workspace/vllm/.venv/bin/python)
frame #26: PyImport_ImportModuleLevelObject + 0x395 (0x5fd805 in /workspace/vllm/.venv/bin/python)
frame #27: _PyEval_EvalFrameDefault + 0x5eee (0x5dc36e in /workspace/vllm/.venv/bin/python)
frame #28: PyEval_EvalCode + 0x15b (0x5d543b in /workspace/vllm/.venv/bin/python)
frame #29: /workspace/vllm/.venv/bin/python() [0x5d322c]
frame #30: /workspace/vllm/.venv/bin/python() [0x581d1d]
frame #31: _PyEval_EvalFrameDefault + 0x4c3a (0x5db0ba in /workspace/vllm/.venv/bin/python)
frame #32: PyObject_CallOneArg + 0x4d (0x54a65d in /workspace/vllm/.venv/bin/python)
frame #33: /workspace/vllm/.venv/bin/python() [0x582e84]
frame #34: _PyObject_LookupAttr + 0x7a (0x584bea in /workspace/vllm/.venv/bin/python)
frame #35: /workspace/vllm/.venv/bin/python() [0x5d2b8a]
frame #36: _PyEval_EvalFrameDefault + 0x207d (0x5d84fd in /workspace/vllm/.venv/bin/python)
frame #37: /workspace/vllm/.venv/bin/python() [0x549d47]
frame #38: PyObject_CallMethodObjArgs + 0xe3 (0x54b5c3 in /workspace/vllm/.venv/bin/python)
frame #39: PyImport_ImportModuleLevelObject + 0x5eb (0x5fda5b in /workspace/vllm/.venv/bin/python)
frame #40: _PyEval_EvalFrameDefault + 0x5eee (0x5dc36e in /workspace/vllm/.venv/bin/python)
frame #41: PyEval_EvalCode + 0x15b (0x5d543b in /workspace/vllm/.venv/bin/python)
frame #42: /workspace/vllm/.venv/bin/python() [0x5d322c]
frame #43: /workspace/vllm/.venv/bin/python() [0x581d1d]
frame #44: _PyEval_EvalFrameDefault + 0x4c3a (0x5db0ba in /workspace/vllm/.venv/bin/python)
frame #45: /workspace/vllm/.venv/bin/python() [0x549d47]
frame #46: PyObject_CallMethodObjArgs + 0xe3 (0x54b5c3 in /workspace/vllm/.venv/bin/python)
frame #47: PyImport_ImportModuleLevelObject + 0x395 (0x5fd805 in /workspace/vllm/.venv/bin/python)
frame #48: _PyEval_EvalFrameDefault + 0x5eee (0x5dc36e in /workspace/vllm/.venv/bin/python)
frame #49: PyEval_EvalCode + 0x15b (0x5d543b in /workspace/vllm/.venv/bin/python)
frame #50: /workspace/vllm/.venv/bin/python() [0x5d322c]
frame #51: /workspace/vllm/.venv/bin/python() [0x581d1d]
frame #52: _PyEval_EvalFrameDefault + 0x4c3a (0x5db0ba in /workspace/vllm/.venv/bin/python)
frame #53: /workspace/vllm/.venv/bin/python() [0x549d47]
frame #54: PyObject_CallMethodObjArgs + 0xe3 (0x54b5c3 in /workspace/vllm/.venv/bin/python)
frame #55: PyImport_ImportModuleLevelObject + 0x395 (0x5fd805 in /workspace/vllm/.venv/bin/python)
frame #56: _PyEval_EvalFrameDefault + 0x5eee (0x5dc36e in /workspace/vllm/.venv/bin/python)
frame #57: PyEval_EvalCode + 0x15b (0x5d543b in /workspace/vllm/.venv/bin/python)
frame #58: /workspace/vllm/.venv/bin/python() [0x5d322c]
frame #59: /workspace/vllm/.venv/bin/python() [0x581d1d]
frame #60: _PyEval_EvalFrameDefault + 0x4c3a (0x5db0ba in /workspace/vllm/.venv/bin/python)
frame #61: /workspace/vllm/.venv/bin/python() [0x549d47]
frame #62: PyObject_CallMethodObjArgs + 0xe3 (0x54b5c3 in /workspace/vllm/.venv/bin/python)

[W708 10:55:15.187476672 OperatorEntry.cpp:208] Warning: Warning only once for all operators,  other operators may also be overridden.
  Overriding a previously registered kernel for the same operator and the same dispatch key
  operator: _C::persistent_masked_m_silu_mul_quant(Tensor input, Tensor counts, Tensor($0! -> ) y_q, Tensor($1! -> ) y_s, bool use_ue8m0) -> ()
    registered at /workspace/csrc/torch_bindings.cpp:21
  dispatch key: CUDA
  previous kernel: registered at /workspace/csrc/torch_bindings.cpp:21
       new kernel: registered at /workspace/csrc/libtorch_stable/torch_bindings.cpp:603 (function operator())
(APIServer pid=3180521) INFO 07-08 10:55:21 [utils.py:344] 
(APIServer pid=3180521) INFO 07-08 10:55:21 [utils.py:344]        █     █     █▄   ▄█
(APIServer pid=3180521) INFO 07-08 10:55:21 [utils.py:344]  ▄▄ ▄█ █     █     █ ▀▄▀ █  version 0.22.1.dev4+g431701083
(APIServer pid=3180521) INFO 07-08 10:55:21 [utils.py:344]   █▄█▀ █     █     █     █  model   Qwen/Qwen2.5-32B-Instruct
(APIServer pid=3180521) INFO 07-08 10:55:21 [utils.py:344]    ▀▀  ▀▀▀▀▀ ▀▀▀▀▀ ▀     ▀
(APIServer pid=3180521) INFO 07-08 10:55:21 [utils.py:344] 
(APIServer pid=3180521) INFO 07-08 10:55:21 [utils.py:278] non-default args: {'model_tag': 'Qwen/Qwen2.5-32B-Instruct', 'host': '127.0.0.1', 'model': 'Qwen/Qwen2.5-32B-Instruct', 'dtype': 'bfloat16', 'max_model_len': 4096, 'tensor_parallel_size': 8, 'disable_custom_all_reduce': True, 'gpu_memory_utilization': 0.9, 'max_num_batched_tokens': 4096}
(APIServer pid=3180521) WARNING 07-08 10:55:21 [system_utils.py:299] Found ulimit of 51200 and failed to automatically increase with error current limit exceeds maximum limit. This can cause fd limit errors like `OSError: [Errno 24] Too many open files`. Consider increasing with ulimit -n
(APIServer pid=3180521) WARNING 07-08 10:55:21 [envs.py:2057] Unknown vLLM environment variable detected: VLLM_USE_FT_NCCL_COMMUNICATOR
(APIServer pid=3180521) WARNING 07-08 10:55:21 [envs.py:2057] Unknown vLLM environment variable detected: VLLM_USE_FT_NCCL_TP
(APIServer pid=3180521) Warning: You are sending unauthenticated requests to the HF Hub. Please set a HF_TOKEN to enable higher rate limits and faster downloads.
(APIServer pid=3180521) INFO 07-08 10:55:22 [model.py:617] Resolved architecture: Qwen2ForCausalLM
(APIServer pid=3180521) INFO 07-08 10:55:22 [model.py:1752] Using max model len 4096
(APIServer pid=3180521) INFO 07-08 10:55:22 [scheduler.py:239] Chunked prefill is enabled with max_num_batched_tokens=4096.
(APIServer pid=3180521) INFO 07-08 10:55:22 [vllm.py:977] Asynchronous scheduling is enabled.
(APIServer pid=3180521) INFO 07-08 10:55:22 [kernel.py:270] Final IR op priority after setting platform defaults: IrOpPriorityConfig(rms_norm=['native'], fused_add_rms_norm=['native'])
(APIServer pid=3180521) <frozen importlib._bootstrap_external>:1297: FutureWarning: The cuda.cudart module is deprecated and will be removed in a future release, please switch to use the cuda.bindings.runtime module instead.
(APIServer pid=3180521) <frozen importlib._bootstrap_external>:1297: FutureWarning: The cuda.nvrtc module is deprecated and will be removed in a future release, please switch to use the cuda.bindings.nvrtc module instead.
(APIServer pid=3180521) INFO 07-08 10:55:26 [compilation.py:312] Enabled custom fusions: allreduce_rms
[E708 10:55:33.356885131 shim_common.cpp:1458] Exception in aoti_torch: Tried to register an operator (_C::persistent_masked_m_silu_mul_quant(Tensor input, Tensor counts, Tensor($0! -> ) y_q, Tensor($1! -> ) y_s, bool use_ue8m0) -> ()) with the same name and overload name multiple times. Each overload's schema should only be registered with a single call to def(). Duplicate registration: registered at /workspace/csrc/libtorch_stable/torch_bindings.cpp:10. Original registration: registered at /workspace/csrc/torch_bindings.cpp:21
Exception raised from registerDef at /pytorch/aten/src/ATen/core/dispatch/Dispatcher.cpp:248 (most recent call first):
frame #0: c10::Error::Error(c10::SourceLocation, std::__cxx11::basic_string<char, std::char_traits<char>, std::allocator<char> >) + 0x9d (0x7ffff6b7205d in /workspace/vllm/.venv/lib/python3.12/site-packages/torch/lib/libc10.so)
frame #1: c10::detail::torchCheckFail(char const*, char const*, unsigned int, std::__cxx11::basic_string<char, std::char_traits<char>, std::allocator<char> > const&) + 0xc3 (0x7ffff6b066fd in /workspace/vllm/.venv/lib/python3.12/site-packages/torch/lib/libc10.so)
frame #2: c10::Dispatcher::registerDef(c10::FunctionSchema, std::__cxx11::basic_string<char, std::char_traits<char>, std::allocator<char> >, std::vector<at::Tag, std::allocator<at::Tag> >) + 0x35e (0x7fff0e6811fe in /workspace/vllm/.venv/lib/python3.12/site-packages/torch/lib/libtorch_cpu.so)
frame #3: torch::Library::_def(c10::FunctionSchema&&, c10::OperatorName*, std::vector<at::Tag, std::allocator<at::Tag> > const&, torch::_RegisterOrVerify) & + 0x514 (0x7fff0e6c2254 in /workspace/vllm/.venv/lib/python3.12/site-packages/torch/lib/libtorch_cpu.so)
frame #4: aoti_torch_library_def + 0x99 (0x7fff128d45b9 in /workspace/vllm/.venv/lib/python3.12/site-packages/torch/lib/libtorch_cpu.so)
frame #5: <unknown function> + 0x2bdaf1 (0x7ff8ec4beaf1 in /workspace/vllm/vllm/_C_stable_libtorch.abi3.so)
frame #6: <unknown function> + 0x2bf0ce (0x7ff8ec4c00ce in /workspace/vllm/vllm/_C_stable_libtorch.abi3.so)
frame #7: <unknown function> + 0x279d92 (0x7ff8ec47ad92 in /workspace/vllm/vllm/_C_stable_libtorch.abi3.so)
frame #8: <unknown function> + 0x571f (0x7ffff7fca71f in /lib64/ld-linux-x86-64.so.2)
frame #9: <unknown function> + 0x5824 (0x7ffff7fca824 in /lib64/ld-linux-x86-64.so.2)
frame #10: _dl_catch_exception + 0x132 (0x7ffff7fc65b2 in /lib64/ld-linux-x86-64.so.2)
frame #11: <unknown function> + 0xcd7c (0x7ffff7fd1d7c in /lib64/ld-linux-x86-64.so.2)
frame #12: _dl_catch_exception + 0x9c (0x7ffff7fc651c in /lib64/ld-linux-x86-64.so.2)
frame #13: <unknown function> + 0xd164 (0x7ffff7fd2164 in /lib64/ld-linux-x86-64.so.2)
frame #14: <unknown function> + 0x981a4 (0x7ffff7d0c1a4 in /usr/lib/x86_64-linux-gnu/libc.so.6)
frame #15: _dl_catch_exception + 0x9c (0x7ffff7fc651c in /lib64/ld-linux-x86-64.so.2)
frame #16: <unknown function> + 0x1669 (0x7ffff7fc6669 in /lib64/ld-linux-x86-64.so.2)
frame #17: <unknown function> + 0x97c83 (0x7ffff7d0bc83 in /usr/lib/x86_64-linux-gnu/libc.so.6)
frame #18: dlopen + 0x6f (0x7ffff7d0c25f in /usr/lib/x86_64-linux-gnu/libc.so.6)
frame #19: /workspace/vllm/.venv/bin/python() [0x6bc36c]
frame #20: /workspace/vllm/.venv/bin/python() [0x6a946a]
frame #21: /workspace/vllm/.venv/bin/python() [0x6a8bf2]
frame #22: /workspace/vllm/.venv/bin/python() [0x581f37]
frame #23: _PyEval_EvalFrameDefault + 0x4c3a (0x5db0ba in /workspace/vllm/.venv/bin/python)
frame #24: /workspace/vllm/.venv/bin/python() [0x549d47]
frame #25: PyObject_CallMethodObjArgs + 0xe3 (0x54b5c3 in /workspace/vllm/.venv/bin/python)
frame #26: PyImport_ImportModuleLevelObject + 0x395 (0x5fd805 in /workspace/vllm/.venv/bin/python)
frame #27: _PyEval_EvalFrameDefault + 0x5eee (0x5dc36e in /workspace/vllm/.venv/bin/python)
frame #28: PyEval_EvalCode + 0x15b (0x5d543b in /workspace/vllm/.venv/bin/python)
frame #29: /workspace/vllm/.venv/bin/python() [0x5d322c]
frame #30: /workspace/vllm/.venv/bin/python() [0x581d1d]
frame #31: _PyEval_EvalFrameDefault + 0x4c3a (0x5db0ba in /workspace/vllm/.venv/bin/python)
frame #32: PyObject_CallOneArg + 0x4d (0x54a65d in /workspace/vllm/.venv/bin/python)
frame #33: /workspace/vllm/.venv/bin/python() [0x582e84]
frame #34: _PyObject_LookupAttr + 0x7a (0x584bea in /workspace/vllm/.venv/bin/python)
frame #35: /workspace/vllm/.venv/bin/python() [0x5d2b8a]
frame #36: _PyEval_EvalFrameDefault + 0x207d (0x5d84fd in /workspace/vllm/.venv/bin/python)
frame #37: /workspace/vllm/.venv/bin/python() [0x549d47]
frame #38: PyObject_CallMethodObjArgs + 0xe3 (0x54b5c3 in /workspace/vllm/.venv/bin/python)
frame #39: PyImport_ImportModuleLevelObject + 0x5eb (0x5fda5b in /workspace/vllm/.venv/bin/python)
frame #40: _PyEval_EvalFrameDefault + 0x5eee (0x5dc36e in /workspace/vllm/.venv/bin/python)
frame #41: PyEval_EvalCode + 0x15b (0x5d543b in /workspace/vllm/.venv/bin/python)
frame #42: /workspace/vllm/.venv/bin/python() [0x5d322c]
frame #43: /workspace/vllm/.venv/bin/python() [0x581d1d]
frame #44: _PyEval_EvalFrameDefault + 0x4c3a (0x5db0ba in /workspace/vllm/.venv/bin/python)
frame #45: /workspace/vllm/.venv/bin/python() [0x549d47]
frame #46: PyObject_CallMethodObjArgs + 0xe3 (0x54b5c3 in /workspace/vllm/.venv/bin/python)
frame #47: PyImport_ImportModuleLevelObject + 0x395 (0x5fd805 in /workspace/vllm/.venv/bin/python)
frame #48: _PyEval_EvalFrameDefault + 0x5eee (0x5dc36e in /workspace/vllm/.venv/bin/python)
frame #49: PyEval_EvalCode + 0x15b (0x5d543b in /workspace/vllm/.venv/bin/python)
frame #50: /workspace/vllm/.venv/bin/python() [0x5d322c]
frame #51: /workspace/vllm/.venv/bin/python() [0x581d1d]
frame #52: _PyEval_EvalFrameDefault + 0x4c3a (0x5db0ba in /workspace/vllm/.venv/bin/python)
frame #53: /workspace/vllm/.venv/bin/python() [0x549d47]
frame #54: PyObject_CallMethodObjArgs + 0xe3 (0x54b5c3 in /workspace/vllm/.venv/bin/python)
frame #55: PyImport_ImportModuleLevelObject + 0x395 (0x5fd805 in /workspace/vllm/.venv/bin/python)
frame #56: _PyEval_EvalFrameDefault + 0x5eee (0x5dc36e in /workspace/vllm/.venv/bin/python)
frame #57: PyEval_EvalCode + 0x15b (0x5d543b in /workspace/vllm/.venv/bin/python)
frame #58: /workspace/vllm/.venv/bin/python() [0x5d322c]
frame #59: /workspace/vllm/.venv/bin/python() [0x581d1d]
frame #60: _PyEval_EvalFrameDefault + 0x4c3a (0x5db0ba in /workspace/vllm/.venv/bin/python)
frame #61: /workspace/vllm/.venv/bin/python() [0x549d47]
frame #62: PyObject_CallMethodObjArgs + 0xe3 (0x54b5c3 in /workspace/vllm/.venv/bin/python)

[E708 10:55:33.359238116 shim_common.cpp:1458] Exception in aoti_torch: Tried to register an operator (_C::weak_ref_tensor(Tensor input) -> Tensor) with the same name and overload name multiple times. Each overload's schema should only be registered with a single call to def(). Duplicate registration: registered at /workspace/csrc/libtorch_stable/torch_bindings.cpp:10. Original registration: registered at /workspace/csrc/torch_bindings.cpp:21
Exception raised from registerDef at /pytorch/aten/src/ATen/core/dispatch/Dispatcher.cpp:248 (most recent call first):
frame #0: c10::Error::Error(c10::SourceLocation, std::__cxx11::basic_string<char, std::char_traits<char>, std::allocator<char> >) + 0x9d (0x7ffff6b7205d in /workspace/vllm/.venv/lib/python3.12/site-packages/torch/lib/libc10.so)
frame #1: c10::detail::torchCheckFail(char const*, char const*, unsigned int, std::__cxx11::basic_string<char, std::char_traits<char>, std::allocator<char> > const&) + 0xc3 (0x7ffff6b066fd in /workspace/vllm/.venv/lib/python3.12/site-packages/torch/lib/libc10.so)
frame #2: c10::Dispatcher::registerDef(c10::FunctionSchema, std::__cxx11::basic_string<char, std::char_traits<char>, std::allocator<char> >, std::vector<at::Tag, std::allocator<at::Tag> >) + 0x35e (0x7fff0e6811fe in /workspace/vllm/.venv/lib/python3.12/site-packages/torch/lib/libtorch_cpu.so)
frame #3: torch::Library::_def(c10::FunctionSchema&&, c10::OperatorName*, std::vector<at::Tag, std::allocator<at::Tag> > const&, torch::_RegisterOrVerify) & + 0x514 (0x7fff0e6c2254 in /workspace/vllm/.venv/lib/python3.12/site-packages/torch/lib/libtorch_cpu.so)
frame #4: aoti_torch_library_def + 0x99 (0x7fff128d45b9 in /workspace/vllm/.venv/lib/python3.12/site-packages/torch/lib/libtorch_cpu.so)
frame #5: <unknown function> + 0x2bdb00 (0x7ff8ec4beb00 in /workspace/vllm/vllm/_C_stable_libtorch.abi3.so)
frame #6: <unknown function> + 0x2bf0ce (0x7ff8ec4c00ce in /workspace/vllm/vllm/_C_stable_libtorch.abi3.so)
frame #7: <unknown function> + 0x279d92 (0x7ff8ec47ad92 in /workspace/vllm/vllm/_C_stable_libtorch.abi3.so)
frame #8: <unknown function> + 0x571f (0x7ffff7fca71f in /lib64/ld-linux-x86-64.so.2)
frame #9: <unknown function> + 0x5824 (0x7ffff7fca824 in /lib64/ld-linux-x86-64.so.2)
frame #10: _dl_catch_exception + 0x132 (0x7ffff7fc65b2 in /lib64/ld-linux-x86-64.so.2)
frame #11: <unknown function> + 0xcd7c (0x7ffff7fd1d7c in /lib64/ld-linux-x86-64.so.2)
frame #12: _dl_catch_exception + 0x9c (0x7ffff7fc651c in /lib64/ld-linux-x86-64.so.2)
frame #13: <unknown function> + 0xd164 (0x7ffff7fd2164 in /lib64/ld-linux-x86-64.so.2)
frame #14: <unknown function> + 0x981a4 (0x7ffff7d0c1a4 in /usr/lib/x86_64-linux-gnu/libc.so.6)
frame #15: _dl_catch_exception + 0x9c (0x7ffff7fc651c in /lib64/ld-linux-x86-64.so.2)
frame #16: <unknown function> + 0x1669 (0x7ffff7fc6669 in /lib64/ld-linux-x86-64.so.2)
frame #17: <unknown function> + 0x97c83 (0x7ffff7d0bc83 in /usr/lib/x86_64-linux-gnu/libc.so.6)
frame #18: dlopen + 0x6f (0x7ffff7d0c25f in /usr/lib/x86_64-linux-gnu/libc.so.6)
frame #19: /workspace/vllm/.venv/bin/python() [0x6bc36c]
frame #20: /workspace/vllm/.venv/bin/python() [0x6a946a]
frame #21: /workspace/vllm/.venv/bin/python() [0x6a8bf2]
frame #22: /workspace/vllm/.venv/bin/python() [0x581f37]
frame #23: _PyEval_EvalFrameDefault + 0x4c3a (0x5db0ba in /workspace/vllm/.venv/bin/python)
frame #24: /workspace/vllm/.venv/bin/python() [0x549d47]
frame #25: PyObject_CallMethodObjArgs + 0xe3 (0x54b5c3 in /workspace/vllm/.venv/bin/python)
frame #26: PyImport_ImportModuleLevelObject + 0x395 (0x5fd805 in /workspace/vllm/.venv/bin/python)
frame #27: _PyEval_EvalFrameDefault + 0x5eee (0x5dc36e in /workspace/vllm/.venv/bin/python)
frame #28: PyEval_EvalCode + 0x15b (0x5d543b in /workspace/vllm/.venv/bin/python)
frame #29: /workspace/vllm/.venv/bin/python() [0x5d322c]
frame #30: /workspace/vllm/.venv/bin/python() [0x581d1d]
frame #31: _PyEval_EvalFrameDefault + 0x4c3a (0x5db0ba in /workspace/vllm/.venv/bin/python)
frame #32: PyObject_CallOneArg + 0x4d (0x54a65d in /workspace/vllm/.venv/bin/python)
frame #33: /workspace/vllm/.venv/bin/python() [0x582e84]
frame #34: _PyObject_LookupAttr + 0x7a (0x584bea in /workspace/vllm/.venv/bin/python)
frame #35: /workspace/vllm/.venv/bin/python() [0x5d2b8a]
frame #36: _PyEval_EvalFrameDefault + 0x207d (0x5d84fd in /workspace/vllm/.venv/bin/python)
frame #37: /workspace/vllm/.venv/bin/python() [0x549d47]
frame #38: PyObject_CallMethodObjArgs + 0xe3 (0x54b5c3 in /workspace/vllm/.venv/bin/python)
frame #39: PyImport_ImportModuleLevelObject + 0x5eb (0x5fda5b in /workspace/vllm/.venv/bin/python)
frame #40: _PyEval_EvalFrameDefault + 0x5eee (0x5dc36e in /workspace/vllm/.venv/bin/python)
frame #41: PyEval_EvalCode + 0x15b (0x5d543b in /workspace/vllm/.venv/bin/python)
frame #42: /workspace/vllm/.venv/bin/python() [0x5d322c]
frame #43: /workspace/vllm/.venv/bin/python() [0x581d1d]
frame #44: _PyEval_EvalFrameDefault + 0x4c3a (0x5db0ba in /workspace/vllm/.venv/bin/python)
frame #45: /workspace/vllm/.venv/bin/python() [0x549d47]
frame #46: PyObject_CallMethodObjArgs + 0xe3 (0x54b5c3 in /workspace/vllm/.venv/bin/python)
frame #47: PyImport_ImportModuleLevelObject + 0x395 (0x5fd805 in /workspace/vllm/.venv/bin/python)
frame #48: _PyEval_EvalFrameDefault + 0x5eee (0x5dc36e in /workspace/vllm/.venv/bin/python)
frame #49: PyEval_EvalCode + 0x15b (0x5d543b in /workspace/vllm/.venv/bin/python)
frame #50: /workspace/vllm/.venv/bin/python() [0x5d322c]
frame #51: /workspace/vllm/.venv/bin/python() [0x581d1d]
frame #52: _PyEval_EvalFrameDefault + 0x4c3a (0x5db0ba in /workspace/vllm/.venv/bin/python)
frame #53: /workspace/vllm/.venv/bin/python() [0x549d47]
frame #54: PyObject_CallMethodObjArgs + 0xe3 (0x54b5c3 in /workspace/vllm/.venv/bin/python)
frame #55: PyImport_ImportModuleLevelObject + 0x395 (0x5fd805 in /workspace/vllm/.venv/bin/python)
frame #56: _PyEval_EvalFrameDefault + 0x5eee (0x5dc36e in /workspace/vllm/.venv/bin/python)
frame #57: PyEval_EvalCode + 0x15b (0x5d543b in /workspace/vllm/.venv/bin/python)
frame #58: /workspace/vllm/.venv/bin/python() [0x5d322c]
frame #59: /workspace/vllm/.venv/bin/python() [0x581d1d]
frame #60: _PyEval_EvalFrameDefault + 0x4c3a (0x5db0ba in /workspace/vllm/.venv/bin/python)
frame #61: /workspace/vllm/.venv/bin/python() [0x549d47]
frame #62: PyObject_CallMethodObjArgs + 0xe3 (0x54b5c3 in /workspace/vllm/.venv/bin/python)

[E708 10:55:33.361551654 shim_common.cpp:1458] Exception in aoti_torch: Tried to register an operator (_C::silu_and_mul_quant(Tensor($0! -> ) result, Tensor input, Tensor scale) -> ()) with the same name and overload name multiple times. Each overload's schema should only be registered with a single call to def(). Duplicate registration: registered at /workspace/csrc/libtorch_stable/torch_bindings.cpp:10. Original registration: registered at /workspace/csrc/torch_bindings.cpp:21
Exception raised from registerDef at /pytorch/aten/src/ATen/core/dispatch/Dispatcher.cpp:248 (most recent call first):
frame #0: c10::Error::Error(c10::SourceLocation, std::__cxx11::basic_string<char, std::char_traits<char>, std::allocator<char> >) + 0x9d (0x7ffff6b7205d in /workspace/vllm/.venv/lib/python3.12/site-packages/torch/lib/libc10.so)
frame #1: c10::detail::torchCheckFail(char const*, char const*, unsigned int, std::__cxx11::basic_string<char, std::char_traits<char>, std::allocator<char> > const&) + 0xc3 (0x7ffff6b066fd in /workspace/vllm/.venv/lib/python3.12/site-packages/torch/lib/libc10.so)
frame #2: c10::Dispatcher::registerDef(c10::FunctionSchema, std::__cxx11::basic_string<char, std::char_traits<char>, std::allocator<char> >, std::vector<at::Tag, std::allocator<at::Tag> >) + 0x35e (0x7fff0e6811fe in /workspace/vllm/.venv/lib/python3.12/site-packages/torch/lib/libtorch_cpu.so)
frame #3: torch::Library::_def(c10::FunctionSchema&&, c10::OperatorName*, std::vector<at::Tag, std::allocator<at::Tag> > const&, torch::_RegisterOrVerify) & + 0x514 (0x7fff0e6c2254 in /workspace/vllm/.venv/lib/python3.12/site-packages/torch/lib/libtorch_cpu.so)
frame #4: aoti_torch_library_def + 0x99 (0x7fff128d45b9 in /workspace/vllm/.venv/lib/python3.12/site-packages/torch/lib/libtorch_cpu.so)
frame #5: <unknown function> + 0x2bdb3c (0x7ff8ec4beb3c in /workspace/vllm/vllm/_C_stable_libtorch.abi3.so)
frame #6: <unknown function> + 0x2bf0ce (0x7ff8ec4c00ce in /workspace/vllm/vllm/_C_stable_libtorch.abi3.so)
frame #7: <unknown function> + 0x279d92 (0x7ff8ec47ad92 in /workspace/vllm/vllm/_C_stable_libtorch.abi3.so)
frame #8: <unknown function> + 0x571f (0x7ffff7fca71f in /lib64/ld-linux-x86-64.so.2)
frame #9: <unknown function> + 0x5824 (0x7ffff7fca824 in /lib64/ld-linux-x86-64.so.2)
frame #10: _dl_catch_exception + 0x132 (0x7ffff7fc65b2 in /lib64/ld-linux-x86-64.so.2)
frame #11: <unknown function> + 0xcd7c (0x7ffff7fd1d7c in /lib64/ld-linux-x86-64.so.2)
frame #12: _dl_catch_exception + 0x9c (0x7ffff7fc651c in /lib64/ld-linux-x86-64.so.2)
frame #13: <unknown function> + 0xd164 (0x7ffff7fd2164 in /lib64/ld-linux-x86-64.so.2)
frame #14: <unknown function> + 0x981a4 (0x7ffff7d0c1a4 in /usr/lib/x86_64-linux-gnu/libc.so.6)
frame #15: _dl_catch_exception + 0x9c (0x7ffff7fc651c in /lib64/ld-linux-x86-64.so.2)
frame #16: <unknown function> + 0x1669 (0x7ffff7fc6669 in /lib64/ld-linux-x86-64.so.2)
frame #17: <unknown function> + 0x97c83 (0x7ffff7d0bc83 in /usr/lib/x86_64-linux-gnu/libc.so.6)
frame #18: dlopen + 0x6f (0x7ffff7d0c25f in /usr/lib/x86_64-linux-gnu/libc.so.6)
frame #19: /workspace/vllm/.venv/bin/python() [0x6bc36c]
frame #20: /workspace/vllm/.venv/bin/python() [0x6a946a]
frame #21: /workspace/vllm/.venv/bin/python() [0x6a8bf2]
frame #22: /workspace/vllm/.venv/bin/python() [0x581f37]
frame #23: _PyEval_EvalFrameDefault + 0x4c3a (0x5db0ba in /workspace/vllm/.venv/bin/python)
frame #24: /workspace/vllm/.venv/bin/python() [0x549d47]
frame #25: PyObject_CallMethodObjArgs + 0xe3 (0x54b5c3 in /workspace/vllm/.venv/bin/python)
frame #26: PyImport_ImportModuleLevelObject + 0x395 (0x5fd805 in /workspace/vllm/.venv/bin/python)
frame #27: _PyEval_EvalFrameDefault + 0x5eee (0x5dc36e in /workspace/vllm/.venv/bin/python)
frame #28: PyEval_EvalCode + 0x15b (0x5d543b in /workspace/vllm/.venv/bin/python)
frame #29: /workspace/vllm/.venv/bin/python() [0x5d322c]
frame #30: /workspace/vllm/.venv/bin/python() [0x581d1d]
frame #31: _PyEval_EvalFrameDefault + 0x4c3a (0x5db0ba in /workspace/vllm/.venv/bin/python)
frame #32: PyObject_CallOneArg + 0x4d (0x54a65d in /workspace/vllm/.venv/bin/python)
frame #33: /workspace/vllm/.venv/bin/python() [0x582e84]
frame #34: _PyObject_LookupAttr + 0x7a (0x584bea in /workspace/vllm/.venv/bin/python)
frame #35: /workspace/vllm/.venv/bin/python() [0x5d2b8a]
frame #36: _PyEval_EvalFrameDefault + 0x207d (0x5d84fd in /workspace/vllm/.venv/bin/python)
frame #37: /workspace/vllm/.venv/bin/python() [0x549d47]
frame #38: PyObject_CallMethodObjArgs + 0xe3 (0x54b5c3 in /workspace/vllm/.venv/bin/python)
frame #39: PyImport_ImportModuleLevelObject + 0x5eb (0x5fda5b in /workspace/vllm/.venv/bin/python)
frame #40: _PyEval_EvalFrameDefault + 0x5eee (0x5dc36e in /workspace/vllm/.venv/bin/python)
frame #41: PyEval_EvalCode + 0x15b (0x5d543b in /workspace/vllm/.venv/bin/python)
frame #42: /workspace/vllm/.venv/bin/python() [0x5d322c]
frame #43: /workspace/vllm/.venv/bin/python() [0x581d1d]
frame #44: _PyEval_EvalFrameDefault + 0x4c3a (0x5db0ba in /workspace/vllm/.venv/bin/python)
frame #45: /workspace/vllm/.venv/bin/python() [0x549d47]
frame #46: PyObject_CallMethodObjArgs + 0xe3 (0x54b5c3 in /workspace/vllm/.venv/bin/python)
frame #47: PyImport_ImportModuleLevelObject + 0x395 (0x5fd805 in /workspace/vllm/.venv/bin/python)
frame #48: _PyEval_EvalFrameDefault + 0x5eee (0x5dc36e in /workspace/vllm/.venv/bin/python)
frame #49: PyEval_EvalCode + 0x15b (0x5d543b in /workspace/vllm/.venv/bin/python)
frame #50: /workspace/vllm/.venv/bin/python() [0x5d322c]
frame #51: /workspace/vllm/.venv/bin/python() [0x581d1d]
frame #52: _PyEval_EvalFrameDefault + 0x4c3a (0x5db0ba in /workspace/vllm/.venv/bin/python)
frame #53: /workspace/vllm/.venv/bin/python() [0x549d47]
frame #54: PyObject_CallMethodObjArgs + 0xe3 (0x54b5c3 in /workspace/vllm/.venv/bin/python)
frame #55: PyImport_ImportModuleLevelObject + 0x395 (0x5fd805 in /workspace/vllm/.venv/bin/python)
frame #56: _PyEval_EvalFrameDefault + 0x5eee (0x5dc36e in /workspace/vllm/.venv/bin/python)
frame #57: PyEval_EvalCode + 0x15b (0x5d543b in /workspace/vllm/.venv/bin/python)
frame #58: /workspace/vllm/.venv/bin/python() [0x5d322c]
frame #59: /workspace/vllm/.venv/bin/python() [0x581d1d]
frame #60: _PyEval_EvalFrameDefault + 0x4c3a (0x5db0ba in /workspace/vllm/.venv/bin/python)
frame #61: /workspace/vllm/.venv/bin/python() [0x549d47]
frame #62: PyObject_CallMethodObjArgs + 0xe3 (0x54b5c3 in /workspace/vllm/.venv/bin/python)

[W708 10:55:33.364015979 OperatorEntry.cpp:208] Warning: Warning only once for all operators,  other operators may also be overridden.
  Overriding a previously registered kernel for the same operator and the same dispatch key
  operator: _C::persistent_masked_m_silu_mul_quant(Tensor input, Tensor counts, Tensor($0! -> ) y_q, Tensor($1! -> ) y_s, bool use_ue8m0) -> ()
    registered at /workspace/csrc/torch_bindings.cpp:21
  dispatch key: CUDA
  previous kernel: registered at /workspace/csrc/torch_bindings.cpp:21
       new kernel: registered at /workspace/csrc/libtorch_stable/torch_bindings.cpp:603 (function operator())
(EngineCore pid=3181679) INFO 07-08 10:55:34 [core.py:112] Initializing a V1 LLM engine (v0.22.1.dev4+g431701083) with config: model='Qwen/Qwen2.5-32B-Instruct', speculative_config=None, tokenizer='Qwen/Qwen2.5-32B-Instruct', skip_tokenizer_init=False, tokenizer_mode=auto, revision=None, tokenizer_revision=None, trust_remote_code=False, dtype=torch.bfloat16, max_seq_len=4096, download_dir=None, load_format=auto, tensor_parallel_size=8, pipeline_parallel_size=1, data_parallel_size=1, decode_context_parallel_size=1, dcp_comm_backend=ag_rs, disable_custom_all_reduce=True, quantization=None, quantization_config=None, enforce_eager=False, enable_return_routed_experts=False, kv_cache_dtype=auto, device_config=cuda, structured_outputs_config=StructuredOutputsConfig(backend='auto', disable_any_whitespace=False, disable_additional_properties=False, reasoning_parser='', reasoning_parser_plugin='', enable_in_reasoning=False), observability_config=ObservabilityConfig(show_hidden_metrics_for_version=None, otlp_traces_endpoint=None, collect_detailed_traces=None, kv_cache_metrics=False, kv_cache_metrics_sample=0.01, cudagraph_metrics=False, enable_layerwise_nvtx_tracing=False, enable_mfu_metrics=False, enable_mm_processor_stats=False, enable_logging_iteration_details=False), seed=0, served_model_name=Qwen/Qwen2.5-32B-Instruct, enable_prefix_caching=True, enable_chunked_prefill=True, pooler_config=None, compilation_config={'mode': <CompilationMode.VLLM_COMPILE: 3>, 'debug_dump_path': None, 'cache_dir': '', 'compile_cache_save_format': 'binary', 'backend': 'inductor', 'custom_ops': ['none'], 'ir_enable_torch_wrap': True, 'splitting_ops': ['vllm::unified_attention_with_output', 'vllm::unified_mla_attention_with_output', 'vllm::mamba_mixer2', 'vllm::mamba_mixer', 'vllm::short_conv', 'vllm::linear_attention', 'vllm::plamo2_mamba_mixer', 'vllm::qwen_gdn_attention_core', 'vllm::gdn_attention_core_xpu', 'vllm::olmo_hybrid_gdn_full_forward', 'vllm::kda_attention', 'vllm::sparse_attn_indexer', 'vllm::rocm_aiter_sparse_attn_indexer', 'vllm::deepseek_v4_attention', 'vllm::unified_kv_cache_update', 'vllm::unified_mla_kv_cache_update'], 'compile_mm_encoder': False, 'cudagraph_mm_encoder': False, 'encoder_cudagraph_token_budgets': [], 'encoder_cudagraph_max_vision_items_per_batch': 0, 'encoder_cudagraph_max_frames_per_batch': None, 'compile_sizes': [], 'compile_ranges_endpoints': [51, 4096], 'inductor_compile_config': {'enable_auto_functionalized_v2': False, 'size_asserts': False, 'alignment_asserts': False, 'scalar_asserts': False, 'combo_kernels': True, 'benchmark_combo_kernel': True}, 'inductor_passes': {}, 'cudagraph_mode': <CUDAGraphMode.FULL_AND_PIECEWISE: (2, 1)>, 'cudagraph_num_of_warmups': 1, 'cudagraph_capture_sizes': [1, 2, 4, 8, 16, 24, 32, 40, 48, 56, 64, 72, 80, 88, 96, 104, 112, 120, 128, 136, 144, 152, 160, 168, 176, 184, 192, 200, 208, 216, 224, 232, 240, 248, 256, 272, 288, 304, 320, 336, 352, 368, 384, 400, 416, 432, 448, 464, 480, 496, 512], 'cudagraph_copy_inputs': False, 'cudagraph_specialize_lora': True, 'use_inductor_graph_partition': False, 'pass_config': {'fuse_norm_quant': False, 'fuse_act_quant': False, 'fuse_attn_quant': False, 'enable_sp': False, 'fuse_gemm_comms': False, 'fuse_allreduce_rms': True, 'fuse_rope_kvcache_cat_mla': False, 'fuse_act_padding': False}, 'max_cudagraph_capture_size': 512, 'dynamic_shapes_config': {'type': <DynamicShapesType.BACKED: 'backed'>, 'evaluate_guards': False, 'assume_32_bit_indexing': False}, 'local_cache_dir': None, 'fast_moe_cold_start': False, 'static_all_moe_layers': []}, kernel_config=KernelConfig(ir_op_priority=IrOpPriorityConfig(rms_norm=['native'], fused_add_rms_norm=['native']), enable_flashinfer_autotune=True, moe_backend='auto', linear_backend='auto')
(EngineCore pid=3181679) WARNING 07-08 10:55:34 [multiproc_executor.py:1029] Reducing Torch parallelism from 112 threads to 1 to avoid unnecessary CPU contention. Set OMP_NUM_THREADS in the external environment to tune this value as needed.
(EngineCore pid=3181679) INFO 07-08 10:55:34 [multiproc_executor.py:139] DP group leader: node_rank=0, node_rank_within_dp=0, master_addr=127.0.0.1, mq_connect_ip=10.52.48.194 (local), world_size=8, local_world_size=8
[E708 10:55:36.655201239 shim_common.cpp:1458] Exception in aoti_torch: Tried to register an operator (_C::persistent_masked_m_silu_mul_quant(Tensor input, Tensor counts, Tensor($0! -> ) y_q, Tensor($1! -> ) y_s, bool use_ue8m0) -> ()) with the same name and overload name multiple times. Each overload's schema should only be registered with a single call to def(). Duplicate registration: registered at /workspace/csrc/libtorch_stable/torch_bindings.cpp:10. Original registration: registered at /workspace/csrc/torch_bindings.cpp:21
Exception raised from registerDef at /pytorch/aten/src/ATen/core/dispatch/Dispatcher.cpp:248 (most recent call first):
frame #0: c10::Error::Error(c10::SourceLocation, std::__cxx11::basic_string<char, std::char_traits<char>, std::allocator<char> >) + 0x9d (0x7ffff6b7205d in /workspace/vllm/.venv/lib/python3.12/site-packages/torch/lib/libc10.so)
frame #1: c10::detail::torchCheckFail(char const*, char const*, unsigned int, std::__cxx11::basic_string<char, std::char_traits<char>, std::allocator<char> > const&) + 0xc3 (0x7ffff6b066fd in /workspace/vllm/.venv/lib/python3.12/site-packages/torch/lib/libc10.so)
frame #2: c10::Dispatcher::registerDef(c10::FunctionSchema, std::__cxx11::basic_string<char, std::char_traits<char>, std::allocator<char> >, std::vector<at::Tag, std::allocator<at::Tag> >) + 0x35e (0x7fff0e6811fe in /workspace/vllm/.venv/lib/python3.12/site-packages/torch/lib/libtorch_cpu.so)
frame #3: torch::Library::_def(c10::FunctionSchema&&, c10::OperatorName*, std::vector<at::Tag, std::allocator<at::Tag> > const&, torch::_RegisterOrVerify) & + 0x514 (0x7fff0e6c2254 in /workspace/vllm/.venv/lib/python3.12/site-packages/torch/lib/libtorch_cpu.so)
frame #4: aoti_torch_library_def + 0x99 (0x7fff128d45b9 in /workspace/vllm/.venv/lib/python3.12/site-packages/torch/lib/libtorch_cpu.so)
frame #5: <unknown function> + 0x2bdaf1 (0x7ffe8aebeaf1 in /workspace/vllm/vllm/_C_stable_libtorch.abi3.so)
frame #6: <unknown function> + 0x2bf0ce (0x7ffe8aec00ce in /workspace/vllm/vllm/_C_stable_libtorch.abi3.so)
frame #7: <unknown function> + 0x279d92 (0x7ffe8ae7ad92 in /workspace/vllm/vllm/_C_stable_libtorch.abi3.so)
frame #8: <unknown function> + 0x571f (0x7ffff7fca71f in /lib64/ld-linux-x86-64.so.2)
frame #9: <unknown function> + 0x5824 (0x7ffff7fca824 in /lib64/ld-linux-x86-64.so.2)
frame #10: _dl_catch_exception + 0x132 (0x7ffff7fc65b2 in /lib64/ld-linux-x86-64.so.2)
frame #11: <unknown function> + 0xcd7c (0x7ffff7fd1d7c in /lib64/ld-linux-x86-64.so.2)
frame #12: _dl_catch_exception + 0x9c (0x7ffff7fc651c in /lib64/ld-linux-x86-64.so.2)
frame #13: <unknown function> + 0xd164 (0x7ffff7fd2164 in /lib64/ld-linux-x86-64.so.2)
frame #14: <unknown function> + 0x981a4 (0x7ffff7d0c1a4 in /usr/lib/x86_64-linux-gnu/libc.so.6)
frame #15: _dl_catch_exception + 0x9c (0x7ffff7fc651c in /lib64/ld-linux-x86-64.so.2)
frame #16: <unknown function> + 0x1669 (0x7ffff7fc6669 in /lib64/ld-linux-x86-64.so.2)
frame #17: <unknown function> + 0x97c83 (0x7ffff7d0bc83 in /usr/lib/x86_64-linux-gnu/libc.so.6)
frame #18: dlopen + 0x6f (0x7ffff7d0c25f in /usr/lib/x86_64-linux-gnu/libc.so.6)
frame #19: /workspace/vllm/.venv/bin/python() [0x6bc36c]
frame #20: /workspace/vllm/.venv/bin/python() [0x6a946a]
frame #21: /workspace/vllm/.venv/bin/python() [0x6a8bf2]
frame #22: /workspace/vllm/.venv/bin/python() [0x581f37]
frame #23: _PyEval_EvalFrameDefault + 0x4c3a (0x5db0ba in /workspace/vllm/.venv/bin/python)
frame #24: /workspace/vllm/.venv/bin/python() [0x549d47]
frame #25: PyObject_CallMethodObjArgs + 0xe3 (0x54b5c3 in /workspace/vllm/.venv/bin/python)
frame #26: PyImport_ImportModuleLevelObject + 0x395 (0x5fd805 in /workspace/vllm/.venv/bin/python)
frame #27: _PyEval_EvalFrameDefault + 0x5eee (0x5dc36e in /workspace/vllm/.venv/bin/python)
frame #28: PyEval_EvalCode + 0x15b (0x5d543b in /workspace/vllm/.venv/bin/python)
frame #29: /workspace/vllm/.venv/bin/python() [0x5d322c]
frame #30: /workspace/vllm/.venv/bin/python() [0x581d1d]
frame #31: _PyEval_EvalFrameDefault + 0x4c3a (0x5db0ba in /workspace/vllm/.venv/bin/python)
frame #32: PyObject_CallOneArg + 0x4d (0x54a65d in /workspace/vllm/.venv/bin/python)
frame #33: /workspace/vllm/.venv/bin/python() [0x582e84]
frame #34: _PyObject_LookupAttr + 0x7a (0x584bea in /workspace/vllm/.venv/bin/python)
frame #35: /workspace/vllm/.venv/bin/python() [0x5d2b8a]
frame #36: _PyEval_EvalFrameDefault + 0x207d (0x5d84fd in /workspace/vllm/.venv/bin/python)
frame #37: /workspace/vllm/.venv/bin/python() [0x549d47]
frame #38: PyObject_CallMethodObjArgs + 0xe3 (0x54b5c3 in /workspace/vllm/.venv/bin/python)
frame #39: PyImport_ImportModuleLevelObject + 0x5eb (0x5fda5b in /workspace/vllm/.venv/bin/python)
frame #40: _PyEval_EvalFrameDefault + 0x5eee (0x5dc36e in /workspace/vllm/.venv/bin/python)
frame #41: PyEval_EvalCode + 0x15b (0x5d543b in /workspace/vllm/.venv/bin/python)
frame #42: /workspace/vllm/.venv/bin/python() [0x5d322c]
frame #43: /workspace/vllm/.venv/bin/python() [0x581d1d]
frame #44: _PyEval_EvalFrameDefault + 0x4c3a (0x5db0ba in /workspace/vllm/.venv/bin/python)
frame #45: /workspace/vllm/.venv/bin/python() [0x549d47]
frame #46: PyObject_CallMethodObjArgs + 0xe3 (0x54b5c3 in /workspace/vllm/.venv/bin/python)
frame #47: PyImport_ImportModuleLevelObject + 0x395 (0x5fd805 in /workspace/vllm/.venv/bin/python)
frame #48: _PyEval_EvalFrameDefault + 0x5eee (0x5dc36e in /workspace/vllm/.venv/bin/python)
frame #49: PyEval_EvalCode + 0x15b (0x5d543b in /workspace/vllm/.venv/bin/python)
frame #50: /workspace/vllm/.venv/bin/python() [0x5d322c]
frame #51: /workspace/vllm/.venv/bin/python() [0x581d1d]
frame #52: _PyEval_EvalFrameDefault + 0x4c3a (0x5db0ba in /workspace/vllm/.venv/bin/python)
frame #53: /workspace/vllm/.venv/bin/python() [0x549d47]
frame #54: PyObject_CallMethodObjArgs + 0xe3 (0x54b5c3 in /workspace/vllm/.venv/bin/python)
frame #55: PyImport_ImportModuleLevelObject + 0x395 (0x5fd805 in /workspace/vllm/.venv/bin/python)
frame #56: _PyEval_EvalFrameDefault + 0x5eee (0x5dc36e in /workspace/vllm/.venv/bin/python)
frame #57: PyEval_EvalCode + 0x15b (0x5d543b in /workspace/vllm/.venv/bin/python)
frame #58: /workspace/vllm/.venv/bin/python() [0x5d322c]
frame #59: /workspace/vllm/.venv/bin/python() [0x581d1d]
frame #60: _PyEval_EvalFrameDefault + 0x4c3a (0x5db0ba in /workspace/vllm/.venv/bin/python)
frame #61: /workspace/vllm/.venv/bin/python() [0x549d47]
frame #62: PyObject_CallMethodObjArgs + 0xe3 (0x54b5c3 in /workspace/vllm/.venv/bin/python)

[E708 10:55:36.657339182 shim_common.cpp:1458] Exception in aoti_torch: Tried to register an operator (_C::weak_ref_tensor(Tensor input) -> Tensor) with the same name and overload name multiple times. Each overload's schema should only be registered with a single call to def(). Duplicate registration: registered at /workspace/csrc/libtorch_stable/torch_bindings.cpp:10. Original registration: registered at /workspace/csrc/torch_bindings.cpp:21
Exception raised from registerDef at /pytorch/aten/src/ATen/core/dispatch/Dispatcher.cpp:248 (most recent call first):
frame #0: c10::Error::Error(c10::SourceLocation, std::__cxx11::basic_string<char, std::char_traits<char>, std::allocator<char> >) + 0x9d (0x7ffff6b7205d in /workspace/vllm/.venv/lib/python3.12/site-packages/torch/lib/libc10.so)
frame #1: c10::detail::torchCheckFail(char const*, char const*, unsigned int, std::__cxx11::basic_string<char, std::char_traits<char>, std::allocator<char> > const&) + 0xc3 (0x7ffff6b066fd in /workspace/vllm/.venv/lib/python3.12/site-packages/torch/lib/libc10.so)
frame #2: c10::Dispatcher::registerDef(c10::FunctionSchema, std::__cxx11::basic_string<char, std::char_traits<char>, std::allocator<char> >, std::vector<at::Tag, std::allocator<at::Tag> >) + 0x35e (0x7fff0e6811fe in /workspace/vllm/.venv/lib/python3.12/site-packages/torch/lib/libtorch_cpu.so)
frame #3: torch::Library::_def(c10::FunctionSchema&&, c10::OperatorName*, std::vector<at::Tag, std::allocator<at::Tag> > const&, torch::_RegisterOrVerify) & + 0x514 (0x7fff0e6c2254 in /workspace/vllm/.venv/lib/python3.12/site-packages/torch/lib/libtorch_cpu.so)
frame #4: aoti_torch_library_def + 0x99 (0x7fff128d45b9 in /workspace/vllm/.venv/lib/python3.12/site-packages/torch/lib/libtorch_cpu.so)
frame #5: <unknown function> + 0x2bdb00 (0x7ffe8aebeb00 in /workspace/vllm/vllm/_C_stable_libtorch.abi3.so)
frame #6: <unknown function> + 0x2bf0ce (0x7ffe8aec00ce in /workspace/vllm/vllm/_C_stable_libtorch.abi3.so)
frame #7: <unknown function> + 0x279d92 (0x7ffe8ae7ad92 in /workspace/vllm/vllm/_C_stable_libtorch.abi3.so)
frame #8: <unknown function> + 0x571f (0x7ffff7fca71f in /lib64/ld-linux-x86-64.so.2)
frame #9: <unknown function> + 0x5824 (0x7ffff7fca824 in /lib64/ld-linux-x86-64.so.2)
frame #10: _dl_catch_exception + 0x132 (0x7ffff7fc65b2 in /lib64/ld-linux-x86-64.so.2)
frame #11: <unknown function> + 0xcd7c (0x7ffff7fd1d7c in /lib64/ld-linux-x86-64.so.2)
frame #12: _dl_catch_exception + 0x9c (0x7ffff7fc651c in /lib64/ld-linux-x86-64.so.2)
frame #13: <unknown function> + 0xd164 (0x7ffff7fd2164 in /lib64/ld-linux-x86-64.so.2)
frame #14: <unknown function> + 0x981a4 (0x7ffff7d0c1a4 in /usr/lib/x86_64-linux-gnu/libc.so.6)
frame #15: _dl_catch_exception + 0x9c (0x7ffff7fc651c in /lib64/ld-linux-x86-64.so.2)
frame #16: <unknown function> + 0x1669 (0x7ffff7fc6669 in /lib64/ld-linux-x86-64.so.2)
frame #17: <unknown function> + 0x97c83 (0x7ffff7d0bc83 in /usr/lib/x86_64-linux-gnu/libc.so.6)
frame #18: dlopen + 0x6f (0x7ffff7d0c25f in /usr/lib/x86_64-linux-gnu/libc.so.6)
frame #19: /workspace/vllm/.venv/bin/python() [0x6bc36c]
frame #20: /workspace/vllm/.venv/bin/python() [0x6a946a]
frame #21: /workspace/vllm/.venv/bin/python() [0x6a8bf2]
frame #22: /workspace/vllm/.venv/bin/python() [0x581f37]
frame #23: _PyEval_EvalFrameDefault + 0x4c3a (0x5db0ba in /workspace/vllm/.venv/bin/python)
frame #24: /workspace/vllm/.venv/bin/python() [0x549d47]
frame #25: PyObject_CallMethodObjArgs + 0xe3 (0x54b5c3 in /workspace/vllm/.venv/bin/python)
frame #26: PyImport_ImportModuleLevelObject + 0x395 (0x5fd805 in /workspace/vllm/.venv/bin/python)
frame #27: _PyEval_EvalFrameDefault + 0x5eee (0x5dc36e in /workspace/vllm/.venv/bin/python)
frame #28: PyEval_EvalCode + 0x15b (0x5d543b in /workspace/vllm/.venv/bin/python)
frame #29: /workspace/vllm/.venv/bin/python() [0x5d322c]
frame #30: /workspace/vllm/.venv/bin/python() [0x581d1d]
frame #31: _PyEval_EvalFrameDefault + 0x4c3a (0x5db0ba in /workspace/vllm/.venv/bin/python)
frame #32: PyObject_CallOneArg + 0x4d (0x54a65d in /workspace/vllm/.venv/bin/python)
frame #33: /workspace/vllm/.venv/bin/python() [0x582e84]
frame #34: _PyObject_LookupAttr + 0x7a (0x584bea in /workspace/vllm/.venv/bin/python)
frame #35: /workspace/vllm/.venv/bin/python() [0x5d2b8a]
frame #36: _PyEval_EvalFrameDefault + 0x207d (0x5d84fd in /workspace/vllm/.venv/bin/python)
frame #37: /workspace/vllm/.venv/bin/python() [0x549d47]
frame #38: PyObject_CallMethodObjArgs + 0xe3 (0x54b5c3 in /workspace/vllm/.venv/bin/python)
frame #39: PyImport_ImportModuleLevelObject + 0x5eb (0x5fda5b in /workspace/vllm/.venv/bin/python)
frame #40: _PyEval_EvalFrameDefault + 0x5eee (0x5dc36e in /workspace/vllm/.venv/bin/python)
frame #41: PyEval_EvalCode + 0x15b (0x5d543b in /workspace/vllm/.venv/bin/python)
frame #42: /workspace/vllm/.venv/bin/python() [0x5d322c]
frame #43: /workspace/vllm/.venv/bin/python() [0x581d1d]
frame #44: _PyEval_EvalFrameDefault + 0x4c3a (0x5db0ba in /workspace/vllm/.venv/bin/python)
frame #45: /workspace/vllm/.venv/bin/python() [0x549d47]
frame #46: PyObject_CallMethodObjArgs + 0xe3 (0x54b5c3 in /workspace/vllm/.venv/bin/python)
frame #47: PyImport_ImportModuleLevelObject + 0x395 (0x5fd805 in /workspace/vllm/.venv/bin/python)
frame #48: _PyEval_EvalFrameDefault + 0x5eee (0x5dc36e in /workspace/vllm/.venv/bin/python)
frame #49: PyEval_EvalCode + 0x15b (0x5d543b in /workspace/vllm/.venv/bin/python)
frame #50: /workspace/vllm/.venv/bin/python() [0x5d322c]
frame #51: /workspace/vllm/.venv/bin/python() [0x581d1d]
frame #52: _PyEval_EvalFrameDefault + 0x4c3a (0x5db0ba in /workspace/vllm/.venv/bin/python)
frame #53: /workspace/vllm/.venv/bin/python() [0x549d47]
frame #54: PyObject_CallMethodObjArgs + 0xe3 (0x54b5c3 in /workspace/vllm/.venv/bin/python)
frame #55: PyImport_ImportModuleLevelObject + 0x395 (0x5fd805 in /workspace/vllm/.venv/bin/python)
frame #56: _PyEval_EvalFrameDefault + 0x5eee (0x5dc36e in /workspace/vllm/.venv/bin/python)
frame #57: PyEval_EvalCode + 0x15b (0x5d543b in /workspace/vllm/.venv/bin/python)
frame #58: /workspace/vllm/.venv/bin/python() [0x5d322c]
frame #59: /workspace/vllm/.venv/bin/python() [0x581d1d]
frame #60: _PyEval_EvalFrameDefault + 0x4c3a (0x5db0ba in /workspace/vllm/.venv/bin/python)
frame #61: /workspace/vllm/.venv/bin/python() [0x549d47]
frame #62: PyObject_CallMethodObjArgs + 0xe3 (0x54b5c3 in /workspace/vllm/.venv/bin/python)

[E708 10:55:36.659297207 shim_common.cpp:1458] Exception in aoti_torch: Tried to register an operator (_C::silu_and_mul_quant(Tensor($0! -> ) result, Tensor input, Tensor scale) -> ()) with the same name and overload name multiple times. Each overload's schema should only be registered with a single call to def(). Duplicate registration: registered at /workspace/csrc/libtorch_stable/torch_bindings.cpp:10. Original registration: registered at /workspace/csrc/torch_bindings.cpp:21
Exception raised from registerDef at /pytorch/aten/src/ATen/core/dispatch/Dispatcher.cpp:248 (most recent call first):
frame #0: c10::Error::Error(c10::SourceLocation, std::__cxx11::basic_string<char, std::char_traits<char>, std::allocator<char> >) + 0x9d (0x7ffff6b7205d in /workspace/vllm/.venv/lib/python3.12/site-packages/torch/lib/libc10.so)
frame #1: c10::detail::torchCheckFail(char const*, char const*, unsigned int, std::__cxx11::basic_string<char, std::char_traits<char>, std::allocator<char> > const&) + 0xc3 (0x7ffff6b066fd in /workspace/vllm/.venv/lib/python3.12/site-packages/torch/lib/libc10.so)
frame #2: c10::Dispatcher::registerDef(c10::FunctionSchema, std::__cxx11::basic_string<char, std::char_traits<char>, std::allocator<char> >, std::vector<at::Tag, std::allocator<at::Tag> >) + 0x35e (0x7fff0e6811fe in /workspace/vllm/.venv/lib/python3.12/site-packages/torch/lib/libtorch_cpu.so)
frame #3: torch::Library::_def(c10::FunctionSchema&&, c10::OperatorName*, std::vector<at::Tag, std::allocator<at::Tag> > const&, torch::_RegisterOrVerify) & + 0x514 (0x7fff0e6c2254 in /workspace/vllm/.venv/lib/python3.12/site-packages/torch/lib/libtorch_cpu.so)
frame #4: aoti_torch_library_def + 0x99 (0x7fff128d45b9 in /workspace/vllm/.venv/lib/python3.12/site-packages/torch/lib/libtorch_cpu.so)
frame #5: <unknown function> + 0x2bdb3c (0x7ffe8aebeb3c in /workspace/vllm/vllm/_C_stable_libtorch.abi3.so)
frame #6: <unknown function> + 0x2bf0ce (0x7ffe8aec00ce in /workspace/vllm/vllm/_C_stable_libtorch.abi3.so)
frame #7: <unknown function> + 0x279d92 (0x7ffe8ae7ad92 in /workspace/vllm/vllm/_C_stable_libtorch.abi3.so)
frame #8: <unknown function> + 0x571f (0x7ffff7fca71f in /lib64/ld-linux-x86-64.so.2)
frame #9: <unknown function> + 0x5824 (0x7ffff7fca824 in /lib64/ld-linux-x86-64.so.2)
frame #10: _dl_catch_exception + 0x132 (0x7ffff7fc65b2 in /lib64/ld-linux-x86-64.so.2)
frame #11: <unknown function> + 0xcd7c (0x7ffff7fd1d7c in /lib64/ld-linux-x86-64.so.2)
frame #12: _dl_catch_exception + 0x9c (0x7ffff7fc651c in /lib64/ld-linux-x86-64.so.2)
frame #13: <unknown function> + 0xd164 (0x7ffff7fd2164 in /lib64/ld-linux-x86-64.so.2)
frame #14: <unknown function> + 0x981a4 (0x7ffff7d0c1a4 in /usr/lib/x86_64-linux-gnu/libc.so.6)
frame #15: _dl_catch_exception + 0x9c (0x7ffff7fc651c in /lib64/ld-linux-x86-64.so.2)
frame #16: <unknown function> + 0x1669 (0x7ffff7fc6669 in /lib64/ld-linux-x86-64.so.2)
frame #17: <unknown function> + 0x97c83 (0x7ffff7d0bc83 in /usr/lib/x86_64-linux-gnu/libc.so.6)
frame #18: dlopen + 0x6f (0x7ffff7d0c25f in /usr/lib/x86_64-linux-gnu/libc.so.6)
frame #19: /workspace/vllm/.venv/bin/python() [0x6bc36c]
frame #20: /workspace/vllm/.venv/bin/python() [0x6a946a]
frame #21: /workspace/vllm/.venv/bin/python() [0x6a8bf2]
frame #22: /workspace/vllm/.venv/bin/python() [0x581f37]
frame #23: _PyEval_EvalFrameDefault + 0x4c3a (0x5db0ba in /workspace/vllm/.venv/bin/python)
frame #24: /workspace/vllm/.venv/bin/python() [0x549d47]
frame #25: PyObject_CallMethodObjArgs + 0xe3 (0x54b5c3 in /workspace/vllm/.venv/bin/python)
frame #26: PyImport_ImportModuleLevelObject + 0x395 (0x5fd805 in /workspace/vllm/.venv/bin/python)
frame #27: _PyEval_EvalFrameDefault + 0x5eee (0x5dc36e in /workspace/vllm/.venv/bin/python)
frame #28: PyEval_EvalCode + 0x15b (0x5d543b in /workspace/vllm/.venv/bin/python)
frame #29: /workspace/vllm/.venv/bin/python() [0x5d322c]
frame #30: /workspace/vllm/.venv/bin/python() [0x581d1d]
frame #31: _PyEval_EvalFrameDefault + 0x4c3a (0x5db0ba in /workspace/vllm/.venv/bin/python)
frame #32: PyObject_CallOneArg + 0x4d (0x54a65d in /workspace/vllm/.venv/bin/python)
frame #33: /workspace/vllm/.venv/bin/python() [0x582e84]
frame #34: _PyObject_LookupAttr + 0x7a (0x584bea in /workspace/vllm/.venv/bin/python)
frame #35: /workspace/vllm/.venv/bin/python() [0x5d2b8a]
frame #36: _PyEval_EvalFrameDefault + 0x207d (0x5d84fd in /workspace/vllm/.venv/bin/python)
frame #37: /workspace/vllm/.venv/bin/python() [0x549d47]
frame #38: PyObject_CallMethodObjArgs + 0xe3 (0x54b5c3 in /workspace/vllm/.venv/bin/python)
frame #39: PyImport_ImportModuleLevelObject + 0x5eb (0x5fda5b in /workspace/vllm/.venv/bin/python)
frame #40: _PyEval_EvalFrameDefault + 0x5eee (0x5dc36e in /workspace/vllm/.venv/bin/python)
frame #41: PyEval_EvalCode + 0x15b (0x5d543b in /workspace/vllm/.venv/bin/python)
frame #42: /workspace/vllm/.venv/bin/python() [0x5d322c]
frame #43: /workspace/vllm/.venv/bin/python() [0x581d1d]
frame #44: _PyEval_EvalFrameDefault + 0x4c3a (0x5db0ba in /workspace/vllm/.venv/bin/python)
frame #45: /workspace/vllm/.venv/bin/python() [0x549d47]
frame #46: PyObject_CallMethodObjArgs + 0xe3 (0x54b5c3 in /workspace/vllm/.venv/bin/python)
frame #47: PyImport_ImportModuleLevelObject + 0x395 (0x5fd805 in /workspace/vllm/.venv/bin/python)
frame #48: _PyEval_EvalFrameDefault + 0x5eee (0x5dc36e in /workspace/vllm/.venv/bin/python)
frame #49: PyEval_EvalCode + 0x15b (0x5d543b in /workspace/vllm/.venv/bin/python)
frame #50: /workspace/vllm/.venv/bin/python() [0x5d322c]
frame #51: /workspace/vllm/.venv/bin/python() [0x581d1d]
frame #52: _PyEval_EvalFrameDefault + 0x4c3a (0x5db0ba in /workspace/vllm/.venv/bin/python)
frame #53: /workspace/vllm/.venv/bin/python() [0x549d47]
frame #54: PyObject_CallMethodObjArgs + 0xe3 (0x54b5c3 in /workspace/vllm/.venv/bin/python)
frame #55: PyImport_ImportModuleLevelObject + 0x395 (0x5fd805 in /workspace/vllm/.venv/bin/python)
frame #56: _PyEval_EvalFrameDefault + 0x5eee (0x5dc36e in /workspace/vllm/.venv/bin/python)
frame #57: PyEval_EvalCode + 0x15b (0x5d543b in /workspace/vllm/.venv/bin/python)
frame #58: /workspace/vllm/.venv/bin/python() [0x5d322c]
frame #59: /workspace/vllm/.venv/bin/python() [0x581d1d]
frame #60: _PyEval_EvalFrameDefault + 0x4c3a (0x5db0ba in /workspace/vllm/.venv/bin/python)
frame #61: /workspace/vllm/.venv/bin/python() [0x549d47]
frame #62: PyObject_CallMethodObjArgs + 0xe3 (0x54b5c3 in /workspace/vllm/.venv/bin/python)

[W708 10:55:36.661479653 OperatorEntry.cpp:208] Warning: Warning only once for all operators,  other operators may also be overridden.
  Overriding a previously registered kernel for the same operator and the same dispatch key
  operator: _C::persistent_masked_m_silu_mul_quant(Tensor input, Tensor counts, Tensor($0! -> ) y_q, Tensor($1! -> ) y_s, bool use_ue8m0) -> ()
    registered at /workspace/csrc/torch_bindings.cpp:21
  dispatch key: CUDA
  previous kernel: registered at /workspace/csrc/torch_bindings.cpp:21
       new kernel: registered at /workspace/csrc/libtorch_stable/torch_bindings.cpp:603 (function operator())
[E708 10:55:37.325013096 shim_common.cpp:1458] Exception in aoti_torch: Tried to register an operator (_C::persistent_masked_m_silu_mul_quant(Tensor input, Tensor counts, Tensor($0! -> ) y_q, Tensor($1! -> ) y_s, bool use_ue8m0) -> ()) with the same name and overload name multiple times. Each overload's schema should only be registered with a single call to def(). Duplicate registration: registered at /workspace/csrc/libtorch_stable/torch_bindings.cpp:10. Original registration: registered at /workspace/csrc/torch_bindings.cpp:21
Exception raised from registerDef at /pytorch/aten/src/ATen/core/dispatch/Dispatcher.cpp:248 (most recent call first):
frame #0: c10::Error::Error(c10::SourceLocation, std::__cxx11::basic_string<char, std::char_traits<char>, std::allocator<char> >) + 0x9d (0x7ffff6b7205d in /workspace/vllm/.venv/lib/python3.12/site-packages/torch/lib/libc10.so)
frame #1: c10::detail::torchCheckFail(char const*, char const*, unsigned int, std::__cxx11::basic_string<char, std::char_traits<char>, std::allocator<char> > const&) + 0xc3 (0x7ffff6b066fd in /workspace/vllm/.venv/lib/python3.12/site-packages/torch/lib/libc10.so)
frame #2: c10::Dispatcher::registerDef(c10::FunctionSchema, std::__cxx11::basic_string<char, std::char_traits<char>, std::allocator<char> >, std::vector<at::Tag, std::allocator<at::Tag> >) + 0x35e (0x7fff0e6811fe in /workspace/vllm/.venv/lib/python3.12/site-packages/torch/lib/libtorch_cpu.so)
frame #3: torch::Library::_def(c10::FunctionSchema&&, c10::OperatorName*, std::vector<at::Tag, std::allocator<at::Tag> > const&, torch::_RegisterOrVerify) & + 0x514 (0x7fff0e6c2254 in /workspace/vllm/.venv/lib/python3.12/site-packages/torch/lib/libtorch_cpu.so)
frame #4: aoti_torch_library_def + 0x99 (0x7fff128d45b9 in /workspace/vllm/.venv/lib/python3.12/site-packages/torch/lib/libtorch_cpu.so)
frame #5: <unknown function> + 0x2bdaf1 (0x7ffe8aebeaf1 in /workspace/vllm/vllm/_C_stable_libtorch.abi3.so)
frame #6: <unknown function> + 0x2bf0ce (0x7ffe8aec00ce in /workspace/vllm/vllm/_C_stable_libtorch.abi3.so)
frame #7: <unknown function> + 0x279d92 (0x7ffe8ae7ad92 in /workspace/vllm/vllm/_C_stable_libtorch.abi3.so)
frame #8: <unknown function> + 0x571f (0x7ffff7fca71f in /lib64/ld-linux-x86-64.so.2)
frame #9: <unknown function> + 0x5824 (0x7ffff7fca824 in /lib64/ld-linux-x86-64.so.2)
frame #10: _dl_catch_exception + 0x132 (0x7ffff7fc65b2 in /lib64/ld-linux-x86-64.so.2)
frame #11: <unknown function> + 0xcd7c (0x7ffff7fd1d7c in /lib64/ld-linux-x86-64.so.2)
frame #12: _dl_catch_exception + 0x9c (0x7ffff7fc651c in /lib64/ld-linux-x86-64.so.2)
frame #13: <unknown function> + 0xd164 (0x7ffff7fd2164 in /lib64/ld-linux-x86-64.so.2)
frame #14: <unknown function> + 0x981a4 (0x7ffff7d0c1a4 in /usr/lib/x86_64-linux-gnu/libc.so.6)
frame #15: _dl_catch_exception + 0x9c (0x7ffff7fc651c in /lib64/ld-linux-x86-64.so.2)
frame #16: <unknown function> + 0x1669 (0x7ffff7fc6669 in /lib64/ld-linux-x86-64.so.2)
frame #17: <unknown function> + 0x97c83 (0x7ffff7d0bc83 in /usr/lib/x86_64-linux-gnu/libc.so.6)
frame #18: dlopen + 0x6f (0x7ffff7d0c25f in /usr/lib/x86_64-linux-gnu/libc.so.6)
frame #19: /workspace/vllm/.venv/bin/python() [0x6bc36c]
frame #20: /workspace/vllm/.venv/bin/python() [0x6a946a]
frame #21: /workspace/vllm/.venv/bin/python() [0x6a8bf2]
frame #22: /workspace/vllm/.venv/bin/python() [0x581f37]
frame #23: _PyEval_EvalFrameDefault + 0x4c3a (0x5db0ba in /workspace/vllm/.venv/bin/python)
frame #24: /workspace/vllm/.venv/bin/python() [0x549d47]
frame #25: PyObject_CallMethodObjArgs + 0xe3 (0x54b5c3 in /workspace/vllm/.venv/bin/python)
frame #26: PyImport_ImportModuleLevelObject + 0x395 (0x5fd805 in /workspace/vllm/.venv/bin/python)
frame #27: _PyEval_EvalFrameDefault + 0x5eee (0x5dc36e in /workspace/vllm/.venv/bin/python)
frame #28: PyEval_EvalCode + 0x15b (0x5d543b in /workspace/vllm/.venv/bin/python)
frame #29: /workspace/vllm/.venv/bin/python() [0x5d322c]
frame #30: /workspace/vllm/.venv/bin/python() [0x581d1d]
frame #31: _PyEval_EvalFrameDefault + 0x4c3a (0x5db0ba in /workspace/vllm/.venv/bin/python)
frame #32: PyObject_CallOneArg + 0x4d (0x54a65d in /workspace/vllm/.venv/bin/python)
frame #33: /workspace/vllm/.venv/bin/python() [0x582e84]
frame #34: _PyObject_LookupAttr + 0x7a (0x584bea in /workspace/vllm/.venv/bin/python)
frame #35: /workspace/vllm/.venv/bin/python() [0x5d2b8a]
frame #36: _PyEval_EvalFrameDefault + 0x207d (0x5d84fd in /workspace/vllm/.venv/bin/python)
frame #37: /workspace/vllm/.venv/bin/python() [0x549d47]
frame #38: PyObject_CallMethodObjArgs + 0xe3 (0x54b5c3 in /workspace/vllm/.venv/bin/python)
frame #39: PyImport_ImportModuleLevelObject + 0x5eb (0x5fda5b in /workspace/vllm/.venv/bin/python)
frame #40: _PyEval_EvalFrameDefault + 0x5eee (0x5dc36e in /workspace/vllm/.venv/bin/python)
frame #41: PyEval_EvalCode + 0x15b (0x5d543b in /workspace/vllm/.venv/bin/python)
frame #42: /workspace/vllm/.venv/bin/python() [0x5d322c]
frame #43: /workspace/vllm/.venv/bin/python() [0x581d1d]
frame #44: _PyEval_EvalFrameDefault + 0x4c3a (0x5db0ba in /workspace/vllm/.venv/bin/python)
frame #45: /workspace/vllm/.venv/bin/python() [0x549d47]
frame #46: PyObject_CallMethodObjArgs + 0xe3 (0x54b5c3 in /workspace/vllm/.venv/bin/python)
frame #47: PyImport_ImportModuleLevelObject + 0x395 (0x5fd805 in /workspace/vllm/.venv/bin/python)
frame #48: _PyEval_EvalFrameDefault + 0x5eee (0x5dc36e in /workspace/vllm/.venv/bin/python)
frame #49: PyEval_EvalCode + 0x15b (0x5d543b in /workspace/vllm/.venv/bin/python)
frame #50: /workspace/vllm/.venv/bin/python() [0x5d322c]
frame #51: /workspace/vllm/.venv/bin/python() [0x581d1d]
frame #52: _PyEval_EvalFrameDefault + 0x4c3a (0x5db0ba in /workspace/vllm/.venv/bin/python)
frame #53: /workspace/vllm/.venv/bin/python() [0x549d47]
frame #54: PyObject_CallMethodObjArgs + 0xe3 (0x54b5c3 in /workspace/vllm/.venv/bin/python)
frame #55: PyImport_ImportModuleLevelObject + 0x395 (0x5fd805 in /workspace/vllm/.venv/bin/python)
frame #56: _PyEval_EvalFrameDefault + 0x5eee (0x5dc36e in /workspace/vllm/.venv/bin/python)
frame #57: PyEval_EvalCode + 0x15b (0x5d543b in /workspace/vllm/.venv/bin/python)
frame #58: /workspace/vllm/.venv/bin/python() [0x5d322c]
frame #59: /workspace/vllm/.venv/bin/python() [0x581d1d]
frame #60: _PyEval_EvalFrameDefault + 0x4c3a (0x5db0ba in /workspace/vllm/.venv/bin/python)
frame #61: /workspace/vllm/.venv/bin/python() [0x549d47]
frame #62: PyObject_CallMethodObjArgs + 0xe3 (0x54b5c3 in /workspace/vllm/.venv/bin/python)

[E708 10:55:37.327077828 shim_common.cpp:1458] Exception in aoti_torch: Tried to register an operator (_C::weak_ref_tensor(Tensor input) -> Tensor) with the same name and overload name multiple times. Each overload's schema should only be registered with a single call to def(). Duplicate registration: registered at /workspace/csrc/libtorch_stable/torch_bindings.cpp:10. Original registration: registered at /workspace/csrc/torch_bindings.cpp:21
Exception raised from registerDef at /pytorch/aten/src/ATen/core/dispatch/Dispatcher.cpp:248 (most recent call first):
frame #0: c10::Error::Error(c10::SourceLocation, std::__cxx11::basic_string<char, std::char_traits<char>, std::allocator<char> >) + 0x9d (0x7ffff6b7205d in /workspace/vllm/.venv/lib/python3.12/site-packages/torch/lib/libc10.so)
frame #1: c10::detail::torchCheckFail(char const*, char const*, unsigned int, std::__cxx11::basic_string<char, std::char_traits<char>, std::allocator<char> > const&) + 0xc3 (0x7ffff6b066fd in /workspace/vllm/.venv/lib/python3.12/site-packages/torch/lib/libc10.so)
frame #2: c10::Dispatcher::registerDef(c10::FunctionSchema, std::__cxx11::basic_string<char, std::char_traits<char>, std::allocator<char> >, std::vector<at::Tag, std::allocator<at::Tag> >) + 0x35e (0x7fff0e6811fe in /workspace/vllm/.venv/lib/python3.12/site-packages/torch/lib/libtorch_cpu.so)
frame #3: torch::Library::_def(c10::FunctionSchema&&, c10::OperatorName*, std::vector<at::Tag, std::allocator<at::Tag> > const&, torch::_RegisterOrVerify) & + 0x514 (0x7fff0e6c2254 in /workspace/vllm/.venv/lib/python3.12/site-packages/torch/lib/libtorch_cpu.so)
frame #4: aoti_torch_library_def + 0x99 (0x7fff128d45b9 in /workspace/vllm/.venv/lib/python3.12/site-packages/torch/lib/libtorch_cpu.so)
frame #5: <unknown function> + 0x2bdb00 (0x7ffe8aebeb00 in /workspace/vllm/vllm/_C_stable_libtorch.abi3.so)
frame #6: <unknown function> + 0x2bf0ce (0x7ffe8aec00ce in /workspace/vllm/vllm/_C_stable_libtorch.abi3.so)
frame #7: <unknown function> + 0x279d92 (0x7ffe8ae7ad92 in /workspace/vllm/vllm/_C_stable_libtorch.abi3.so)
frame #8: <unknown function> + 0x571f (0x7ffff7fca71f in /lib64/ld-linux-x86-64.so.2)
frame #9: <unknown function> + 0x5824 (0x7ffff7fca824 in /lib64/ld-linux-x86-64.so.2)
frame #10: _dl_catch_exception + 0x132 (0x7ffff7fc65b2 in /lib64/ld-linux-x86-64.so.2)
frame #11: <unknown function> + 0xcd7c (0x7ffff7fd1d7c in /lib64/ld-linux-x86-64.so.2)
frame #12: _dl_catch_exception + 0x9c (0x7ffff7fc651c in /lib64/ld-linux-x86-64.so.2)
frame #13: <unknown function> + 0xd164 (0x7ffff7fd2164 in /lib64/ld-linux-x86-64.so.2)
frame #14: <unknown function> + 0x981a4 (0x7ffff7d0c1a4 in /usr/lib/x86_64-linux-gnu/libc.so.6)
frame #15: _dl_catch_exception + 0x9c (0x7ffff7fc651c in /lib64/ld-linux-x86-64.so.2)
frame #16: <unknown function> + 0x1669 (0x7ffff7fc6669 in /lib64/ld-linux-x86-64.so.2)
frame #17: <unknown function> + 0x97c83 (0x7ffff7d0bc83 in /usr/lib/x86_64-linux-gnu/libc.so.6)
frame #18: dlopen + 0x6f (0x7ffff7d0c25f in /usr/lib/x86_64-linux-gnu/libc.so.6)
frame #19: /workspace/vllm/.venv/bin/python() [0x6bc36c]
frame #20: /workspace/vllm/.venv/bin/python() [0x6a946a]
frame #21: /workspace/vllm/.venv/bin/python() [0x6a8bf2]
frame #22: /workspace/vllm/.venv/bin/python() [0x581f37]
frame #23: _PyEval_EvalFrameDefault + 0x4c3a (0x5db0ba in /workspace/vllm/.venv/bin/python)
frame #24: /workspace/vllm/.venv/bin/python() [0x549d47]
frame #25: PyObject_CallMethodObjArgs + 0xe3 (0x54b5c3 in /workspace/vllm/.venv/bin/python)
frame #26: PyImport_ImportModuleLevelObject + 0x395 (0x5fd805 in /workspace/vllm/.venv/bin/python)
frame #27: _PyEval_EvalFrameDefault + 0x5eee (0x5dc36e in /workspace/vllm/.venv/bin/python)
frame #28: PyEval_EvalCode + 0x15b (0x5d543b in /workspace/vllm/.venv/bin/python)
frame #29: /workspace/vllm/.venv/bin/python() [0x5d322c]
frame #30: /workspace/vllm/.venv/bin/python() [0x581d1d]
frame #31: _PyEval_EvalFrameDefault + 0x4c3a (0x5db0ba in /workspace/vllm/.venv/bin/python)
frame #32: PyObject_CallOneArg + 0x4d (0x54a65d in /workspace/vllm/.venv/bin/python)
frame #33: /workspace/vllm/.venv/bin/python() [0x582e84]
frame #34: _PyObject_LookupAttr + 0x7a (0x584bea in /workspace/vllm/.venv/bin/python)
frame #35: /workspace/vllm/.venv/bin/python() [0x5d2b8a]
frame #36: _PyEval_EvalFrameDefault + 0x207d (0x5d84fd in /workspace/vllm/.venv/bin/python)
frame #37: /workspace/vllm/.venv/bin/python() [0x549d47]
frame #38: PyObject_CallMethodObjArgs + 0xe3 (0x54b5c3 in /workspace/vllm/.venv/bin/python)
frame #39: PyImport_ImportModuleLevelObject + 0x5eb (0x5fda5b in /workspace/vllm/.venv/bin/python)
frame #40: _PyEval_EvalFrameDefault + 0x5eee (0x5dc36e in /workspace/vllm/.venv/bin/python)
frame #41: PyEval_EvalCode + 0x15b (0x5d543b in /workspace/vllm/.venv/bin/python)
frame #42: /workspace/vllm/.venv/bin/python() [0x5d322c]
frame #43: /workspace/vllm/.venv/bin/python() [0x581d1d]
frame #44: _PyEval_EvalFrameDefault + 0x4c3a (0x5db0ba in /workspace/vllm/.venv/bin/python)
frame #45: /workspace/vllm/.venv/bin/python() [0x549d47]
frame #46: PyObject_CallMethodObjArgs + 0xe3 (0x54b5c3 in /workspace/vllm/.venv/bin/python)
frame #47: PyImport_ImportModuleLevelObject + 0x395 (0x5fd805 in /workspace/vllm/.venv/bin/python)
frame #48: _PyEval_EvalFrameDefault + 0x5eee (0x5dc36e in /workspace/vllm/.venv/bin/python)
frame #49: PyEval_EvalCode + 0x15b (0x5d543b in /workspace/vllm/.venv/bin/python)
frame #50: /workspace/vllm/.venv/bin/python() [0x5d322c]
frame #51: /workspace/vllm/.venv/bin/python() [0x581d1d]
frame #52: _PyEval_EvalFrameDefault + 0x4c3a (0x5db0ba in /workspace/vllm/.venv/bin/python)
frame #53: /workspace/vllm/.venv/bin/python() [0x549d47]
frame #54: PyObject_CallMethodObjArgs + 0xe3 (0x54b5c3 in /workspace/vllm/.venv/bin/python)
frame #55: PyImport_ImportModuleLevelObject + 0x395 (0x5fd805 in /workspace/vllm/.venv/bin/python)
frame #56: _PyEval_EvalFrameDefault + 0x5eee (0x5dc36e in /workspace/vllm/.venv/bin/python)
frame #57: PyEval_EvalCode + 0x15b (0x5d543b in /workspace/vllm/.venv/bin/python)
frame #58: /workspace/vllm/.venv/bin/python() [0x5d322c]
frame #59: /workspace/vllm/.venv/bin/python() [0x581d1d]
frame #60: _PyEval_EvalFrameDefault + 0x4c3a (0x5db0ba in /workspace/vllm/.venv/bin/python)
frame #61: /workspace/vllm/.venv/bin/python() [0x549d47]
frame #62: PyObject_CallMethodObjArgs + 0xe3 (0x54b5c3 in /workspace/vllm/.venv/bin/python)

[E708 10:55:37.329077071 shim_common.cpp:1458] Exception in aoti_torch: Tried to register an operator (_C::silu_and_mul_quant(Tensor($0! -> ) result, Tensor input, Tensor scale) -> ()) with the same name and overload name multiple times. Each overload's schema should only be registered with a single call to def(). Duplicate registration: registered at /workspace/csrc/libtorch_stable/torch_bindings.cpp:10. Original registration: registered at /workspace/csrc/torch_bindings.cpp:21
Exception raised from registerDef at /pytorch/aten/src/ATen/core/dispatch/Dispatcher.cpp:248 (most recent call first):
frame #0: c10::Error::Error(c10::SourceLocation, std::__cxx11::basic_string<char, std::char_traits<char>, std::allocator<char> >) + 0x9d (0x7ffff6b7205d in /workspace/vllm/.venv/lib/python3.12/site-packages/torch/lib/libc10.so)
frame #1: c10::detail::torchCheckFail(char const*, char const*, unsigned int, std::__cxx11::basic_string<char, std::char_traits<char>, std::allocator<char> > const&) + 0xc3 (0x7ffff6b066fd in /workspace/vllm/.venv/lib/python3.12/site-packages/torch/lib/libc10.so)
frame #2: c10::Dispatcher::registerDef(c10::FunctionSchema, std::__cxx11::basic_string<char, std::char_traits<char>, std::allocator<char> >, std::vector<at::Tag, std::allocator<at::Tag> >) + 0x35e (0x7fff0e6811fe in /workspace/vllm/.venv/lib/python3.12/site-packages/torch/lib/libtorch_cpu.so)
frame #3: torch::Library::_def(c10::FunctionSchema&&, c10::OperatorName*, std::vector<at::Tag, std::allocator<at::Tag> > const&, torch::_RegisterOrVerify) & + 0x514 (0x7fff0e6c2254 in /workspace/vllm/.venv/lib/python3.12/site-packages/torch/lib/libtorch_cpu.so)
frame #4: aoti_torch_library_def + 0x99 (0x7fff128d45b9 in /workspace/vllm/.venv/lib/python3.12/site-packages/torch/lib/libtorch_cpu.so)
frame #5: <unknown function> + 0x2bdb3c (0x7ffe8aebeb3c in /workspace/vllm/vllm/_C_stable_libtorch.abi3.so)
frame #6: <unknown function> + 0x2bf0ce (0x7ffe8aec00ce in /workspace/vllm/vllm/_C_stable_libtorch.abi3.so)
frame #7: <unknown function> + 0x279d92 (0x7ffe8ae7ad92 in /workspace/vllm/vllm/_C_stable_libtorch.abi3.so)
frame #8: <unknown function> + 0x571f (0x7ffff7fca71f in /lib64/ld-linux-x86-64.so.2)
frame #9: <unknown function> + 0x5824 (0x7ffff7fca824 in /lib64/ld-linux-x86-64.so.2)
frame #10: _dl_catch_exception + 0x132 (0x7ffff7fc65b2 in /lib64/ld-linux-x86-64.so.2)
frame #11: <unknown function> + 0xcd7c (0x7ffff7fd1d7c in /lib64/ld-linux-x86-64.so.2)
frame #12: _dl_catch_exception + 0x9c (0x7ffff7fc651c in /lib64/ld-linux-x86-64.so.2)
frame #13: <unknown function> + 0xd164 (0x7ffff7fd2164 in /lib64/ld-linux-x86-64.so.2)
frame #14: <unknown function> + 0x981a4 (0x7ffff7d0c1a4 in /usr/lib/x86_64-linux-gnu/libc.so.6)
frame #15: _dl_catch_exception + 0x9c (0x7ffff7fc651c in /lib64/ld-linux-x86-64.so.2)
frame #16: <unknown function> + 0x1669 (0x7ffff7fc6669 in /lib64/ld-linux-x86-64.so.2)
frame #17: <unknown function> + 0x97c83 (0x7ffff7d0bc83 in /usr/lib/x86_64-linux-gnu/libc.so.6)
frame #18: dlopen + 0x6f (0x7ffff7d0c25f in /usr/lib/x86_64-linux-gnu/libc.so.6)
frame #19: /workspace/vllm/.venv/bin/python() [0x6bc36c]
frame #20: /workspace/vllm/.venv/bin/python() [0x6a946a]
frame #21: /workspace/vllm/.venv/bin/python() [0x6a8bf2]
frame #22: /workspace/vllm/.venv/bin/python() [0x581f37]
frame #23: _PyEval_EvalFrameDefault + 0x4c3a (0x5db0ba in /workspace/vllm/.venv/bin/python)
frame #24: /workspace/vllm/.venv/bin/python() [0x549d47]
frame #25: PyObject_CallMethodObjArgs + 0xe3 (0x54b5c3 in /workspace/vllm/.venv/bin/python)
frame #26: PyImport_ImportModuleLevelObject + 0x395 (0x5fd805 in /workspace/vllm/.venv/bin/python)
frame #27: _PyEval_EvalFrameDefault + 0x5eee (0x5dc36e in /workspace/vllm/.venv/bin/python)
frame #28: PyEval_EvalCode + 0x15b (0x5d543b in /workspace/vllm/.venv/bin/python)
frame #29: /workspace/vllm/.venv/bin/python() [0x5d322c]
frame #30: /workspace/vllm/.venv/bin/python() [0x581d1d]
frame #31: _PyEval_EvalFrameDefault + 0x4c3a (0x5db0ba in /workspace/vllm/.venv/bin/python)
frame #32: PyObject_CallOneArg + 0x4d (0x54a65d in /workspace/vllm/.venv/bin/python)
frame #33: /workspace/vllm/.venv/bin/python() [0x582e84]
frame #34: _PyObject_LookupAttr + 0x7a (0x584bea in /workspace/vllm/.venv/bin/python)
frame #35: /workspace/vllm/.venv/bin/python() [0x5d2b8a]
frame #36: _PyEval_EvalFrameDefault + 0x207d (0x5d84fd in /workspace/vllm/.venv/bin/python)
frame #37: /workspace/vllm/.venv/bin/python() [0x549d47]
frame #38: PyObject_CallMethodObjArgs + 0xe3 (0x54b5c3 in /workspace/vllm/.venv/bin/python)
frame #39: PyImport_ImportModuleLevelObject + 0x5eb (0x5fda5b in /workspace/vllm/.venv/bin/python)
frame #40: _PyEval_EvalFrameDefault + 0x5eee (0x5dc36e in /workspace/vllm/.venv/bin/python)
frame #41: PyEval_EvalCode + 0x15b (0x5d543b in /workspace/vllm/.venv/bin/python)
frame #42: /workspace/vllm/.venv/bin/python() [0x5d322c]
frame #43: /workspace/vllm/.venv/bin/python() [0x581d1d]
frame #44: _PyEval_EvalFrameDefault + 0x4c3a (0x5db0ba in /workspace/vllm/.venv/bin/python)
frame #45: /workspace/vllm/.venv/bin/python() [0x549d47]
frame #46: PyObject_CallMethodObjArgs + 0xe3 (0x54b5c3 in /workspace/vllm/.venv/bin/python)
frame #47: PyImport_ImportModuleLevelObject + 0x395 (0x5fd805 in /workspace/vllm/.venv/bin/python)
frame #48: _PyEval_EvalFrameDefault + 0x5eee (0x5dc36e in /workspace/vllm/.venv/bin/python)
frame #49: PyEval_EvalCode + 0x15b (0x5d543b in /workspace/vllm/.venv/bin/python)
frame #50: /workspace/vllm/.venv/bin/python() [0x5d322c]
frame #51: /workspace/vllm/.venv/bin/python() [0x581d1d]
frame #52: _PyEval_EvalFrameDefault + 0x4c3a (0x5db0ba in /workspace/vllm/.venv/bin/python)
frame #53: /workspace/vllm/.venv/bin/python() [0x549d47]
frame #54: PyObject_CallMethodObjArgs + 0xe3 (0x54b5c3 in /workspace/vllm/.venv/bin/python)
frame #55: PyImport_ImportModuleLevelObject + 0x395 (0x5fd805 in /workspace/vllm/.venv/bin/python)
frame #56: _PyEval_EvalFrameDefault + 0x5eee (0x5dc36e in /workspace/vllm/.venv/bin/python)
frame #57: PyEval_EvalCode + 0x15b (0x5d543b in /workspace/vllm/.venv/bin/python)
frame #58: /workspace/vllm/.venv/bin/python() [0x5d322c]
frame #59: /workspace/vllm/.venv/bin/python() [0x581d1d]
frame #60: _PyEval_EvalFrameDefault + 0x4c3a (0x5db0ba in /workspace/vllm/.venv/bin/python)
frame #61: /workspace/vllm/.venv/bin/python() [0x549d47]
frame #62: PyObject_CallMethodObjArgs + 0xe3 (0x54b5c3 in /workspace/vllm/.venv/bin/python)

[W708 10:55:37.331255257 OperatorEntry.cpp:208] Warning: Warning only once for all operators,  other operators may also be overridden.
  Overriding a previously registered kernel for the same operator and the same dispatch key
  operator: _C::persistent_masked_m_silu_mul_quant(Tensor input, Tensor counts, Tensor($0! -> ) y_q, Tensor($1! -> ) y_s, bool use_ue8m0) -> ()
    registered at /workspace/csrc/torch_bindings.cpp:21
  dispatch key: CUDA
  previous kernel: registered at /workspace/csrc/torch_bindings.cpp:21
       new kernel: registered at /workspace/csrc/libtorch_stable/torch_bindings.cpp:603 (function operator())
[E708 10:55:37.378978669 shim_common.cpp:1458] Exception in aoti_torch: Tried to register an operator (_C::persistent_masked_m_silu_mul_quant(Tensor input, Tensor counts, Tensor($0! -> ) y_q, Tensor($1! -> ) y_s, bool use_ue8m0) -> ()) with the same name and overload name multiple times. Each overload's schema should only be registered with a single call to def(). Duplicate registration: registered at /workspace/csrc/libtorch_stable/torch_bindings.cpp:10. Original registration: registered at /workspace/csrc/torch_bindings.cpp:21
Exception raised from registerDef at /pytorch/aten/src/ATen/core/dispatch/Dispatcher.cpp:248 (most recent call first):
frame #0: c10::Error::Error(c10::SourceLocation, std::__cxx11::basic_string<char, std::char_traits<char>, std::allocator<char> >) + 0x9d (0x7ffff6b7205d in /workspace/vllm/.venv/lib/python3.12/site-packages/torch/lib/libc10.so)
frame #1: c10::detail::torchCheckFail(char const*, char const*, unsigned int, std::__cxx11::basic_string<char, std::char_traits<char>, std::allocator<char> > const&) + 0xc3 (0x7ffff6b066fd in /workspace/vllm/.venv/lib/python3.12/site-packages/torch/lib/libc10.so)
frame #2: c10::Dispatcher::registerDef(c10::FunctionSchema, std::__cxx11::basic_string<char, std::char_traits<char>, std::allocator<char> >, std::vector<at::Tag, std::allocator<at::Tag> >) + 0x35e (0x7fff0e6811fe in /workspace/vllm/.venv/lib/python3.12/site-packages/torch/lib/libtorch_cpu.so)
frame #3: torch::Library::_def(c10::FunctionSchema&&, c10::OperatorName*, std::vector<at::Tag, std::allocator<at::Tag> > const&, torch::_RegisterOrVerify) & + 0x514 (0x7fff0e6c2254 in /workspace/vllm/.venv/lib/python3.12/site-packages/torch/lib/libtorch_cpu.so)
frame #4: aoti_torch_library_def + 0x99 (0x7fff128d45b9 in /workspace/vllm/.venv/lib/python3.12/site-packages/torch/lib/libtorch_cpu.so)
frame #5: <unknown function> + 0x2bdaf1 (0x7ffe8aebeaf1 in /workspace/vllm/vllm/_C_stable_libtorch.abi3.so)
frame #6: <unknown function> + 0x2bf0ce (0x7ffe8aec00ce in /workspace/vllm/vllm/_C_stable_libtorch.abi3.so)
frame #7: <unknown function> + 0x279d92 (0x7ffe8ae7ad92 in /workspace/vllm/vllm/_C_stable_libtorch.abi3.so)
frame #8: <unknown function> + 0x571f (0x7ffff7fca71f in /lib64/ld-linux-x86-64.so.2)
frame #9: <unknown function> + 0x5824 (0x7ffff7fca824 in /lib64/ld-linux-x86-64.so.2)
frame #10: _dl_catch_exception + 0x132 (0x7ffff7fc65b2 in /lib64/ld-linux-x86-64.so.2)
frame #11: <unknown function> + 0xcd7c (0x7ffff7fd1d7c in /lib64/ld-linux-x86-64.so.2)
frame #12: _dl_catch_exception + 0x9c (0x7ffff7fc651c in /lib64/ld-linux-x86-64.so.2)
frame #13: <unknown function> + 0xd164 (0x7ffff7fd2164 in /lib64/ld-linux-x86-64.so.2)
frame #14: <unknown function> + 0x981a4 (0x7ffff7d0c1a4 in /usr/lib/x86_64-linux-gnu/libc.so.6)
frame #15: _dl_catch_exception + 0x9c (0x7ffff7fc651c in /lib64/ld-linux-x86-64.so.2)
frame #16: <unknown function> + 0x1669 (0x7ffff7fc6669 in /lib64/ld-linux-x86-64.so.2)
frame #17: <unknown function> + 0x97c83 (0x7ffff7d0bc83 in /usr/lib/x86_64-linux-gnu/libc.so.6)
frame #18: dlopen + 0x6f (0x7ffff7d0c25f in /usr/lib/x86_64-linux-gnu/libc.so.6)
frame #19: /workspace/vllm/.venv/bin/python() [0x6bc36c]
frame #20: /workspace/vllm/.venv/bin/python() [0x6a946a]
frame #21: /workspace/vllm/.venv/bin/python() [0x6a8bf2]
frame #22: /workspace/vllm/.venv/bin/python() [0x581f37]
frame #23: _PyEval_EvalFrameDefault + 0x4c3a (0x5db0ba in /workspace/vllm/.venv/bin/python)
frame #24: /workspace/vllm/.venv/bin/python() [0x549d47]
frame #25: PyObject_CallMethodObjArgs + 0xe3 (0x54b5c3 in /workspace/vllm/.venv/bin/python)
frame #26: PyImport_ImportModuleLevelObject + 0x395 (0x5fd805 in /workspace/vllm/.venv/bin/python)
frame #27: _PyEval_EvalFrameDefault + 0x5eee (0x5dc36e in /workspace/vllm/.venv/bin/python)
frame #28: PyEval_EvalCode + 0x15b (0x5d543b in /workspace/vllm/.venv/bin/python)
frame #29: /workspace/vllm/.venv/bin/python() [0x5d322c]
frame #30: /workspace/vllm/.venv/bin/python() [0x581d1d]
frame #31: _PyEval_EvalFrameDefault + 0x4c3a (0x5db0ba in /workspace/vllm/.venv/bin/python)
frame #32: PyObject_CallOneArg + 0x4d (0x54a65d in /workspace/vllm/.venv/bin/python)
frame #33: /workspace/vllm/.venv/bin/python() [0x582e84]
frame #34: _PyObject_LookupAttr + 0x7a (0x584bea in /workspace/vllm/.venv/bin/python)
frame #35: /workspace/vllm/.venv/bin/python() [0x5d2b8a]
frame #36: _PyEval_EvalFrameDefault + 0x207d (0x5d84fd in /workspace/vllm/.venv/bin/python)
frame #37: /workspace/vllm/.venv/bin/python() [0x549d47]
frame #38: PyObject_CallMethodObjArgs + 0xe3 (0x54b5c3 in /workspace/vllm/.venv/bin/python)
frame #39: PyImport_ImportModuleLevelObject + 0x5eb (0x5fda5b in /workspace/vllm/.venv/bin/python)
frame #40: _PyEval_EvalFrameDefault + 0x5eee (0x5dc36e in /workspace/vllm/.venv/bin/python)
frame #41: PyEval_EvalCode + 0x15b (0x5d543b in /workspace/vllm/.venv/bin/python)
frame #42: /workspace/vllm/.venv/bin/python() [0x5d322c]
frame #43: /workspace/vllm/.venv/bin/python() [0x581d1d]
frame #44: _PyEval_EvalFrameDefault + 0x4c3a (0x5db0ba in /workspace/vllm/.venv/bin/python)
frame #45: /workspace/vllm/.venv/bin/python() [0x549d47]
frame #46: PyObject_CallMethodObjArgs + 0xe3 (0x54b5c3 in /workspace/vllm/.venv/bin/python)
frame #47: PyImport_ImportModuleLevelObject + 0x395 (0x5fd805 in /workspace/vllm/.venv/bin/python)
frame #48: _PyEval_EvalFrameDefault + 0x5eee (0x5dc36e in /workspace/vllm/.venv/bin/python)
frame #49: PyEval_EvalCode + 0x15b (0x5d543b in /workspace/vllm/.venv/bin/python)
frame #50: /workspace/vllm/.venv/bin/python() [0x5d322c]
frame #51: /workspace/vllm/.venv/bin/python() [0x581d1d]
frame #52: _PyEval_EvalFrameDefault + 0x4c3a (0x5db0ba in /workspace/vllm/.venv/bin/python)
frame #53: /workspace/vllm/.venv/bin/python() [0x549d47]
frame #54: PyObject_CallMethodObjArgs + 0xe3 (0x54b5c3 in /workspace/vllm/.venv/bin/python)
frame #55: PyImport_ImportModuleLevelObject + 0x395 (0x5fd805 in /workspace/vllm/.venv/bin/python)
frame #56: _PyEval_EvalFrameDefault + 0x5eee (0x5dc36e in /workspace/vllm/.venv/bin/python)
frame #57: PyEval_EvalCode + 0x15b (0x5d543b in /workspace/vllm/.venv/bin/python)
frame #58: /workspace/vllm/.venv/bin/python() [0x5d322c]
frame #59: /workspace/vllm/.venv/bin/python() [0x581d1d]
frame #60: _PyEval_EvalFrameDefault + 0x4c3a (0x5db0ba in /workspace/vllm/.venv/bin/python)
frame #61: /workspace/vllm/.venv/bin/python() [0x549d47]
frame #62: PyObject_CallMethodObjArgs + 0xe3 (0x54b5c3 in /workspace/vllm/.venv/bin/python)

[E708 10:55:37.380875465 shim_common.cpp:1458] Exception in aoti_torch: Tried to register an operator (_C::weak_ref_tensor(Tensor input) -> Tensor) with the same name and overload name multiple times. Each overload's schema should only be registered with a single call to def(). Duplicate registration: registered at /workspace/csrc/libtorch_stable/torch_bindings.cpp:10. Original registration: registered at /workspace/csrc/torch_bindings.cpp:21
Exception raised from registerDef at /pytorch/aten/src/ATen/core/dispatch/Dispatcher.cpp:248 (most recent call first):
frame #0: c10::Error::Error(c10::SourceLocation, std::__cxx11::basic_string<char, std::char_traits<char>, std::allocator<char> >) + 0x9d (0x7ffff6b7205d in /workspace/vllm/.venv/lib/python3.12/site-packages/torch/lib/libc10.so)
frame #1: c10::detail::torchCheckFail(char const*, char const*, unsigned int, std::__cxx11::basic_string<char, std::char_traits<char>, std::allocator<char> > const&) + 0xc3 (0x7ffff6b066fd in /workspace/vllm/.venv/lib/python3.12/site-packages/torch/lib/libc10.so)
frame #2: c10::Dispatcher::registerDef(c10::FunctionSchema, std::__cxx11::basic_string<char, std::char_traits<char>, std::allocator<char> >, std::vector<at::Tag, std::allocator<at::Tag> >) + 0x35e (0x7fff0e6811fe in /workspace/vllm/.venv/lib/python3.12/site-packages/torch/lib/libtorch_cpu.so)
frame #3: torch::Library::_def(c10::FunctionSchema&&, c10::OperatorName*, std::vector<at::Tag, std::allocator<at::Tag> > const&, torch::_RegisterOrVerify) & + 0x514 (0x7fff0e6c2254 in /workspace/vllm/.venv/lib/python3.12/site-packages/torch/lib/libtorch_cpu.so)
frame #4: aoti_torch_library_def + 0x99 (0x7fff128d45b9 in /workspace/vllm/.venv/lib/python3.12/site-packages/torch/lib/libtorch_cpu.so)
frame #5: <unknown function> + 0x2bdb00 (0x7ffe8aebeb00 in /workspace/vllm/vllm/_C_stable_libtorch.abi3.so)
frame #6: <unknown function> + 0x2bf0ce (0x7ffe8aec00ce in /workspace/vllm/vllm/_C_stable_libtorch.abi3.so)
frame #7: <unknown function> + 0x279d92 (0x7ffe8ae7ad92 in /workspace/vllm/vllm/_C_stable_libtorch.abi3.so)
frame #8: <unknown function> + 0x571f (0x7ffff7fca71f in /lib64/ld-linux-x86-64.so.2)
frame #9: <unknown function> + 0x5824 (0x7ffff7fca824 in /lib64/ld-linux-x86-64.so.2)
frame #10: _dl_catch_exception + 0x132 (0x7ffff7fc65b2 in /lib64/ld-linux-x86-64.so.2)
frame #11: <unknown function> + 0xcd7c (0x7ffff7fd1d7c in /lib64/ld-linux-x86-64.so.2)
frame #12: _dl_catch_exception + 0x9c (0x7ffff7fc651c in /lib64/ld-linux-x86-64.so.2)
frame #13: <unknown function> + 0xd164 (0x7ffff7fd2164 in /lib64/ld-linux-x86-64.so.2)
frame #14: <unknown function> + 0x981a4 (0x7ffff7d0c1a4 in /usr/lib/x86_64-linux-gnu/libc.so.6)
frame #15: _dl_catch_exception + 0x9c (0x7ffff7fc651c in /lib64/ld-linux-x86-64.so.2)
frame #16: <unknown function> + 0x1669 (0x7ffff7fc6669 in /lib64/ld-linux-x86-64.so.2)
frame #17: <unknown function> + 0x97c83 (0x7ffff7d0bc83 in /usr/lib/x86_64-linux-gnu/libc.so.6)
frame #18: dlopen + 0x6f (0x7ffff7d0c25f in /usr/lib/x86_64-linux-gnu/libc.so.6)
frame #19: /workspace/vllm/.venv/bin/python() [0x6bc36c]
frame #20: /workspace/vllm/.venv/bin/python() [0x6a946a]
frame #21: /workspace/vllm/.venv/bin/python() [0x6a8bf2]
frame #22: /workspace/vllm/.venv/bin/python() [0x581f37]
frame #23: _PyEval_EvalFrameDefault + 0x4c3a (0x5db0ba in /workspace/vllm/.venv/bin/python)
frame #24: /workspace/vllm/.venv/bin/python() [0x549d47]
frame #25: PyObject_CallMethodObjArgs + 0xe3 (0x54b5c3 in /workspace/vllm/.venv/bin/python)
frame #26: PyImport_ImportModuleLevelObject + 0x395 (0x5fd805 in /workspace/vllm/.venv/bin/python)
frame #27: _PyEval_EvalFrameDefault + 0x5eee (0x5dc36e in /workspace/vllm/.venv/bin/python)
frame #28: PyEval_EvalCode + 0x15b (0x5d543b in /workspace/vllm/.venv/bin/python)
frame #29: /workspace/vllm/.venv/bin/python() [0x5d322c]
frame #30: /workspace/vllm/.venv/bin/python() [0x581d1d]
frame #31: _PyEval_EvalFrameDefault + 0x4c3a (0x5db0ba in /workspace/vllm/.venv/bin/python)
frame #32: PyObject_CallOneArg + 0x4d (0x54a65d in /workspace/vllm/.venv/bin/python)
frame #33: /workspace/vllm/.venv/bin/python() [0x582e84]
frame #34: _PyObject_LookupAttr + 0x7a (0x584bea in /workspace/vllm/.venv/bin/python)
frame #35: /workspace/vllm/.venv/bin/python() [0x5d2b8a]
frame #36: _PyEval_EvalFrameDefault + 0x207d (0x5d84fd in /workspace/vllm/.venv/bin/python)
frame #37: /workspace/vllm/.venv/bin/python() [0x549d47]
frame #38: PyObject_CallMethodObjArgs + 0xe3 (0x54b5c3 in /workspace/vllm/.venv/bin/python)
frame #39: PyImport_ImportModuleLevelObject + 0x5eb (0x5fda5b in /workspace/vllm/.venv/bin/python)
frame #40: _PyEval_EvalFrameDefault + 0x5eee (0x5dc36e in /workspace/vllm/.venv/bin/python)
frame #41: PyEval_EvalCode + 0x15b (0x5d543b in /workspace/vllm/.venv/bin/python)
frame #42: /workspace/vllm/.venv/bin/python() [0x5d322c]
frame #43: /workspace/vllm/.venv/bin/python() [0x581d1d]
frame #44: _PyEval_EvalFrameDefault + 0x4c3a (0x5db0ba in /workspace/vllm/.venv/bin/python)
frame #45: /workspace/vllm/.venv/bin/python() [0x549d47]
frame #46: PyObject_CallMethodObjArgs + 0xe3 (0x54b5c3 in /workspace/vllm/.venv/bin/python)
frame #47: PyImport_ImportModuleLevelObject + 0x395 (0x5fd805 in /workspace/vllm/.venv/bin/python)
frame #48: _PyEval_EvalFrameDefault + 0x5eee (0x5dc36e in /workspace/vllm/.venv/bin/python)
frame #49: PyEval_EvalCode + 0x15b (0x5d543b in /workspace/vllm/.venv/bin/python)
frame #50: /workspace/vllm/.venv/bin/python() [0x5d322c]
frame #51: /workspace/vllm/.venv/bin/python() [0x581d1d]
frame #52: _PyEval_EvalFrameDefault + 0x4c3a (0x5db0ba in /workspace/vllm/.venv/bin/python)
frame #53: /workspace/vllm/.venv/bin/python() [0x549d47]
frame #54: PyObject_CallMethodObjArgs + 0xe3 (0x54b5c3 in /workspace/vllm/.venv/bin/python)
frame #55: PyImport_ImportModuleLevelObject + 0x395 (0x5fd805 in /workspace/vllm/.venv/bin/python)
frame #56: _PyEval_EvalFrameDefault + 0x5eee (0x5dc36e in /workspace/vllm/.venv/bin/python)
frame #57: PyEval_EvalCode + 0x15b (0x5d543b in /workspace/vllm/.venv/bin/python)
frame #58: /workspace/vllm/.venv/bin/python() [0x5d322c]
frame #59: /workspace/vllm/.venv/bin/python() [0x581d1d]
frame #60: _PyEval_EvalFrameDefault + 0x4c3a (0x5db0ba in /workspace/vllm/.venv/bin/python)
frame #61: /workspace/vllm/.venv/bin/python() [0x549d47]
frame #62: PyObject_CallMethodObjArgs + 0xe3 (0x54b5c3 in /workspace/vllm/.venv/bin/python)

[E708 10:55:37.382745087 shim_common.cpp:1458] Exception in aoti_torch: Tried to register an operator (_C::silu_and_mul_quant(Tensor($0! -> ) result, Tensor input, Tensor scale) -> ()) with the same name and overload name multiple times. Each overload's schema should only be registered with a single call to def(). Duplicate registration: registered at /workspace/csrc/libtorch_stable/torch_bindings.cpp:10. Original registration: registered at /workspace/csrc/torch_bindings.cpp:21
Exception raised from registerDef at /pytorch/aten/src/ATen/core/dispatch/Dispatcher.cpp:248 (most recent call first):
frame #0: c10::Error::Error(c10::SourceLocation, std::__cxx11::basic_string<char, std::char_traits<char>, std::allocator<char> >) + 0x9d (0x7ffff6b7205d in /workspace/vllm/.venv/lib/python3.12/site-packages/torch/lib/libc10.so)
frame #1: c10::detail::torchCheckFail(char const*, char const*, unsigned int, std::__cxx11::basic_string<char, std::char_traits<char>, std::allocator<char> > const&) + 0xc3 (0x7ffff6b066fd in /workspace/vllm/.venv/lib/python3.12/site-packages/torch/lib/libc10.so)
frame #2: c10::Dispatcher::registerDef(c10::FunctionSchema, std::__cxx11::basic_string<char, std::char_traits<char>, std::allocator<char> >, std::vector<at::Tag, std::allocator<at::Tag> >) + 0x35e (0x7fff0e6811fe in /workspace/vllm/.venv/lib/python3.12/site-packages/torch/lib/libtorch_cpu.so)
frame #3: torch::Library::_def(c10::FunctionSchema&&, c10::OperatorName*, std::vector<at::Tag, std::allocator<at::Tag> > const&, torch::_RegisterOrVerify) & + 0x514 (0x7fff0e6c2254 in /workspace/vllm/.venv/lib/python3.12/site-packages/torch/lib/libtorch_cpu.so)
frame #4: aoti_torch_library_def + 0x99 (0x7fff128d45b9 in /workspace/vllm/.venv/lib/python3.12/site-packages/torch/lib/libtorch_cpu.so)
frame #5: <unknown function> + 0x2bdb3c (0x7ffe8aebeb3c in /workspace/vllm/vllm/_C_stable_libtorch.abi3.so)
frame #6: <unknown function> + 0x2bf0ce (0x7ffe8aec00ce in /workspace/vllm/vllm/_C_stable_libtorch.abi3.so)
frame #7: <unknown function> + 0x279d92 (0x7ffe8ae7ad92 in /workspace/vllm/vllm/_C_stable_libtorch.abi3.so)
frame #8: <unknown function> + 0x571f (0x7ffff7fca71f in /lib64/ld-linux-x86-64.so.2)
frame #9: <unknown function> + 0x5824 (0x7ffff7fca824 in /lib64/ld-linux-x86-64.so.2)
frame #10: _dl_catch_exception + 0x132 (0x7ffff7fc65b2 in /lib64/ld-linux-x86-64.so.2)
frame #11: <unknown function> + 0xcd7c (0x7ffff7fd1d7c in /lib64/ld-linux-x86-64.so.2)
frame #12: _dl_catch_exception + 0x9c (0x7ffff7fc651c in /lib64/ld-linux-x86-64.so.2)
frame #13: <unknown function> + 0xd164 (0x7ffff7fd2164 in /lib64/ld-linux-x86-64.so.2)
frame #14: <unknown function> + 0x981a4 (0x7ffff7d0c1a4 in /usr/lib/x86_64-linux-gnu/libc.so.6)
frame #15: _dl_catch_exception + 0x9c (0x7ffff7fc651c in /lib64/ld-linux-x86-64.so.2)
frame #16: <unknown function> + 0x1669 (0x7ffff7fc6669 in /lib64/ld-linux-x86-64.so.2)
frame #17: <unknown function> + 0x97c83 (0x7ffff7d0bc83 in /usr/lib/x86_64-linux-gnu/libc.so.6)
frame #18: dlopen + 0x6f (0x7ffff7d0c25f in /usr/lib/x86_64-linux-gnu/libc.so.6)
frame #19: /workspace/vllm/.venv/bin/python() [0x6bc36c]
frame #20: /workspace/vllm/.venv/bin/python() [0x6a946a]
frame #21: /workspace/vllm/.venv/bin/python() [0x6a8bf2]
frame #22: /workspace/vllm/.venv/bin/python() [0x581f37]
frame #23: _PyEval_EvalFrameDefault + 0x4c3a (0x5db0ba in /workspace/vllm/.venv/bin/python)
frame #24: /workspace/vllm/.venv/bin/python() [0x549d47]
frame #25: PyObject_CallMethodObjArgs + 0xe3 (0x54b5c3 in /workspace/vllm/.venv/bin/python)
frame #26: PyImport_ImportModuleLevelObject + 0x395 (0x5fd805 in /workspace/vllm/.venv/bin/python)
frame #27: _PyEval_EvalFrameDefault + 0x5eee (0x5dc36e in /workspace/vllm/.venv/bin/python)
frame #28: PyEval_EvalCode + 0x15b (0x5d543b in /workspace/vllm/.venv/bin/python)
frame #29: /workspace/vllm/.venv/bin/python() [0x5d322c]
frame #30: /workspace/vllm/.venv/bin/python() [0x581d1d]
frame #31: _PyEval_EvalFrameDefault + 0x4c3a (0x5db0ba in /workspace/vllm/.venv/bin/python)
frame #32: PyObject_CallOneArg + 0x4d (0x54a65d in /workspace/vllm/.venv/bin/python)
frame #33: /workspace/vllm/.venv/bin/python() [0x582e84]
frame #34: _PyObject_LookupAttr + 0x7a (0x584bea in /workspace/vllm/.venv/bin/python)
frame #35: /workspace/vllm/.venv/bin/python() [0x5d2b8a]
frame #36: _PyEval_EvalFrameDefault + 0x207d (0x5d84fd in /workspace/vllm/.venv/bin/python)
frame #37: /workspace/vllm/.venv/bin/python() [0x549d47]
frame #38: PyObject_CallMethodObjArgs + 0xe3 (0x54b5c3 in /workspace/vllm/.venv/bin/python)
frame #39: PyImport_ImportModuleLevelObject + 0x5eb (0x5fda5b in /workspace/vllm/.venv/bin/python)
frame #40: _PyEval_EvalFrameDefault + 0x5eee (0x5dc36e in /workspace/vllm/.venv/bin/python)
frame #41: PyEval_EvalCode + 0x15b (0x5d543b in /workspace/vllm/.venv/bin/python)
frame #42: /workspace/vllm/.venv/bin/python() [0x5d322c]
frame #43: /workspace/vllm/.venv/bin/python() [0x581d1d]
frame #44: _PyEval_EvalFrameDefault + 0x4c3a (0x5db0ba in /workspace/vllm/.venv/bin/python)
frame #45: /workspace/vllm/.venv/bin/python() [0x549d47]
frame #46: PyObject_CallMethodObjArgs + 0xe3 (0x54b5c3 in /workspace/vllm/.venv/bin/python)
frame #47: PyImport_ImportModuleLevelObject + 0x395 (0x5fd805 in /workspace/vllm/.venv/bin/python)
frame #48: _PyEval_EvalFrameDefault + 0x5eee (0x5dc36e in /workspace/vllm/.venv/bin/python)
frame #49: PyEval_EvalCode + 0x15b (0x5d543b in /workspace/vllm/.venv/bin/python)
frame #50: /workspace/vllm/.venv/bin/python() [0x5d322c]
frame #51: /workspace/vllm/.venv/bin/python() [0x581d1d]
frame #52: _PyEval_EvalFrameDefault + 0x4c3a (0x5db0ba in /workspace/vllm/.venv/bin/python)
frame #53: /workspace/vllm/.venv/bin/python() [0x549d47]
frame #54: PyObject_CallMethodObjArgs + 0xe3 (0x54b5c3 in /workspace/vllm/.venv/bin/python)
frame #55: PyImport_ImportModuleLevelObject + 0x395 (0x5fd805 in /workspace/vllm/.venv/bin/python)
frame #56: _PyEval_EvalFrameDefault + 0x5eee (0x5dc36e in /workspace/vllm/.venv/bin/python)
frame #57: PyEval_EvalCode + 0x15b (0x5d543b in /workspace/vllm/.venv/bin/python)
frame #58: /workspace/vllm/.venv/bin/python() [0x5d322c]
frame #59: /workspace/vllm/.venv/bin/python() [0x581d1d]
frame #60: _PyEval_EvalFrameDefault + 0x4c3a (0x5db0ba in /workspace/vllm/.venv/bin/python)
frame #61: /workspace/vllm/.venv/bin/python() [0x549d47]
frame #62: PyObject_CallMethodObjArgs + 0xe3 (0x54b5c3 in /workspace/vllm/.venv/bin/python)

[W708 10:55:37.384786906 OperatorEntry.cpp:208] Warning: Warning only once for all operators,  other operators may also be overridden.
  Overriding a previously registered kernel for the same operator and the same dispatch key
  operator: _C::persistent_masked_m_silu_mul_quant(Tensor input, Tensor counts, Tensor($0! -> ) y_q, Tensor($1! -> ) y_s, bool use_ue8m0) -> ()
    registered at /workspace/csrc/torch_bindings.cpp:21
  dispatch key: CUDA
  previous kernel: registered at /workspace/csrc/torch_bindings.cpp:21
       new kernel: registered at /workspace/csrc/libtorch_stable/torch_bindings.cpp:603 (function operator())
[E708 10:55:37.580812764 shim_common.cpp:1458] Exception in aoti_torch: Tried to register an operator (_C::persistent_masked_m_silu_mul_quant(Tensor input, Tensor counts, Tensor($0! -> ) y_q, Tensor($1! -> ) y_s, bool use_ue8m0) -> ()) with the same name and overload name multiple times. Each overload's schema should only be registered with a single call to def(). Duplicate registration: registered at /workspace/csrc/libtorch_stable/torch_bindings.cpp:10. Original registration: registered at /workspace/csrc/torch_bindings.cpp:21
Exception raised from registerDef at /pytorch/aten/src/ATen/core/dispatch/Dispatcher.cpp:248 (most recent call first):
frame #0: c10::Error::Error(c10::SourceLocation, std::__cxx11::basic_string<char, std::char_traits<char>, std::allocator<char> >) + 0x9d (0x7ffff6b7205d in /workspace/vllm/.venv/lib/python3.12/site-packages/torch/lib/libc10.so)
frame #1: c10::detail::torchCheckFail(char const*, char const*, unsigned int, std::__cxx11::basic_string<char, std::char_traits<char>, std::allocator<char> > const&) + 0xc3 (0x7ffff6b066fd in /workspace/vllm/.venv/lib/python3.12/site-packages/torch/lib/libc10.so)
frame #2: c10::Dispatcher::registerDef(c10::FunctionSchema, std::__cxx11::basic_string<char, std::char_traits<char>, std::allocator<char> >, std::vector<at::Tag, std::allocator<at::Tag> >) + 0x35e (0x7fff0e6811fe in /workspace/vllm/.venv/lib/python3.12/site-packages/torch/lib/libtorch_cpu.so)
frame #3: torch::Library::_def(c10::FunctionSchema&&, c10::OperatorName*, std::vector<at::Tag, std::allocator<at::Tag> > const&, torch::_RegisterOrVerify) & + 0x514 (0x7fff0e6c2254 in /workspace/vllm/.venv/lib/python3.12/site-packages/torch/lib/libtorch_cpu.so)
frame #4: aoti_torch_library_def + 0x99 (0x7fff128d45b9 in /workspace/vllm/.venv/lib/python3.12/site-packages/torch/lib/libtorch_cpu.so)
frame #5: <unknown function> + 0x2bdaf1 (0x7ffe8aebeaf1 in /workspace/vllm/vllm/_C_stable_libtorch.abi3.so)
frame #6: <unknown function> + 0x2bf0ce (0x7ffe8aec00ce in /workspace/vllm/vllm/_C_stable_libtorch.abi3.so)
frame #7: <unknown function> + 0x279d92 (0x7ffe8ae7ad92 in /workspace/vllm/vllm/_C_stable_libtorch.abi3.so)
frame #8: <unknown function> + 0x571f (0x7ffff7fca71f in /lib64/ld-linux-x86-64.so.2)
frame #9: <unknown function> + 0x5824 (0x7ffff7fca824 in /lib64/ld-linux-x86-64.so.2)
frame #10: _dl_catch_exception + 0x132 (0x7ffff7fc65b2 in /lib64/ld-linux-x86-64.so.2)
frame #11: <unknown function> + 0xcd7c (0x7ffff7fd1d7c in /lib64/ld-linux-x86-64.so.2)
frame #12: _dl_catch_exception + 0x9c (0x7ffff7fc651c in /lib64/ld-linux-x86-64.so.2)
frame #13: <unknown function> + 0xd164 (0x7ffff7fd2164 in /lib64/ld-linux-x86-64.so.2)
frame #14: <unknown function> + 0x981a4 (0x7ffff7d0c1a4 in /usr/lib/x86_64-linux-gnu/libc.so.6)
frame #15: _dl_catch_exception + 0x9c (0x7ffff7fc651c in /lib64/ld-linux-x86-64.so.2)
frame #16: <unknown function> + 0x1669 (0x7ffff7fc6669 in /lib64/ld-linux-x86-64.so.2)
frame #17: <unknown function> + 0x97c83 (0x7ffff7d0bc83 in /usr/lib/x86_64-linux-gnu/libc.so.6)
frame #18: dlopen + 0x6f (0x7ffff7d0c25f in /usr/lib/x86_64-linux-gnu/libc.so.6)
frame #19: /workspace/vllm/.venv/bin/python() [0x6bc36c]
frame #20: /workspace/vllm/.venv/bin/python() [0x6a946a]
frame #21: /workspace/vllm/.venv/bin/python() [0x6a8bf2]
frame #22: /workspace/vllm/.venv/bin/python() [0x581f37]
frame #23: _PyEval_EvalFrameDefault + 0x4c3a (0x5db0ba in /workspace/vllm/.venv/bin/python)
frame #24: /workspace/vllm/.venv/bin/python() [0x549d47]
frame #25: PyObject_CallMethodObjArgs + 0xe3 (0x54b5c3 in /workspace/vllm/.venv/bin/python)
frame #26: PyImport_ImportModuleLevelObject + 0x395 (0x5fd805 in /workspace/vllm/.venv/bin/python)
frame #27: _PyEval_EvalFrameDefault + 0x5eee (0x5dc36e in /workspace/vllm/.venv/bin/python)
frame #28: PyEval_EvalCode + 0x15b (0x5d543b in /workspace/vllm/.venv/bin/python)
frame #29: /workspace/vllm/.venv/bin/python() [0x5d322c]
frame #30: /workspace/vllm/.venv/bin/python() [0x581d1d]
frame #31: _PyEval_EvalFrameDefault + 0x4c3a (0x5db0ba in /workspace/vllm/.venv/bin/python)
frame #32: PyObject_CallOneArg + 0x4d (0x54a65d in /workspace/vllm/.venv/bin/python)
frame #33: /workspace/vllm/.venv/bin/python() [0x582e84]
frame #34: _PyObject_LookupAttr + 0x7a (0x584bea in /workspace/vllm/.venv/bin/python)
frame #35: /workspace/vllm/.venv/bin/python() [0x5d2b8a]
frame #36: _PyEval_EvalFrameDefault + 0x207d (0x5d84fd in /workspace/vllm/.venv/bin/python)
frame #37: /workspace/vllm/.venv/bin/python() [0x549d47]
frame #38: PyObject_CallMethodObjArgs + 0xe3 (0x54b5c3 in /workspace/vllm/.venv/bin/python)
frame #39: PyImport_ImportModuleLevelObject + 0x5eb (0x5fda5b in /workspace/vllm/.venv/bin/python)
frame #40: _PyEval_EvalFrameDefault + 0x5eee (0x5dc36e in /workspace/vllm/.venv/bin/python)
frame #41: PyEval_EvalCode + 0x15b (0x5d543b in /workspace/vllm/.venv/bin/python)
frame #42: /workspace/vllm/.venv/bin/python() [0x5d322c]
frame #43: /workspace/vllm/.venv/bin/python() [0x581d1d]
frame #44: _PyEval_EvalFrameDefault + 0x4c3a (0x5db0ba in /workspace/vllm/.venv/bin/python)
frame #45: /workspace/vllm/.venv/bin/python() [0x549d47]
frame #46: PyObject_CallMethodObjArgs + 0xe3 (0x54b5c3 in /workspace/vllm/.venv/bin/python)
frame #47: PyImport_ImportModuleLevelObject + 0x395 (0x5fd805 in /workspace/vllm/.venv/bin/python)
frame #48: _PyEval_EvalFrameDefault + 0x5eee (0x5dc36e in /workspace/vllm/.venv/bin/python)
frame #49: PyEval_EvalCode + 0x15b (0x5d543b in /workspace/vllm/.venv/bin/python)
frame #50: /workspace/vllm/.venv/bin/python() [0x5d322c]
frame #51: /workspace/vllm/.venv/bin/python() [0x581d1d]
frame #52: _PyEval_EvalFrameDefault + 0x4c3a (0x5db0ba in /workspace/vllm/.venv/bin/python)
frame #53: /workspace/vllm/.venv/bin/python() [0x549d47]
frame #54: PyObject_CallMethodObjArgs + 0xe3 (0x54b5c3 in /workspace/vllm/.venv/bin/python)
frame #55: PyImport_ImportModuleLevelObject + 0x395 (0x5fd805 in /workspace/vllm/.venv/bin/python)
frame #56: _PyEval_EvalFrameDefault + 0x5eee (0x5dc36e in /workspace/vllm/.venv/bin/python)
frame #57: PyEval_EvalCode + 0x15b (0x5d543b in /workspace/vllm/.venv/bin/python)
frame #58: /workspace/vllm/.venv/bin/python() [0x5d322c]
frame #59: /workspace/vllm/.venv/bin/python() [0x581d1d]
frame #60: _PyEval_EvalFrameDefault + 0x4c3a (0x5db0ba in /workspace/vllm/.venv/bin/python)
frame #61: /workspace/vllm/.venv/bin/python() [0x549d47]
frame #62: PyObject_CallMethodObjArgs + 0xe3 (0x54b5c3 in /workspace/vllm/.venv/bin/python)

[E708 10:55:37.582790406 shim_common.cpp:1458] Exception in aoti_torch: Tried to register an operator (_C::weak_ref_tensor(Tensor input) -> Tensor) with the same name and overload name multiple times. Each overload's schema should only be registered with a single call to def(). Duplicate registration: registered at /workspace/csrc/libtorch_stable/torch_bindings.cpp:10. Original registration: registered at /workspace/csrc/torch_bindings.cpp:21
Exception raised from registerDef at /pytorch/aten/src/ATen/core/dispatch/Dispatcher.cpp:248 (most recent call first):
frame #0: c10::Error::Error(c10::SourceLocation, std::__cxx11::basic_string<char, std::char_traits<char>, std::allocator<char> >) + 0x9d (0x7ffff6b7205d in /workspace/vllm/.venv/lib/python3.12/site-packages/torch/lib/libc10.so)
frame #1: c10::detail::torchCheckFail(char const*, char const*, unsigned int, std::__cxx11::basic_string<char, std::char_traits<char>, std::allocator<char> > const&) + 0xc3 (0x7ffff6b066fd in /workspace/vllm/.venv/lib/python3.12/site-packages/torch/lib/libc10.so)
frame #2: c10::Dispatcher::registerDef(c10::FunctionSchema, std::__cxx11::basic_string<char, std::char_traits<char>, std::allocator<char> >, std::vector<at::Tag, std::allocator<at::Tag> >) + 0x35e (0x7fff0e6811fe in /workspace/vllm/.venv/lib/python3.12/site-packages/torch/lib/libtorch_cpu.so)
frame #3: torch::Library::_def(c10::FunctionSchema&&, c10::OperatorName*, std::vector<at::Tag, std::allocator<at::Tag> > const&, torch::_RegisterOrVerify) & + 0x514 (0x7fff0e6c2254 in /workspace/vllm/.venv/lib/python3.12/site-packages/torch/lib/libtorch_cpu.so)
frame #4: aoti_torch_library_def + 0x99 (0x7fff128d45b9 in /workspace/vllm/.venv/lib/python3.12/site-packages/torch/lib/libtorch_cpu.so)
frame #5: <unknown function> + 0x2bdb00 (0x7ffe8aebeb00 in /workspace/vllm/vllm/_C_stable_libtorch.abi3.so)
frame #6: <unknown function> + 0x2bf0ce (0x7ffe8aec00ce in /workspace/vllm/vllm/_C_stable_libtorch.abi3.so)
frame #7: <unknown function> + 0x279d92 (0x7ffe8ae7ad92 in /workspace/vllm/vllm/_C_stable_libtorch.abi3.so)
frame #8: <unknown function> + 0x571f (0x7ffff7fca71f in /lib64/ld-linux-x86-64.so.2)
frame #9: <unknown function> + 0x5824 (0x7ffff7fca824 in /lib64/ld-linux-x86-64.so.2)
frame #10: _dl_catch_exception + 0x132 (0x7ffff7fc65b2 in /lib64/ld-linux-x86-64.so.2)
frame #11: <unknown function> + 0xcd7c (0x7ffff7fd1d7c in /lib64/ld-linux-x86-64.so.2)
frame #12: _dl_catch_exception + 0x9c (0x7ffff7fc651c in /lib64/ld-linux-x86-64.so.2)
frame #13: <unknown function> + 0xd164 (0x7ffff7fd2164 in /lib64/ld-linux-x86-64.so.2)
frame #14: <unknown function> + 0x981a4 (0x7ffff7d0c1a4 in /usr/lib/x86_64-linux-gnu/libc.so.6)
frame #15: _dl_catch_exception + 0x9c (0x7ffff7fc651c in /lib64/ld-linux-x86-64.so.2)
frame #16: <unknown function> + 0x1669 (0x7ffff7fc6669 in /lib64/ld-linux-x86-64.so.2)
frame #17: <unknown function> + 0x97c83 (0x7ffff7d0bc83 in /usr/lib/x86_64-linux-gnu/libc.so.6)
frame #18: dlopen + 0x6f (0x7ffff7d0c25f in /usr/lib/x86_64-linux-gnu/libc.so.6)
frame #19: /workspace/vllm/.venv/bin/python() [0x6bc36c]
frame #20: /workspace/vllm/.venv/bin/python() [0x6a946a]
frame #21: /workspace/vllm/.venv/bin/python() [0x6a8bf2]
frame #22: /workspace/vllm/.venv/bin/python() [0x581f37]
frame #23: _PyEval_EvalFrameDefault + 0x4c3a (0x5db0ba in /workspace/vllm/.venv/bin/python)
frame #24: /workspace/vllm/.venv/bin/python() [0x549d47]
frame #25: PyObject_CallMethodObjArgs + 0xe3 (0x54b5c3 in /workspace/vllm/.venv/bin/python)
frame #26: PyImport_ImportModuleLevelObject + 0x395 (0x5fd805 in /workspace/vllm/.venv/bin/python)
frame #27: _PyEval_EvalFrameDefault + 0x5eee (0x5dc36e in /workspace/vllm/.venv/bin/python)
frame #28: PyEval_EvalCode + 0x15b (0x5d543b in /workspace/vllm/.venv/bin/python)
frame #29: /workspace/vllm/.venv/bin/python() [0x5d322c]
frame #30: /workspace/vllm/.venv/bin/python() [0x581d1d]
frame #31: _PyEval_EvalFrameDefault + 0x4c3a (0x5db0ba in /workspace/vllm/.venv/bin/python)
frame #32: PyObject_CallOneArg + 0x4d (0x54a65d in /workspace/vllm/.venv/bin/python)
frame #33: /workspace/vllm/.venv/bin/python() [0x582e84]
frame #34: _PyObject_LookupAttr + 0x7a (0x584bea in /workspace/vllm/.venv/bin/python)
frame #35: /workspace/vllm/.venv/bin/python() [0x5d2b8a]
frame #36: _PyEval_EvalFrameDefault + 0x207d (0x5d84fd in /workspace/vllm/.venv/bin/python)
frame #37: /workspace/vllm/.venv/bin/python() [0x549d47]
frame #38: PyObject_CallMethodObjArgs + 0xe3 (0x54b5c3 in /workspace/vllm/.venv/bin/python)
frame #39: PyImport_ImportModuleLevelObject + 0x5eb (0x5fda5b in /workspace/vllm/.venv/bin/python)
frame #40: _PyEval_EvalFrameDefault + 0x5eee (0x5dc36e in /workspace/vllm/.venv/bin/python)
frame #41: PyEval_EvalCode + 0x15b (0x5d543b in /workspace/vllm/.venv/bin/python)
frame #42: /workspace/vllm/.venv/bin/python() [0x5d322c]
frame #43: /workspace/vllm/.venv/bin/python() [0x581d1d]
frame #44: _PyEval_EvalFrameDefault + 0x4c3a (0x5db0ba in /workspace/vllm/.venv/bin/python)
frame #45: /workspace/vllm/.venv/bin/python() [0x549d47]
frame #46: PyObject_CallMethodObjArgs + 0xe3 (0x54b5c3 in /workspace/vllm/.venv/bin/python)
frame #47: PyImport_ImportModuleLevelObject + 0x395 (0x5fd805 in /workspace/vllm/.venv/bin/python)
frame #48: _PyEval_EvalFrameDefault + 0x5eee (0x5dc36e in /workspace/vllm/.venv/bin/python)
frame #49: PyEval_EvalCode + 0x15b (0x5d543b in /workspace/vllm/.venv/bin/python)
frame #50: /workspace/vllm/.venv/bin/python() [0x5d322c]
frame #51: /workspace/vllm/.venv/bin/python() [0x581d1d]
frame #52: _PyEval_EvalFrameDefault + 0x4c3a (0x5db0ba in /workspace/vllm/.venv/bin/python)
frame #53: /workspace/vllm/.venv/bin/python() [0x549d47]
frame #54: PyObject_CallMethodObjArgs + 0xe3 (0x54b5c3 in /workspace/vllm/.venv/bin/python)
frame #55: PyImport_ImportModuleLevelObject + 0x395 (0x5fd805 in /workspace/vllm/.venv/bin/python)
frame #56: _PyEval_EvalFrameDefault + 0x5eee (0x5dc36e in /workspace/vllm/.venv/bin/python)
frame #57: PyEval_EvalCode + 0x15b (0x5d543b in /workspace/vllm/.venv/bin/python)
frame #58: /workspace/vllm/.venv/bin/python() [0x5d322c]
frame #59: /workspace/vllm/.venv/bin/python() [0x581d1d]
frame #60: _PyEval_EvalFrameDefault + 0x4c3a (0x5db0ba in /workspace/vllm/.venv/bin/python)
frame #61: /workspace/vllm/.venv/bin/python() [0x549d47]
frame #62: PyObject_CallMethodObjArgs + 0xe3 (0x54b5c3 in /workspace/vllm/.venv/bin/python)

[E708 10:55:37.584777296 shim_common.cpp:1458] Exception in aoti_torch: Tried to register an operator (_C::silu_and_mul_quant(Tensor($0! -> ) result, Tensor input, Tensor scale) -> ()) with the same name and overload name multiple times. Each overload's schema should only be registered with a single call to def(). Duplicate registration: registered at /workspace/csrc/libtorch_stable/torch_bindings.cpp:10. Original registration: registered at /workspace/csrc/torch_bindings.cpp:21
Exception raised from registerDef at /pytorch/aten/src/ATen/core/dispatch/Dispatcher.cpp:248 (most recent call first):
frame #0: c10::Error::Error(c10::SourceLocation, std::__cxx11::basic_string<char, std::char_traits<char>, std::allocator<char> >) + 0x9d (0x7ffff6b7205d in /workspace/vllm/.venv/lib/python3.12/site-packages/torch/lib/libc10.so)
frame #1: c10::detail::torchCheckFail(char const*, char const*, unsigned int, std::__cxx11::basic_string<char, std::char_traits<char>, std::allocator<char> > const&) + 0xc3 (0x7ffff6b066fd in /workspace/vllm/.venv/lib/python3.12/site-packages/torch/lib/libc10.so)
frame #2: c10::Dispatcher::registerDef(c10::FunctionSchema, std::__cxx11::basic_string<char, std::char_traits<char>, std::allocator<char> >, std::vector<at::Tag, std::allocator<at::Tag> >) + 0x35e (0x7fff0e6811fe in /workspace/vllm/.venv/lib/python3.12/site-packages/torch/lib/libtorch_cpu.so)
frame #3: torch::Library::_def(c10::FunctionSchema&&, c10::OperatorName*, std::vector<at::Tag, std::allocator<at::Tag> > const&, torch::_RegisterOrVerify) & + 0x514 (0x7fff0e6c2254 in /workspace/vllm/.venv/lib/python3.12/site-packages/torch/lib/libtorch_cpu.so)
frame #4: aoti_torch_library_def + 0x99 (0x7fff128d45b9 in /workspace/vllm/.venv/lib/python3.12/site-packages/torch/lib/libtorch_cpu.so)
frame #5: <unknown function> + 0x2bdb3c (0x7ffe8aebeb3c in /workspace/vllm/vllm/_C_stable_libtorch.abi3.so)
frame #6: <unknown function> + 0x2bf0ce (0x7ffe8aec00ce in /workspace/vllm/vllm/_C_stable_libtorch.abi3.so)
frame #7: <unknown function> + 0x279d92 (0x7ffe8ae7ad92 in /workspace/vllm/vllm/_C_stable_libtorch.abi3.so)
frame #8: <unknown function> + 0x571f (0x7ffff7fca71f in /lib64/ld-linux-x86-64.so.2)
frame #9: <unknown function> + 0x5824 (0x7ffff7fca824 in /lib64/ld-linux-x86-64.so.2)
frame #10: _dl_catch_exception + 0x132 (0x7ffff7fc65b2 in /lib64/ld-linux-x86-64.so.2)
frame #11: <unknown function> + 0xcd7c (0x7ffff7fd1d7c in /lib64/ld-linux-x86-64.so.2)
frame #12: _dl_catch_exception + 0x9c (0x7ffff7fc651c in /lib64/ld-linux-x86-64.so.2)
frame #13: <unknown function> + 0xd164 (0x7ffff7fd2164 in /lib64/ld-linux-x86-64.so.2)
frame #14: <unknown function> + 0x981a4 (0x7ffff7d0c1a4 in /usr/lib/x86_64-linux-gnu/libc.so.6)
frame #15: _dl_catch_exception + 0x9c (0x7ffff7fc651c in /lib64/ld-linux-x86-64.so.2)
frame #16: <unknown function> + 0x1669 (0x7ffff7fc6669 in /lib64/ld-linux-x86-64.so.2)
frame #17: <unknown function> + 0x97c83 (0x7ffff7d0bc83 in /usr/lib/x86_64-linux-gnu/libc.so.6)
frame #18: dlopen + 0x6f (0x7ffff7d0c25f in /usr/lib/x86_64-linux-gnu/libc.so.6)
frame #19: /workspace/vllm/.venv/bin/python() [0x6bc36c]
frame #20: /workspace/vllm/.venv/bin/python() [0x6a946a]
frame #21: /workspace/vllm/.venv/bin/python() [0x6a8bf2]
frame #22: /workspace/vllm/.venv/bin/python() [0x581f37]
frame #23: _PyEval_EvalFrameDefault + 0x4c3a (0x5db0ba in /workspace/vllm/.venv/bin/python)
frame #24: /workspace/vllm/.venv/bin/python() [0x549d47]
frame #25: PyObject_CallMethodObjArgs + 0xe3 (0x54b5c3 in /workspace/vllm/.venv/bin/python)
frame #26: PyImport_ImportModuleLevelObject + 0x395 (0x5fd805 in /workspace/vllm/.venv/bin/python)
frame #27: _PyEval_EvalFrameDefault + 0x5eee (0x5dc36e in /workspace/vllm/.venv/bin/python)
frame #28: PyEval_EvalCode + 0x15b (0x5d543b in /workspace/vllm/.venv/bin/python)
frame #29: /workspace/vllm/.venv/bin/python() [0x5d322c]
frame #30: /workspace/vllm/.venv/bin/python() [0x581d1d]
frame #31: _PyEval_EvalFrameDefault + 0x4c3a (0x5db0ba in /workspace/vllm/.venv/bin/python)
frame #32: PyObject_CallOneArg + 0x4d (0x54a65d in /workspace/vllm/.venv/bin/python)
frame #33: /workspace/vllm/.venv/bin/python() [0x582e84]
frame #34: _PyObject_LookupAttr + 0x7a (0x584bea in /workspace/vllm/.venv/bin/python)
frame #35: /workspace/vllm/.venv/bin/python() [0x5d2b8a]
frame #36: _PyEval_EvalFrameDefault + 0x207d (0x5d84fd in /workspace/vllm/.venv/bin/python)
frame #37: /workspace/vllm/.venv/bin/python() [0x549d47]
frame #38: PyObject_CallMethodObjArgs + 0xe3 (0x54b5c3 in /workspace/vllm/.venv/bin/python)
frame #39: PyImport_ImportModuleLevelObject + 0x5eb (0x5fda5b in /workspace/vllm/.venv/bin/python)
frame #40: _PyEval_EvalFrameDefault + 0x5eee (0x5dc36e in /workspace/vllm/.venv/bin/python)
frame #41: PyEval_EvalCode + 0x15b (0x5d543b in /workspace/vllm/.venv/bin/python)
frame #42: /workspace/vllm/.venv/bin/python() [0x5d322c]
frame #43: /workspace/vllm/.venv/bin/python() [0x581d1d]
frame #44: _PyEval_EvalFrameDefault + 0x4c3a (0x5db0ba in /workspace/vllm/.venv/bin/python)
frame #45: /workspace/vllm/.venv/bin/python() [0x549d47]
frame #46: PyObject_CallMethodObjArgs + 0xe3 (0x54b5c3 in /workspace/vllm/.venv/bin/python)
frame #47: PyImport_ImportModuleLevelObject + 0x395 (0x5fd805 in /workspace/vllm/.venv/bin/python)
frame #48: _PyEval_EvalFrameDefault + 0x5eee (0x5dc36e in /workspace/vllm/.venv/bin/python)
frame #49: PyEval_EvalCode + 0x15b (0x5d543b in /workspace/vllm/.venv/bin/python)
frame #50: /workspace/vllm/.venv/bin/python() [0x5d322c]
frame #51: /workspace/vllm/.venv/bin/python() [0x581d1d]
frame #52: _PyEval_EvalFrameDefault + 0x4c3a (0x5db0ba in /workspace/vllm/.venv/bin/python)
frame #53: /workspace/vllm/.venv/bin/python() [0x549d47]
frame #54: PyObject_CallMethodObjArgs + 0xe3 (0x54b5c3 in /workspace/vllm/.venv/bin/python)
frame #55: PyImport_ImportModuleLevelObject + 0x395 (0x5fd805 in /workspace/vllm/.venv/bin/python)
frame #56: _PyEval_EvalFrameDefault + 0x5eee (0x5dc36e in /workspace/vllm/.venv/bin/python)
frame #57: PyEval_EvalCode + 0x15b (0x5d543b in /workspace/vllm/.venv/bin/python)
frame #58: /workspace/vllm/.venv/bin/python() [0x5d322c]
frame #59: /workspace/vllm/.venv/bin/python() [0x581d1d]
frame #60: _PyEval_EvalFrameDefault + 0x4c3a (0x5db0ba in /workspace/vllm/.venv/bin/python)
frame #61: /workspace/vllm/.venv/bin/python() [0x549d47]
frame #62: PyObject_CallMethodObjArgs + 0xe3 (0x54b5c3 in /workspace/vllm/.venv/bin/python)

[W708 10:55:37.586918816 OperatorEntry.cpp:208] Warning: Warning only once for all operators,  other operators may also be overridden.
  Overriding a previously registered kernel for the same operator and the same dispatch key
  operator: _C::persistent_masked_m_silu_mul_quant(Tensor input, Tensor counts, Tensor($0! -> ) y_q, Tensor($1! -> ) y_s, bool use_ue8m0) -> ()
    registered at /workspace/csrc/torch_bindings.cpp:21
  dispatch key: CUDA
  previous kernel: registered at /workspace/csrc/torch_bindings.cpp:21
       new kernel: registered at /workspace/csrc/libtorch_stable/torch_bindings.cpp:603 (function operator())
[E708 10:55:37.591306196 shim_common.cpp:1458] Exception in aoti_torch: Tried to register an operator (_C::persistent_masked_m_silu_mul_quant(Tensor input, Tensor counts, Tensor($0! -> ) y_q, Tensor($1! -> ) y_s, bool use_ue8m0) -> ()) with the same name and overload name multiple times. Each overload's schema should only be registered with a single call to def(). Duplicate registration: registered at /workspace/csrc/libtorch_stable/torch_bindings.cpp:10. Original registration: registered at /workspace/csrc/torch_bindings.cpp:21
Exception raised from registerDef at /pytorch/aten/src/ATen/core/dispatch/Dispatcher.cpp:248 (most recent call first):
frame #0: c10::Error::Error(c10::SourceLocation, std::__cxx11::basic_string<char, std::char_traits<char>, std::allocator<char> >) + 0x9d (0x7ffff6b7205d in /workspace/vllm/.venv/lib/python3.12/site-packages/torch/lib/libc10.so)
frame #1: c10::detail::torchCheckFail(char const*, char const*, unsigned int, std::__cxx11::basic_string<char, std::char_traits<char>, std::allocator<char> > const&) + 0xc3 (0x7ffff6b066fd in /workspace/vllm/.venv/lib/python3.12/site-packages/torch/lib/libc10.so)
frame #2: c10::Dispatcher::registerDef(c10::FunctionSchema, std::__cxx11::basic_string<char, std::char_traits<char>, std::allocator<char> >, std::vector<at::Tag, std::allocator<at::Tag> >) + 0x35e (0x7fff0e6811fe in /workspace/vllm/.venv/lib/python3.12/site-packages/torch/lib/libtorch_cpu.so)
frame #3: torch::Library::_def(c10::FunctionSchema&&, c10::OperatorName*, std::vector<at::Tag, std::allocator<at::Tag> > const&, torch::_RegisterOrVerify) & + 0x514 (0x7fff0e6c2254 in /workspace/vllm/.venv/lib/python3.12/site-packages/torch/lib/libtorch_cpu.so)
frame #4: aoti_torch_library_def + 0x99 (0x7fff128d45b9 in /workspace/vllm/.venv/lib/python3.12/site-packages/torch/lib/libtorch_cpu.so)
frame #5: <unknown function> + 0x2bdaf1 (0x7ffe8aebeaf1 in /workspace/vllm/vllm/_C_stable_libtorch.abi3.so)
frame #6: <unknown function> + 0x2bf0ce (0x7ffe8aec00ce in /workspace/vllm/vllm/_C_stable_libtorch.abi3.so)
frame #7: <unknown function> + 0x279d92 (0x7ffe8ae7ad92 in /workspace/vllm/vllm/_C_stable_libtorch.abi3.so)
frame #8: <unknown function> + 0x571f (0x7ffff7fca71f in /lib64/ld-linux-x86-64.so.2)
frame #9: <unknown function> + 0x5824 (0x7ffff7fca824 in /lib64/ld-linux-x86-64.so.2)
frame #10: _dl_catch_exception + 0x132 (0x7ffff7fc65b2 in /lib64/ld-linux-x86-64.so.2)
frame #11: <unknown function> + 0xcd7c (0x7ffff7fd1d7c in /lib64/ld-linux-x86-64.so.2)
frame #12: _dl_catch_exception + 0x9c (0x7ffff7fc651c in /lib64/ld-linux-x86-64.so.2)
frame #13: <unknown function> + 0xd164 (0x7ffff7fd2164 in /lib64/ld-linux-x86-64.so.2)
frame #14: <unknown function> + 0x981a4 (0x7ffff7d0c1a4 in /usr/lib/x86_64-linux-gnu/libc.so.6)
frame #15: _dl_catch_exception + 0x9c (0x7ffff7fc651c in /lib64/ld-linux-x86-64.so.2)
frame #16: <unknown function> + 0x1669 (0x7ffff7fc6669 in /lib64/ld-linux-x86-64.so.2)
frame #17: <unknown function> + 0x97c83 (0x7ffff7d0bc83 in /usr/lib/x86_64-linux-gnu/libc.so.6)
frame #18: dlopen + 0x6f (0x7ffff7d0c25f in /usr/lib/x86_64-linux-gnu/libc.so.6)
frame #19: /workspace/vllm/.venv/bin/python() [0x6bc36c]
frame #20: /workspace/vllm/.venv/bin/python() [0x6a946a]
frame #21: /workspace/vllm/.venv/bin/python() [0x6a8bf2]
frame #22: /workspace/vllm/.venv/bin/python() [0x581f37]
frame #23: _PyEval_EvalFrameDefault + 0x4c3a (0x5db0ba in /workspace/vllm/.venv/bin/python)
frame #24: /workspace/vllm/.venv/bin/python() [0x549d47]
frame #25: PyObject_CallMethodObjArgs + 0xe3 (0x54b5c3 in /workspace/vllm/.venv/bin/python)
frame #26: PyImport_ImportModuleLevelObject + 0x395 (0x5fd805 in /workspace/vllm/.venv/bin/python)
frame #27: _PyEval_EvalFrameDefault + 0x5eee (0x5dc36e in /workspace/vllm/.venv/bin/python)
frame #28: PyEval_EvalCode + 0x15b (0x5d543b in /workspace/vllm/.venv/bin/python)
frame #29: /workspace/vllm/.venv/bin/python() [0x5d322c]
frame #30: /workspace/vllm/.venv/bin/python() [0x581d1d]
frame #31: _PyEval_EvalFrameDefault + 0x4c3a (0x5db0ba in /workspace/vllm/.venv/bin/python)
frame #32: PyObject_CallOneArg + 0x4d (0x54a65d in /workspace/vllm/.venv/bin/python)
frame #33: /workspace/vllm/.venv/bin/python() [0x582e84]
frame #34: _PyObject_LookupAttr + 0x7a (0x584bea in /workspace/vllm/.venv/bin/python)
frame #35: /workspace/vllm/.venv/bin/python() [0x5d2b8a]
frame #36: _PyEval_EvalFrameDefault + 0x207d (0x5d84fd in /workspace/vllm/.venv/bin/python)
frame #37: /workspace/vllm/.venv/bin/python() [0x549d47]
frame #38: PyObject_CallMethodObjArgs + 0xe3 (0x54b5c3 in /workspace/vllm/.venv/bin/python)
frame #39: PyImport_ImportModuleLevelObject + 0x5eb (0x5fda5b in /workspace/vllm/.venv/bin/python)
frame #40: _PyEval_EvalFrameDefault + 0x5eee (0x5dc36e in /workspace/vllm/.venv/bin/python)
frame #41: PyEval_EvalCode + 0x15b (0x5d543b in /workspace/vllm/.venv/bin/python)
frame #42: /workspace/vllm/.venv/bin/python() [0x5d322c]
frame #43: /workspace/vllm/.venv/bin/python() [0x581d1d]
frame #44: _PyEval_EvalFrameDefault + 0x4c3a (0x5db0ba in /workspace/vllm/.venv/bin/python)
frame #45: /workspace/vllm/.venv/bin/python() [0x549d47]
frame #46: PyObject_CallMethodObjArgs + 0xe3 (0x54b5c3 in /workspace/vllm/.venv/bin/python)
frame #47: PyImport_ImportModuleLevelObject + 0x395 (0x5fd805 in /workspace/vllm/.venv/bin/python)
frame #48: _PyEval_EvalFrameDefault + 0x5eee (0x5dc36e in /workspace/vllm/.venv/bin/python)
frame #49: PyEval_EvalCode + 0x15b (0x5d543b in /workspace/vllm/.venv/bin/python)
frame #50: /workspace/vllm/.venv/bin/python() [0x5d322c]
frame #51: /workspace/vllm/.venv/bin/python() [0x581d1d]
frame #52: _PyEval_EvalFrameDefault + 0x4c3a (0x5db0ba in /workspace/vllm/.venv/bin/python)
frame #53: /workspace/vllm/.venv/bin/python() [0x549d47]
frame #54: PyObject_CallMethodObjArgs + 0xe3 (0x54b5c3 in /workspace/vllm/.venv/bin/python)
frame #55: PyImport_ImportModuleLevelObject + 0x395 (0x5fd805 in /workspace/vllm/.venv/bin/python)
frame #56: _PyEval_EvalFrameDefault + 0x5eee (0x5dc36e in /workspace/vllm/.venv/bin/python)
frame #57: PyEval_EvalCode + 0x15b (0x5d543b in /workspace/vllm/.venv/bin/python)
frame #58: /workspace/vllm/.venv/bin/python() [0x5d322c]
frame #59: /workspace/vllm/.venv/bin/python() [0x581d1d]
frame #60: _PyEval_EvalFrameDefault + 0x4c3a (0x5db0ba in /workspace/vllm/.venv/bin/python)
frame #61: /workspace/vllm/.venv/bin/python() [0x549d47]
frame #62: PyObject_CallMethodObjArgs + 0xe3 (0x54b5c3 in /workspace/vllm/.venv/bin/python)

[E708 10:55:37.593280129 shim_common.cpp:1458] Exception in aoti_torch: Tried to register an operator (_C::weak_ref_tensor(Tensor input) -> Tensor) with the same name and overload name multiple times. Each overload's schema should only be registered with a single call to def(). Duplicate registration: registered at /workspace/csrc/libtorch_stable/torch_bindings.cpp:10. Original registration: registered at /workspace/csrc/torch_bindings.cpp:21
Exception raised from registerDef at /pytorch/aten/src/ATen/core/dispatch/Dispatcher.cpp:248 (most recent call first):
frame #0: c10::Error::Error(c10::SourceLocation, std::__cxx11::basic_string<char, std::char_traits<char>, std::allocator<char> >) + 0x9d (0x7ffff6b7205d in /workspace/vllm/.venv/lib/python3.12/site-packages/torch/lib/libc10.so)
frame #1: c10::detail::torchCheckFail(char const*, char const*, unsigned int, std::__cxx11::basic_string<char, std::char_traits<char>, std::allocator<char> > const&) + 0xc3 (0x7ffff6b066fd in /workspace/vllm/.venv/lib/python3.12/site-packages/torch/lib/libc10.so)
frame #2: c10::Dispatcher::registerDef(c10::FunctionSchema, std::__cxx11::basic_string<char, std::char_traits<char>, std::allocator<char> >, std::vector<at::Tag, std::allocator<at::Tag> >) + 0x35e (0x7fff0e6811fe in /workspace/vllm/.venv/lib/python3.12/site-packages/torch/lib/libtorch_cpu.so)
frame #3: torch::Library::_def(c10::FunctionSchema&&, c10::OperatorName*, std::vector<at::Tag, std::allocator<at::Tag> > const&, torch::_RegisterOrVerify) & + 0x514 (0x7fff0e6c2254 in /workspace/vllm/.venv/lib/python3.12/site-packages/torch/lib/libtorch_cpu.so)
frame #4: aoti_torch_library_def + 0x99 (0x7fff128d45b9 in /workspace/vllm/.venv/lib/python3.12/site-packages/torch/lib/libtorch_cpu.so)
frame #5: <unknown function> + 0x2bdb00 (0x7ffe8aebeb00 in /workspace/vllm/vllm/_C_stable_libtorch.abi3.so)
frame #6: <unknown function> + 0x2bf0ce (0x7ffe8aec00ce in /workspace/vllm/vllm/_C_stable_libtorch.abi3.so)
frame #7: <unknown function> + 0x279d92 (0x7ffe8ae7ad92 in /workspace/vllm/vllm/_C_stable_libtorch.abi3.so)
frame #8: <unknown function> + 0x571f (0x7ffff7fca71f in /lib64/ld-linux-x86-64.so.2)
frame #9: <unknown function> + 0x5824 (0x7ffff7fca824 in /lib64/ld-linux-x86-64.so.2)
frame #10: _dl_catch_exception + 0x132 (0x7ffff7fc65b2 in /lib64/ld-linux-x86-64.so.2)
frame #11: <unknown function> + 0xcd7c (0x7ffff7fd1d7c in /lib64/ld-linux-x86-64.so.2)
frame #12: _dl_catch_exception + 0x9c (0x7ffff7fc651c in /lib64/ld-linux-x86-64.so.2)
frame #13: <unknown function> + 0xd164 (0x7ffff7fd2164 in /lib64/ld-linux-x86-64.so.2)
frame #14: <unknown function> + 0x981a4 (0x7ffff7d0c1a4 in /usr/lib/x86_64-linux-gnu/libc.so.6)
frame #15: _dl_catch_exception + 0x9c (0x7ffff7fc651c in /lib64/ld-linux-x86-64.so.2)
frame #16: <unknown function> + 0x1669 (0x7ffff7fc6669 in /lib64/ld-linux-x86-64.so.2)
frame #17: <unknown function> + 0x97c83 (0x7ffff7d0bc83 in /usr/lib/x86_64-linux-gnu/libc.so.6)
frame #18: dlopen + 0x6f (0x7ffff7d0c25f in /usr/lib/x86_64-linux-gnu/libc.so.6)
frame #19: /workspace/vllm/.venv/bin/python() [0x6bc36c]
frame #20: /workspace/vllm/.venv/bin/python() [0x6a946a]
frame #21: /workspace/vllm/.venv/bin/python() [0x6a8bf2]
frame #22: /workspace/vllm/.venv/bin/python() [0x581f37]
frame #23: _PyEval_EvalFrameDefault + 0x4c3a (0x5db0ba in /workspace/vllm/.venv/bin/python)
frame #24: /workspace/vllm/.venv/bin/python() [0x549d47]
frame #25: PyObject_CallMethodObjArgs + 0xe3 (0x54b5c3 in /workspace/vllm/.venv/bin/python)
frame #26: PyImport_ImportModuleLevelObject + 0x395 (0x5fd805 in /workspace/vllm/.venv/bin/python)
frame #27: _PyEval_EvalFrameDefault + 0x5eee (0x5dc36e in /workspace/vllm/.venv/bin/python)
frame #28: PyEval_EvalCode + 0x15b (0x5d543b in /workspace/vllm/.venv/bin/python)
frame #29: /workspace/vllm/.venv/bin/python() [0x5d322c]
frame #30: /workspace/vllm/.venv/bin/python() [0x581d1d]
frame #31: _PyEval_EvalFrameDefault + 0x4c3a (0x5db0ba in /workspace/vllm/.venv/bin/python)
frame #32: PyObject_CallOneArg + 0x4d (0x54a65d in /workspace/vllm/.venv/bin/python)
frame #33: /workspace/vllm/.venv/bin/python() [0x582e84]
frame #34: _PyObject_LookupAttr + 0x7a (0x584bea in /workspace/vllm/.venv/bin/python)
frame #35: /workspace/vllm/.venv/bin/python() [0x5d2b8a]
frame #36: _PyEval_EvalFrameDefault + 0x207d (0x5d84fd in /workspace/vllm/.venv/bin/python)
frame #37: /workspace/vllm/.venv/bin/python() [0x549d47]
frame #38: PyObject_CallMethodObjArgs + 0xe3 (0x54b5c3 in /workspace/vllm/.venv/bin/python)
frame #39: PyImport_ImportModuleLevelObject + 0x5eb (0x5fda5b in /workspace/vllm/.venv/bin/python)
frame #40: _PyEval_EvalFrameDefault + 0x5eee (0x5dc36e in /workspace/vllm/.venv/bin/python)
frame #41: PyEval_EvalCode + 0x15b (0x5d543b in /workspace/vllm/.venv/bin/python)
frame #42: /workspace/vllm/.venv/bin/python() [0x5d322c]
frame #43: /workspace/vllm/.venv/bin/python() [0x581d1d]
frame #44: _PyEval_EvalFrameDefault + 0x4c3a (0x5db0ba in /workspace/vllm/.venv/bin/python)
frame #45: /workspace/vllm/.venv/bin/python() [0x549d47]
frame #46: PyObject_CallMethodObjArgs + 0xe3 (0x54b5c3 in /workspace/vllm/.venv/bin/python)
frame #47: PyImport_ImportModuleLevelObject + 0x395 (0x5fd805 in /workspace/vllm/.venv/bin/python)
frame #48: _PyEval_EvalFrameDefault + 0x5eee (0x5dc36e in /workspace/vllm/.venv/bin/python)
frame #49: PyEval_EvalCode + 0x15b (0x5d543b in /workspace/vllm/.venv/bin/python)
frame #50: /workspace/vllm/.venv/bin/python() [0x5d322c]
frame #51: /workspace/vllm/.venv/bin/python() [0x581d1d]
frame #52: _PyEval_EvalFrameDefault + 0x4c3a (0x5db0ba in /workspace/vllm/.venv/bin/python)
frame #53: /workspace/vllm/.venv/bin/python() [0x549d47]
frame #54: PyObject_CallMethodObjArgs + 0xe3 (0x54b5c3 in /workspace/vllm/.venv/bin/python)
frame #55: PyImport_ImportModuleLevelObject + 0x395 (0x5fd805 in /workspace/vllm/.venv/bin/python)
frame #56: _PyEval_EvalFrameDefault + 0x5eee (0x5dc36e in /workspace/vllm/.venv/bin/python)
frame #57: PyEval_EvalCode + 0x15b (0x5d543b in /workspace/vllm/.venv/bin/python)
frame #58: /workspace/vllm/.venv/bin/python() [0x5d322c]
frame #59: /workspace/vllm/.venv/bin/python() [0x581d1d]
frame #60: _PyEval_EvalFrameDefault + 0x4c3a (0x5db0ba in /workspace/vllm/.venv/bin/python)
frame #61: /workspace/vllm/.venv/bin/python() [0x549d47]
frame #62: PyObject_CallMethodObjArgs + 0xe3 (0x54b5c3 in /workspace/vllm/.venv/bin/python)

[E708 10:55:37.595252271 shim_common.cpp:1458] Exception in aoti_torch: Tried to register an operator (_C::silu_and_mul_quant(Tensor($0! -> ) result, Tensor input, Tensor scale) -> ()) with the same name and overload name multiple times. Each overload's schema should only be registered with a single call to def(). Duplicate registration: registered at /workspace/csrc/libtorch_stable/torch_bindings.cpp:10. Original registration: registered at /workspace/csrc/torch_bindings.cpp:21
Exception raised from registerDef at /pytorch/aten/src/ATen/core/dispatch/Dispatcher.cpp:248 (most recent call first):
frame #0: c10::Error::Error(c10::SourceLocation, std::__cxx11::basic_string<char, std::char_traits<char>, std::allocator<char> >) + 0x9d (0x7ffff6b7205d in /workspace/vllm/.venv/lib/python3.12/site-packages/torch/lib/libc10.so)
frame #1: c10::detail::torchCheckFail(char const*, char const*, unsigned int, std::__cxx11::basic_string<char, std::char_traits<char>, std::allocator<char> > const&) + 0xc3 (0x7ffff6b066fd in /workspace/vllm/.venv/lib/python3.12/site-packages/torch/lib/libc10.so)
frame #2: c10::Dispatcher::registerDef(c10::FunctionSchema, std::__cxx11::basic_string<char, std::char_traits<char>, std::allocator<char> >, std::vector<at::Tag, std::allocator<at::Tag> >) + 0x35e (0x7fff0e6811fe in /workspace/vllm/.venv/lib/python3.12/site-packages/torch/lib/libtorch_cpu.so)
frame #3: torch::Library::_def(c10::FunctionSchema&&, c10::OperatorName*, std::vector<at::Tag, std::allocator<at::Tag> > const&, torch::_RegisterOrVerify) & + 0x514 (0x7fff0e6c2254 in /workspace/vllm/.venv/lib/python3.12/site-packages/torch/lib/libtorch_cpu.so)
frame #4: aoti_torch_library_def + 0x99 (0x7fff128d45b9 in /workspace/vllm/.venv/lib/python3.12/site-packages/torch/lib/libtorch_cpu.so)
frame #5: <unknown function> + 0x2bdb3c (0x7ffe8aebeb3c in /workspace/vllm/vllm/_C_stable_libtorch.abi3.so)
frame #6: <unknown function> + 0x2bf0ce (0x7ffe8aec00ce in /workspace/vllm/vllm/_C_stable_libtorch.abi3.so)
frame #7: <unknown function> + 0x279d92 (0x7ffe8ae7ad92 in /workspace/vllm/vllm/_C_stable_libtorch.abi3.so)
frame #8: <unknown function> + 0x571f (0x7ffff7fca71f in /lib64/ld-linux-x86-64.so.2)
frame #9: <unknown function> + 0x5824 (0x7ffff7fca824 in /lib64/ld-linux-x86-64.so.2)
frame #10: _dl_catch_exception + 0x132 (0x7ffff7fc65b2 in /lib64/ld-linux-x86-64.so.2)
frame #11: <unknown function> + 0xcd7c (0x7ffff7fd1d7c in /lib64/ld-linux-x86-64.so.2)
frame #12: _dl_catch_exception + 0x9c (0x7ffff7fc651c in /lib64/ld-linux-x86-64.so.2)
frame #13: <unknown function> + 0xd164 (0x7ffff7fd2164 in /lib64/ld-linux-x86-64.so.2)
frame #14: <unknown function> + 0x981a4 (0x7ffff7d0c1a4 in /usr/lib/x86_64-linux-gnu/libc.so.6)
frame #15: _dl_catch_exception + 0x9c (0x7ffff7fc651c in /lib64/ld-linux-x86-64.so.2)
frame #16: <unknown function> + 0x1669 (0x7ffff7fc6669 in /lib64/ld-linux-x86-64.so.2)
frame #17: <unknown function> + 0x97c83 (0x7ffff7d0bc83 in /usr/lib/x86_64-linux-gnu/libc.so.6)
frame #18: dlopen + 0x6f (0x7ffff7d0c25f in /usr/lib/x86_64-linux-gnu/libc.so.6)
frame #19: /workspace/vllm/.venv/bin/python() [0x6bc36c]
frame #20: /workspace/vllm/.venv/bin/python() [0x6a946a]
frame #21: /workspace/vllm/.venv/bin/python() [0x6a8bf2]
frame #22: /workspace/vllm/.venv/bin/python() [0x581f37]
frame #23: _PyEval_EvalFrameDefault + 0x4c3a (0x5db0ba in /workspace/vllm/.venv/bin/python)
frame #24: /workspace/vllm/.venv/bin/python() [0x549d47]
frame #25: PyObject_CallMethodObjArgs + 0xe3 (0x54b5c3 in /workspace/vllm/.venv/bin/python)
frame #26: PyImport_ImportModuleLevelObject + 0x395 (0x5fd805 in /workspace/vllm/.venv/bin/python)
frame #27: _PyEval_EvalFrameDefault + 0x5eee (0x5dc36e in /workspace/vllm/.venv/bin/python)
frame #28: PyEval_EvalCode + 0x15b (0x5d543b in /workspace/vllm/.venv/bin/python)
frame #29: /workspace/vllm/.venv/bin/python() [0x5d322c]
frame #30: /workspace/vllm/.venv/bin/python() [0x581d1d]
frame #31: _PyEval_EvalFrameDefault + 0x4c3a (0x5db0ba in /workspace/vllm/.venv/bin/python)
frame #32: PyObject_CallOneArg + 0x4d (0x54a65d in /workspace/vllm/.venv/bin/python)
frame #33: /workspace/vllm/.venv/bin/python() [0x582e84]
frame #34: _PyObject_LookupAttr + 0x7a (0x584bea in /workspace/vllm/.venv/bin/python)
frame #35: /workspace/vllm/.venv/bin/python() [0x5d2b8a]
frame #36: _PyEval_EvalFrameDefault + 0x207d (0x5d84fd in /workspace/vllm/.venv/bin/python)
frame #37: /workspace/vllm/.venv/bin/python() [0x549d47]
frame #38: PyObject_CallMethodObjArgs + 0xe3 (0x54b5c3 in /workspace/vllm/.venv/bin/python)
frame #39: PyImport_ImportModuleLevelObject + 0x5eb (0x5fda5b in /workspace/vllm/.venv/bin/python)
frame #40: _PyEval_EvalFrameDefault + 0x5eee (0x5dc36e in /workspace/vllm/.venv/bin/python)
frame #41: PyEval_EvalCode + 0x15b (0x5d543b in /workspace/vllm/.venv/bin/python)
frame #42: /workspace/vllm/.venv/bin/python() [0x5d322c]
frame #43: /workspace/vllm/.venv/bin/python() [0x581d1d]
frame #44: _PyEval_EvalFrameDefault + 0x4c3a (0x5db0ba in /workspace/vllm/.venv/bin/python)
frame #45: /workspace/vllm/.venv/bin/python() [0x549d47]
frame #46: PyObject_CallMethodObjArgs + 0xe3 (0x54b5c3 in /workspace/vllm/.venv/bin/python)
frame #47: PyImport_ImportModuleLevelObject + 0x395 (0x5fd805 in /workspace/vllm/.venv/bin/python)
frame #48: _PyEval_EvalFrameDefault + 0x5eee (0x5dc36e in /workspace/vllm/.venv/bin/python)
frame #49: PyEval_EvalCode + 0x15b (0x5d543b in /workspace/vllm/.venv/bin/python)
frame #50: /workspace/vllm/.venv/bin/python() [0x5d322c]
frame #51: /workspace/vllm/.venv/bin/python() [0x581d1d]
frame #52: _PyEval_EvalFrameDefault + 0x4c3a (0x5db0ba in /workspace/vllm/.venv/bin/python)
frame #53: /workspace/vllm/.venv/bin/python() [0x549d47]
frame #54: PyObject_CallMethodObjArgs + 0xe3 (0x54b5c3 in /workspace/vllm/.venv/bin/python)
frame #55: PyImport_ImportModuleLevelObject + 0x395 (0x5fd805 in /workspace/vllm/.venv/bin/python)
frame #56: _PyEval_EvalFrameDefault + 0x5eee (0x5dc36e in /workspace/vllm/.venv/bin/python)
frame #57: PyEval_EvalCode + 0x15b (0x5d543b in /workspace/vllm/.venv/bin/python)
frame #58: /workspace/vllm/.venv/bin/python() [0x5d322c]
frame #59: /workspace/vllm/.venv/bin/python() [0x581d1d]
frame #60: _PyEval_EvalFrameDefault + 0x4c3a (0x5db0ba in /workspace/vllm/.venv/bin/python)
frame #61: /workspace/vllm/.venv/bin/python() [0x549d47]
frame #62: PyObject_CallMethodObjArgs + 0xe3 (0x54b5c3 in /workspace/vllm/.venv/bin/python)

[W708 10:55:37.597419057 OperatorEntry.cpp:208] Warning: Warning only once for all operators,  other operators may also be overridden.
  Overriding a previously registered kernel for the same operator and the same dispatch key
  operator: _C::persistent_masked_m_silu_mul_quant(Tensor input, Tensor counts, Tensor($0! -> ) y_q, Tensor($1! -> ) y_s, bool use_ue8m0) -> ()
    registered at /workspace/csrc/torch_bindings.cpp:21
  dispatch key: CUDA
  previous kernel: registered at /workspace/csrc/torch_bindings.cpp:21
       new kernel: registered at /workspace/csrc/libtorch_stable/torch_bindings.cpp:603 (function operator())
[E708 10:55:37.637217281 shim_common.cpp:1458] Exception in aoti_torch: Tried to register an operator (_C::persistent_masked_m_silu_mul_quant(Tensor input, Tensor counts, Tensor($0! -> ) y_q, Tensor($1! -> ) y_s, bool use_ue8m0) -> ()) with the same name and overload name multiple times. Each overload's schema should only be registered with a single call to def(). Duplicate registration: registered at /workspace/csrc/libtorch_stable/torch_bindings.cpp:10. Original registration: registered at /workspace/csrc/torch_bindings.cpp:21
Exception raised from registerDef at /pytorch/aten/src/ATen/core/dispatch/Dispatcher.cpp:248 (most recent call first):
frame #0: c10::Error::Error(c10::SourceLocation, std::__cxx11::basic_string<char, std::char_traits<char>, std::allocator<char> >) + 0x9d (0x7ffff6b7205d in /workspace/vllm/.venv/lib/python3.12/site-packages/torch/lib/libc10.so)
frame #1: c10::detail::torchCheckFail(char const*, char const*, unsigned int, std::__cxx11::basic_string<char, std::char_traits<char>, std::allocator<char> > const&) + 0xc3 (0x7ffff6b066fd in /workspace/vllm/.venv/lib/python3.12/site-packages/torch/lib/libc10.so)
frame #2: c10::Dispatcher::registerDef(c10::FunctionSchema, std::__cxx11::basic_string<char, std::char_traits<char>, std::allocator<char> >, std::vector<at::Tag, std::allocator<at::Tag> >) + 0x35e (0x7fff0e6811fe in /workspace/vllm/.venv/lib/python3.12/site-packages/torch/lib/libtorch_cpu.so)
frame #3: torch::Library::_def(c10::FunctionSchema&&, c10::OperatorName*, std::vector<at::Tag, std::allocator<at::Tag> > const&, torch::_RegisterOrVerify) & + 0x514 (0x7fff0e6c2254 in /workspace/vllm/.venv/lib/python3.12/site-packages/torch/lib/libtorch_cpu.so)
frame #4: aoti_torch_library_def + 0x99 (0x7fff128d45b9 in /workspace/vllm/.venv/lib/python3.12/site-packages/torch/lib/libtorch_cpu.so)
frame #5: <unknown function> + 0x2bdaf1 (0x7ffe8aebeaf1 in /workspace/vllm/vllm/_C_stable_libtorch.abi3.so)
frame #6: <unknown function> + 0x2bf0ce (0x7ffe8aec00ce in /workspace/vllm/vllm/_C_stable_libtorch.abi3.so)
frame #7: <unknown function> + 0x279d92 (0x7ffe8ae7ad92 in /workspace/vllm/vllm/_C_stable_libtorch.abi3.so)
frame #8: <unknown function> + 0x571f (0x7ffff7fca71f in /lib64/ld-linux-x86-64.so.2)
frame #9: <unknown function> + 0x5824 (0x7ffff7fca824 in /lib64/ld-linux-x86-64.so.2)
frame #10: _dl_catch_exception + 0x132 (0x7ffff7fc65b2 in /lib64/ld-linux-x86-64.so.2)
frame #11: <unknown function> + 0xcd7c (0x7ffff7fd1d7c in /lib64/ld-linux-x86-64.so.2)
frame #12: _dl_catch_exception + 0x9c (0x7ffff7fc651c in /lib64/ld-linux-x86-64.so.2)
frame #13: <unknown function> + 0xd164 (0x7ffff7fd2164 in /lib64/ld-linux-x86-64.so.2)
frame #14: <unknown function> + 0x981a4 (0x7ffff7d0c1a4 in /usr/lib/x86_64-linux-gnu/libc.so.6)
frame #15: _dl_catch_exception + 0x9c (0x7ffff7fc651c in /lib64/ld-linux-x86-64.so.2)
frame #16: <unknown function> + 0x1669 (0x7ffff7fc6669 in /lib64/ld-linux-x86-64.so.2)
frame #17: <unknown function> + 0x97c83 (0x7ffff7d0bc83 in /usr/lib/x86_64-linux-gnu/libc.so.6)
frame #18: dlopen + 0x6f (0x7ffff7d0c25f in /usr/lib/x86_64-linux-gnu/libc.so.6)
frame #19: /workspace/vllm/.venv/bin/python() [0x6bc36c]
frame #20: /workspace/vllm/.venv/bin/python() [0x6a946a]
frame #21: /workspace/vllm/.venv/bin/python() [0x6a8bf2]
frame #22: /workspace/vllm/.venv/bin/python() [0x581f37]
frame #23: _PyEval_EvalFrameDefault + 0x4c3a (0x5db0ba in /workspace/vllm/.venv/bin/python)
frame #24: /workspace/vllm/.venv/bin/python() [0x549d47]
frame #25: PyObject_CallMethodObjArgs + 0xe3 (0x54b5c3 in /workspace/vllm/.venv/bin/python)
frame #26: PyImport_ImportModuleLevelObject + 0x395 (0x5fd805 in /workspace/vllm/.venv/bin/python)
frame #27: _PyEval_EvalFrameDefault + 0x5eee (0x5dc36e in /workspace/vllm/.venv/bin/python)
frame #28: PyEval_EvalCode + 0x15b (0x5d543b in /workspace/vllm/.venv/bin/python)
frame #29: /workspace/vllm/.venv/bin/python() [0x5d322c]
frame #30: /workspace/vllm/.venv/bin/python() [0x581d1d]
frame #31: _PyEval_EvalFrameDefault + 0x4c3a (0x5db0ba in /workspace/vllm/.venv/bin/python)
frame #32: PyObject_CallOneArg + 0x4d (0x54a65d in /workspace/vllm/.venv/bin/python)
frame #33: /workspace/vllm/.venv/bin/python() [0x582e84]
frame #34: _PyObject_LookupAttr + 0x7a (0x584bea in /workspace/vllm/.venv/bin/python)
frame #35: /workspace/vllm/.venv/bin/python() [0x5d2b8a]
frame #36: _PyEval_EvalFrameDefault + 0x207d (0x5d84fd in /workspace/vllm/.venv/bin/python)
frame #37: /workspace/vllm/.venv/bin/python() [0x549d47]
frame #38: PyObject_CallMethodObjArgs + 0xe3 (0x54b5c3 in /workspace/vllm/.venv/bin/python)
frame #39: PyImport_ImportModuleLevelObject + 0x5eb (0x5fda5b in /workspace/vllm/.venv/bin/python)
frame #40: _PyEval_EvalFrameDefault + 0x5eee (0x5dc36e in /workspace/vllm/.venv/bin/python)
frame #41: PyEval_EvalCode + 0x15b (0x5d543b in /workspace/vllm/.venv/bin/python)
frame #42: /workspace/vllm/.venv/bin/python() [0x5d322c]
frame #43: /workspace/vllm/.venv/bin/python() [0x581d1d]
frame #44: _PyEval_EvalFrameDefault + 0x4c3a (0x5db0ba in /workspace/vllm/.venv/bin/python)
frame #45: /workspace/vllm/.venv/bin/python() [0x549d47]
frame #46: PyObject_CallMethodObjArgs + 0xe3 (0x54b5c3 in /workspace/vllm/.venv/bin/python)
frame #47: PyImport_ImportModuleLevelObject + 0x395 (0x5fd805 in /workspace/vllm/.venv/bin/python)
frame #48: _PyEval_EvalFrameDefault + 0x5eee (0x5dc36e in /workspace/vllm/.venv/bin/python)
frame #49: PyEval_EvalCode + 0x15b (0x5d543b in /workspace/vllm/.venv/bin/python)
frame #50: /workspace/vllm/.venv/bin/python() [0x5d322c]
frame #51: /workspace/vllm/.venv/bin/python() [0x581d1d]
frame #52: _PyEval_EvalFrameDefault + 0x4c3a (0x5db0ba in /workspace/vllm/.venv/bin/python)
frame #53: /workspace/vllm/.venv/bin/python() [0x549d47]
frame #54: PyObject_CallMethodObjArgs + 0xe3 (0x54b5c3 in /workspace/vllm/.venv/bin/python)
frame #55: PyImport_ImportModuleLevelObject + 0x395 (0x5fd805 in /workspace/vllm/.venv/bin/python)
frame #56: _PyEval_EvalFrameDefault + 0x5eee (0x5dc36e in /workspace/vllm/.venv/bin/python)
frame #57: PyEval_EvalCode + 0x15b (0x5d543b in /workspace/vllm/.venv/bin/python)
frame #58: /workspace/vllm/.venv/bin/python() [0x5d322c]
frame #59: /workspace/vllm/.venv/bin/python() [0x581d1d]
frame #60: _PyEval_EvalFrameDefault + 0x4c3a (0x5db0ba in /workspace/vllm/.venv/bin/python)
frame #61: /workspace/vllm/.venv/bin/python() [0x549d47]
frame #62: PyObject_CallMethodObjArgs + 0xe3 (0x54b5c3 in /workspace/vllm/.venv/bin/python)

[E708 10:55:37.639218313 shim_common.cpp:1458] Exception in aoti_torch: Tried to register an operator (_C::weak_ref_tensor(Tensor input) -> Tensor) with the same name and overload name multiple times. Each overload's schema should only be registered with a single call to def(). Duplicate registration: registered at /workspace/csrc/libtorch_stable/torch_bindings.cpp:10. Original registration: registered at /workspace/csrc/torch_bindings.cpp:21
Exception raised from registerDef at /pytorch/aten/src/ATen/core/dispatch/Dispatcher.cpp:248 (most recent call first):
frame #0: c10::Error::Error(c10::SourceLocation, std::__cxx11::basic_string<char, std::char_traits<char>, std::allocator<char> >) + 0x9d (0x7ffff6b7205d in /workspace/vllm/.venv/lib/python3.12/site-packages/torch/lib/libc10.so)
frame #1: c10::detail::torchCheckFail(char const*, char const*, unsigned int, std::__cxx11::basic_string<char, std::char_traits<char>, std::allocator<char> > const&) + 0xc3 (0x7ffff6b066fd in /workspace/vllm/.venv/lib/python3.12/site-packages/torch/lib/libc10.so)
frame #2: c10::Dispatcher::registerDef(c10::FunctionSchema, std::__cxx11::basic_string<char, std::char_traits<char>, std::allocator<char> >, std::vector<at::Tag, std::allocator<at::Tag> >) + 0x35e (0x7fff0e6811fe in /workspace/vllm/.venv/lib/python3.12/site-packages/torch/lib/libtorch_cpu.so)
frame #3: torch::Library::_def(c10::FunctionSchema&&, c10::OperatorName*, std::vector<at::Tag, std::allocator<at::Tag> > const&, torch::_RegisterOrVerify) & + 0x514 (0x7fff0e6c2254 in /workspace/vllm/.venv/lib/python3.12/site-packages/torch/lib/libtorch_cpu.so)
frame #4: aoti_torch_library_def + 0x99 (0x7fff128d45b9 in /workspace/vllm/.venv/lib/python3.12/site-packages/torch/lib/libtorch_cpu.so)
frame #5: <unknown function> + 0x2bdb00 (0x7ffe8aebeb00 in /workspace/vllm/vllm/_C_stable_libtorch.abi3.so)
frame #6: <unknown function> + 0x2bf0ce (0x7ffe8aec00ce in /workspace/vllm/vllm/_C_stable_libtorch.abi3.so)
frame #7: <unknown function> + 0x279d92 (0x7ffe8ae7ad92 in /workspace/vllm/vllm/_C_stable_libtorch.abi3.so)
frame #8: <unknown function> + 0x571f (0x7ffff7fca71f in /lib64/ld-linux-x86-64.so.2)
frame #9: <unknown function> + 0x5824 (0x7ffff7fca824 in /lib64/ld-linux-x86-64.so.2)
frame #10: _dl_catch_exception + 0x132 (0x7ffff7fc65b2 in /lib64/ld-linux-x86-64.so.2)
frame #11: <unknown function> + 0xcd7c (0x7ffff7fd1d7c in /lib64/ld-linux-x86-64.so.2)
frame #12: _dl_catch_exception + 0x9c (0x7ffff7fc651c in /lib64/ld-linux-x86-64.so.2)
frame #13: <unknown function> + 0xd164 (0x7ffff7fd2164 in /lib64/ld-linux-x86-64.so.2)
frame #14: <unknown function> + 0x981a4 (0x7ffff7d0c1a4 in /usr/lib/x86_64-linux-gnu/libc.so.6)
frame #15: _dl_catch_exception + 0x9c (0x7ffff7fc651c in /lib64/ld-linux-x86-64.so.2)
frame #16: <unknown function> + 0x1669 (0x7ffff7fc6669 in /lib64/ld-linux-x86-64.so.2)
frame #17: <unknown function> + 0x97c83 (0x7ffff7d0bc83 in /usr/lib/x86_64-linux-gnu/libc.so.6)
frame #18: dlopen + 0x6f (0x7ffff7d0c25f in /usr/lib/x86_64-linux-gnu/libc.so.6)
frame #19: /workspace/vllm/.venv/bin/python() [0x6bc36c]
frame #20: /workspace/vllm/.venv/bin/python() [0x6a946a]
frame #21: /workspace/vllm/.venv/bin/python() [0x6a8bf2]
frame #22: /workspace/vllm/.venv/bin/python() [0x581f37]
frame #23: _PyEval_EvalFrameDefault + 0x4c3a (0x5db0ba in /workspace/vllm/.venv/bin/python)
frame #24: /workspace/vllm/.venv/bin/python() [0x549d47]
frame #25: PyObject_CallMethodObjArgs + 0xe3 (0x54b5c3 in /workspace/vllm/.venv/bin/python)
frame #26: PyImport_ImportModuleLevelObject + 0x395 (0x5fd805 in /workspace/vllm/.venv/bin/python)
frame #27: _PyEval_EvalFrameDefault + 0x5eee (0x5dc36e in /workspace/vllm/.venv/bin/python)
frame #28: PyEval_EvalCode + 0x15b (0x5d543b in /workspace/vllm/.venv/bin/python)
frame #29: /workspace/vllm/.venv/bin/python() [0x5d322c]
frame #30: /workspace/vllm/.venv/bin/python() [0x581d1d]
frame #31: _PyEval_EvalFrameDefault + 0x4c3a (0x5db0ba in /workspace/vllm/.venv/bin/python)
frame #32: PyObject_CallOneArg + 0x4d (0x54a65d in /workspace/vllm/.venv/bin/python)
frame #33: /workspace/vllm/.venv/bin/python() [0x582e84]
frame #34: _PyObject_LookupAttr + 0x7a (0x584bea in /workspace/vllm/.venv/bin/python)
frame #35: /workspace/vllm/.venv/bin/python() [0x5d2b8a]
frame #36: _PyEval_EvalFrameDefault + 0x207d (0x5d84fd in /workspace/vllm/.venv/bin/python)
frame #37: /workspace/vllm/.venv/bin/python() [0x549d47]
frame #38: PyObject_CallMethodObjArgs + 0xe3 (0x54b5c3 in /workspace/vllm/.venv/bin/python)
frame #39: PyImport_ImportModuleLevelObject + 0x5eb (0x5fda5b in /workspace/vllm/.venv/bin/python)
frame #40: _PyEval_EvalFrameDefault + 0x5eee (0x5dc36e in /workspace/vllm/.venv/bin/python)
frame #41: PyEval_EvalCode + 0x15b (0x5d543b in /workspace/vllm/.venv/bin/python)
frame #42: /workspace/vllm/.venv/bin/python() [0x5d322c]
frame #43: /workspace/vllm/.venv/bin/python() [0x581d1d]
frame #44: _PyEval_EvalFrameDefault + 0x4c3a (0x5db0ba in /workspace/vllm/.venv/bin/python)
frame #45: /workspace/vllm/.venv/bin/python() [0x549d47]
frame #46: PyObject_CallMethodObjArgs + 0xe3 (0x54b5c3 in /workspace/vllm/.venv/bin/python)
frame #47: PyImport_ImportModuleLevelObject + 0x395 (0x5fd805 in /workspace/vllm/.venv/bin/python)
frame #48: _PyEval_EvalFrameDefault + 0x5eee (0x5dc36e in /workspace/vllm/.venv/bin/python)
frame #49: PyEval_EvalCode + 0x15b (0x5d543b in /workspace/vllm/.venv/bin/python)
frame #50: /workspace/vllm/.venv/bin/python() [0x5d322c]
frame #51: /workspace/vllm/.venv/bin/python() [0x581d1d]
frame #52: _PyEval_EvalFrameDefault + 0x4c3a (0x5db0ba in /workspace/vllm/.venv/bin/python)
frame #53: /workspace/vllm/.venv/bin/python() [0x549d47]
frame #54: PyObject_CallMethodObjArgs + 0xe3 (0x54b5c3 in /workspace/vllm/.venv/bin/python)
frame #55: PyImport_ImportModuleLevelObject + 0x395 (0x5fd805 in /workspace/vllm/.venv/bin/python)
frame #56: _PyEval_EvalFrameDefault + 0x5eee (0x5dc36e in /workspace/vllm/.venv/bin/python)
frame #57: PyEval_EvalCode + 0x15b (0x5d543b in /workspace/vllm/.venv/bin/python)
frame #58: /workspace/vllm/.venv/bin/python() [0x5d322c]
frame #59: /workspace/vllm/.venv/bin/python() [0x581d1d]
frame #60: _PyEval_EvalFrameDefault + 0x4c3a (0x5db0ba in /workspace/vllm/.venv/bin/python)
frame #61: /workspace/vllm/.venv/bin/python() [0x549d47]
frame #62: PyObject_CallMethodObjArgs + 0xe3 (0x54b5c3 in /workspace/vllm/.venv/bin/python)

[E708 10:55:37.641201140 shim_common.cpp:1458] Exception in aoti_torch: Tried to register an operator (_C::silu_and_mul_quant(Tensor($0! -> ) result, Tensor input, Tensor scale) -> ()) with the same name and overload name multiple times. Each overload's schema should only be registered with a single call to def(). Duplicate registration: registered at /workspace/csrc/libtorch_stable/torch_bindings.cpp:10. Original registration: registered at /workspace/csrc/torch_bindings.cpp:21
Exception raised from registerDef at /pytorch/aten/src/ATen/core/dispatch/Dispatcher.cpp:248 (most recent call first):
frame #0: c10::Error::Error(c10::SourceLocation, std::__cxx11::basic_string<char, std::char_traits<char>, std::allocator<char> >) + 0x9d (0x7ffff6b7205d in /workspace/vllm/.venv/lib/python3.12/site-packages/torch/lib/libc10.so)
frame #1: c10::detail::torchCheckFail(char const*, char const*, unsigned int, std::__cxx11::basic_string<char, std::char_traits<char>, std::allocator<char> > const&) + 0xc3 (0x7ffff6b066fd in /workspace/vllm/.venv/lib/python3.12/site-packages/torch/lib/libc10.so)
frame #2: c10::Dispatcher::registerDef(c10::FunctionSchema, std::__cxx11::basic_string<char, std::char_traits<char>, std::allocator<char> >, std::vector<at::Tag, std::allocator<at::Tag> >) + 0x35e (0x7fff0e6811fe in /workspace/vllm/.venv/lib/python3.12/site-packages/torch/lib/libtorch_cpu.so)
frame #3: torch::Library::_def(c10::FunctionSchema&&, c10::OperatorName*, std::vector<at::Tag, std::allocator<at::Tag> > const&, torch::_RegisterOrVerify) & + 0x514 (0x7fff0e6c2254 in /workspace/vllm/.venv/lib/python3.12/site-packages/torch/lib/libtorch_cpu.so)
frame #4: aoti_torch_library_def + 0x99 (0x7fff128d45b9 in /workspace/vllm/.venv/lib/python3.12/site-packages/torch/lib/libtorch_cpu.so)
frame #5: <unknown function> + 0x2bdb3c (0x7ffe8aebeb3c in /workspace/vllm/vllm/_C_stable_libtorch.abi3.so)
frame #6: <unknown function> + 0x2bf0ce (0x7ffe8aec00ce in /workspace/vllm/vllm/_C_stable_libtorch.abi3.so)
frame #7: <unknown function> + 0x279d92 (0x7ffe8ae7ad92 in /workspace/vllm/vllm/_C_stable_libtorch.abi3.so)
frame #8: <unknown function> + 0x571f (0x7ffff7fca71f in /lib64/ld-linux-x86-64.so.2)
frame #9: <unknown function> + 0x5824 (0x7ffff7fca824 in /lib64/ld-linux-x86-64.so.2)
frame #10: _dl_catch_exception + 0x132 (0x7ffff7fc65b2 in /lib64/ld-linux-x86-64.so.2)
frame #11: <unknown function> + 0xcd7c (0x7ffff7fd1d7c in /lib64/ld-linux-x86-64.so.2)
frame #12: _dl_catch_exception + 0x9c (0x7ffff7fc651c in /lib64/ld-linux-x86-64.so.2)
frame #13: <unknown function> + 0xd164 (0x7ffff7fd2164 in /lib64/ld-linux-x86-64.so.2)
frame #14: <unknown function> + 0x981a4 (0x7ffff7d0c1a4 in /usr/lib/x86_64-linux-gnu/libc.so.6)
frame #15: _dl_catch_exception + 0x9c (0x7ffff7fc651c in /lib64/ld-linux-x86-64.so.2)
frame #16: <unknown function> + 0x1669 (0x7ffff7fc6669 in /lib64/ld-linux-x86-64.so.2)
frame #17: <unknown function> + 0x97c83 (0x7ffff7d0bc83 in /usr/lib/x86_64-linux-gnu/libc.so.6)
frame #18: dlopen + 0x6f (0x7ffff7d0c25f in /usr/lib/x86_64-linux-gnu/libc.so.6)
frame #19: /workspace/vllm/.venv/bin/python() [0x6bc36c]
frame #20: /workspace/vllm/.venv/bin/python() [0x6a946a]
frame #21: /workspace/vllm/.venv/bin/python() [0x6a8bf2]
frame #22: /workspace/vllm/.venv/bin/python() [0x581f37]
frame #23: _PyEval_EvalFrameDefault + 0x4c3a (0x5db0ba in /workspace/vllm/.venv/bin/python)
frame #24: /workspace/vllm/.venv/bin/python() [0x549d47]
frame #25: PyObject_CallMethodObjArgs + 0xe3 (0x54b5c3 in /workspace/vllm/.venv/bin/python)
frame #26: PyImport_ImportModuleLevelObject + 0x395 (0x5fd805 in /workspace/vllm/.venv/bin/python)
frame #27: _PyEval_EvalFrameDefault + 0x5eee (0x5dc36e in /workspace/vllm/.venv/bin/python)
frame #28: PyEval_EvalCode + 0x15b (0x5d543b in /workspace/vllm/.venv/bin/python)
frame #29: /workspace/vllm/.venv/bin/python() [0x5d322c]
frame #30: /workspace/vllm/.venv/bin/python() [0x581d1d]
frame #31: _PyEval_EvalFrameDefault + 0x4c3a (0x5db0ba in /workspace/vllm/.venv/bin/python)
frame #32: PyObject_CallOneArg + 0x4d (0x54a65d in /workspace/vllm/.venv/bin/python)
frame #33: /workspace/vllm/.venv/bin/python() [0x582e84]
frame #34: _PyObject_LookupAttr + 0x7a (0x584bea in /workspace/vllm/.venv/bin/python)
frame #35: /workspace/vllm/.venv/bin/python() [0x5d2b8a]
frame #36: _PyEval_EvalFrameDefault + 0x207d (0x5d84fd in /workspace/vllm/.venv/bin/python)
frame #37: /workspace/vllm/.venv/bin/python() [0x549d47]
frame #38: PyObject_CallMethodObjArgs + 0xe3 (0x54b5c3 in /workspace/vllm/.venv/bin/python)
frame #39: PyImport_ImportModuleLevelObject + 0x5eb (0x5fda5b in /workspace/vllm/.venv/bin/python)
frame #40: _PyEval_EvalFrameDefault + 0x5eee (0x5dc36e in /workspace/vllm/.venv/bin/python)
frame #41: PyEval_EvalCode + 0x15b (0x5d543b in /workspace/vllm/.venv/bin/python)
frame #42: /workspace/vllm/.venv/bin/python() [0x5d322c]
frame #43: /workspace/vllm/.venv/bin/python() [0x581d1d]
frame #44: _PyEval_EvalFrameDefault + 0x4c3a (0x5db0ba in /workspace/vllm/.venv/bin/python)
frame #45: /workspace/vllm/.venv/bin/python() [0x549d47]
frame #46: PyObject_CallMethodObjArgs + 0xe3 (0x54b5c3 in /workspace/vllm/.venv/bin/python)
frame #47: PyImport_ImportModuleLevelObject + 0x395 (0x5fd805 in /workspace/vllm/.venv/bin/python)
frame #48: _PyEval_EvalFrameDefault + 0x5eee (0x5dc36e in /workspace/vllm/.venv/bin/python)
frame #49: PyEval_EvalCode + 0x15b (0x5d543b in /workspace/vllm/.venv/bin/python)
frame #50: /workspace/vllm/.venv/bin/python() [0x5d322c]
frame #51: /workspace/vllm/.venv/bin/python() [0x581d1d]
frame #52: _PyEval_EvalFrameDefault + 0x4c3a (0x5db0ba in /workspace/vllm/.venv/bin/python)
frame #53: /workspace/vllm/.venv/bin/python() [0x549d47]
frame #54: PyObject_CallMethodObjArgs + 0xe3 (0x54b5c3 in /workspace/vllm/.venv/bin/python)
frame #55: PyImport_ImportModuleLevelObject + 0x395 (0x5fd805 in /workspace/vllm/.venv/bin/python)
frame #56: _PyEval_EvalFrameDefault + 0x5eee (0x5dc36e in /workspace/vllm/.venv/bin/python)
frame #57: PyEval_EvalCode + 0x15b (0x5d543b in /workspace/vllm/.venv/bin/python)
frame #58: /workspace/vllm/.venv/bin/python() [0x5d322c]
frame #59: /workspace/vllm/.venv/bin/python() [0x581d1d]
frame #60: _PyEval_EvalFrameDefault + 0x4c3a (0x5db0ba in /workspace/vllm/.venv/bin/python)
frame #61: /workspace/vllm/.venv/bin/python() [0x549d47]
frame #62: PyObject_CallMethodObjArgs + 0xe3 (0x54b5c3 in /workspace/vllm/.venv/bin/python)

[W708 10:55:37.643363536 OperatorEntry.cpp:208] Warning: Warning only once for all operators,  other operators may also be overridden.
  Overriding a previously registered kernel for the same operator and the same dispatch key
  operator: _C::persistent_masked_m_silu_mul_quant(Tensor input, Tensor counts, Tensor($0! -> ) y_q, Tensor($1! -> ) y_s, bool use_ue8m0) -> ()
    registered at /workspace/csrc/torch_bindings.cpp:21
  dispatch key: CUDA
  previous kernel: registered at /workspace/csrc/torch_bindings.cpp:21
       new kernel: registered at /workspace/csrc/libtorch_stable/torch_bindings.cpp:603 (function operator())
[E708 10:55:37.805840227 shim_common.cpp:1458] Exception in aoti_torch: Tried to register an operator (_C::persistent_masked_m_silu_mul_quant(Tensor input, Tensor counts, Tensor($0! -> ) y_q, Tensor($1! -> ) y_s, bool use_ue8m0) -> ()) with the same name and overload name multiple times. Each overload's schema should only be registered with a single call to def(). Duplicate registration: registered at /workspace/csrc/libtorch_stable/torch_bindings.cpp:10. Original registration: registered at /workspace/csrc/torch_bindings.cpp:21
Exception raised from registerDef at /pytorch/aten/src/ATen/core/dispatch/Dispatcher.cpp:248 (most recent call first):
frame #0: c10::Error::Error(c10::SourceLocation, std::__cxx11::basic_string<char, std::char_traits<char>, std::allocator<char> >) + 0x9d (0x7ffff6b7205d in /workspace/vllm/.venv/lib/python3.12/site-packages/torch/lib/libc10.so)
frame #1: c10::detail::torchCheckFail(char const*, char const*, unsigned int, std::__cxx11::basic_string<char, std::char_traits<char>, std::allocator<char> > const&) + 0xc3 (0x7ffff6b066fd in /workspace/vllm/.venv/lib/python3.12/site-packages/torch/lib/libc10.so)
frame #2: c10::Dispatcher::registerDef(c10::FunctionSchema, std::__cxx11::basic_string<char, std::char_traits<char>, std::allocator<char> >, std::vector<at::Tag, std::allocator<at::Tag> >) + 0x35e (0x7fff0e6811fe in /workspace/vllm/.venv/lib/python3.12/site-packages/torch/lib/libtorch_cpu.so)
frame #3: torch::Library::_def(c10::FunctionSchema&&, c10::OperatorName*, std::vector<at::Tag, std::allocator<at::Tag> > const&, torch::_RegisterOrVerify) & + 0x514 (0x7fff0e6c2254 in /workspace/vllm/.venv/lib/python3.12/site-packages/torch/lib/libtorch_cpu.so)
frame #4: aoti_torch_library_def + 0x99 (0x7fff128d45b9 in /workspace/vllm/.venv/lib/python3.12/site-packages/torch/lib/libtorch_cpu.so)
frame #5: <unknown function> + 0x2bdaf1 (0x7ffe8aebeaf1 in /workspace/vllm/vllm/_C_stable_libtorch.abi3.so)
frame #6: <unknown function> + 0x2bf0ce (0x7ffe8aec00ce in /workspace/vllm/vllm/_C_stable_libtorch.abi3.so)
frame #7: <unknown function> + 0x279d92 (0x7ffe8ae7ad92 in /workspace/vllm/vllm/_C_stable_libtorch.abi3.so)
frame #8: <unknown function> + 0x571f (0x7ffff7fca71f in /lib64/ld-linux-x86-64.so.2)
frame #9: <unknown function> + 0x5824 (0x7ffff7fca824 in /lib64/ld-linux-x86-64.so.2)
frame #10: _dl_catch_exception + 0x132 (0x7ffff7fc65b2 in /lib64/ld-linux-x86-64.so.2)
frame #11: <unknown function> + 0xcd7c (0x7ffff7fd1d7c in /lib64/ld-linux-x86-64.so.2)
frame #12: _dl_catch_exception + 0x9c (0x7ffff7fc651c in /lib64/ld-linux-x86-64.so.2)
frame #13: <unknown function> + 0xd164 (0x7ffff7fd2164 in /lib64/ld-linux-x86-64.so.2)
frame #14: <unknown function> + 0x981a4 (0x7ffff7d0c1a4 in /usr/lib/x86_64-linux-gnu/libc.so.6)
frame #15: _dl_catch_exception + 0x9c (0x7ffff7fc651c in /lib64/ld-linux-x86-64.so.2)
frame #16: <unknown function> + 0x1669 (0x7ffff7fc6669 in /lib64/ld-linux-x86-64.so.2)
frame #17: <unknown function> + 0x97c83 (0x7ffff7d0bc83 in /usr/lib/x86_64-linux-gnu/libc.so.6)
frame #18: dlopen + 0x6f (0x7ffff7d0c25f in /usr/lib/x86_64-linux-gnu/libc.so.6)
frame #19: /workspace/vllm/.venv/bin/python() [0x6bc36c]
frame #20: /workspace/vllm/.venv/bin/python() [0x6a946a]
frame #21: /workspace/vllm/.venv/bin/python() [0x6a8bf2]
frame #22: /workspace/vllm/.venv/bin/python() [0x581f37]
frame #23: _PyEval_EvalFrameDefault + 0x4c3a (0x5db0ba in /workspace/vllm/.venv/bin/python)
frame #24: /workspace/vllm/.venv/bin/python() [0x549d47]
frame #25: PyObject_CallMethodObjArgs + 0xe3 (0x54b5c3 in /workspace/vllm/.venv/bin/python)
frame #26: PyImport_ImportModuleLevelObject + 0x395 (0x5fd805 in /workspace/vllm/.venv/bin/python)
frame #27: _PyEval_EvalFrameDefault + 0x5eee (0x5dc36e in /workspace/vllm/.venv/bin/python)
frame #28: PyEval_EvalCode + 0x15b (0x5d543b in /workspace/vllm/.venv/bin/python)
frame #29: /workspace/vllm/.venv/bin/python() [0x5d322c]
frame #30: /workspace/vllm/.venv/bin/python() [0x581d1d]
frame #31: _PyEval_EvalFrameDefault + 0x4c3a (0x5db0ba in /workspace/vllm/.venv/bin/python)
frame #32: PyObject_CallOneArg + 0x4d (0x54a65d in /workspace/vllm/.venv/bin/python)
frame #33: /workspace/vllm/.venv/bin/python() [0x582e84]
frame #34: _PyObject_LookupAttr + 0x7a (0x584bea in /workspace/vllm/.venv/bin/python)
frame #35: /workspace/vllm/.venv/bin/python() [0x5d2b8a]
frame #36: _PyEval_EvalFrameDefault + 0x207d (0x5d84fd in /workspace/vllm/.venv/bin/python)
frame #37: /workspace/vllm/.venv/bin/python() [0x549d47]
frame #38: PyObject_CallMethodObjArgs + 0xe3 (0x54b5c3 in /workspace/vllm/.venv/bin/python)
frame #39: PyImport_ImportModuleLevelObject + 0x5eb (0x5fda5b in /workspace/vllm/.venv/bin/python)
frame #40: _PyEval_EvalFrameDefault + 0x5eee (0x5dc36e in /workspace/vllm/.venv/bin/python)
frame #41: PyEval_EvalCode + 0x15b (0x5d543b in /workspace/vllm/.venv/bin/python)
frame #42: /workspace/vllm/.venv/bin/python() [0x5d322c]
frame #43: /workspace/vllm/.venv/bin/python() [0x581d1d]
frame #44: _PyEval_EvalFrameDefault + 0x4c3a (0x5db0ba in /workspace/vllm/.venv/bin/python)
frame #45: /workspace/vllm/.venv/bin/python() [0x549d47]
frame #46: PyObject_CallMethodObjArgs + 0xe3 (0x54b5c3 in /workspace/vllm/.venv/bin/python)
frame #47: PyImport_ImportModuleLevelObject + 0x395 (0x5fd805 in /workspace/vllm/.venv/bin/python)
frame #48: _PyEval_EvalFrameDefault + 0x5eee (0x5dc36e in /workspace/vllm/.venv/bin/python)
frame #49: PyEval_EvalCode + 0x15b (0x5d543b in /workspace/vllm/.venv/bin/python)
frame #50: /workspace/vllm/.venv/bin/python() [0x5d322c]
frame #51: /workspace/vllm/.venv/bin/python() [0x581d1d]
frame #52: _PyEval_EvalFrameDefault + 0x4c3a (0x5db0ba in /workspace/vllm/.venv/bin/python)
frame #53: /workspace/vllm/.venv/bin/python() [0x549d47]
frame #54: PyObject_CallMethodObjArgs + 0xe3 (0x54b5c3 in /workspace/vllm/.venv/bin/python)
frame #55: PyImport_ImportModuleLevelObject + 0x395 (0x5fd805 in /workspace/vllm/.venv/bin/python)
frame #56: _PyEval_EvalFrameDefault + 0x5eee (0x5dc36e in /workspace/vllm/.venv/bin/python)
frame #57: PyEval_EvalCode + 0x15b (0x5d543b in /workspace/vllm/.venv/bin/python)
frame #58: /workspace/vllm/.venv/bin/python() [0x5d322c]
frame #59: /workspace/vllm/.venv/bin/python() [0x581d1d]
frame #60: _PyEval_EvalFrameDefault + 0x4c3a (0x5db0ba in /workspace/vllm/.venv/bin/python)
frame #61: /workspace/vllm/.venv/bin/python() [0x549d47]
frame #62: PyObject_CallMethodObjArgs + 0xe3 (0x54b5c3 in /workspace/vllm/.venv/bin/python)

[E708 10:55:37.807823986 shim_common.cpp:1458] Exception in aoti_torch: Tried to register an operator (_C::weak_ref_tensor(Tensor input) -> Tensor) with the same name and overload name multiple times. Each overload's schema should only be registered with a single call to def(). Duplicate registration: registered at /workspace/csrc/libtorch_stable/torch_bindings.cpp:10. Original registration: registered at /workspace/csrc/torch_bindings.cpp:21
Exception raised from registerDef at /pytorch/aten/src/ATen/core/dispatch/Dispatcher.cpp:248 (most recent call first):
frame #0: c10::Error::Error(c10::SourceLocation, std::__cxx11::basic_string<char, std::char_traits<char>, std::allocator<char> >) + 0x9d (0x7ffff6b7205d in /workspace/vllm/.venv/lib/python3.12/site-packages/torch/lib/libc10.so)
frame #1: c10::detail::torchCheckFail(char const*, char const*, unsigned int, std::__cxx11::basic_string<char, std::char_traits<char>, std::allocator<char> > const&) + 0xc3 (0x7ffff6b066fd in /workspace/vllm/.venv/lib/python3.12/site-packages/torch/lib/libc10.so)
frame #2: c10::Dispatcher::registerDef(c10::FunctionSchema, std::__cxx11::basic_string<char, std::char_traits<char>, std::allocator<char> >, std::vector<at::Tag, std::allocator<at::Tag> >) + 0x35e (0x7fff0e6811fe in /workspace/vllm/.venv/lib/python3.12/site-packages/torch/lib/libtorch_cpu.so)
frame #3: torch::Library::_def(c10::FunctionSchema&&, c10::OperatorName*, std::vector<at::Tag, std::allocator<at::Tag> > const&, torch::_RegisterOrVerify) & + 0x514 (0x7fff0e6c2254 in /workspace/vllm/.venv/lib/python3.12/site-packages/torch/lib/libtorch_cpu.so)
frame #4: aoti_torch_library_def + 0x99 (0x7fff128d45b9 in /workspace/vllm/.venv/lib/python3.12/site-packages/torch/lib/libtorch_cpu.so)
frame #5: <unknown function> + 0x2bdb00 (0x7ffe8aebeb00 in /workspace/vllm/vllm/_C_stable_libtorch.abi3.so)
frame #6: <unknown function> + 0x2bf0ce (0x7ffe8aec00ce in /workspace/vllm/vllm/_C_stable_libtorch.abi3.so)
frame #7: <unknown function> + 0x279d92 (0x7ffe8ae7ad92 in /workspace/vllm/vllm/_C_stable_libtorch.abi3.so)
frame #8: <unknown function> + 0x571f (0x7ffff7fca71f in /lib64/ld-linux-x86-64.so.2)
frame #9: <unknown function> + 0x5824 (0x7ffff7fca824 in /lib64/ld-linux-x86-64.so.2)
frame #10: _dl_catch_exception + 0x132 (0x7ffff7fc65b2 in /lib64/ld-linux-x86-64.so.2)
frame #11: <unknown function> + 0xcd7c (0x7ffff7fd1d7c in /lib64/ld-linux-x86-64.so.2)
frame #12: _dl_catch_exception + 0x9c (0x7ffff7fc651c in /lib64/ld-linux-x86-64.so.2)
frame #13: <unknown function> + 0xd164 (0x7ffff7fd2164 in /lib64/ld-linux-x86-64.so.2)
frame #14: <unknown function> + 0x981a4 (0x7ffff7d0c1a4 in /usr/lib/x86_64-linux-gnu/libc.so.6)
frame #15: _dl_catch_exception + 0x9c (0x7ffff7fc651c in /lib64/ld-linux-x86-64.so.2)
frame #16: <unknown function> + 0x1669 (0x7ffff7fc6669 in /lib64/ld-linux-x86-64.so.2)
frame #17: <unknown function> + 0x97c83 (0x7ffff7d0bc83 in /usr/lib/x86_64-linux-gnu/libc.so.6)
frame #18: dlopen + 0x6f (0x7ffff7d0c25f in /usr/lib/x86_64-linux-gnu/libc.so.6)
frame #19: /workspace/vllm/.venv/bin/python() [0x6bc36c]
frame #20: /workspace/vllm/.venv/bin/python() [0x6a946a]
frame #21: /workspace/vllm/.venv/bin/python() [0x6a8bf2]
frame #22: /workspace/vllm/.venv/bin/python() [0x581f37]
frame #23: _PyEval_EvalFrameDefault + 0x4c3a (0x5db0ba in /workspace/vllm/.venv/bin/python)
frame #24: /workspace/vllm/.venv/bin/python() [0x549d47]
frame #25: PyObject_CallMethodObjArgs + 0xe3 (0x54b5c3 in /workspace/vllm/.venv/bin/python)
frame #26: PyImport_ImportModuleLevelObject + 0x395 (0x5fd805 in /workspace/vllm/.venv/bin/python)
frame #27: _PyEval_EvalFrameDefault + 0x5eee (0x5dc36e in /workspace/vllm/.venv/bin/python)
frame #28: PyEval_EvalCode + 0x15b (0x5d543b in /workspace/vllm/.venv/bin/python)
frame #29: /workspace/vllm/.venv/bin/python() [0x5d322c]
frame #30: /workspace/vllm/.venv/bin/python() [0x581d1d]
frame #31: _PyEval_EvalFrameDefault + 0x4c3a (0x5db0ba in /workspace/vllm/.venv/bin/python)
frame #32: PyObject_CallOneArg + 0x4d (0x54a65d in /workspace/vllm/.venv/bin/python)
frame #33: /workspace/vllm/.venv/bin/python() [0x582e84]
frame #34: _PyObject_LookupAttr + 0x7a (0x584bea in /workspace/vllm/.venv/bin/python)
frame #35: /workspace/vllm/.venv/bin/python() [0x5d2b8a]
frame #36: _PyEval_EvalFrameDefault + 0x207d (0x5d84fd in /workspace/vllm/.venv/bin/python)
frame #37: /workspace/vllm/.venv/bin/python() [0x549d47]
frame #38: PyObject_CallMethodObjArgs + 0xe3 (0x54b5c3 in /workspace/vllm/.venv/bin/python)
frame #39: PyImport_ImportModuleLevelObject + 0x5eb (0x5fda5b in /workspace/vllm/.venv/bin/python)
frame #40: _PyEval_EvalFrameDefault + 0x5eee (0x5dc36e in /workspace/vllm/.venv/bin/python)
frame #41: PyEval_EvalCode + 0x15b (0x5d543b in /workspace/vllm/.venv/bin/python)
frame #42: /workspace/vllm/.venv/bin/python() [0x5d322c]
frame #43: /workspace/vllm/.venv/bin/python() [0x581d1d]
frame #44: _PyEval_EvalFrameDefault + 0x4c3a (0x5db0ba in /workspace/vllm/.venv/bin/python)
frame #45: /workspace/vllm/.venv/bin/python() [0x549d47]
frame #46: PyObject_CallMethodObjArgs + 0xe3 (0x54b5c3 in /workspace/vllm/.venv/bin/python)
frame #47: PyImport_ImportModuleLevelObject + 0x395 (0x5fd805 in /workspace/vllm/.venv/bin/python)
frame #48: _PyEval_EvalFrameDefault + 0x5eee (0x5dc36e in /workspace/vllm/.venv/bin/python)
frame #49: PyEval_EvalCode + 0x15b (0x5d543b in /workspace/vllm/.venv/bin/python)
frame #50: /workspace/vllm/.venv/bin/python() [0x5d322c]
frame #51: /workspace/vllm/.venv/bin/python() [0x581d1d]
frame #52: _PyEval_EvalFrameDefault + 0x4c3a (0x5db0ba in /workspace/vllm/.venv/bin/python)
frame #53: /workspace/vllm/.venv/bin/python() [0x549d47]
frame #54: PyObject_CallMethodObjArgs + 0xe3 (0x54b5c3 in /workspace/vllm/.venv/bin/python)
frame #55: PyImport_ImportModuleLevelObject + 0x395 (0x5fd805 in /workspace/vllm/.venv/bin/python)
frame #56: _PyEval_EvalFrameDefault + 0x5eee (0x5dc36e in /workspace/vllm/.venv/bin/python)
frame #57: PyEval_EvalCode + 0x15b (0x5d543b in /workspace/vllm/.venv/bin/python)
frame #58: /workspace/vllm/.venv/bin/python() [0x5d322c]
frame #59: /workspace/vllm/.venv/bin/python() [0x581d1d]
frame #60: _PyEval_EvalFrameDefault + 0x4c3a (0x5db0ba in /workspace/vllm/.venv/bin/python)
frame #61: /workspace/vllm/.venv/bin/python() [0x549d47]
frame #62: PyObject_CallMethodObjArgs + 0xe3 (0x54b5c3 in /workspace/vllm/.venv/bin/python)

[E708 10:55:37.809801045 shim_common.cpp:1458] Exception in aoti_torch: Tried to register an operator (_C::silu_and_mul_quant(Tensor($0! -> ) result, Tensor input, Tensor scale) -> ()) with the same name and overload name multiple times. Each overload's schema should only be registered with a single call to def(). Duplicate registration: registered at /workspace/csrc/libtorch_stable/torch_bindings.cpp:10. Original registration: registered at /workspace/csrc/torch_bindings.cpp:21
Exception raised from registerDef at /pytorch/aten/src/ATen/core/dispatch/Dispatcher.cpp:248 (most recent call first):
frame #0: c10::Error::Error(c10::SourceLocation, std::__cxx11::basic_string<char, std::char_traits<char>, std::allocator<char> >) + 0x9d (0x7ffff6b7205d in /workspace/vllm/.venv/lib/python3.12/site-packages/torch/lib/libc10.so)
frame #1: c10::detail::torchCheckFail(char const*, char const*, unsigned int, std::__cxx11::basic_string<char, std::char_traits<char>, std::allocator<char> > const&) + 0xc3 (0x7ffff6b066fd in /workspace/vllm/.venv/lib/python3.12/site-packages/torch/lib/libc10.so)
frame #2: c10::Dispatcher::registerDef(c10::FunctionSchema, std::__cxx11::basic_string<char, std::char_traits<char>, std::allocator<char> >, std::vector<at::Tag, std::allocator<at::Tag> >) + 0x35e (0x7fff0e6811fe in /workspace/vllm/.venv/lib/python3.12/site-packages/torch/lib/libtorch_cpu.so)
frame #3: torch::Library::_def(c10::FunctionSchema&&, c10::OperatorName*, std::vector<at::Tag, std::allocator<at::Tag> > const&, torch::_RegisterOrVerify) & + 0x514 (0x7fff0e6c2254 in /workspace/vllm/.venv/lib/python3.12/site-packages/torch/lib/libtorch_cpu.so)
frame #4: aoti_torch_library_def + 0x99 (0x7fff128d45b9 in /workspace/vllm/.venv/lib/python3.12/site-packages/torch/lib/libtorch_cpu.so)
frame #5: <unknown function> + 0x2bdb3c (0x7ffe8aebeb3c in /workspace/vllm/vllm/_C_stable_libtorch.abi3.so)
frame #6: <unknown function> + 0x2bf0ce (0x7ffe8aec00ce in /workspace/vllm/vllm/_C_stable_libtorch.abi3.so)
frame #7: <unknown function> + 0x279d92 (0x7ffe8ae7ad92 in /workspace/vllm/vllm/_C_stable_libtorch.abi3.so)
frame #8: <unknown function> + 0x571f (0x7ffff7fca71f in /lib64/ld-linux-x86-64.so.2)
frame #9: <unknown function> + 0x5824 (0x7ffff7fca824 in /lib64/ld-linux-x86-64.so.2)
frame #10: _dl_catch_exception + 0x132 (0x7ffff7fc65b2 in /lib64/ld-linux-x86-64.so.2)
frame #11: <unknown function> + 0xcd7c (0x7ffff7fd1d7c in /lib64/ld-linux-x86-64.so.2)
frame #12: _dl_catch_exception + 0x9c (0x7ffff7fc651c in /lib64/ld-linux-x86-64.so.2)
frame #13: <unknown function> + 0xd164 (0x7ffff7fd2164 in /lib64/ld-linux-x86-64.so.2)
frame #14: <unknown function> + 0x981a4 (0x7ffff7d0c1a4 in /usr/lib/x86_64-linux-gnu/libc.so.6)
frame #15: _dl_catch_exception + 0x9c (0x7ffff7fc651c in /lib64/ld-linux-x86-64.so.2)
frame #16: <unknown function> + 0x1669 (0x7ffff7fc6669 in /lib64/ld-linux-x86-64.so.2)
frame #17: <unknown function> + 0x97c83 (0x7ffff7d0bc83 in /usr/lib/x86_64-linux-gnu/libc.so.6)
frame #18: dlopen + 0x6f (0x7ffff7d0c25f in /usr/lib/x86_64-linux-gnu/libc.so.6)
frame #19: /workspace/vllm/.venv/bin/python() [0x6bc36c]
frame #20: /workspace/vllm/.venv/bin/python() [0x6a946a]
frame #21: /workspace/vllm/.venv/bin/python() [0x6a8bf2]
frame #22: /workspace/vllm/.venv/bin/python() [0x581f37]
frame #23: _PyEval_EvalFrameDefault + 0x4c3a (0x5db0ba in /workspace/vllm/.venv/bin/python)
frame #24: /workspace/vllm/.venv/bin/python() [0x549d47]
frame #25: PyObject_CallMethodObjArgs + 0xe3 (0x54b5c3 in /workspace/vllm/.venv/bin/python)
frame #26: PyImport_ImportModuleLevelObject + 0x395 (0x5fd805 in /workspace/vllm/.venv/bin/python)
frame #27: _PyEval_EvalFrameDefault + 0x5eee (0x5dc36e in /workspace/vllm/.venv/bin/python)
frame #28: PyEval_EvalCode + 0x15b (0x5d543b in /workspace/vllm/.venv/bin/python)
frame #29: /workspace/vllm/.venv/bin/python() [0x5d322c]
frame #30: /workspace/vllm/.venv/bin/python() [0x581d1d]
frame #31: _PyEval_EvalFrameDefault + 0x4c3a (0x5db0ba in /workspace/vllm/.venv/bin/python)
frame #32: PyObject_CallOneArg + 0x4d (0x54a65d in /workspace/vllm/.venv/bin/python)
frame #33: /workspace/vllm/.venv/bin/python() [0x582e84]
frame #34: _PyObject_LookupAttr + 0x7a (0x584bea in /workspace/vllm/.venv/bin/python)
frame #35: /workspace/vllm/.venv/bin/python() [0x5d2b8a]
frame #36: _PyEval_EvalFrameDefault + 0x207d (0x5d84fd in /workspace/vllm/.venv/bin/python)
frame #37: /workspace/vllm/.venv/bin/python() [0x549d47]
frame #38: PyObject_CallMethodObjArgs + 0xe3 (0x54b5c3 in /workspace/vllm/.venv/bin/python)
frame #39: PyImport_ImportModuleLevelObject + 0x5eb (0x5fda5b in /workspace/vllm/.venv/bin/python)
frame #40: _PyEval_EvalFrameDefault + 0x5eee (0x5dc36e in /workspace/vllm/.venv/bin/python)
frame #41: PyEval_EvalCode + 0x15b (0x5d543b in /workspace/vllm/.venv/bin/python)
frame #42: /workspace/vllm/.venv/bin/python() [0x5d322c]
frame #43: /workspace/vllm/.venv/bin/python() [0x581d1d]
frame #44: _PyEval_EvalFrameDefault + 0x4c3a (0x5db0ba in /workspace/vllm/.venv/bin/python)
frame #45: /workspace/vllm/.venv/bin/python() [0x549d47]
frame #46: PyObject_CallMethodObjArgs + 0xe3 (0x54b5c3 in /workspace/vllm/.venv/bin/python)
frame #47: PyImport_ImportModuleLevelObject + 0x395 (0x5fd805 in /workspace/vllm/.venv/bin/python)
frame #48: _PyEval_EvalFrameDefault + 0x5eee (0x5dc36e in /workspace/vllm/.venv/bin/python)
frame #49: PyEval_EvalCode + 0x15b (0x5d543b in /workspace/vllm/.venv/bin/python)
frame #50: /workspace/vllm/.venv/bin/python() [0x5d322c]
frame #51: /workspace/vllm/.venv/bin/python() [0x581d1d]
frame #52: _PyEval_EvalFrameDefault + 0x4c3a (0x5db0ba in /workspace/vllm/.venv/bin/python)
frame #53: /workspace/vllm/.venv/bin/python() [0x549d47]
frame #54: PyObject_CallMethodObjArgs + 0xe3 (0x54b5c3 in /workspace/vllm/.venv/bin/python)
frame #55: PyImport_ImportModuleLevelObject + 0x395 (0x5fd805 in /workspace/vllm/.venv/bin/python)
frame #56: _PyEval_EvalFrameDefault + 0x5eee (0x5dc36e in /workspace/vllm/.venv/bin/python)
frame #57: PyEval_EvalCode + 0x15b (0x5d543b in /workspace/vllm/.venv/bin/python)
frame #58: /workspace/vllm/.venv/bin/python() [0x5d322c]
frame #59: /workspace/vllm/.venv/bin/python() [0x581d1d]
frame #60: _PyEval_EvalFrameDefault + 0x4c3a (0x5db0ba in /workspace/vllm/.venv/bin/python)
frame #61: /workspace/vllm/.venv/bin/python() [0x549d47]
frame #62: PyObject_CallMethodObjArgs + 0xe3 (0x54b5c3 in /workspace/vllm/.venv/bin/python)

[W708 10:55:37.811951633 OperatorEntry.cpp:208] Warning: Warning only once for all operators,  other operators may also be overridden.
  Overriding a previously registered kernel for the same operator and the same dispatch key
  operator: _C::persistent_masked_m_silu_mul_quant(Tensor input, Tensor counts, Tensor($0! -> ) y_q, Tensor($1! -> ) y_s, bool use_ue8m0) -> ()
    registered at /workspace/csrc/torch_bindings.cpp:21
  dispatch key: CUDA
  previous kernel: registered at /workspace/csrc/torch_bindings.cpp:21
       new kernel: registered at /workspace/csrc/libtorch_stable/torch_bindings.cpp:603 (function operator())
[E708 10:55:37.889097676 shim_common.cpp:1458] Exception in aoti_torch: Tried to register an operator (_C::persistent_masked_m_silu_mul_quant(Tensor input, Tensor counts, Tensor($0! -> ) y_q, Tensor($1! -> ) y_s, bool use_ue8m0) -> ()) with the same name and overload name multiple times. Each overload's schema should only be registered with a single call to def(). Duplicate registration: registered at /workspace/csrc/libtorch_stable/torch_bindings.cpp:10. Original registration: registered at /workspace/csrc/torch_bindings.cpp:21
Exception raised from registerDef at /pytorch/aten/src/ATen/core/dispatch/Dispatcher.cpp:248 (most recent call first):
frame #0: c10::Error::Error(c10::SourceLocation, std::__cxx11::basic_string<char, std::char_traits<char>, std::allocator<char> >) + 0x9d (0x7ffff6b7205d in /workspace/vllm/.venv/lib/python3.12/site-packages/torch/lib/libc10.so)
frame #1: c10::detail::torchCheckFail(char const*, char const*, unsigned int, std::__cxx11::basic_string<char, std::char_traits<char>, std::allocator<char> > const&) + 0xc3 (0x7ffff6b066fd in /workspace/vllm/.venv/lib/python3.12/site-packages/torch/lib/libc10.so)
frame #2: c10::Dispatcher::registerDef(c10::FunctionSchema, std::__cxx11::basic_string<char, std::char_traits<char>, std::allocator<char> >, std::vector<at::Tag, std::allocator<at::Tag> >) + 0x35e (0x7fff0e6811fe in /workspace/vllm/.venv/lib/python3.12/site-packages/torch/lib/libtorch_cpu.so)
frame #3: torch::Library::_def(c10::FunctionSchema&&, c10::OperatorName*, std::vector<at::Tag, std::allocator<at::Tag> > const&, torch::_RegisterOrVerify) & + 0x514 (0x7fff0e6c2254 in /workspace/vllm/.venv/lib/python3.12/site-packages/torch/lib/libtorch_cpu.so)
frame #4: aoti_torch_library_def + 0x99 (0x7fff128d45b9 in /workspace/vllm/.venv/lib/python3.12/site-packages/torch/lib/libtorch_cpu.so)
frame #5: <unknown function> + 0x2bdaf1 (0x7ffe8aebeaf1 in /workspace/vllm/vllm/_C_stable_libtorch.abi3.so)
frame #6: <unknown function> + 0x2bf0ce (0x7ffe8aec00ce in /workspace/vllm/vllm/_C_stable_libtorch.abi3.so)
frame #7: <unknown function> + 0x279d92 (0x7ffe8ae7ad92 in /workspace/vllm/vllm/_C_stable_libtorch.abi3.so)
frame #8: <unknown function> + 0x571f (0x7ffff7fca71f in /lib64/ld-linux-x86-64.so.2)
frame #9: <unknown function> + 0x5824 (0x7ffff7fca824 in /lib64/ld-linux-x86-64.so.2)
frame #10: _dl_catch_exception + 0x132 (0x7ffff7fc65b2 in /lib64/ld-linux-x86-64.so.2)
frame #11: <unknown function> + 0xcd7c (0x7ffff7fd1d7c in /lib64/ld-linux-x86-64.so.2)
frame #12: _dl_catch_exception + 0x9c (0x7ffff7fc651c in /lib64/ld-linux-x86-64.so.2)
frame #13: <unknown function> + 0xd164 (0x7ffff7fd2164 in /lib64/ld-linux-x86-64.so.2)
frame #14: <unknown function> + 0x981a4 (0x7ffff7d0c1a4 in /usr/lib/x86_64-linux-gnu/libc.so.6)
frame #15: _dl_catch_exception + 0x9c (0x7ffff7fc651c in /lib64/ld-linux-x86-64.so.2)
frame #16: <unknown function> + 0x1669 (0x7ffff7fc6669 in /lib64/ld-linux-x86-64.so.2)
frame #17: <unknown function> + 0x97c83 (0x7ffff7d0bc83 in /usr/lib/x86_64-linux-gnu/libc.so.6)
frame #18: dlopen + 0x6f (0x7ffff7d0c25f in /usr/lib/x86_64-linux-gnu/libc.so.6)
frame #19: /workspace/vllm/.venv/bin/python() [0x6bc36c]
frame #20: /workspace/vllm/.venv/bin/python() [0x6a946a]
frame #21: /workspace/vllm/.venv/bin/python() [0x6a8bf2]
frame #22: /workspace/vllm/.venv/bin/python() [0x581f37]
frame #23: _PyEval_EvalFrameDefault + 0x4c3a (0x5db0ba in /workspace/vllm/.venv/bin/python)
frame #24: /workspace/vllm/.venv/bin/python() [0x549d47]
frame #25: PyObject_CallMethodObjArgs + 0xe3 (0x54b5c3 in /workspace/vllm/.venv/bin/python)
frame #26: PyImport_ImportModuleLevelObject + 0x395 (0x5fd805 in /workspace/vllm/.venv/bin/python)
frame #27: _PyEval_EvalFrameDefault + 0x5eee (0x5dc36e in /workspace/vllm/.venv/bin/python)
frame #28: PyEval_EvalCode + 0x15b (0x5d543b in /workspace/vllm/.venv/bin/python)
frame #29: /workspace/vllm/.venv/bin/python() [0x5d322c]
frame #30: /workspace/vllm/.venv/bin/python() [0x581d1d]
frame #31: _PyEval_EvalFrameDefault + 0x4c3a (0x5db0ba in /workspace/vllm/.venv/bin/python)
frame #32: PyObject_CallOneArg + 0x4d (0x54a65d in /workspace/vllm/.venv/bin/python)
frame #33: /workspace/vllm/.venv/bin/python() [0x582e84]
frame #34: _PyObject_LookupAttr + 0x7a (0x584bea in /workspace/vllm/.venv/bin/python)
frame #35: /workspace/vllm/.venv/bin/python() [0x5d2b8a]
frame #36: _PyEval_EvalFrameDefault + 0x207d (0x5d84fd in /workspace/vllm/.venv/bin/python)
frame #37: /workspace/vllm/.venv/bin/python() [0x549d47]
frame #38: PyObject_CallMethodObjArgs + 0xe3 (0x54b5c3 in /workspace/vllm/.venv/bin/python)
frame #39: PyImport_ImportModuleLevelObject + 0x5eb (0x5fda5b in /workspace/vllm/.venv/bin/python)
frame #40: _PyEval_EvalFrameDefault + 0x5eee (0x5dc36e in /workspace/vllm/.venv/bin/python)
frame #41: PyEval_EvalCode + 0x15b (0x5d543b in /workspace/vllm/.venv/bin/python)
frame #42: /workspace/vllm/.venv/bin/python() [0x5d322c]
frame #43: /workspace/vllm/.venv/bin/python() [0x581d1d]
frame #44: _PyEval_EvalFrameDefault + 0x4c3a (0x5db0ba in /workspace/vllm/.venv/bin/python)
frame #45: /workspace/vllm/.venv/bin/python() [0x549d47]
frame #46: PyObject_CallMethodObjArgs + 0xe3 (0x54b5c3 in /workspace/vllm/.venv/bin/python)
frame #47: PyImport_ImportModuleLevelObject + 0x395 (0x5fd805 in /workspace/vllm/.venv/bin/python)
frame #48: _PyEval_EvalFrameDefault + 0x5eee (0x5dc36e in /workspace/vllm/.venv/bin/python)
frame #49: PyEval_EvalCode + 0x15b (0x5d543b in /workspace/vllm/.venv/bin/python)
frame #50: /workspace/vllm/.venv/bin/python() [0x5d322c]
frame #51: /workspace/vllm/.venv/bin/python() [0x581d1d]
frame #52: _PyEval_EvalFrameDefault + 0x4c3a (0x5db0ba in /workspace/vllm/.venv/bin/python)
frame #53: /workspace/vllm/.venv/bin/python() [0x549d47]
frame #54: PyObject_CallMethodObjArgs + 0xe3 (0x54b5c3 in /workspace/vllm/.venv/bin/python)
frame #55: PyImport_ImportModuleLevelObject + 0x395 (0x5fd805 in /workspace/vllm/.venv/bin/python)
frame #56: _PyEval_EvalFrameDefault + 0x5eee (0x5dc36e in /workspace/vllm/.venv/bin/python)
frame #57: PyEval_EvalCode + 0x15b (0x5d543b in /workspace/vllm/.venv/bin/python)
frame #58: /workspace/vllm/.venv/bin/python() [0x5d322c]
frame #59: /workspace/vllm/.venv/bin/python() [0x581d1d]
frame #60: _PyEval_EvalFrameDefault + 0x4c3a (0x5db0ba in /workspace/vllm/.venv/bin/python)
frame #61: /workspace/vllm/.venv/bin/python() [0x549d47]
frame #62: PyObject_CallMethodObjArgs + 0xe3 (0x54b5c3 in /workspace/vllm/.venv/bin/python)

[E708 10:55:37.891355145 shim_common.cpp:1458] Exception in aoti_torch: Tried to register an operator (_C::weak_ref_tensor(Tensor input) -> Tensor) with the same name and overload name multiple times. Each overload's schema should only be registered with a single call to def(). Duplicate registration: registered at /workspace/csrc/libtorch_stable/torch_bindings.cpp:10. Original registration: registered at /workspace/csrc/torch_bindings.cpp:21
Exception raised from registerDef at /pytorch/aten/src/ATen/core/dispatch/Dispatcher.cpp:248 (most recent call first):
frame #0: c10::Error::Error(c10::SourceLocation, std::__cxx11::basic_string<char, std::char_traits<char>, std::allocator<char> >) + 0x9d (0x7ffff6b7205d in /workspace/vllm/.venv/lib/python3.12/site-packages/torch/lib/libc10.so)
frame #1: c10::detail::torchCheckFail(char const*, char const*, unsigned int, std::__cxx11::basic_string<char, std::char_traits<char>, std::allocator<char> > const&) + 0xc3 (0x7ffff6b066fd in /workspace/vllm/.venv/lib/python3.12/site-packages/torch/lib/libc10.so)
frame #2: c10::Dispatcher::registerDef(c10::FunctionSchema, std::__cxx11::basic_string<char, std::char_traits<char>, std::allocator<char> >, std::vector<at::Tag, std::allocator<at::Tag> >) + 0x35e (0x7fff0e6811fe in /workspace/vllm/.venv/lib/python3.12/site-packages/torch/lib/libtorch_cpu.so)
frame #3: torch::Library::_def(c10::FunctionSchema&&, c10::OperatorName*, std::vector<at::Tag, std::allocator<at::Tag> > const&, torch::_RegisterOrVerify) & + 0x514 (0x7fff0e6c2254 in /workspace/vllm/.venv/lib/python3.12/site-packages/torch/lib/libtorch_cpu.so)
frame #4: aoti_torch_library_def + 0x99 (0x7fff128d45b9 in /workspace/vllm/.venv/lib/python3.12/site-packages/torch/lib/libtorch_cpu.so)
frame #5: <unknown function> + 0x2bdb00 (0x7ffe8aebeb00 in /workspace/vllm/vllm/_C_stable_libtorch.abi3.so)
frame #6: <unknown function> + 0x2bf0ce (0x7ffe8aec00ce in /workspace/vllm/vllm/_C_stable_libtorch.abi3.so)
frame #7: <unknown function> + 0x279d92 (0x7ffe8ae7ad92 in /workspace/vllm/vllm/_C_stable_libtorch.abi3.so)
frame #8: <unknown function> + 0x571f (0x7ffff7fca71f in /lib64/ld-linux-x86-64.so.2)
frame #9: <unknown function> + 0x5824 (0x7ffff7fca824 in /lib64/ld-linux-x86-64.so.2)
frame #10: _dl_catch_exception + 0x132 (0x7ffff7fc65b2 in /lib64/ld-linux-x86-64.so.2)
frame #11: <unknown function> + 0xcd7c (0x7ffff7fd1d7c in /lib64/ld-linux-x86-64.so.2)
frame #12: _dl_catch_exception + 0x9c (0x7ffff7fc651c in /lib64/ld-linux-x86-64.so.2)
frame #13: <unknown function> + 0xd164 (0x7ffff7fd2164 in /lib64/ld-linux-x86-64.so.2)
frame #14: <unknown function> + 0x981a4 (0x7ffff7d0c1a4 in /usr/lib/x86_64-linux-gnu/libc.so.6)
frame #15: _dl_catch_exception + 0x9c (0x7ffff7fc651c in /lib64/ld-linux-x86-64.so.2)
frame #16: <unknown function> + 0x1669 (0x7ffff7fc6669 in /lib64/ld-linux-x86-64.so.2)
frame #17: <unknown function> + 0x97c83 (0x7ffff7d0bc83 in /usr/lib/x86_64-linux-gnu/libc.so.6)
frame #18: dlopen + 0x6f (0x7ffff7d0c25f in /usr/lib/x86_64-linux-gnu/libc.so.6)
frame #19: /workspace/vllm/.venv/bin/python() [0x6bc36c]
frame #20: /workspace/vllm/.venv/bin/python() [0x6a946a]
frame #21: /workspace/vllm/.venv/bin/python() [0x6a8bf2]
frame #22: /workspace/vllm/.venv/bin/python() [0x581f37]
frame #23: _PyEval_EvalFrameDefault + 0x4c3a (0x5db0ba in /workspace/vllm/.venv/bin/python)
frame #24: /workspace/vllm/.venv/bin/python() [0x549d47]
frame #25: PyObject_CallMethodObjArgs + 0xe3 (0x54b5c3 in /workspace/vllm/.venv/bin/python)
frame #26: PyImport_ImportModuleLevelObject + 0x395 (0x5fd805 in /workspace/vllm/.venv/bin/python)
frame #27: _PyEval_EvalFrameDefault + 0x5eee (0x5dc36e in /workspace/vllm/.venv/bin/python)
frame #28: PyEval_EvalCode + 0x15b (0x5d543b in /workspace/vllm/.venv/bin/python)
frame #29: /workspace/vllm/.venv/bin/python() [0x5d322c]
frame #30: /workspace/vllm/.venv/bin/python() [0x581d1d]
frame #31: _PyEval_EvalFrameDefault + 0x4c3a (0x5db0ba in /workspace/vllm/.venv/bin/python)
frame #32: PyObject_CallOneArg + 0x4d (0x54a65d in /workspace/vllm/.venv/bin/python)
frame #33: /workspace/vllm/.venv/bin/python() [0x582e84]
frame #34: _PyObject_LookupAttr + 0x7a (0x584bea in /workspace/vllm/.venv/bin/python)
frame #35: /workspace/vllm/.venv/bin/python() [0x5d2b8a]
frame #36: _PyEval_EvalFrameDefault + 0x207d (0x5d84fd in /workspace/vllm/.venv/bin/python)
frame #37: /workspace/vllm/.venv/bin/python() [0x549d47]
frame #38: PyObject_CallMethodObjArgs + 0xe3 (0x54b5c3 in /workspace/vllm/.venv/bin/python)
frame #39: PyImport_ImportModuleLevelObject + 0x5eb (0x5fda5b in /workspace/vllm/.venv/bin/python)
frame #40: _PyEval_EvalFrameDefault + 0x5eee (0x5dc36e in /workspace/vllm/.venv/bin/python)
frame #41: PyEval_EvalCode + 0x15b (0x5d543b in /workspace/vllm/.venv/bin/python)
frame #42: /workspace/vllm/.venv/bin/python() [0x5d322c]
frame #43: /workspace/vllm/.venv/bin/python() [0x581d1d]
frame #44: _PyEval_EvalFrameDefault + 0x4c3a (0x5db0ba in /workspace/vllm/.venv/bin/python)
frame #45: /workspace/vllm/.venv/bin/python() [0x549d47]
frame #46: PyObject_CallMethodObjArgs + 0xe3 (0x54b5c3 in /workspace/vllm/.venv/bin/python)
frame #47: PyImport_ImportModuleLevelObject + 0x395 (0x5fd805 in /workspace/vllm/.venv/bin/python)
frame #48: _PyEval_EvalFrameDefault + 0x5eee (0x5dc36e in /workspace/vllm/.venv/bin/python)
frame #49: PyEval_EvalCode + 0x15b (0x5d543b in /workspace/vllm/.venv/bin/python)
frame #50: /workspace/vllm/.venv/bin/python() [0x5d322c]
frame #51: /workspace/vllm/.venv/bin/python() [0x581d1d]
frame #52: _PyEval_EvalFrameDefault + 0x4c3a (0x5db0ba in /workspace/vllm/.venv/bin/python)
frame #53: /workspace/vllm/.venv/bin/python() [0x549d47]
frame #54: PyObject_CallMethodObjArgs + 0xe3 (0x54b5c3 in /workspace/vllm/.venv/bin/python)
frame #55: PyImport_ImportModuleLevelObject + 0x395 (0x5fd805 in /workspace/vllm/.venv/bin/python)
frame #56: _PyEval_EvalFrameDefault + 0x5eee (0x5dc36e in /workspace/vllm/.venv/bin/python)
frame #57: PyEval_EvalCode + 0x15b (0x5d543b in /workspace/vllm/.venv/bin/python)
frame #58: /workspace/vllm/.venv/bin/python() [0x5d322c]
frame #59: /workspace/vllm/.venv/bin/python() [0x581d1d]
frame #60: _PyEval_EvalFrameDefault + 0x4c3a (0x5db0ba in /workspace/vllm/.venv/bin/python)
frame #61: /workspace/vllm/.venv/bin/python() [0x549d47]
frame #62: PyObject_CallMethodObjArgs + 0xe3 (0x54b5c3 in /workspace/vllm/.venv/bin/python)

[E708 10:55:37.893411324 shim_common.cpp:1458] Exception in aoti_torch: Tried to register an operator (_C::silu_and_mul_quant(Tensor($0! -> ) result, Tensor input, Tensor scale) -> ()) with the same name and overload name multiple times. Each overload's schema should only be registered with a single call to def(). Duplicate registration: registered at /workspace/csrc/libtorch_stable/torch_bindings.cpp:10. Original registration: registered at /workspace/csrc/torch_bindings.cpp:21
Exception raised from registerDef at /pytorch/aten/src/ATen/core/dispatch/Dispatcher.cpp:248 (most recent call first):
frame #0: c10::Error::Error(c10::SourceLocation, std::__cxx11::basic_string<char, std::char_traits<char>, std::allocator<char> >) + 0x9d (0x7ffff6b7205d in /workspace/vllm/.venv/lib/python3.12/site-packages/torch/lib/libc10.so)
frame #1: c10::detail::torchCheckFail(char const*, char const*, unsigned int, std::__cxx11::basic_string<char, std::char_traits<char>, std::allocator<char> > const&) + 0xc3 (0x7ffff6b066fd in /workspace/vllm/.venv/lib/python3.12/site-packages/torch/lib/libc10.so)
frame #2: c10::Dispatcher::registerDef(c10::FunctionSchema, std::__cxx11::basic_string<char, std::char_traits<char>, std::allocator<char> >, std::vector<at::Tag, std::allocator<at::Tag> >) + 0x35e (0x7fff0e6811fe in /workspace/vllm/.venv/lib/python3.12/site-packages/torch/lib/libtorch_cpu.so)
frame #3: torch::Library::_def(c10::FunctionSchema&&, c10::OperatorName*, std::vector<at::Tag, std::allocator<at::Tag> > const&, torch::_RegisterOrVerify) & + 0x514 (0x7fff0e6c2254 in /workspace/vllm/.venv/lib/python3.12/site-packages/torch/lib/libtorch_cpu.so)
frame #4: aoti_torch_library_def + 0x99 (0x7fff128d45b9 in /workspace/vllm/.venv/lib/python3.12/site-packages/torch/lib/libtorch_cpu.so)
frame #5: <unknown function> + 0x2bdb3c (0x7ffe8aebeb3c in /workspace/vllm/vllm/_C_stable_libtorch.abi3.so)
frame #6: <unknown function> + 0x2bf0ce (0x7ffe8aec00ce in /workspace/vllm/vllm/_C_stable_libtorch.abi3.so)
frame #7: <unknown function> + 0x279d92 (0x7ffe8ae7ad92 in /workspace/vllm/vllm/_C_stable_libtorch.abi3.so)
frame #8: <unknown function> + 0x571f (0x7ffff7fca71f in /lib64/ld-linux-x86-64.so.2)
frame #9: <unknown function> + 0x5824 (0x7ffff7fca824 in /lib64/ld-linux-x86-64.so.2)
frame #10: _dl_catch_exception + 0x132 (0x7ffff7fc65b2 in /lib64/ld-linux-x86-64.so.2)
frame #11: <unknown function> + 0xcd7c (0x7ffff7fd1d7c in /lib64/ld-linux-x86-64.so.2)
frame #12: _dl_catch_exception + 0x9c (0x7ffff7fc651c in /lib64/ld-linux-x86-64.so.2)
frame #13: <unknown function> + 0xd164 (0x7ffff7fd2164 in /lib64/ld-linux-x86-64.so.2)
frame #14: <unknown function> + 0x981a4 (0x7ffff7d0c1a4 in /usr/lib/x86_64-linux-gnu/libc.so.6)
frame #15: _dl_catch_exception + 0x9c (0x7ffff7fc651c in /lib64/ld-linux-x86-64.so.2)
frame #16: <unknown function> + 0x1669 (0x7ffff7fc6669 in /lib64/ld-linux-x86-64.so.2)
frame #17: <unknown function> + 0x97c83 (0x7ffff7d0bc83 in /usr/lib/x86_64-linux-gnu/libc.so.6)
frame #18: dlopen + 0x6f (0x7ffff7d0c25f in /usr/lib/x86_64-linux-gnu/libc.so.6)
frame #19: /workspace/vllm/.venv/bin/python() [0x6bc36c]
frame #20: /workspace/vllm/.venv/bin/python() [0x6a946a]
frame #21: /workspace/vllm/.venv/bin/python() [0x6a8bf2]
frame #22: /workspace/vllm/.venv/bin/python() [0x581f37]
frame #23: _PyEval_EvalFrameDefault + 0x4c3a (0x5db0ba in /workspace/vllm/.venv/bin/python)
frame #24: /workspace/vllm/.venv/bin/python() [0x549d47]
frame #25: PyObject_CallMethodObjArgs + 0xe3 (0x54b5c3 in /workspace/vllm/.venv/bin/python)
frame #26: PyImport_ImportModuleLevelObject + 0x395 (0x5fd805 in /workspace/vllm/.venv/bin/python)
frame #27: _PyEval_EvalFrameDefault + 0x5eee (0x5dc36e in /workspace/vllm/.venv/bin/python)
frame #28: PyEval_EvalCode + 0x15b (0x5d543b in /workspace/vllm/.venv/bin/python)
frame #29: /workspace/vllm/.venv/bin/python() [0x5d322c]
frame #30: /workspace/vllm/.venv/bin/python() [0x581d1d]
frame #31: _PyEval_EvalFrameDefault + 0x4c3a (0x5db0ba in /workspace/vllm/.venv/bin/python)
frame #32: PyObject_CallOneArg + 0x4d (0x54a65d in /workspace/vllm/.venv/bin/python)
frame #33: /workspace/vllm/.venv/bin/python() [0x582e84]
frame #34: _PyObject_LookupAttr + 0x7a (0x584bea in /workspace/vllm/.venv/bin/python)
frame #35: /workspace/vllm/.venv/bin/python() [0x5d2b8a]
frame #36: _PyEval_EvalFrameDefault + 0x207d (0x5d84fd in /workspace/vllm/.venv/bin/python)
frame #37: /workspace/vllm/.venv/bin/python() [0x549d47]
frame #38: PyObject_CallMethodObjArgs + 0xe3 (0x54b5c3 in /workspace/vllm/.venv/bin/python)
frame #39: PyImport_ImportModuleLevelObject + 0x5eb (0x5fda5b in /workspace/vllm/.venv/bin/python)
frame #40: _PyEval_EvalFrameDefault + 0x5eee (0x5dc36e in /workspace/vllm/.venv/bin/python)
frame #41: PyEval_EvalCode + 0x15b (0x5d543b in /workspace/vllm/.venv/bin/python)
frame #42: /workspace/vllm/.venv/bin/python() [0x5d322c]
frame #43: /workspace/vllm/.venv/bin/python() [0x581d1d]
frame #44: _PyEval_EvalFrameDefault + 0x4c3a (0x5db0ba in /workspace/vllm/.venv/bin/python)
frame #45: /workspace/vllm/.venv/bin/python() [0x549d47]
frame #46: PyObject_CallMethodObjArgs + 0xe3 (0x54b5c3 in /workspace/vllm/.venv/bin/python)
frame #47: PyImport_ImportModuleLevelObject + 0x395 (0x5fd805 in /workspace/vllm/.venv/bin/python)
frame #48: _PyEval_EvalFrameDefault + 0x5eee (0x5dc36e in /workspace/vllm/.venv/bin/python)
frame #49: PyEval_EvalCode + 0x15b (0x5d543b in /workspace/vllm/.venv/bin/python)
frame #50: /workspace/vllm/.venv/bin/python() [0x5d322c]
frame #51: /workspace/vllm/.venv/bin/python() [0x581d1d]
frame #52: _PyEval_EvalFrameDefault + 0x4c3a (0x5db0ba in /workspace/vllm/.venv/bin/python)
frame #53: /workspace/vllm/.venv/bin/python() [0x549d47]
frame #54: PyObject_CallMethodObjArgs + 0xe3 (0x54b5c3 in /workspace/vllm/.venv/bin/python)
frame #55: PyImport_ImportModuleLevelObject + 0x395 (0x5fd805 in /workspace/vllm/.venv/bin/python)
frame #56: _PyEval_EvalFrameDefault + 0x5eee (0x5dc36e in /workspace/vllm/.venv/bin/python)
frame #57: PyEval_EvalCode + 0x15b (0x5d543b in /workspace/vllm/.venv/bin/python)
frame #58: /workspace/vllm/.venv/bin/python() [0x5d322c]
frame #59: /workspace/vllm/.venv/bin/python() [0x581d1d]
frame #60: _PyEval_EvalFrameDefault + 0x4c3a (0x5db0ba in /workspace/vllm/.venv/bin/python)
frame #61: /workspace/vllm/.venv/bin/python() [0x549d47]
frame #62: PyObject_CallMethodObjArgs + 0xe3 (0x54b5c3 in /workspace/vllm/.venv/bin/python)

[W708 10:55:37.895587967 OperatorEntry.cpp:208] Warning: Warning only once for all operators,  other operators may also be overridden.
  Overriding a previously registered kernel for the same operator and the same dispatch key
  operator: _C::persistent_masked_m_silu_mul_quant(Tensor input, Tensor counts, Tensor($0! -> ) y_q, Tensor($1! -> ) y_s, bool use_ue8m0) -> ()
    registered at /workspace/csrc/torch_bindings.cpp:21
  dispatch key: CUDA
  previous kernel: registered at /workspace/csrc/torch_bindings.cpp:21
       new kernel: registered at /workspace/csrc/libtorch_stable/torch_bindings.cpp:603 (function operator())
(Worker pid=3182194) INFO 07-08 10:55:43 [parallel_state.py:1422] world_size=8 rank=1 local_rank=1 distributed_init_method=tcp://127.0.0.1:46323 backend=nccl
(Worker pid=3182193) INFO 07-08 10:55:44 [parallel_state.py:1422] world_size=8 rank=0 local_rank=0 distributed_init_method=tcp://127.0.0.1:46323 backend=nccl
(Worker pid=3182195) INFO 07-08 10:55:46 [parallel_state.py:1422] world_size=8 rank=2 local_rank=2 distributed_init_method=tcp://127.0.0.1:46323 backend=nccl
(Worker pid=3182198) INFO 07-08 10:55:47 [parallel_state.py:1422] world_size=8 rank=5 local_rank=5 distributed_init_method=tcp://127.0.0.1:46323 backend=nccl
(Worker pid=3182199) INFO 07-08 10:55:47 [parallel_state.py:1422] world_size=8 rank=6 local_rank=6 distributed_init_method=tcp://127.0.0.1:46323 backend=nccl
(Worker pid=3182200) INFO 07-08 10:55:47 [parallel_state.py:1422] world_size=8 rank=7 local_rank=7 distributed_init_method=tcp://127.0.0.1:46323 backend=nccl
(Worker pid=3182196) INFO 07-08 10:55:47 [parallel_state.py:1422] world_size=8 rank=3 local_rank=3 distributed_init_method=tcp://127.0.0.1:46323 backend=nccl
(Worker pid=3182197) INFO 07-08 10:55:47 [parallel_state.py:1422] world_size=8 rank=4 local_rank=4 distributed_init_method=tcp://127.0.0.1:46323 backend=nccl
(Worker pid=3182193) <frozen importlib._bootstrap_external>:1297: FutureWarning: The cuda.cudart module is deprecated and will be removed in a future release, please switch to use the cuda.bindings.runtime module instead.
(Worker pid=3182193) <frozen importlib._bootstrap_external>:1297: FutureWarning: The cuda.nvrtc module is deprecated and will be removed in a future release, please switch to use the cuda.bindings.nvrtc module instead.
(Worker pid=3182194) <frozen importlib._bootstrap_external>:1297: FutureWarning: The cuda.cudart module is deprecated and will be removed in a future release, please switch to use the cuda.bindings.runtime module instead.
(Worker pid=3182194) <frozen importlib._bootstrap_external>:1297: FutureWarning: The cuda.nvrtc module is deprecated and will be removed in a future release, please switch to use the cuda.bindings.nvrtc module instead.
(Worker pid=3182199) <frozen importlib._bootstrap_external>:1297: FutureWarning: The cuda.cudart module is deprecated and will be removed in a future release, please switch to use the cuda.bindings.runtime module instead.
(Worker pid=3182200) <frozen importlib._bootstrap_external>:1297: FutureWarning: The cuda.cudart module is deprecated and will be removed in a future release, please switch to use the cuda.bindings.runtime module instead.
(Worker pid=3182199) <frozen importlib._bootstrap_external>:1297: FutureWarning: The cuda.nvrtc module is deprecated and will be removed in a future release, please switch to use the cuda.bindings.nvrtc module instead.
(Worker pid=3182200) <frozen importlib._bootstrap_external>:1297: FutureWarning: The cuda.nvrtc module is deprecated and will be removed in a future release, please switch to use the cuda.bindings.nvrtc module instead.
(Worker pid=3182195) <frozen importlib._bootstrap_external>:1297: FutureWarning: The cuda.cudart module is deprecated and will be removed in a future release, please switch to use the cuda.bindings.runtime module instead.
(Worker pid=3182195) <frozen importlib._bootstrap_external>:1297: FutureWarning: The cuda.nvrtc module is deprecated and will be removed in a future release, please switch to use the cuda.bindings.nvrtc module instead.
(Worker pid=3182198) <frozen importlib._bootstrap_external>:1297: FutureWarning: The cuda.cudart module is deprecated and will be removed in a future release, please switch to use the cuda.bindings.runtime module instead.
(Worker pid=3182198) <frozen importlib._bootstrap_external>:1297: FutureWarning: The cuda.nvrtc module is deprecated and will be removed in a future release, please switch to use the cuda.bindings.nvrtc module instead.
(Worker pid=3182196) <frozen importlib._bootstrap_external>:1297: FutureWarning: The cuda.cudart module is deprecated and will be removed in a future release, please switch to use the cuda.bindings.runtime module instead.
(Worker pid=3182196) <frozen importlib._bootstrap_external>:1297: FutureWarning: The cuda.nvrtc module is deprecated and will be removed in a future release, please switch to use the cuda.bindings.nvrtc module instead.
(Worker pid=3182197) <frozen importlib._bootstrap_external>:1297: FutureWarning: The cuda.cudart module is deprecated and will be removed in a future release, please switch to use the cuda.bindings.runtime module instead.
(Worker pid=3182197) <frozen importlib._bootstrap_external>:1297: FutureWarning: The cuda.nvrtc module is deprecated and will be removed in a future release, please switch to use the cuda.bindings.nvrtc module instead.
(Worker pid=3182193) INFO 07-08 10:55:52 [cuda_communicator.py:248] Using ['FT_NCCL'] all-reduce backends (in dispatch order) for group 'tp:0' out of potential backends: ['FT_NCCL', 'NCCL_SYMM_MEM', 'QUICK_REDUCE', 'FLASHINFER', 'CUSTOM', 'SYMM_MEM', 'PYNCCL'].
(Worker pid=3182193) INFO 07-08 10:55:52 [parallel_state.py:1735] rank 0 in world size 8 is assigned as DP rank 0, PP rank 0, PCP rank 0, TP rank 0, EP rank N/A, EPLB rank N/A
(Worker pid=3182193) INFO 07-08 10:55:53 [topk_topp_sampler.py:45] Using FlashInfer for top-p & top-k sampling.
(Worker_TP0 pid=3182193) INFO 07-08 10:55:53 [gpu_model_runner.py:5037] Starting to load model Qwen/Qwen2.5-32B-Instruct...
(Worker_TP0 pid=3182193) INFO 07-08 10:55:53 [cuda.py:378] Using FLASH_ATTN attention backend out of potential backends: ['FLASH_ATTN', 'FLASHINFER', 'TRITON_ATTN', 'FLEX_ATTENTION'].
(Worker_TP0 pid=3182193) INFO 07-08 10:55:53 [flash_attn.py:636] Using FlashAttention version 3
(Worker_TP0 pid=3182193) Warning: You are sending unauthenticated requests to the HF Hub. Please set a HF_TOKEN to enable higher rate limits and faster downloads.
(Worker_TP1 pid=3182194) Warning: You are sending unauthenticated requests to the HF Hub. Please set a HF_TOKEN to enable higher rate limits and faster downloads.
(Worker_TP3 pid=3182196) Warning: You are sending unauthenticated requests to the HF Hub. Please set a HF_TOKEN to enable higher rate limits and faster downloads.
(Worker_TP7 pid=3182200) Warning: You are sending unauthenticated requests to the HF Hub. Please set a HF_TOKEN to enable higher rate limits and faster downloads.
(Worker_TP0 pid=3182193) INFO 07-08 10:55:54 [weight_utils.py:922] Filesystem type for checkpoints: TMPFS. Checkpoint size: 61.03 GiB. Available RAM: 1691.24 GiB.
(Worker_TP0 pid=3182193) INFO 07-08 10:55:54 [weight_utils.py:945] Auto-prefetch is disabled because the filesystem (TMPFS) is not a recognized network FS (NFS/Lustre). If you want to force prefetching, start vLLM with --safetensors-load-strategy=prefetch.
(Worker_TP0 pid=3182193) Loading safetensors checkpoint shards:   0% Completed | 0/17 [00:00<?, ?it/s]
(Worker_TP5 pid=3182198) Warning: You are sending unauthenticated requests to the HF Hub. Please set a HF_TOKEN to enable higher rate limits and faster downloads.
(Worker_TP0 pid=3182193) Loading safetensors checkpoint shards:   6% Completed | 1/17 [00:00<00:01,  8.11it/s]
(Worker_TP0 pid=3182193) Loading safetensors checkpoint shards:  12% Completed | 2/17 [00:00<00:02,  6.32it/s]
(Worker_TP0 pid=3182193) Loading safetensors checkpoint shards:  18% Completed | 3/17 [00:00<00:02,  5.78it/s]
(Worker_TP2 pid=3182195) Warning: You are sending unauthenticated requests to the HF Hub. Please set a HF_TOKEN to enable higher rate limits and faster downloads.
(Worker_TP0 pid=3182193) Loading safetensors checkpoint shards:  24% Completed | 4/17 [00:00<00:02,  5.53it/s]
(Worker_TP6 pid=3182199) Warning: You are sending unauthenticated requests to the HF Hub. Please set a HF_TOKEN to enable higher rate limits and faster downloads.
(Worker_TP0 pid=3182193) Loading safetensors checkpoint shards:  29% Completed | 5/17 [00:00<00:02,  5.34it/s]
(Worker_TP4 pid=3182197) Warning: You are sending unauthenticated requests to the HF Hub. Please set a HF_TOKEN to enable higher rate limits and faster downloads.
(Worker_TP0 pid=3182193) Loading safetensors checkpoint shards:  35% Completed | 6/17 [00:01<00:02,  5.22it/s]
(Worker_TP0 pid=3182193) Loading safetensors checkpoint shards:  41% Completed | 7/17 [00:01<00:01,  5.15it/s]
(Worker_TP0 pid=3182193) Loading safetensors checkpoint shards:  47% Completed | 8/17 [00:01<00:01,  5.10it/s]
(Worker_TP0 pid=3182193) Loading safetensors checkpoint shards:  53% Completed | 9/17 [00:01<00:01,  5.06it/s]
(Worker_TP0 pid=3182193) Loading safetensors checkpoint shards:  59% Completed | 10/17 [00:01<00:01,  5.01it/s]
(Worker_TP0 pid=3182193) Loading safetensors checkpoint shards:  65% Completed | 11/17 [00:02<00:01,  4.97it/s]
(Worker_TP0 pid=3182193) Loading safetensors checkpoint shards:  71% Completed | 12/17 [00:02<00:01,  4.88it/s]
(Worker_TP0 pid=3182193) Loading safetensors checkpoint shards:  76% Completed | 13/17 [00:02<00:00,  4.84it/s]
(Worker_TP0 pid=3182193) Loading safetensors checkpoint shards:  82% Completed | 14/17 [00:02<00:00,  4.78it/s]
(Worker_TP0 pid=3182193) Loading safetensors checkpoint shards:  88% Completed | 15/17 [00:02<00:00,  4.75it/s]
(Worker_TP0 pid=3182193) Loading safetensors checkpoint shards:  94% Completed | 16/17 [00:03<00:00,  4.74it/s]
(Worker_TP0 pid=3182193) Loading safetensors checkpoint shards: 100% Completed | 17/17 [00:03<00:00,  5.28it/s]
(Worker_TP0 pid=3182193) Loading safetensors checkpoint shards: 100% Completed | 17/17 [00:03<00:00,  5.15it/s]
(Worker_TP0 pid=3182193) 
(Worker_TP0 pid=3182193) INFO 07-08 10:55:57 [default_loader.py:397] Loading weights took 3.32 seconds
(Worker_TP0 pid=3182193) INFO 07-08 10:55:58 [gpu_model_runner.py:5132] Model loading took 7.69 GiB memory and 4.281118 seconds
(Worker_TP0 pid=3182193) INFO 07-08 10:56:03 [backends.py:1089] Using cache directory: /root/.cache/vllm/torch_compile_cache/a97b847bab/rank_0_0/backbone for vLLM's torch.compile
(Worker_TP0 pid=3182193) INFO 07-08 10:56:03 [backends.py:1148] Dynamo bytecode transform time: 3.62 s
(Worker_TP0 pid=3182193) INFO 07-08 10:56:03 [flashinfer_all_reduce.py:111] Auto-selected flashinfer allreduce backend: trtllm
(Worker_TP0 pid=3182193) /workspace/vllm/.venv/lib/python3.12/site-packages/torch/distributed/c10d_logger.py:83: UserWarning: barrier(): using the device under current context. You can specify `device_id` in `init_process_group` to mute this warning.
(Worker_TP0 pid=3182193)   return func(*args, **kwargs)
[rank0]:[W708 10:56:04.559775034 ProcessGroupNCCL.cpp:5188] Guessing device ID based on global rank. This can cause a hang if rank to GPU mapping is heterogeneous. You can specify device_id in init_process_group()
(Worker_TP0 pid=3182193) INFO 07-08 10:56:08 [flashinfer_all_reduce.py:151] Initialized FlashInfer Allreduce norm fusion workspace with backend=trtllm
(Worker_TP1 pid=3182194) INFO 07-08 10:56:11 [decorators.py:311] Directly load AOT compilation from path /root/.cache/vllm/torch_compile_cache/torch_aot_compile/f2bb87f9671a54f646a66b25c3454e2516b7bb5febbd9aef295e6b6e722240d0/rank_1_0/model
(Worker_TP0 pid=3182193) INFO 07-08 10:56:11 [backends.py:292] Directly load the compiled graph(s) for compile range (1, 51) from the cache, took 2.799 s
(Worker_TP0 pid=3182193) INFO 07-08 10:56:11 [backends.py:292] Directly load the compiled graph(s) for compile range (52, 4096) from the cache, took 2.814 s
(Worker_TP2 pid=3182195) INFO 07-08 10:56:11 [decorators.py:311] Directly load AOT compilation from path /root/.cache/vllm/torch_compile_cache/torch_aot_compile/f2bb87f9671a54f646a66b25c3454e2516b7bb5febbd9aef295e6b6e722240d0/rank_2_0/model
(Worker_TP0 pid=3182193) INFO 07-08 10:56:11 [decorators.py:311] Directly load AOT compilation from path /root/.cache/vllm/torch_compile_cache/torch_aot_compile/f2bb87f9671a54f646a66b25c3454e2516b7bb5febbd9aef295e6b6e722240d0/rank_0_0/model
(Worker_TP0 pid=3182193) INFO 07-08 10:56:11 [monitor.py:53] torch.compile took 11.21 s in total
(Worker_TP3 pid=3182196) INFO 07-08 10:56:11 [decorators.py:311] Directly load AOT compilation from path /root/.cache/vllm/torch_compile_cache/torch_aot_compile/f2bb87f9671a54f646a66b25c3454e2516b7bb5febbd9aef295e6b6e722240d0/rank_3_0/model
(Worker_TP6 pid=3182199) INFO 07-08 10:56:11 [decorators.py:311] Directly load AOT compilation from path /root/.cache/vllm/torch_compile_cache/torch_aot_compile/f2bb87f9671a54f646a66b25c3454e2516b7bb5febbd9aef295e6b6e722240d0/rank_6_0/model
(Worker_TP4 pid=3182197) INFO 07-08 10:56:12 [decorators.py:311] Directly load AOT compilation from path /root/.cache/vllm/torch_compile_cache/torch_aot_compile/f2bb87f9671a54f646a66b25c3454e2516b7bb5febbd9aef295e6b6e722240d0/rank_4_0/model
(Worker_TP5 pid=3182198) INFO 07-08 10:56:12 [decorators.py:311] Directly load AOT compilation from path /root/.cache/vllm/torch_compile_cache/torch_aot_compile/f2bb87f9671a54f646a66b25c3454e2516b7bb5febbd9aef295e6b6e722240d0/rank_5_0/model
(Worker_TP7 pid=3182200) INFO 07-08 10:56:12 [decorators.py:311] Directly load AOT compilation from path /root/.cache/vllm/torch_compile_cache/torch_aot_compile/f2bb87f9671a54f646a66b25c3454e2516b7bb5febbd9aef295e6b6e722240d0/rank_7_0/model
(Worker_TP0 pid=3182193) INFO 07-08 10:56:13 [monitor.py:81] Initial profiling/warmup run took 2.13 s
(Worker_TP0 pid=3182193) INFO 07-08 10:56:15 [gpu_model_runner.py:6279] Profiling CUDA graph memory: PIECEWISE=51 (largest=512), FULL=51 (largest=512)
(Worker_TP2 pid=3182195) INFO 07-08 10:56:15 [gpu_model_runner.py:6279] Profiling CUDA graph memory: PIECEWISE=51 (largest=512), FULL=51 (largest=512)
(Worker_TP3 pid=3182196) INFO 07-08 10:56:15 [gpu_model_runner.py:6279] Profiling CUDA graph memory: PIECEWISE=51 (largest=512), FULL=51 (largest=512)
(Worker_TP6 pid=3182199) INFO 07-08 10:56:15 [gpu_model_runner.py:6279] Profiling CUDA graph memory: PIECEWISE=51 (largest=512), FULL=51 (largest=512)
(Worker_TP4 pid=3182197) INFO 07-08 10:56:15 [gpu_model_runner.py:6279] Profiling CUDA graph memory: PIECEWISE=51 (largest=512), FULL=51 (largest=512)
(Worker_TP5 pid=3182198) INFO 07-08 10:56:15 [gpu_model_runner.py:6279] Profiling CUDA graph memory: PIECEWISE=51 (largest=512), FULL=51 (largest=512)
(Worker_TP7 pid=3182200) INFO 07-08 10:56:15 [gpu_model_runner.py:6279] Profiling CUDA graph memory: PIECEWISE=51 (largest=512), FULL=51 (largest=512)
(Worker_TP1 pid=3182194) INFO 07-08 10:56:15 [gpu_model_runner.py:6279] Profiling CUDA graph memory: PIECEWISE=51 (largest=512), FULL=51 (largest=512)
(Worker_TP7 pid=3182200) INFO 07-08 10:56:17 [gpu_model_runner.py:6365] Estimated CUDA graph memory: 1.79 GiB total
(Worker_TP6 pid=3182199) INFO 07-08 10:56:17 [gpu_model_runner.py:6365] Estimated CUDA graph memory: 1.79 GiB total
(Worker_TP5 pid=3182198) INFO 07-08 10:56:17 [gpu_model_runner.py:6365] Estimated CUDA graph memory: 1.79 GiB total
(Worker_TP0 pid=3182193) INFO 07-08 10:56:17 [gpu_model_runner.py:6365] Estimated CUDA graph memory: 1.79 GiB total
(Worker_TP4 pid=3182197) INFO 07-08 10:56:17 [gpu_model_runner.py:6365] Estimated CUDA graph memory: 1.79 GiB total
(Worker_TP3 pid=3182196) INFO 07-08 10:56:17 [gpu_model_runner.py:6365] Estimated CUDA graph memory: 1.79 GiB total
(Worker_TP2 pid=3182195) INFO 07-08 10:56:18 [gpu_model_runner.py:6365] Estimated CUDA graph memory: 1.79 GiB total
(Worker_TP1 pid=3182194) INFO 07-08 10:56:18 [gpu_model_runner.py:6365] Estimated CUDA graph memory: 1.79 GiB total
(Worker_TP7 pid=3182200) INFO 07-08 10:56:18 [gpu_worker.py:481] CUDA graph memory profiling is enabled (default since v0.21.0). The current --gpu-memory-utilization=0.9000 is equivalent to --gpu-memory-utilization=0.8774 without CUDA graph memory profiling. To maintain the same effective KV cache size as before, increase --gpu-memory-utilization to 0.9226. To disable, set VLLM_MEMORY_PROFILER_ESTIMATE_CUDAGRAPHS=0.
(Worker_TP6 pid=3182199) INFO 07-08 10:56:18 [gpu_worker.py:481] CUDA graph memory profiling is enabled (default since v0.21.0). The current --gpu-memory-utilization=0.9000 is equivalent to --gpu-memory-utilization=0.8774 without CUDA graph memory profiling. To maintain the same effective KV cache size as before, increase --gpu-memory-utilization to 0.9226. To disable, set VLLM_MEMORY_PROFILER_ESTIMATE_CUDAGRAPHS=0.
(Worker_TP5 pid=3182198) INFO 07-08 10:56:18 [gpu_worker.py:481] CUDA graph memory profiling is enabled (default since v0.21.0). The current --gpu-memory-utilization=0.9000 is equivalent to --gpu-memory-utilization=0.8774 without CUDA graph memory profiling. To maintain the same effective KV cache size as before, increase --gpu-memory-utilization to 0.9226. To disable, set VLLM_MEMORY_PROFILER_ESTIMATE_CUDAGRAPHS=0.
(Worker_TP0 pid=3182193) INFO 07-08 10:56:18 [gpu_worker.py:466] Available KV cache memory: 57.71 GiB
(Worker_TP0 pid=3182193) INFO 07-08 10:56:18 [gpu_worker.py:481] CUDA graph memory profiling is enabled (default since v0.21.0). The current --gpu-memory-utilization=0.9000 is equivalent to --gpu-memory-utilization=0.8774 without CUDA graph memory profiling. To maintain the same effective KV cache size as before, increase --gpu-memory-utilization to 0.9226. To disable, set VLLM_MEMORY_PROFILER_ESTIMATE_CUDAGRAPHS=0.
(Worker_TP4 pid=3182197) INFO 07-08 10:56:18 [gpu_worker.py:481] CUDA graph memory profiling is enabled (default since v0.21.0). The current --gpu-memory-utilization=0.9000 is equivalent to --gpu-memory-utilization=0.8774 without CUDA graph memory profiling. To maintain the same effective KV cache size as before, increase --gpu-memory-utilization to 0.9226. To disable, set VLLM_MEMORY_PROFILER_ESTIMATE_CUDAGRAPHS=0.
(Worker_TP3 pid=3182196) INFO 07-08 10:56:18 [gpu_worker.py:481] CUDA graph memory profiling is enabled (default since v0.21.0). The current --gpu-memory-utilization=0.9000 is equivalent to --gpu-memory-utilization=0.8774 without CUDA graph memory profiling. To maintain the same effective KV cache size as before, increase --gpu-memory-utilization to 0.9226. To disable, set VLLM_MEMORY_PROFILER_ESTIMATE_CUDAGRAPHS=0.
(Worker_TP2 pid=3182195) INFO 07-08 10:56:18 [gpu_worker.py:481] CUDA graph memory profiling is enabled (default since v0.21.0). The current --gpu-memory-utilization=0.9000 is equivalent to --gpu-memory-utilization=0.8774 without CUDA graph memory profiling. To maintain the same effective KV cache size as before, increase --gpu-memory-utilization to 0.9226. To disable, set VLLM_MEMORY_PROFILER_ESTIMATE_CUDAGRAPHS=0.
(Worker_TP1 pid=3182194) INFO 07-08 10:56:18 [gpu_worker.py:481] CUDA graph memory profiling is enabled (default since v0.21.0). The current --gpu-memory-utilization=0.9000 is equivalent to --gpu-memory-utilization=0.8774 without CUDA graph memory profiling. To maintain the same effective KV cache size as before, increase --gpu-memory-utilization to 0.9226. To disable, set VLLM_MEMORY_PROFILER_ESTIMATE_CUDAGRAPHS=0.
(EngineCore pid=3181679) INFO 07-08 10:56:18 [kv_cache_utils.py:1733] GPU KV cache size: 1,890,880 tokens
(EngineCore pid=3181679) INFO 07-08 10:56:18 [kv_cache_utils.py:1734] Maximum concurrency for 4,096 tokens per request: 461.64x
(Worker_TP2 pid=3182195) 2026-07-08 10:56:18,788 - INFO - autotuner.py:615 - flashinfer.jit: [Autotuner]: Autotuning process starts ...
(Worker_TP3 pid=3182196) 2026-07-08 10:56:18,788 - INFO - autotuner.py:615 - flashinfer.jit: [Autotuner]: Autotuning process starts ...
(Worker_TP0 pid=3182193) 2026-07-08 10:56:18,789 - INFO - autotuner.py:615 - flashinfer.jit: [Autotuner]: Autotuning process starts ...
(Worker_TP1 pid=3182194) 2026-07-08 10:56:18,790 - INFO - autotuner.py:615 - flashinfer.jit: [Autotuner]: Autotuning process starts ...
(Worker_TP7 pid=3182200) 2026-07-08 10:56:18,790 - INFO - autotuner.py:615 - flashinfer.jit: [Autotuner]: Autotuning process starts ...
(Worker_TP6 pid=3182199) 2026-07-08 10:56:18,790 - INFO - autotuner.py:615 - flashinfer.jit: [Autotuner]: Autotuning process starts ...
(Worker_TP4 pid=3182197) 2026-07-08 10:56:18,790 - INFO - autotuner.py:615 - flashinfer.jit: [Autotuner]: Autotuning process starts ...
(Worker_TP5 pid=3182198) 2026-07-08 10:56:18,790 - INFO - autotuner.py:615 - flashinfer.jit: [Autotuner]: Autotuning process starts ...
(Worker_TP0 pid=3182193) 2026-07-08 10:56:18,823 - INFO - autotuner.py:634 - flashinfer.jit: [Autotuner]: Autotuning process ends
(Worker_TP2 pid=3182195) 2026-07-08 10:56:18,823 - INFO - autotuner.py:634 - flashinfer.jit: [Autotuner]: Autotuning process ends
(Worker_TP3 pid=3182196) 2026-07-08 10:56:18,823 - INFO - autotuner.py:634 - flashinfer.jit: [Autotuner]: Autotuning process ends
(Worker_TP6 pid=3182199) 2026-07-08 10:56:18,830 - INFO - autotuner.py:634 - flashinfer.jit: [Autotuner]: Autotuning process ends
(Worker_TP7 pid=3182200) 2026-07-08 10:56:18,831 - INFO - autotuner.py:634 - flashinfer.jit: [Autotuner]: Autotuning process ends
(Worker_TP4 pid=3182197) 2026-07-08 10:56:18,831 - INFO - autotuner.py:634 - flashinfer.jit: [Autotuner]: Autotuning process ends
(Worker_TP1 pid=3182194) 2026-07-08 10:56:18,833 - INFO - autotuner.py:634 - flashinfer.jit: [Autotuner]: Autotuning process ends
(Worker_TP5 pid=3182198) 2026-07-08 10:56:18,849 - INFO - autotuner.py:634 - flashinfer.jit: [Autotuner]: Autotuning process ends
(Worker_TP0 pid=3182193) Capturing CUDA graphs (mixed prefill-decode, PIECEWISE):   0%|          | 0/51 [00:00<?, ?it/s]Capturing CUDA graphs (mixed prefill-decode, PIECEWISE):   2%|▏         | 1/51 [00:00<00:20,  2.49it/s]Capturing CUDA graphs (mixed prefill-decode, PIECEWISE):   4%|▍         | 2/51 [00:00<00:11,  4.29it/s]Capturing CUDA graphs (mixed prefill-decode, PIECEWISE):   6%|▌         | 3/51 [00:00<00:08,  5.38it/s]Capturing CUDA graphs (mixed prefill-decode, PIECEWISE):   8%|▊         | 4/51 [00:00<00:07,  6.21it/s]Capturing CUDA graphs (mixed prefill-decode, PIECEWISE):  10%|▉         | 5/51 [00:00<00:06,  6.58it/s]Capturing CUDA graphs (mixed prefill-decode, PIECEWISE):  12%|█▏        | 6/51 [00:01<00:06,  6.86it/s]Capturing CUDA graphs (mixed prefill-decode, PIECEWISE):  14%|█▎        | 7/51 [00:01<00:06,  6.96it/s]Capturing CUDA graphs (mixed prefill-decode, PIECEWISE):  16%|█▌        | 8/51 [00:01<00:06,  7.04it/s]Capturing CUDA graphs (mixed prefill-decode, PIECEWISE):  18%|█▊        | 9/51 [00:01<00:05,  7.17it/s]Capturing CUDA graphs (mixed prefill-decode, PIECEWISE):  20%|█▉        | 10/51 [00:01<00:05,  7.11it/s]Capturing CUDA graphs (mixed prefill-decode, PIECEWISE):  22%|██▏       | 11/51 [00:01<00:05,  7.16it/s]Capturing CUDA graphs (mixed prefill-decode, PIECEWISE):  24%|██▎       | 12/51 [00:01<00:05,  7.12it/s]Capturing CUDA graphs (mixed prefill-decode, PIECEWISE):  25%|██▌       | 13/51 [00:02<00:05,  7.01it/s]Capturing CUDA graphs (mixed prefill-decode, PIECEWISE):  27%|██▋       | 14/51 [00:02<00:05,  7.14it/s]Capturing CUDA graphs (mixed prefill-decode, PIECEWISE):  29%|██▉       | 15/51 [00:02<00:05,  7.01it/s]Capturing CUDA graphs (mixed prefill-decode, PIECEWISE):  31%|███▏      | 16/51 [00:02<00:04,  7.07it/s]Capturing CUDA graphs (mixed prefill-decode, PIECEWISE):  33%|███▎      | 17/51 [00:02<00:04,  6.94it/s]Capturing CUDA graphs (mixed prefill-decode, PIECEWISE):  35%|███▌      | 18/51 [00:02<00:04,  6.94it/s]Capturing CUDA graphs (mixed prefill-decode, PIECEWISE):  37%|███▋      | 19/51 [00:02<00:04,  6.90it/s]Capturing CUDA graphs (mixed prefill-decode, PIECEWISE):  39%|███▉      | 20/51 [00:03<00:04,  6.81it/s]Capturing CUDA graphs (mixed prefill-decode, PIECEWISE):  41%|████      | 21/51 [00:03<00:04,  6.79it/s]Capturing CUDA graphs (mixed prefill-decode, PIECEWISE):  43%|████▎     | 22/51 [00:03<00:04,  6.64it/s]Capturing CUDA graphs (mixed prefill-decode, PIECEWISE):  45%|████▌     | 23/51 [00:03<00:04,  6.63it/s]Capturing CUDA graphs (mixed prefill-decode, PIECEWISE):  47%|████▋     | 24/51 [00:03<00:04,  6.56it/s]Capturing CUDA graphs (mixed prefill-decode, PIECEWISE):  49%|████▉     | 25/51 [00:03<00:04,  6.45it/s]Capturing CUDA graphs (mixed prefill-decode, PIECEWISE):  51%|█████     | 26/51 [00:03<00:03,  6.53it/s]Capturing CUDA graphs (mixed prefill-decode, PIECEWISE):  53%|█████▎    | 27/51 [00:04<00:03,  6.43it/s]Capturing CUDA graphs (mixed prefill-decode, PIECEWISE):  55%|█████▍    | 28/51 [00:04<00:03,  6.47it/s]Capturing CUDA graphs (mixed prefill-decode, PIECEWISE):  57%|█████▋    | 29/51 [00:04<00:03,  6.39it/s]Capturing CUDA graphs (mixed prefill-decode, PIECEWISE):  59%|█████▉    | 30/51 [00:04<00:03,  6.41it/s]Capturing CUDA graphs (mixed prefill-decode, PIECEWISE):  61%|██████    | 31/51 [00:04<00:03,  6.24it/s]Capturing CUDA graphs (mixed prefill-decode, PIECEWISE):  63%|██████▎   | 32/51 [00:04<00:03,  6.16it/s]Capturing CUDA graphs (mixed prefill-decode, PIECEWISE):  65%|██████▍   | 33/51 [00:05<00:02,  6.08it/s]Capturing CUDA graphs (mixed prefill-decode, PIECEWISE):  67%|██████▋   | 34/51 [00:05<00:02,  6.10it/s]Capturing CUDA graphs (mixed prefill-decode, PIECEWISE):  69%|██████▊   | 35/51 [00:05<00:02,  6.03it/s]Capturing CUDA graphs (mixed prefill-decode, PIECEWISE):  71%|███████   | 36/51 [00:05<00:02,  6.33it/s]Capturing CUDA graphs (mixed prefill-decode, PIECEWISE):  73%|███████▎  | 37/51 [00:05<00:02,  6.26it/s]Capturing CUDA graphs (mixed prefill-decode, PIECEWISE):  75%|███████▍  | 38/51 [00:05<00:02,  6.25it/s]Capturing CUDA graphs (mixed prefill-decode, PIECEWISE):  76%|███████▋  | 39/51 [00:06<00:01,  6.27it/s]Capturing CUDA graphs (mixed prefill-decode, PIECEWISE):  78%|███████▊  | 40/51 [00:06<00:01,  6.17it/s]Capturing CUDA graphs (mixed prefill-decode, PIECEWISE):  80%|████████  | 41/51 [00:06<00:01,  6.22it/s]Capturing CUDA graphs (mixed prefill-decode, PIECEWISE):  82%|████████▏ | 42/51 [00:06<00:01,  6.20it/s]Capturing CUDA graphs (mixed prefill-decode, PIECEWISE):  84%|████████▍ | 43/51 [00:06<00:01,  6.48it/s]Capturing CUDA graphs (mixed prefill-decode, PIECEWISE):  86%|████████▋ | 44/51 [00:06<00:00,  7.14it/s]Capturing CUDA graphs (mixed prefill-decode, PIECEWISE):  88%|████████▊ | 45/51 [00:06<00:00,  7.58it/s]Capturing CUDA graphs (mixed prefill-decode, PIECEWISE):  90%|█████████ | 46/51 [00:07<00:00,  7.89it/s]Capturing CUDA graphs (mixed prefill-decode, PIECEWISE):  92%|█████████▏| 47/51 [00:07<00:00,  8.15it/s]Capturing CUDA graphs (mixed prefill-decode, PIECEWISE):  94%|█████████▍| 48/51 [00:07<00:00,  8.25it/s]Capturing CUDA graphs (mixed prefill-decode, PIECEWISE):  96%|█████████▌| 49/51 [00:07<00:00,  8.45it/s]Capturing CUDA graphs (mixed prefill-decode, PIECEWISE):  98%|█████████▊| 50/51 [00:07<00:00,  8.60it/s]Capturing CUDA graphs (mixed prefill-decode, PIECEWISE): 100%|██████████| 51/51 [00:07<00:00,  8.70it/s]Capturing CUDA graphs (mixed prefill-decode, PIECEWISE): 100%|██████████| 51/51 [00:07<00:00,  6.73it/s]
(Worker_TP0 pid=3182193) Capturing CUDA graphs (decode, FULL):   0%|          | 0/51 [00:00<?, ?it/s]Capturing CUDA graphs (decode, FULL):   2%|▏         | 1/51 [00:00<00:06,  7.36it/s]Capturing CUDA graphs (decode, FULL):   4%|▍         | 2/51 [00:00<00:05,  8.57it/s]Capturing CUDA graphs (decode, FULL):   6%|▌         | 3/51 [00:00<00:05,  8.98it/s]Capturing CUDA graphs (decode, FULL):   8%|▊         | 4/51 [00:00<00:05,  9.22it/s]Capturing CUDA graphs (decode, FULL):  10%|▉         | 5/51 [00:00<00:04,  9.41it/s]Capturing CUDA graphs (decode, FULL):  12%|█▏        | 6/51 [00:00<00:04,  9.40it/s]Capturing CUDA graphs (decode, FULL):  14%|█▎        | 7/51 [00:00<00:04,  9.48it/s]Capturing CUDA graphs (decode, FULL):  16%|█▌        | 8/51 [00:00<00:04,  9.60it/s]Capturing CUDA graphs (decode, FULL):  18%|█▊        | 9/51 [00:00<00:04,  9.49it/s]Capturing CUDA graphs (decode, FULL):  20%|█▉        | 10/51 [00:01<00:04,  9.52it/s]Capturing CUDA graphs (decode, FULL):  22%|██▏       | 11/51 [00:01<00:04,  9.60it/s]Capturing CUDA graphs (decode, FULL):  24%|██▎       | 12/51 [00:01<00:04,  9.42it/s]Capturing CUDA graphs (decode, FULL):  25%|██▌       | 13/51 [00:01<00:03,  9.51it/s]Capturing CUDA graphs (decode, FULL):  27%|██▋       | 14/51 [00:01<00:03,  9.50it/s]Capturing CUDA graphs (decode, FULL):  29%|██▉       | 15/51 [00:01<00:03,  9.52it/s]Capturing CUDA graphs (decode, FULL):  31%|███▏      | 16/51 [00:01<00:03,  9.55it/s]Capturing CUDA graphs (decode, FULL):  33%|███▎      | 17/51 [00:01<00:03,  9.44it/s]Capturing CUDA graphs (decode, FULL):  35%|███▌      | 18/51 [00:01<00:03,  9.45it/s]Capturing CUDA graphs (decode, FULL):  37%|███▋      | 19/51 [00:02<00:03,  9.47it/s]Capturing CUDA graphs (decode, FULL):  39%|███▉      | 20/51 [00:02<00:03,  9.38it/s]Capturing CUDA graphs (decode, FULL):  41%|████      | 21/51 [00:02<00:03,  9.39it/s]Capturing CUDA graphs (decode, FULL):  43%|████▎     | 22/51 [00:02<00:03,  9.34it/s]Capturing CUDA graphs (decode, FULL):  45%|████▌     | 23/51 [00:02<00:02,  9.40it/s]Capturing CUDA graphs (decode, FULL):  47%|████▋     | 24/51 [00:02<00:02,  9.47it/s]Capturing CUDA graphs (decode, FULL):  49%|████▉     | 25/51 [00:02<00:02,  9.40it/s]Capturing CUDA graphs (decode, FULL):  51%|█████     | 26/51 [00:02<00:02,  9.56it/s]Capturing CUDA graphs (decode, FULL):  53%|█████▎    | 27/51 [00:02<00:02,  9.61it/s]Capturing CUDA graphs (decode, FULL):  55%|█████▍    | 28/51 [00:02<00:02,  9.55it/s]Capturing CUDA graphs (decode, FULL):  57%|█████▋    | 29/51 [00:03<00:02,  9.65it/s]Capturing CUDA graphs (decode, FULL):  59%|█████▉    | 30/51 [00:03<00:02,  9.57it/s]Capturing CUDA graphs (decode, FULL):  61%|██████    | 31/51 [00:03<00:02,  9.62it/s]Capturing CUDA graphs (decode, FULL):  63%|██████▎   | 32/51 [00:03<00:01,  9.70it/s]Capturing CUDA graphs (decode, FULL):  65%|██████▍   | 33/51 [00:03<00:01,  9.62it/s]Capturing CUDA graphs (decode, FULL):  67%|██████▋   | 34/51 [00:03<00:01,  9.64it/s]Capturing CUDA graphs (decode, FULL):  69%|██████▊   | 35/51 [00:03<00:01,  9.73it/s]Capturing CUDA graphs (decode, FULL):  73%|███████▎  | 37/51 [00:03<00:01,  9.97it/s]Capturing CUDA graphs (decode, FULL):  75%|███████▍  | 38/51 [00:03<00:01,  9.95it/s]Capturing CUDA graphs (decode, FULL):  76%|███████▋  | 39/51 [00:04<00:01,  9.77it/s]Capturing CUDA graphs (decode, FULL):  78%|███████▊  | 40/51 [00:04<00:01,  9.79it/s]Capturing CUDA graphs (decode, FULL):  80%|████████  | 41/51 [00:04<00:01,  9.64it/s]Capturing CUDA graphs (decode, FULL):  82%|████████▏ | 42/51 [00:04<00:00,  9.74it/s]Capturing CUDA graphs (decode, FULL):  86%|████████▋ | 44/51 [00:04<00:00, 12.21it/s]Capturing CUDA graphs (decode, FULL):  90%|█████████ | 46/51 [00:04<00:00, 14.24it/s]Capturing CUDA graphs (decode, FULL):  94%|█████████▍| 48/51 [00:04<00:00, 15.86it/s]Capturing CUDA graphs (decode, FULL):  98%|█████████▊| 50/51 [00:04<00:00, 16.83it/s]Capturing CUDA graphs (decode, FULL): 100%|██████████| 51/51 [00:04<00:00, 10.45it/s]
(Worker_TP0 pid=3182193) INFO 07-08 10:56:32 [gpu_model_runner.py:6456] Graph capturing finished in 13 secs, took 1.56 GiB
(Worker_TP0 pid=3182193) INFO 07-08 10:56:32 [gpu_worker.py:619] CUDA graph pool memory: 1.56 GiB (actual), 1.79 GiB (estimated), difference: 0.22 GiB (14.2%).
(Worker_TP7 pid=3182200) INFO 07-08 10:56:32 [gpu_worker.py:619] CUDA graph pool memory: 1.56 GiB (actual), 1.79 GiB (estimated), difference: 0.22 GiB (14.2%).
(Worker_TP6 pid=3182199) INFO 07-08 10:56:32 [gpu_worker.py:619] CUDA graph pool memory: 1.56 GiB (actual), 1.79 GiB (estimated), difference: 0.22 GiB (14.2%).
(Worker_TP3 pid=3182196) INFO 07-08 10:56:32 [gpu_worker.py:619] CUDA graph pool memory: 1.56 GiB (actual), 1.79 GiB (estimated), difference: 0.22 GiB (14.2%).
(Worker_TP5 pid=3182198) INFO 07-08 10:56:32 [gpu_worker.py:619] CUDA graph pool memory: 1.56 GiB (actual), 1.79 GiB (estimated), difference: 0.22 GiB (14.2%).
(Worker_TP4 pid=3182197) INFO 07-08 10:56:32 [gpu_worker.py:619] CUDA graph pool memory: 1.56 GiB (actual), 1.79 GiB (estimated), difference: 0.22 GiB (14.2%).
(Worker_TP2 pid=3182195) INFO 07-08 10:56:32 [gpu_worker.py:619] CUDA graph pool memory: 1.56 GiB (actual), 1.79 GiB (estimated), difference: 0.22 GiB (14.2%).
(Worker_TP1 pid=3182194) INFO 07-08 10:56:32 [gpu_worker.py:619] CUDA graph pool memory: 1.56 GiB (actual), 1.79 GiB (estimated), difference: 0.22 GiB (14.2%).
(Worker_TP2 pid=3182195) INFO 07-08 10:56:32 [jit_monitor.py:54] Kernel JIT monitor activated — Triton JIT compilations during inference will be logged as warnings.
(Worker_TP0 pid=3182193) INFO 07-08 10:56:32 [jit_monitor.py:54] Kernel JIT monitor activated — Triton JIT compilations during inference will be logged as warnings.
(Worker_TP4 pid=3182197) INFO 07-08 10:56:32 [jit_monitor.py:54] Kernel JIT monitor activated — Triton JIT compilations during inference will be logged as warnings.
(Worker_TP5 pid=3182198) INFO 07-08 10:56:32 [jit_monitor.py:54] Kernel JIT monitor activated — Triton JIT compilations during inference will be logged as warnings.
(Worker_TP7 pid=3182200) INFO 07-08 10:56:32 [jit_monitor.py:54] Kernel JIT monitor activated — Triton JIT compilations during inference will be logged as warnings.
(Worker_TP6 pid=3182199) INFO 07-08 10:56:32 [jit_monitor.py:54] Kernel JIT monitor activated — Triton JIT compilations during inference will be logged as warnings.
(Worker_TP3 pid=3182196) INFO 07-08 10:56:32 [jit_monitor.py:54] Kernel JIT monitor activated — Triton JIT compilations during inference will be logged as warnings.
(Worker_TP1 pid=3182194) INFO 07-08 10:56:32 [jit_monitor.py:54] Kernel JIT monitor activated — Triton JIT compilations during inference will be logged as warnings.
(EngineCore pid=3181679) INFO 07-08 10:56:32 [core.py:302] init engine (profile, create kv cache, warmup model) took 32.71 s (compilation: 12.00 s)
(EngineCore pid=3181679) Warning: You are sending unauthenticated requests to the HF Hub. Please set a HF_TOKEN to enable higher rate limits and faster downloads.
(EngineCore pid=3181679) INFO 07-08 10:56:34 [vllm.py:977] Asynchronous scheduling is enabled.
(EngineCore pid=3181679) INFO 07-08 10:56:34 [kernel.py:270] Final IR op priority after setting platform defaults: IrOpPriorityConfig(rms_norm=['native'], fused_add_rms_norm=['native'])
(EngineCore pid=3181679) <frozen importlib._bootstrap_external>:1297: FutureWarning: The cuda.cudart module is deprecated and will be removed in a future release, please switch to use the cuda.bindings.runtime module instead.
(EngineCore pid=3181679) <frozen importlib._bootstrap_external>:1297: FutureWarning: The cuda.nvrtc module is deprecated and will be removed in a future release, please switch to use the cuda.bindings.nvrtc module instead.
(EngineCore pid=3181679) INFO 07-08 10:56:35 [compilation.py:312] Enabled custom fusions: allreduce_rms
(APIServer pid=3180521) INFO 07-08 10:56:35 [api_server.py:592] Supported tasks: ['generate']
(APIServer pid=3180521) WARNING 07-08 10:56:35 [model.py:1509] Default vLLM sampling parameters have been overridden by the model's `generation_config.json`: `{'repetition_penalty': 1.05, 'temperature': 0.7, 'top_k': 20, 'top_p': 0.8}`. If this is not intended, please relaunch vLLM instance with `--generation-config vllm`.
(APIServer pid=3180521) INFO 07-08 10:56:37 [hf.py:488] Detected the chat template content format to be 'string'. You can set `--chat-template-content-format` to override this.
(APIServer pid=3180521) INFO 07-08 10:56:37 [api_server.py:596] Starting vLLM server on http://127.0.0.1:8000
(APIServer pid=3180521) INFO 07-08 10:56:37 [launcher.py:37] Available routes are:
(APIServer pid=3180521) INFO 07-08 10:56:37 [launcher.py:46] Route: /openapi.json, Methods: HEAD, GET
(APIServer pid=3180521) INFO 07-08 10:56:37 [launcher.py:46] Route: /docs, Methods: HEAD, GET
(APIServer pid=3180521) INFO 07-08 10:56:37 [launcher.py:46] Route: /docs/oauth2-redirect, Methods: HEAD, GET
(APIServer pid=3180521) INFO 07-08 10:56:37 [launcher.py:46] Route: /redoc, Methods: HEAD, GET
(APIServer pid=3180521) INFO 07-08 10:56:37 [launcher.py:46] Route: /tokenize, Methods: POST
(APIServer pid=3180521) INFO 07-08 10:56:37 [launcher.py:46] Route: /detokenize, Methods: POST
(APIServer pid=3180521) INFO 07-08 10:56:37 [launcher.py:46] Route: /load, Methods: GET
(APIServer pid=3180521) INFO 07-08 10:56:37 [launcher.py:46] Route: /version, Methods: GET
(APIServer pid=3180521) INFO 07-08 10:56:37 [launcher.py:46] Route: /health, Methods: GET
(APIServer pid=3180521) INFO 07-08 10:56:37 [launcher.py:46] Route: /metrics, Methods: GET
(APIServer pid=3180521) INFO 07-08 10:56:37 [launcher.py:46] Route: /v1/models, Methods: GET
(APIServer pid=3180521) INFO 07-08 10:56:37 [launcher.py:46] Route: /ping, Methods: GET
(APIServer pid=3180521) INFO 07-08 10:56:37 [launcher.py:46] Route: /ping, Methods: POST
(APIServer pid=3180521) INFO 07-08 10:56:37 [launcher.py:46] Route: /invocations, Methods: POST
(APIServer pid=3180521) INFO 07-08 10:56:37 [launcher.py:46] Route: /v1/chat/completions, Methods: POST
(APIServer pid=3180521) INFO 07-08 10:56:37 [launcher.py:46] Route: /v1/chat/completions/batch, Methods: POST
(APIServer pid=3180521) INFO 07-08 10:56:37 [launcher.py:46] Route: /v1/responses, Methods: POST
(APIServer pid=3180521) INFO 07-08 10:56:37 [launcher.py:46] Route: /v1/responses/{response_id}, Methods: GET
(APIServer pid=3180521) INFO 07-08 10:56:37 [launcher.py:46] Route: /v1/responses/{response_id}/cancel, Methods: POST
(APIServer pid=3180521) INFO 07-08 10:56:37 [launcher.py:46] Route: /v1/completions, Methods: POST
(APIServer pid=3180521) INFO 07-08 10:56:37 [launcher.py:46] Route: /v1/messages, Methods: POST
(APIServer pid=3180521) INFO 07-08 10:56:37 [launcher.py:46] Route: /v1/messages/count_tokens, Methods: POST
(APIServer pid=3180521) INFO 07-08 10:56:37 [launcher.py:46] Route: /inference/v1/generate, Methods: POST
(APIServer pid=3180521) INFO 07-08 10:56:37 [launcher.py:46] Route: /scale_elastic_ep, Methods: POST
(APIServer pid=3180521) INFO 07-08 10:56:37 [launcher.py:46] Route: /is_scaling_elastic_ep, Methods: POST
(APIServer pid=3180521) INFO 07-08 10:56:37 [launcher.py:46] Route: /generative_scoring, Methods: POST
(APIServer pid=3180521) INFO 07-08 10:56:37 [launcher.py:46] Route: /v1/chat/completions/render, Methods: POST
(APIServer pid=3180521) INFO 07-08 10:56:37 [launcher.py:46] Route: /v1/completions/render, Methods: POST
(APIServer pid=3180521) INFO:     Started server process [3180521]
(APIServer pid=3180521) INFO:     Waiting for application startup.
(APIServer pid=3180521) INFO:     Application startup complete.
(APIServer pid=3180521) INFO:     127.0.0.1:48574 - "POST /v1/completions HTTP/1.1" 200 OK
(Worker_TP0 pid=3182193) WARNING 07-08 10:56:38 [jit_monitor.py:103] Triton kernel JIT compilation during inference: _compute_slot_mapping_kernel. This causes a latency spike; consider extending warmup to cover this shape/config.
(APIServer pid=3180521) INFO:     127.0.0.1:48574 - "POST /v1/completions HTTP/1.1" 200 OK
(APIServer pid=3180521) INFO:     127.0.0.1:53906 - "POST /v1/completions HTTP/1.1" 200 OK
(APIServer pid=3180521) INFO:     127.0.0.1:53916 - "POST /v1/completions HTTP/1.1" 200 OK
(APIServer pid=3180521) INFO:     127.0.0.1:53926 - "POST /v1/completions HTTP/1.1" 200 OK
(APIServer pid=3180521) INFO:     127.0.0.1:53936 - "POST /v1/completions HTTP/1.1" 200 OK
(APIServer pid=3180521) INFO:     127.0.0.1:53944 - "POST /v1/completions HTTP/1.1" 200 OK
(APIServer pid=3180521) INFO:     127.0.0.1:53960 - "POST /v1/completions HTTP/1.1" 200 OK
(APIServer pid=3180521) INFO:     127.0.0.1:53964 - "POST /v1/completions HTTP/1.1" 200 OK
(APIServer pid=3180521) INFO:     127.0.0.1:53976 - "POST /v1/completions HTTP/1.1" 200 OK
(APIServer pid=3180521) INFO:     127.0.0.1:53978 - "POST /v1/completions HTTP/1.1" 200 OK
(APIServer pid=3180521) INFO:     127.0.0.1:53990 - "POST /v1/completions HTTP/1.1" 200 OK
(APIServer pid=3180521) INFO:     127.0.0.1:53998 - "POST /v1/completions HTTP/1.1" 200 OK
(APIServer pid=3180521) INFO:     127.0.0.1:54012 - "POST /v1/completions HTTP/1.1" 200 OK
(APIServer pid=3180521) INFO:     127.0.0.1:54014 - "POST /v1/completions HTTP/1.1" 200 OK
(APIServer pid=3180521) INFO:     127.0.0.1:54024 - "POST /v1/completions HTTP/1.1" 200 OK
(APIServer pid=3180521) INFO:     127.0.0.1:54034 - "POST /v1/completions HTTP/1.1" 200 OK
(APIServer pid=3180521) INFO:     127.0.0.1:54046 - "POST /v1/completions HTTP/1.1" 200 OK
(APIServer pid=3180521) INFO:     127.0.0.1:54048 - "POST /v1/completions HTTP/1.1" 200 OK
(APIServer pid=3180521) INFO:     127.0.0.1:54054 - "POST /v1/completions HTTP/1.1" 200 OK
(APIServer pid=3180521) INFO:     127.0.0.1:54062 - "POST /v1/completions HTTP/1.1" 200 OK
(APIServer pid=3180521) INFO:     127.0.0.1:54076 - "POST /v1/completions HTTP/1.1" 200 OK
(APIServer pid=3180521) INFO:     127.0.0.1:54088 - "POST /v1/completions HTTP/1.1" 200 OK
(APIServer pid=3180521) INFO:     127.0.0.1:54104 - "POST /v1/completions HTTP/1.1" 200 OK
(APIServer pid=3180521) INFO:     127.0.0.1:54118 - "POST /v1/completions HTTP/1.1" 200 OK
(APIServer pid=3180521) INFO:     127.0.0.1:54126 - "POST /v1/completions HTTP/1.1" 200 OK
(APIServer pid=3180521) INFO:     127.0.0.1:54128 - "POST /v1/completions HTTP/1.1" 200 OK
(APIServer pid=3180521) INFO:     127.0.0.1:54138 - "POST /v1/completions HTTP/1.1" 200 OK
(APIServer pid=3180521) INFO:     127.0.0.1:54146 - "POST /v1/completions HTTP/1.1" 200 OK
(APIServer pid=3180521) INFO:     127.0.0.1:54152 - "POST /v1/completions HTTP/1.1" 200 OK
(APIServer pid=3180521) INFO:     127.0.0.1:54164 - "POST /v1/completions HTTP/1.1" 200 OK
(APIServer pid=3180521) INFO:     127.0.0.1:54180 - "POST /v1/completions HTTP/1.1" 200 OK
(APIServer pid=3180521) INFO:     127.0.0.1:54182 - "POST /v1/completions HTTP/1.1" 200 OK
(APIServer pid=3180521) INFO:     127.0.0.1:54186 - "POST /v1/completions HTTP/1.1" 200 OK
(APIServer pid=3180521) INFO:     127.0.0.1:54188 - "POST /v1/completions HTTP/1.1" 200 OK
(APIServer pid=3180521) INFO:     127.0.0.1:54194 - "POST /v1/completions HTTP/1.1" 200 OK
(APIServer pid=3180521) INFO:     127.0.0.1:54206 - "POST /v1/completions HTTP/1.1" 200 OK
(APIServer pid=3180521) INFO:     127.0.0.1:54218 - "POST /v1/completions HTTP/1.1" 200 OK
(APIServer pid=3180521) INFO:     127.0.0.1:54232 - "POST /v1/completions HTTP/1.1" 200 OK
(APIServer pid=3180521) INFO:     127.0.0.1:54240 - "POST /v1/completions HTTP/1.1" 200 OK
(APIServer pid=3180521) INFO:     127.0.0.1:54250 - "POST /v1/completions HTTP/1.1" 200 OK
(APIServer pid=3180521) INFO:     127.0.0.1:54264 - "POST /v1/completions HTTP/1.1" 200 OK
(APIServer pid=3180521) INFO:     127.0.0.1:54276 - "POST /v1/completions HTTP/1.1" 200 OK
(APIServer pid=3180521) INFO:     127.0.0.1:54290 - "POST /v1/completions HTTP/1.1" 200 OK
(APIServer pid=3180521) INFO:     127.0.0.1:54302 - "POST /v1/completions HTTP/1.1" 200 OK
(APIServer pid=3180521) INFO:     127.0.0.1:54306 - "POST /v1/completions HTTP/1.1" 200 OK
(APIServer pid=3180521) INFO:     127.0.0.1:54318 - "POST /v1/completions HTTP/1.1" 200 OK
(APIServer pid=3180521) INFO:     127.0.0.1:54324 - "POST /v1/completions HTTP/1.1" 200 OK
(APIServer pid=3180521) INFO:     127.0.0.1:54334 - "POST /v1/completions HTTP/1.1" 200 OK
(APIServer pid=3180521) INFO:     127.0.0.1:54340 - "POST /v1/completions HTTP/1.1" 200 OK
(APIServer pid=3180521) INFO:     127.0.0.1:54354 - "POST /v1/completions HTTP/1.1" 200 OK
(APIServer pid=3180521) INFO:     127.0.0.1:54364 - "POST /v1/completions HTTP/1.1" 200 OK
(APIServer pid=3180521) INFO:     127.0.0.1:54368 - "POST /v1/completions HTTP/1.1" 200 OK
(APIServer pid=3180521) INFO:     127.0.0.1:54376 - "POST /v1/completions HTTP/1.1" 200 OK
(APIServer pid=3180521) INFO:     127.0.0.1:54380 - "POST /v1/completions HTTP/1.1" 200 OK
(APIServer pid=3180521) INFO:     127.0.0.1:54382 - "POST /v1/completions HTTP/1.1" 200 OK
(APIServer pid=3180521) INFO:     127.0.0.1:54386 - "POST /v1/completions HTTP/1.1" 200 OK
(APIServer pid=3180521) INFO:     127.0.0.1:54394 - "POST /v1/completions HTTP/1.1" 200 OK
(APIServer pid=3180521) INFO:     127.0.0.1:54404 - "POST /v1/completions HTTP/1.1" 200 OK
(APIServer pid=3180521) INFO:     127.0.0.1:54408 - "POST /v1/completions HTTP/1.1" 200 OK
(APIServer pid=3180521) INFO:     127.0.0.1:54420 - "POST /v1/completions HTTP/1.1" 200 OK
(APIServer pid=3180521) INFO:     127.0.0.1:54426 - "POST /v1/completions HTTP/1.1" 200 OK
(APIServer pid=3180521) INFO:     127.0.0.1:54432 - "POST /v1/completions HTTP/1.1" 200 OK
(APIServer pid=3180521) INFO:     127.0.0.1:54438 - "POST /v1/completions HTTP/1.1" 200 OK
(APIServer pid=3180521) INFO:     127.0.0.1:54450 - "POST /v1/completions HTTP/1.1" 200 OK
(APIServer pid=3180521) INFO 07-08 10:56:48 [loggers.py:271] Engine 000: Avg prompt throughput: 86.9 tokens/s, Avg generation throughput: 1435.2 tokens/s, Running: 64 reqs, Waiting: 0 reqs, GPU KV cache usage: 1.0%, Prefix cache hit rate: 86.2%
(APIServer pid=3180521) INFO:     127.0.0.1:48574 - "GET /metrics HTTP/1.1" 200 OK
(APIServer pid=3180521) INFO:     127.0.0.1:53906 - "POST /v1/completions HTTP/1.1" 200 OK
(APIServer pid=3180521) INFO:     127.0.0.1:53916 - "POST /v1/completions HTTP/1.1" 200 OK
(APIServer pid=3180521) INFO:     127.0.0.1:54014 - "POST /v1/completions HTTP/1.1" 200 OK
(APIServer pid=3180521) INFO:     127.0.0.1:53964 - "POST /v1/completions HTTP/1.1" 200 OK
(APIServer pid=3180521) INFO:     127.0.0.1:53936 - "POST /v1/completions HTTP/1.1" 200 OK
(APIServer pid=3180521) INFO:     127.0.0.1:53978 - "POST /v1/completions HTTP/1.1" 200 OK
(APIServer pid=3180521) INFO:     127.0.0.1:54180 - "POST /v1/completions HTTP/1.1" 200 OK
(APIServer pid=3180521) INFO:     127.0.0.1:53990 - "POST /v1/completions HTTP/1.1" 200 OK
(APIServer pid=3180521) INFO:     127.0.0.1:54146 - "POST /v1/completions HTTP/1.1" 200 OK
(APIServer pid=3180521) INFO:     127.0.0.1:54076 - "POST /v1/completions HTTP/1.1" 200 OK
(APIServer pid=3180521) INFO:     127.0.0.1:53944 - "POST /v1/completions HTTP/1.1" 200 OK
(APIServer pid=3180521) INFO:     127.0.0.1:54138 - "POST /v1/completions HTTP/1.1" 200 OK
(APIServer pid=3180521) INFO:     127.0.0.1:54034 - "POST /v1/completions HTTP/1.1" 200 OK
(APIServer pid=3180521) INFO:     127.0.0.1:54182 - "POST /v1/completions HTTP/1.1" 200 OK
(APIServer pid=3180521) INFO:     127.0.0.1:53976 - "POST /v1/completions HTTP/1.1" 200 OK
(APIServer pid=3180521) INFO:     127.0.0.1:54024 - "POST /v1/completions HTTP/1.1" 200 OK
(APIServer pid=3180521) INFO:     127.0.0.1:53998 - "POST /v1/completions HTTP/1.1" 200 OK
(APIServer pid=3180521) INFO:     127.0.0.1:54118 - "POST /v1/completions HTTP/1.1" 200 OK
(APIServer pid=3180521) INFO:     127.0.0.1:54048 - "POST /v1/completions HTTP/1.1" 200 OK
(APIServer pid=3180521) INFO:     127.0.0.1:54152 - "POST /v1/completions HTTP/1.1" 200 OK
(APIServer pid=3180521) INFO:     127.0.0.1:54088 - "POST /v1/completions HTTP/1.1" 200 OK
(APIServer pid=3180521) INFO:     127.0.0.1:54062 - "POST /v1/completions HTTP/1.1" 200 OK
(APIServer pid=3180521) INFO:     127.0.0.1:54164 - "POST /v1/completions HTTP/1.1" 200 OK
(APIServer pid=3180521) INFO:     127.0.0.1:54104 - "POST /v1/completions HTTP/1.1" 200 OK
(APIServer pid=3180521) INFO:     127.0.0.1:54054 - "POST /v1/completions HTTP/1.1" 200 OK
(APIServer pid=3180521) INFO:     127.0.0.1:54188 - "POST /v1/completions HTTP/1.1" 200 OK
(APIServer pid=3180521) INFO:     127.0.0.1:54046 - "POST /v1/completions HTTP/1.1" 200 OK
(APIServer pid=3180521) INFO:     127.0.0.1:54128 - "POST /v1/completions HTTP/1.1" 200 OK
(APIServer pid=3180521) INFO:     127.0.0.1:53926 - "POST /v1/completions HTTP/1.1" 200 OK
(APIServer pid=3180521) INFO:     127.0.0.1:54126 - "POST /v1/completions HTTP/1.1" 200 OK
(APIServer pid=3180521) INFO:     127.0.0.1:53960 - "POST /v1/completions HTTP/1.1" 200 OK
(APIServer pid=3180521) INFO:     127.0.0.1:54012 - "POST /v1/completions HTTP/1.1" 200 OK
(APIServer pid=3180521) INFO:     127.0.0.1:54186 - "POST /v1/completions HTTP/1.1" 200 OK
(APIServer pid=3180521) INFO:     127.0.0.1:54194 - "POST /v1/completions HTTP/1.1" 200 OK
(APIServer pid=3180521) INFO:     127.0.0.1:54376 - "POST /v1/completions HTTP/1.1" 200 OK
(APIServer pid=3180521) INFO:     127.0.0.1:54276 - "POST /v1/completions HTTP/1.1" 200 OK
(APIServer pid=3180521) INFO:     127.0.0.1:54394 - "POST /v1/completions HTTP/1.1" 200 OK
(APIServer pid=3180521) INFO:     127.0.0.1:54364 - "POST /v1/completions HTTP/1.1" 200 OK
(APIServer pid=3180521) INFO:     127.0.0.1:54382 - "POST /v1/completions HTTP/1.1" 200 OK
(APIServer pid=3180521) INFO:     127.0.0.1:54232 - "POST /v1/completions HTTP/1.1" 200 OK
(APIServer pid=3180521) INFO:     127.0.0.1:54264 - "POST /v1/completions HTTP/1.1" 200 OK
(APIServer pid=3180521) INFO:     127.0.0.1:54240 - "POST /v1/completions HTTP/1.1" 200 OK
(APIServer pid=3180521) INFO:     127.0.0.1:54340 - "POST /v1/completions HTTP/1.1" 200 OK
(APIServer pid=3180521) INFO:     127.0.0.1:54368 - "POST /v1/completions HTTP/1.1" 200 OK
(APIServer pid=3180521) INFO:     127.0.0.1:54306 - "POST /v1/completions HTTP/1.1" 200 OK
(APIServer pid=3180521) INFO:     127.0.0.1:54426 - "POST /v1/completions HTTP/1.1" 200 OK
(APIServer pid=3180521) INFO:     127.0.0.1:54408 - "POST /v1/completions HTTP/1.1" 200 OK
(APIServer pid=3180521) INFO:     127.0.0.1:54380 - "POST /v1/completions HTTP/1.1" 200 OK
(APIServer pid=3180521) INFO:     127.0.0.1:54438 - "POST /v1/completions HTTP/1.1" 200 OK
(APIServer pid=3180521) INFO:     127.0.0.1:54290 - "POST /v1/completions HTTP/1.1" 200 OK
(APIServer pid=3180521) INFO:     127.0.0.1:54206 - "POST /v1/completions HTTP/1.1" 200 OK
(APIServer pid=3180521) INFO:     127.0.0.1:54386 - "POST /v1/completions HTTP/1.1" 200 OK
(APIServer pid=3180521) INFO:     127.0.0.1:54404 - "POST /v1/completions HTTP/1.1" 200 OK
(APIServer pid=3180521) INFO:     127.0.0.1:54450 - "POST /v1/completions HTTP/1.1" 200 OK
(APIServer pid=3180521) INFO:     127.0.0.1:54432 - "POST /v1/completions HTTP/1.1" 200 OK
(APIServer pid=3180521) INFO:     127.0.0.1:54218 - "POST /v1/completions HTTP/1.1" 200 OK
(APIServer pid=3180521) INFO:     127.0.0.1:54250 - "POST /v1/completions HTTP/1.1" 200 OK
(APIServer pid=3180521) INFO:     127.0.0.1:54354 - "POST /v1/completions HTTP/1.1" 200 OK
(APIServer pid=3180521) INFO:     127.0.0.1:54334 - "POST /v1/completions HTTP/1.1" 200 OK
(APIServer pid=3180521) INFO:     127.0.0.1:54420 - "POST /v1/completions HTTP/1.1" 200 OK
(APIServer pid=3180521) INFO:     127.0.0.1:54302 - "POST /v1/completions HTTP/1.1" 200 OK
(APIServer pid=3180521) INFO:     127.0.0.1:54324 - "POST /v1/completions HTTP/1.1" 200 OK
(APIServer pid=3180521) INFO:     127.0.0.1:54318 - "POST /v1/completions HTTP/1.1" 200 OK
(APIServer pid=3180521) INFO:     127.0.0.1:48574 - "POST /v1/completions HTTP/1.1" 200 OK
(APIServer pid=3180521) INFO:     127.0.0.1:42424 - "POST /v1/completions HTTP/1.1" 200 OK
(APIServer pid=3180521) INFO:     127.0.0.1:42434 - "POST /v1/completions HTTP/1.1" 200 OK
(APIServer pid=3180521) INFO:     127.0.0.1:42436 - "POST /v1/completions HTTP/1.1" 200 OK
(APIServer pid=3180521) INFO:     127.0.0.1:42450 - "POST /v1/completions HTTP/1.1" 200 OK
(APIServer pid=3180521) INFO:     127.0.0.1:42454 - "POST /v1/completions HTTP/1.1" 200 OK
(APIServer pid=3180521) INFO:     127.0.0.1:42470 - "POST /v1/completions HTTP/1.1" 200 OK
(APIServer pid=3180521) INFO:     127.0.0.1:42472 - "POST /v1/completions HTTP/1.1" 200 OK
(APIServer pid=3180521) INFO:     127.0.0.1:42478 - "POST /v1/completions HTTP/1.1" 200 OK
(APIServer pid=3180521) INFO:     127.0.0.1:42480 - "POST /v1/completions HTTP/1.1" 200 OK
(APIServer pid=3180521) INFO:     127.0.0.1:42482 - "POST /v1/completions HTTP/1.1" 200 OK
(APIServer pid=3180521) INFO:     127.0.0.1:42494 - "POST /v1/completions HTTP/1.1" 200 OK
(APIServer pid=3180521) INFO:     127.0.0.1:42496 - "POST /v1/completions HTTP/1.1" 200 OK
(APIServer pid=3180521) INFO:     127.0.0.1:42506 - "POST /v1/completions HTTP/1.1" 200 OK
(APIServer pid=3180521) INFO:     127.0.0.1:42516 - "POST /v1/completions HTTP/1.1" 200 OK
(APIServer pid=3180521) INFO:     127.0.0.1:42526 - "POST /v1/completions HTTP/1.1" 200 OK
(APIServer pid=3180521) INFO:     127.0.0.1:42530 - "POST /v1/completions HTTP/1.1" 200 OK
(APIServer pid=3180521) INFO:     127.0.0.1:42542 - "POST /v1/completions HTTP/1.1" 200 OK
(APIServer pid=3180521) INFO:     127.0.0.1:42556 - "POST /v1/completions HTTP/1.1" 200 OK
(APIServer pid=3180521) INFO:     127.0.0.1:42568 - "POST /v1/completions HTTP/1.1" 200 OK
(APIServer pid=3180521) INFO:     127.0.0.1:42578 - "POST /v1/completions HTTP/1.1" 200 OK
(APIServer pid=3180521) INFO:     127.0.0.1:42590 - "POST /v1/completions HTTP/1.1" 200 OK
(APIServer pid=3180521) INFO:     127.0.0.1:42592 - "POST /v1/completions HTTP/1.1" 200 OK
(APIServer pid=3180521) INFO:     127.0.0.1:42600 - "POST /v1/completions HTTP/1.1" 200 OK
(APIServer pid=3180521) INFO:     127.0.0.1:42604 - "POST /v1/completions HTTP/1.1" 200 OK
(APIServer pid=3180521) INFO:     127.0.0.1:42612 - "POST /v1/completions HTTP/1.1" 200 OK
(APIServer pid=3180521) INFO:     127.0.0.1:42622 - "POST /v1/completions HTTP/1.1" 200 OK
(APIServer pid=3180521) INFO:     127.0.0.1:42634 - "POST /v1/completions HTTP/1.1" 200 OK
(APIServer pid=3180521) INFO:     127.0.0.1:42648 - "POST /v1/completions HTTP/1.1" 200 OK
(APIServer pid=3180521) INFO:     127.0.0.1:42662 - "POST /v1/completions HTTP/1.1" 200 OK
(APIServer pid=3180521) INFO:     127.0.0.1:42668 - "POST /v1/completions HTTP/1.1" 200 OK
(APIServer pid=3180521) INFO:     127.0.0.1:42672 - "POST /v1/completions HTTP/1.1" 200 OK
(APIServer pid=3180521) INFO:     127.0.0.1:42680 - "POST /v1/completions HTTP/1.1" 200 OK
(APIServer pid=3180521) INFO:     127.0.0.1:42694 - "POST /v1/completions HTTP/1.1" 200 OK
(APIServer pid=3180521) INFO:     127.0.0.1:42698 - "POST /v1/completions HTTP/1.1" 200 OK
(APIServer pid=3180521) INFO:     127.0.0.1:42710 - "POST /v1/completions HTTP/1.1" 200 OK
(APIServer pid=3180521) INFO:     127.0.0.1:42726 - "POST /v1/completions HTTP/1.1" 200 OK
(APIServer pid=3180521) INFO:     127.0.0.1:42730 - "POST /v1/completions HTTP/1.1" 200 OK
(APIServer pid=3180521) INFO:     127.0.0.1:42736 - "POST /v1/completions HTTP/1.1" 200 OK
(APIServer pid=3180521) INFO:     127.0.0.1:42738 - "POST /v1/completions HTTP/1.1" 200 OK
(APIServer pid=3180521) INFO:     127.0.0.1:42744 - "POST /v1/completions HTTP/1.1" 200 OK
(APIServer pid=3180521) INFO:     127.0.0.1:42758 - "POST /v1/completions HTTP/1.1" 200 OK
(APIServer pid=3180521) INFO:     127.0.0.1:42764 - "POST /v1/completions HTTP/1.1" 200 OK
(APIServer pid=3180521) INFO:     127.0.0.1:42780 - "POST /v1/completions HTTP/1.1" 200 OK
(APIServer pid=3180521) INFO:     127.0.0.1:42790 - "POST /v1/completions HTTP/1.1" 200 OK
(APIServer pid=3180521) INFO:     127.0.0.1:42796 - "POST /v1/completions HTTP/1.1" 200 OK
(APIServer pid=3180521) INFO:     127.0.0.1:42798 - "POST /v1/completions HTTP/1.1" 200 OK
(APIServer pid=3180521) INFO:     127.0.0.1:42808 - "POST /v1/completions HTTP/1.1" 200 OK
(APIServer pid=3180521) INFO:     127.0.0.1:42824 - "POST /v1/completions HTTP/1.1" 200 OK
(APIServer pid=3180521) INFO:     127.0.0.1:42830 - "POST /v1/completions HTTP/1.1" 200 OK
(APIServer pid=3180521) INFO:     127.0.0.1:42840 - "POST /v1/completions HTTP/1.1" 200 OK
(APIServer pid=3180521) INFO:     127.0.0.1:42852 - "POST /v1/completions HTTP/1.1" 200 OK
(APIServer pid=3180521) INFO:     127.0.0.1:42868 - "POST /v1/completions HTTP/1.1" 200 OK
(APIServer pid=3180521) INFO:     127.0.0.1:42872 - "POST /v1/completions HTTP/1.1" 200 OK
(APIServer pid=3180521) INFO:     127.0.0.1:42876 - "POST /v1/completions HTTP/1.1" 200 OK
(APIServer pid=3180521) INFO:     127.0.0.1:42878 - "POST /v1/completions HTTP/1.1" 200 OK
(APIServer pid=3180521) INFO:     127.0.0.1:42886 - "POST /v1/completions HTTP/1.1" 200 OK
(APIServer pid=3180521) INFO:     127.0.0.1:42902 - "POST /v1/completions HTTP/1.1" 200 OK
(APIServer pid=3180521) INFO:     127.0.0.1:42910 - "POST /v1/completions HTTP/1.1" 200 OK
(APIServer pid=3180521) INFO:     127.0.0.1:42924 - "POST /v1/completions HTTP/1.1" 200 OK
(APIServer pid=3180521) INFO:     127.0.0.1:42930 - "POST /v1/completions HTTP/1.1" 200 OK
(APIServer pid=3180521) INFO:     127.0.0.1:42936 - "POST /v1/completions HTTP/1.1" 200 OK
(APIServer pid=3180521) INFO:     127.0.0.1:42942 - "POST /v1/completions HTTP/1.1" 200 OK
(APIServer pid=3180521) INFO:     127.0.0.1:42952 - "POST /v1/completions HTTP/1.1" 200 OK
(APIServer pid=3180521) INFO:     127.0.0.1:42962 - "POST /v1/completions HTTP/1.1" 200 OK
(APIServer pid=3180521) INFO:     127.0.0.1:42974 - "POST /v1/completions HTTP/1.1" 200 OK
(APIServer pid=3180521) INFO:     127.0.0.1:42976 - "POST /v1/completions HTTP/1.1" 200 OK
(APIServer pid=3180521) INFO:     127.0.0.1:42978 - "POST /v1/completions HTTP/1.1" 200 OK
(APIServer pid=3180521) INFO:     127.0.0.1:42980 - "POST /v1/completions HTTP/1.1" 200 OK
(APIServer pid=3180521) INFO:     127.0.0.1:42990 - "POST /v1/completions HTTP/1.1" 200 OK
(APIServer pid=3180521) INFO:     127.0.0.1:43006 - "POST /v1/completions HTTP/1.1" 200 OK
(APIServer pid=3180521) INFO:     127.0.0.1:43014 - "POST /v1/completions HTTP/1.1" 200 OK
(APIServer pid=3180521) INFO:     127.0.0.1:43016 - "POST /v1/completions HTTP/1.1" 200 OK
(APIServer pid=3180521) INFO:     127.0.0.1:43030 - "POST /v1/completions HTTP/1.1" 200 OK
(APIServer pid=3180521) INFO:     127.0.0.1:43040 - "POST /v1/completions HTTP/1.1" 200 OK
(APIServer pid=3180521) INFO:     127.0.0.1:43046 - "POST /v1/completions HTTP/1.1" 200 OK
(APIServer pid=3180521) INFO:     127.0.0.1:43054 - "POST /v1/completions HTTP/1.1" 200 OK
(APIServer pid=3180521) INFO:     127.0.0.1:43056 - "POST /v1/completions HTTP/1.1" 200 OK
(APIServer pid=3180521) INFO:     127.0.0.1:43070 - "POST /v1/completions HTTP/1.1" 200 OK
(APIServer pid=3180521) INFO:     127.0.0.1:43086 - "POST /v1/completions HTTP/1.1" 200 OK
(APIServer pid=3180521) INFO:     127.0.0.1:43094 - "POST /v1/completions HTTP/1.1" 200 OK
(APIServer pid=3180521) INFO:     127.0.0.1:43100 - "POST /v1/completions HTTP/1.1" 200 OK
(APIServer pid=3180521) INFO:     127.0.0.1:43112 - "POST /v1/completions HTTP/1.1" 200 OK
(APIServer pid=3180521) INFO:     127.0.0.1:43118 - "POST /v1/completions HTTP/1.1" 200 OK
(APIServer pid=3180521) INFO:     127.0.0.1:43132 - "POST /v1/completions HTTP/1.1" 200 OK
(APIServer pid=3180521) INFO:     127.0.0.1:43142 - "POST /v1/completions HTTP/1.1" 200 OK
(APIServer pid=3180521) INFO:     127.0.0.1:43154 - "POST /v1/completions HTTP/1.1" 200 OK
(APIServer pid=3180521) INFO:     127.0.0.1:43160 - "POST /v1/completions HTTP/1.1" 200 OK
(APIServer pid=3180521) INFO:     127.0.0.1:43164 - "POST /v1/completions HTTP/1.1" 200 OK
(APIServer pid=3180521) INFO:     127.0.0.1:43170 - "POST /v1/completions HTTP/1.1" 200 OK
(APIServer pid=3180521) INFO:     127.0.0.1:43182 - "POST /v1/completions HTTP/1.1" 200 OK
(APIServer pid=3180521) INFO:     127.0.0.1:43198 - "POST /v1/completions HTTP/1.1" 200 OK
(APIServer pid=3180521) INFO:     127.0.0.1:43210 - "POST /v1/completions HTTP/1.1" 200 OK
(APIServer pid=3180521) INFO:     127.0.0.1:43226 - "POST /v1/completions HTTP/1.1" 200 OK
(APIServer pid=3180521) INFO:     127.0.0.1:43240 - "POST /v1/completions HTTP/1.1" 200 OK
(APIServer pid=3180521) INFO:     127.0.0.1:43256 - "POST /v1/completions HTTP/1.1" 200 OK
(APIServer pid=3180521) INFO:     127.0.0.1:43272 - "POST /v1/completions HTTP/1.1" 200 OK
(APIServer pid=3180521) INFO:     127.0.0.1:43282 - "POST /v1/completions HTTP/1.1" 200 OK
(APIServer pid=3180521) INFO:     127.0.0.1:43286 - "POST /v1/completions HTTP/1.1" 200 OK
(APIServer pid=3180521) INFO:     127.0.0.1:43302 - "POST /v1/completions HTTP/1.1" 200 OK
(APIServer pid=3180521) INFO:     127.0.0.1:43312 - "POST /v1/completions HTTP/1.1" 200 OK
(APIServer pid=3180521) INFO:     127.0.0.1:43326 - "POST /v1/completions HTTP/1.1" 200 OK
(APIServer pid=3180521) INFO:     127.0.0.1:43332 - "POST /v1/completions HTTP/1.1" 200 OK
(APIServer pid=3180521) INFO:     127.0.0.1:43340 - "POST /v1/completions HTTP/1.1" 200 OK
(APIServer pid=3180521) INFO:     127.0.0.1:43356 - "POST /v1/completions HTTP/1.1" 200 OK
(APIServer pid=3180521) INFO:     127.0.0.1:43370 - "POST /v1/completions HTTP/1.1" 200 OK
(APIServer pid=3180521) INFO:     127.0.0.1:43380 - "POST /v1/completions HTTP/1.1" 200 OK
(APIServer pid=3180521) INFO:     127.0.0.1:43396 - "POST /v1/completions HTTP/1.1" 200 OK
(APIServer pid=3180521) INFO:     127.0.0.1:43404 - "POST /v1/completions HTTP/1.1" 200 OK
(APIServer pid=3180521) INFO:     127.0.0.1:43412 - "POST /v1/completions HTTP/1.1" 200 OK
(APIServer pid=3180521) INFO:     127.0.0.1:43428 - "POST /v1/completions HTTP/1.1" 200 OK
(APIServer pid=3180521) INFO:     127.0.0.1:43444 - "POST /v1/completions HTTP/1.1" 200 OK
(APIServer pid=3180521) INFO:     127.0.0.1:43448 - "POST /v1/completions HTTP/1.1" 200 OK
(APIServer pid=3180521) INFO:     127.0.0.1:43456 - "POST /v1/completions HTTP/1.1" 200 OK
(APIServer pid=3180521) INFO:     127.0.0.1:43458 - "POST /v1/completions HTTP/1.1" 200 OK
(APIServer pid=3180521) INFO:     127.0.0.1:43474 - "POST /v1/completions HTTP/1.1" 200 OK
(APIServer pid=3180521) INFO:     127.0.0.1:43478 - "POST /v1/completions HTTP/1.1" 200 OK
(APIServer pid=3180521) INFO:     127.0.0.1:43484 - "POST /v1/completions HTTP/1.1" 200 OK
(APIServer pid=3180521) INFO:     127.0.0.1:43488 - "POST /v1/completions HTTP/1.1" 200 OK
(APIServer pid=3180521) INFO:     127.0.0.1:43492 - "POST /v1/completions HTTP/1.1" 200 OK
(APIServer pid=3180521) INFO:     127.0.0.1:43496 - "POST /v1/completions HTTP/1.1" 200 OK
(APIServer pid=3180521) INFO:     127.0.0.1:43510 - "POST /v1/completions HTTP/1.1" 200 OK
(APIServer pid=3180521) INFO:     127.0.0.1:43512 - "POST /v1/completions HTTP/1.1" 200 OK
(APIServer pid=3180521) INFO:     127.0.0.1:43520 - "POST /v1/completions HTTP/1.1" 200 OK
(APIServer pid=3180521) INFO:     127.0.0.1:43534 - "POST /v1/completions HTTP/1.1" 200 OK
(APIServer pid=3180521) INFO:     127.0.0.1:43546 - "POST /v1/completions HTTP/1.1" 200 OK
(APIServer pid=3180521) INFO:     127.0.0.1:43550 - "POST /v1/completions HTTP/1.1" 200 OK
(APIServer pid=3180521) INFO:     127.0.0.1:43564 - "POST /v1/completions HTTP/1.1" 200 OK
(APIServer pid=3180521) INFO:     127.0.0.1:43570 - "POST /v1/completions HTTP/1.1" 200 OK
(APIServer pid=3180521) INFO:     127.0.0.1:43578 - "POST /v1/completions HTTP/1.1" 200 OK
(APIServer pid=3180521) INFO:     127.0.0.1:43590 - "POST /v1/completions HTTP/1.1" 200 OK
(APIServer pid=3180521) INFO:     127.0.0.1:43602 - "POST /v1/completions HTTP/1.1" 200 OK
(APIServer pid=3180521) INFO:     127.0.0.1:43612 - "POST /v1/completions HTTP/1.1" 200 OK
(APIServer pid=3180521) INFO:     127.0.0.1:43616 - "POST /v1/completions HTTP/1.1" 200 OK
(APIServer pid=3180521) INFO:     127.0.0.1:43630 - "POST /v1/completions HTTP/1.1" 200 OK
(APIServer pid=3180521) INFO:     127.0.0.1:43634 - "POST /v1/completions HTTP/1.1" 200 OK
(APIServer pid=3180521) INFO:     127.0.0.1:43650 - "POST /v1/completions HTTP/1.1" 200 OK
(APIServer pid=3180521) INFO:     127.0.0.1:43666 - "POST /v1/completions HTTP/1.1" 200 OK
(APIServer pid=3180521) INFO:     127.0.0.1:43674 - "POST /v1/completions HTTP/1.1" 200 OK
(APIServer pid=3180521) INFO:     127.0.0.1:43690 - "POST /v1/completions HTTP/1.1" 200 OK
(APIServer pid=3180521) INFO:     127.0.0.1:43694 - "POST /v1/completions HTTP/1.1" 200 OK
(APIServer pid=3180521) INFO:     127.0.0.1:43700 - "POST /v1/completions HTTP/1.1" 200 OK
(APIServer pid=3180521) INFO:     127.0.0.1:43708 - "POST /v1/completions HTTP/1.1" 200 OK
(APIServer pid=3180521) INFO:     127.0.0.1:43714 - "POST /v1/completions HTTP/1.1" 200 OK
(APIServer pid=3180521) INFO:     127.0.0.1:43728 - "POST /v1/completions HTTP/1.1" 200 OK
(APIServer pid=3180521) INFO:     127.0.0.1:43740 - "POST /v1/completions HTTP/1.1" 200 OK
(APIServer pid=3180521) INFO:     127.0.0.1:43742 - "POST /v1/completions HTTP/1.1" 200 OK
(APIServer pid=3180521) INFO:     127.0.0.1:43746 - "POST /v1/completions HTTP/1.1" 200 OK
(APIServer pid=3180521) INFO:     127.0.0.1:43756 - "POST /v1/completions HTTP/1.1" 200 OK
(APIServer pid=3180521) INFO:     127.0.0.1:43770 - "POST /v1/completions HTTP/1.1" 200 OK
(APIServer pid=3180521) INFO:     127.0.0.1:43772 - "POST /v1/completions HTTP/1.1" 200 OK
(APIServer pid=3180521) INFO:     127.0.0.1:43784 - "POST /v1/completions HTTP/1.1" 200 OK
(APIServer pid=3180521) INFO:     127.0.0.1:43788 - "POST /v1/completions HTTP/1.1" 200 OK
(APIServer pid=3180521) INFO:     127.0.0.1:43802 - "POST /v1/completions HTTP/1.1" 200 OK
(APIServer pid=3180521) INFO:     127.0.0.1:43804 - "POST /v1/completions HTTP/1.1" 200 OK
(APIServer pid=3180521) INFO:     127.0.0.1:43818 - "POST /v1/completions HTTP/1.1" 200 OK
(APIServer pid=3180521) INFO:     127.0.0.1:43828 - "POST /v1/completions HTTP/1.1" 200 OK
(APIServer pid=3180521) INFO:     127.0.0.1:43832 - "POST /v1/completions HTTP/1.1" 200 OK
(APIServer pid=3180521) INFO:     127.0.0.1:43838 - "POST /v1/completions HTTP/1.1" 200 OK
(APIServer pid=3180521) INFO:     127.0.0.1:43846 - "POST /v1/completions HTTP/1.1" 200 OK
(APIServer pid=3180521) INFO:     127.0.0.1:43858 - "POST /v1/completions HTTP/1.1" 200 OK
(APIServer pid=3180521) INFO:     127.0.0.1:43862 - "POST /v1/completions HTTP/1.1" 200 OK
(APIServer pid=3180521) INFO:     127.0.0.1:43870 - "POST /v1/completions HTTP/1.1" 200 OK
(APIServer pid=3180521) INFO:     127.0.0.1:43880 - "POST /v1/completions HTTP/1.1" 200 OK
(APIServer pid=3180521) INFO:     127.0.0.1:43886 - "POST /v1/completions HTTP/1.1" 200 OK
(APIServer pid=3180521) INFO:     127.0.0.1:43898 - "POST /v1/completions HTTP/1.1" 200 OK
(APIServer pid=3180521) INFO:     127.0.0.1:43906 - "POST /v1/completions HTTP/1.1" 200 OK
(APIServer pid=3180521) INFO:     127.0.0.1:43914 - "POST /v1/completions HTTP/1.1" 200 OK
(APIServer pid=3180521) INFO:     127.0.0.1:43920 - "POST /v1/completions HTTP/1.1" 200 OK
(APIServer pid=3180521) INFO:     127.0.0.1:43932 - "POST /v1/completions HTTP/1.1" 200 OK
(APIServer pid=3180521) INFO:     127.0.0.1:43936 - "POST /v1/completions HTTP/1.1" 200 OK
(APIServer pid=3180521) INFO:     127.0.0.1:43944 - "POST /v1/completions HTTP/1.1" 200 OK
(APIServer pid=3180521) INFO:     127.0.0.1:43956 - "POST /v1/completions HTTP/1.1" 200 OK
(APIServer pid=3180521) INFO:     127.0.0.1:43968 - "POST /v1/completions HTTP/1.1" 200 OK
(APIServer pid=3180521) INFO:     127.0.0.1:43970 - "POST /v1/completions HTTP/1.1" 200 OK
(APIServer pid=3180521) INFO:     127.0.0.1:43982 - "POST /v1/completions HTTP/1.1" 200 OK
(APIServer pid=3180521) INFO:     127.0.0.1:43988 - "POST /v1/completions HTTP/1.1" 200 OK
(APIServer pid=3180521) INFO:     127.0.0.1:44000 - "POST /v1/completions HTTP/1.1" 200 OK
(APIServer pid=3180521) INFO:     127.0.0.1:44016 - "POST /v1/completions HTTP/1.1" 200 OK
(APIServer pid=3180521) INFO:     127.0.0.1:44028 - "POST /v1/completions HTTP/1.1" 200 OK
(APIServer pid=3180521) INFO:     127.0.0.1:44030 - "POST /v1/completions HTTP/1.1" 200 OK
(APIServer pid=3180521) INFO:     127.0.0.1:44040 - "POST /v1/completions HTTP/1.1" 200 OK
(APIServer pid=3180521) INFO:     127.0.0.1:44056 - "POST /v1/completions HTTP/1.1" 200 OK
(APIServer pid=3180521) INFO:     127.0.0.1:44066 - "POST /v1/completions HTTP/1.1" 200 OK
(APIServer pid=3180521) INFO:     127.0.0.1:44078 - "POST /v1/completions HTTP/1.1" 200 OK
(APIServer pid=3180521) INFO:     127.0.0.1:44094 - "POST /v1/completions HTTP/1.1" 200 OK
(APIServer pid=3180521) INFO:     127.0.0.1:44110 - "POST /v1/completions HTTP/1.1" 200 OK
(APIServer pid=3180521) INFO:     127.0.0.1:44124 - "POST /v1/completions HTTP/1.1" 200 OK
(APIServer pid=3180521) INFO:     127.0.0.1:44132 - "POST /v1/completions HTTP/1.1" 200 OK
(APIServer pid=3180521) INFO:     127.0.0.1:44140 - "POST /v1/completions HTTP/1.1" 200 OK
(APIServer pid=3180521) INFO:     127.0.0.1:44154 - "POST /v1/completions HTTP/1.1" 200 OK
(APIServer pid=3180521) INFO:     127.0.0.1:44166 - "POST /v1/completions HTTP/1.1" 200 OK
(APIServer pid=3180521) INFO:     127.0.0.1:44174 - "POST /v1/completions HTTP/1.1" 200 OK
(APIServer pid=3180521) INFO 07-08 10:56:58 [loggers.py:271] Engine 000: Avg prompt throughput: 3253.2 tokens/s, Avg generation throughput: 7123.4 tokens/s, Running: 256 reqs, Waiting: 0 reqs, GPU KV cache usage: 3.0%, Prefix cache hit rate: 18.0%
(APIServer pid=3180521) INFO 07-08 10:57:08 [loggers.py:271] Engine 000: Avg prompt throughput: 0.0 tokens/s, Avg generation throughput: 15411.4 tokens/s, Running: 256 reqs, Waiting: 0 reqs, GPU KV cache usage: 11.3%, Prefix cache hit rate: 18.0%
(APIServer pid=3180521) INFO:     127.0.0.1:53906 - "POST /v1/completions HTTP/1.1" 200 OK
(APIServer pid=3180521) INFO:     127.0.0.1:53916 - "POST /v1/completions HTTP/1.1" 200 OK
(APIServer pid=3180521) INFO:     127.0.0.1:53936 - "POST /v1/completions HTTP/1.1" 200 OK
(APIServer pid=3180521) INFO:     127.0.0.1:53990 - "POST /v1/completions HTTP/1.1" 200 OK
(APIServer pid=3180521) INFO:     127.0.0.1:53978 - "POST /v1/completions HTTP/1.1" 200 OK
(APIServer pid=3180521) INFO:     127.0.0.1:54014 - "POST /v1/completions HTTP/1.1" 200 OK
(APIServer pid=3180521) INFO:     127.0.0.1:53964 - "POST /v1/completions HTTP/1.1" 200 OK
(APIServer pid=3180521) INFO:     127.0.0.1:54180 - "POST /v1/completions HTTP/1.1" 200 OK
(APIServer pid=3180521) INFO:     127.0.0.1:54146 - "POST /v1/completions HTTP/1.1" 200 OK
(APIServer pid=3180521) INFO:     127.0.0.1:54138 - "POST /v1/completions HTTP/1.1" 200 OK
(APIServer pid=3180521) INFO:     127.0.0.1:54034 - "POST /v1/completions HTTP/1.1" 200 OK
(APIServer pid=3180521) INFO:     127.0.0.1:54024 - "POST /v1/completions HTTP/1.1" 200 OK
(APIServer pid=3180521) INFO:     127.0.0.1:54118 - "POST /v1/completions HTTP/1.1" 200 OK
(APIServer pid=3180521) INFO:     127.0.0.1:54062 - "POST /v1/completions HTTP/1.1" 200 OK
(APIServer pid=3180521) INFO:     127.0.0.1:54046 - "POST /v1/completions HTTP/1.1" 200 OK
(APIServer pid=3180521) INFO:     127.0.0.1:53926 - "POST /v1/completions HTTP/1.1" 200 OK
(APIServer pid=3180521) INFO:     127.0.0.1:54076 - "POST /v1/completions HTTP/1.1" 200 OK
(APIServer pid=3180521) INFO:     127.0.0.1:53944 - "POST /v1/completions HTTP/1.1" 200 OK
(APIServer pid=3180521) INFO:     127.0.0.1:54182 - "POST /v1/completions HTTP/1.1" 200 OK
(APIServer pid=3180521) INFO:     127.0.0.1:53976 - "POST /v1/completions HTTP/1.1" 200 OK
(APIServer pid=3180521) INFO:     127.0.0.1:54128 - "POST /v1/completions HTTP/1.1" 200 OK
(APIServer pid=3180521) INFO:     127.0.0.1:54194 - "POST /v1/completions HTTP/1.1" 200 OK
(APIServer pid=3180521) INFO:     127.0.0.1:54088 - "POST /v1/completions HTTP/1.1" 200 OK
(APIServer pid=3180521) INFO:     127.0.0.1:54104 - "POST /v1/completions HTTP/1.1" 200 OK
(APIServer pid=3180521) INFO:     127.0.0.1:54188 - "POST /v1/completions HTTP/1.1" 200 OK
(APIServer pid=3180521) INFO:     127.0.0.1:54126 - "POST /v1/completions HTTP/1.1" 200 OK
(APIServer pid=3180521) INFO:     127.0.0.1:53960 - "POST /v1/completions HTTP/1.1" 200 OK
(APIServer pid=3180521) INFO:     127.0.0.1:53998 - "POST /v1/completions HTTP/1.1" 200 OK
(APIServer pid=3180521) INFO:     127.0.0.1:54048 - "POST /v1/completions HTTP/1.1" 200 OK
(APIServer pid=3180521) INFO:     127.0.0.1:54152 - "POST /v1/completions HTTP/1.1" 200 OK
(APIServer pid=3180521) INFO:     127.0.0.1:54164 - "POST /v1/completions HTTP/1.1" 200 OK
(APIServer pid=3180521) INFO:     127.0.0.1:54054 - "POST /v1/completions HTTP/1.1" 200 OK
(APIServer pid=3180521) INFO:     127.0.0.1:54012 - "POST /v1/completions HTTP/1.1" 200 OK
(APIServer pid=3180521) INFO:     127.0.0.1:54186 - "POST /v1/completions HTTP/1.1" 200 OK
(APIServer pid=3180521) INFO:     127.0.0.1:54276 - "POST /v1/completions HTTP/1.1" 200 OK
(APIServer pid=3180521) INFO:     127.0.0.1:54382 - "POST /v1/completions HTTP/1.1" 200 OK
(APIServer pid=3180521) INFO:     127.0.0.1:54232 - "POST /v1/completions HTTP/1.1" 200 OK
(APIServer pid=3180521) INFO:     127.0.0.1:54380 - "POST /v1/completions HTTP/1.1" 200 OK
(APIServer pid=3180521) INFO:     127.0.0.1:54206 - "POST /v1/completions HTTP/1.1" 200 OK
(APIServer pid=3180521) INFO:     127.0.0.1:54386 - "POST /v1/completions HTTP/1.1" 200 OK
(APIServer pid=3180521) INFO:     127.0.0.1:54450 - "POST /v1/completions HTTP/1.1" 200 OK
(APIServer pid=3180521) INFO:     127.0.0.1:54432 - "POST /v1/completions HTTP/1.1" 200 OK
(APIServer pid=3180521) INFO:     127.0.0.1:54354 - "POST /v1/completions HTTP/1.1" 200 OK
(APIServer pid=3180521) INFO:     127.0.0.1:48574 - "POST /v1/completions HTTP/1.1" 200 OK
(APIServer pid=3180521) INFO:     127.0.0.1:54364 - "POST /v1/completions HTTP/1.1" 200 OK
(APIServer pid=3180521) INFO:     127.0.0.1:42424 - "POST /v1/completions HTTP/1.1" 200 OK
(APIServer pid=3180521) INFO:     127.0.0.1:54306 - "POST /v1/completions HTTP/1.1" 200 OK
(APIServer pid=3180521) INFO:     127.0.0.1:54408 - "POST /v1/completions HTTP/1.1" 200 OK
(APIServer pid=3180521) INFO:     127.0.0.1:54302 - "POST /v1/completions HTTP/1.1" 200 OK
(APIServer pid=3180521) INFO:     127.0.0.1:54318 - "POST /v1/completions HTTP/1.1" 200 OK
(APIServer pid=3180521) INFO:     127.0.0.1:54376 - "POST /v1/completions HTTP/1.1" 200 OK
(APIServer pid=3180521) INFO:     127.0.0.1:54394 - "POST /v1/completions HTTP/1.1" 200 OK
(APIServer pid=3180521) INFO:     127.0.0.1:54240 - "POST /v1/completions HTTP/1.1" 200 OK
(APIServer pid=3180521) INFO:     127.0.0.1:54290 - "POST /v1/completions HTTP/1.1" 200 OK
(APIServer pid=3180521) INFO:     127.0.0.1:54404 - "POST /v1/completions HTTP/1.1" 200 OK
(APIServer pid=3180521) INFO:     127.0.0.1:54218 - "POST /v1/completions HTTP/1.1" 200 OK
(APIServer pid=3180521) INFO:     127.0.0.1:54250 - "POST /v1/completions HTTP/1.1" 200 OK
(APIServer pid=3180521) INFO:     127.0.0.1:54334 - "POST /v1/completions HTTP/1.1" 200 OK
(APIServer pid=3180521) INFO:     127.0.0.1:54368 - "POST /v1/completions HTTP/1.1" 200 OK
(APIServer pid=3180521) INFO:     127.0.0.1:54264 - "POST /v1/completions HTTP/1.1" 200 OK
(APIServer pid=3180521) INFO:     127.0.0.1:54340 - "POST /v1/completions HTTP/1.1" 200 OK
(APIServer pid=3180521) INFO:     127.0.0.1:54426 - "POST /v1/completions HTTP/1.1" 200 OK
(APIServer pid=3180521) INFO:     127.0.0.1:54438 - "POST /v1/completions HTTP/1.1" 200 OK
(APIServer pid=3180521) INFO:     127.0.0.1:54420 - "POST /v1/completions HTTP/1.1" 200 OK
(APIServer pid=3180521) INFO:     127.0.0.1:54324 - "POST /v1/completions HTTP/1.1" 200 OK
(APIServer pid=3180521) INFO:     127.0.0.1:42434 - "POST /v1/completions HTTP/1.1" 200 OK
(APIServer pid=3180521) INFO:     127.0.0.1:42454 - "POST /v1/completions HTTP/1.1" 200 OK
(APIServer pid=3180521) INFO:     127.0.0.1:42590 - "POST /v1/completions HTTP/1.1" 200 OK
(APIServer pid=3180521) INFO:     127.0.0.1:42506 - "POST /v1/completions HTTP/1.1" 200 OK
(APIServer pid=3180521) INFO:     127.0.0.1:42622 - "POST /v1/completions HTTP/1.1" 200 OK
(APIServer pid=3180521) INFO:     127.0.0.1:42634 - "POST /v1/completions HTTP/1.1" 200 OK
(APIServer pid=3180521) INFO:     127.0.0.1:42496 - "POST /v1/completions HTTP/1.1" 200 OK
(APIServer pid=3180521) INFO:     127.0.0.1:42436 - "POST /v1/completions HTTP/1.1" 200 OK
(APIServer pid=3180521) INFO:     127.0.0.1:42494 - "POST /v1/completions HTTP/1.1" 200 OK
(APIServer pid=3180521) INFO:     127.0.0.1:42478 - "POST /v1/completions HTTP/1.1" 200 OK
(APIServer pid=3180521) INFO:     127.0.0.1:42556 - "POST /v1/completions HTTP/1.1" 200 OK
(APIServer pid=3180521) INFO:     127.0.0.1:42516 - "POST /v1/completions HTTP/1.1" 200 OK
(APIServer pid=3180521) INFO:     127.0.0.1:42470 - "POST /v1/completions HTTP/1.1" 200 OK
(APIServer pid=3180521) INFO:     127.0.0.1:42662 - "POST /v1/completions HTTP/1.1" 200 OK
(APIServer pid=3180521) INFO:     127.0.0.1:42604 - "POST /v1/completions HTTP/1.1" 200 OK
(APIServer pid=3180521) INFO:     127.0.0.1:42648 - "POST /v1/completions HTTP/1.1" 200 OK
(APIServer pid=3180521) INFO:     127.0.0.1:42680 - "POST /v1/completions HTTP/1.1" 200 OK
(APIServer pid=3180521) INFO:     127.0.0.1:42530 - "POST /v1/completions HTTP/1.1" 200 OK
(APIServer pid=3180521) INFO:     127.0.0.1:42612 - "POST /v1/completions HTTP/1.1" 200 OK
(APIServer pid=3180521) INFO:     127.0.0.1:42482 - "POST /v1/completions HTTP/1.1" 200 OK
(APIServer pid=3180521) INFO:     127.0.0.1:42592 - "POST /v1/completions HTTP/1.1" 200 OK
(APIServer pid=3180521) INFO:     127.0.0.1:42568 - "POST /v1/completions HTTP/1.1" 200 OK
(APIServer pid=3180521) INFO:     127.0.0.1:42450 - "POST /v1/completions HTTP/1.1" 200 OK
(APIServer pid=3180521) INFO:     127.0.0.1:42472 - "POST /v1/completions HTTP/1.1" 200 OK
(APIServer pid=3180521) INFO:     127.0.0.1:42600 - "POST /v1/completions HTTP/1.1" 200 OK
(APIServer pid=3180521) INFO:     127.0.0.1:42480 - "POST /v1/completions HTTP/1.1" 200 OK
(APIServer pid=3180521) INFO:     127.0.0.1:42694 - "POST /v1/completions HTTP/1.1" 200 OK
(APIServer pid=3180521) INFO:     127.0.0.1:42526 - "POST /v1/completions HTTP/1.1" 200 OK
(APIServer pid=3180521) INFO:     127.0.0.1:42672 - "POST /v1/completions HTTP/1.1" 200 OK
(APIServer pid=3180521) INFO:     127.0.0.1:42578 - "POST /v1/completions HTTP/1.1" 200 OK
(APIServer pid=3180521) INFO:     127.0.0.1:42542 - "POST /v1/completions HTTP/1.1" 200 OK
(APIServer pid=3180521) INFO:     127.0.0.1:42668 - "POST /v1/completions HTTP/1.1" 200 OK
(APIServer pid=3180521) INFO:     127.0.0.1:42726 - "POST /v1/completions HTTP/1.1" 200 OK
(APIServer pid=3180521) INFO:     127.0.0.1:42710 - "POST /v1/completions HTTP/1.1" 200 OK
(APIServer pid=3180521) INFO:     127.0.0.1:42730 - "POST /v1/completions HTTP/1.1" 200 OK
(APIServer pid=3180521) INFO:     127.0.0.1:42936 - "POST /v1/completions HTTP/1.1" 200 OK
(APIServer pid=3180521) INFO:     127.0.0.1:42764 - "POST /v1/completions HTTP/1.1" 200 OK
(APIServer pid=3180521) INFO:     127.0.0.1:42910 - "POST /v1/completions HTTP/1.1" 200 OK
(APIServer pid=3180521) INFO:     127.0.0.1:42790 - "POST /v1/completions HTTP/1.1" 200 OK
(APIServer pid=3180521) INFO:     127.0.0.1:42868 - "POST /v1/completions HTTP/1.1" 200 OK
(APIServer pid=3180521) INFO:     127.0.0.1:42852 - "POST /v1/completions HTTP/1.1" 200 OK
(APIServer pid=3180521) INFO:     127.0.0.1:42744 - "POST /v1/completions HTTP/1.1" 200 OK
(APIServer pid=3180521) INFO:     127.0.0.1:42952 - "POST /v1/completions HTTP/1.1" 200 OK
(APIServer pid=3180521) INFO:     127.0.0.1:42698 - "POST /v1/completions HTTP/1.1" 200 OK
(APIServer pid=3180521) INFO:     127.0.0.1:42758 - "POST /v1/completions HTTP/1.1" 200 OK
(APIServer pid=3180521) INFO:     127.0.0.1:42796 - "POST /v1/completions HTTP/1.1" 200 OK
(APIServer pid=3180521) INFO:     127.0.0.1:42902 - "POST /v1/completions HTTP/1.1" 200 OK
(APIServer pid=3180521) INFO:     127.0.0.1:42738 - "POST /v1/completions HTTP/1.1" 200 OK
(APIServer pid=3180521) INFO:     127.0.0.1:42876 - "POST /v1/completions HTTP/1.1" 200 OK
(APIServer pid=3180521) INFO:     127.0.0.1:42878 - "POST /v1/completions HTTP/1.1" 200 OK
(APIServer pid=3180521) INFO:     127.0.0.1:42872 - "POST /v1/completions HTTP/1.1" 200 OK
(APIServer pid=3180521) INFO:     127.0.0.1:42830 - "POST /v1/completions HTTP/1.1" 200 OK
(APIServer pid=3180521) INFO:     127.0.0.1:42962 - "POST /v1/completions HTTP/1.1" 200 OK
(APIServer pid=3180521) INFO:     127.0.0.1:42736 - "POST /v1/completions HTTP/1.1" 200 OK
(APIServer pid=3180521) INFO:     127.0.0.1:42924 - "POST /v1/completions HTTP/1.1" 200 OK
(APIServer pid=3180521) INFO:     127.0.0.1:42824 - "POST /v1/completions HTTP/1.1" 200 OK
(APIServer pid=3180521) INFO:     127.0.0.1:42930 - "POST /v1/completions HTTP/1.1" 200 OK
(APIServer pid=3180521) INFO:     127.0.0.1:42798 - "POST /v1/completions HTTP/1.1" 200 OK
(APIServer pid=3180521) INFO:     127.0.0.1:42840 - "POST /v1/completions HTTP/1.1" 200 OK
(APIServer pid=3180521) INFO:     127.0.0.1:42808 - "POST /v1/completions HTTP/1.1" 200 OK
(APIServer pid=3180521) INFO:     127.0.0.1:42942 - "POST /v1/completions HTTP/1.1" 200 OK
(APIServer pid=3180521) INFO:     127.0.0.1:42886 - "POST /v1/completions HTTP/1.1" 200 OK
(APIServer pid=3180521) INFO:     127.0.0.1:42780 - "POST /v1/completions HTTP/1.1" 200 OK
(APIServer pid=3180521) INFO:     127.0.0.1:43040 - "POST /v1/completions HTTP/1.1" 200 OK
(APIServer pid=3180521) INFO:     127.0.0.1:43170 - "POST /v1/completions HTTP/1.1" 200 OK
(APIServer pid=3180521) INFO:     127.0.0.1:42976 - "POST /v1/completions HTTP/1.1" 200 OK
(APIServer pid=3180521) INFO:     127.0.0.1:43142 - "POST /v1/completions HTTP/1.1" 200 OK
(APIServer pid=3180521) INFO:     127.0.0.1:43182 - "POST /v1/completions HTTP/1.1" 200 OK
(APIServer pid=3180521) INFO:     127.0.0.1:43070 - "POST /v1/completions HTTP/1.1" 200 OK
(APIServer pid=3180521) INFO:     127.0.0.1:43086 - "POST /v1/completions HTTP/1.1" 200 OK
(APIServer pid=3180521) INFO:     127.0.0.1:42980 - "POST /v1/completions HTTP/1.1" 200 OK
(APIServer pid=3180521) INFO:     127.0.0.1:43154 - "POST /v1/completions HTTP/1.1" 200 OK
(APIServer pid=3180521) INFO:     127.0.0.1:43240 - "POST /v1/completions HTTP/1.1" 200 OK
(APIServer pid=3180521) INFO:     127.0.0.1:43118 - "POST /v1/completions HTTP/1.1" 200 OK
(APIServer pid=3180521) INFO:     127.0.0.1:43226 - "POST /v1/completions HTTP/1.1" 200 OK
(APIServer pid=3180521) INFO:     127.0.0.1:43030 - "POST /v1/completions HTTP/1.1" 200 OK
(APIServer pid=3180521) INFO:     127.0.0.1:42974 - "POST /v1/completions HTTP/1.1" 200 OK
(APIServer pid=3180521) INFO:     127.0.0.1:43164 - "POST /v1/completions HTTP/1.1" 200 OK
(APIServer pid=3180521) INFO:     127.0.0.1:43100 - "POST /v1/completions HTTP/1.1" 200 OK
(APIServer pid=3180521) INFO:     127.0.0.1:43014 - "POST /v1/completions HTTP/1.1" 200 OK
(APIServer pid=3180521) INFO:     127.0.0.1:43094 - "POST /v1/completions HTTP/1.1" 200 OK
(APIServer pid=3180521) INFO:     127.0.0.1:43132 - "POST /v1/completions HTTP/1.1" 200 OK
(APIServer pid=3180521) INFO:     127.0.0.1:42978 - "POST /v1/completions HTTP/1.1" 200 OK
(APIServer pid=3180521) INFO:     127.0.0.1:43112 - "POST /v1/completions HTTP/1.1" 200 OK
(APIServer pid=3180521) INFO:     127.0.0.1:43046 - "POST /v1/completions HTTP/1.1" 200 OK
(APIServer pid=3180521) INFO:     127.0.0.1:43210 - "POST /v1/completions HTTP/1.1" 200 OK
(APIServer pid=3180521) INFO:     127.0.0.1:43054 - "POST /v1/completions HTTP/1.1" 200 OK
(APIServer pid=3180521) INFO:     127.0.0.1:43056 - "POST /v1/completions HTTP/1.1" 200 OK
(APIServer pid=3180521) INFO:     127.0.0.1:43198 - "POST /v1/completions HTTP/1.1" 200 OK
(APIServer pid=3180521) INFO:     127.0.0.1:42990 - "POST /v1/completions HTTP/1.1" 200 OK
(APIServer pid=3180521) INFO:     127.0.0.1:43160 - "POST /v1/completions HTTP/1.1" 200 OK
(APIServer pid=3180521) INFO:     127.0.0.1:43016 - "POST /v1/completions HTTP/1.1" 200 OK
(APIServer pid=3180521) INFO:     127.0.0.1:43006 - "POST /v1/completions HTTP/1.1" 200 OK
(APIServer pid=3180521) INFO:     127.0.0.1:43256 - "POST /v1/completions HTTP/1.1" 200 OK
(APIServer pid=3180521) INFO:     127.0.0.1:43396 - "POST /v1/completions HTTP/1.1" 200 OK
(APIServer pid=3180521) INFO:     127.0.0.1:43510 - "POST /v1/completions HTTP/1.1" 200 OK
(APIServer pid=3180521) INFO:     127.0.0.1:43370 - "POST /v1/completions HTTP/1.1" 200 OK
(APIServer pid=3180521) INFO:     127.0.0.1:43326 - "POST /v1/completions HTTP/1.1" 200 OK
(APIServer pid=3180521) INFO:     127.0.0.1:43302 - "POST /v1/completions HTTP/1.1" 200 OK
(APIServer pid=3180521) INFO:     127.0.0.1:43356 - "POST /v1/completions HTTP/1.1" 200 OK
(APIServer pid=3180521) INFO:     127.0.0.1:43564 - "POST /v1/completions HTTP/1.1" 200 OK
(APIServer pid=3180521) INFO:     127.0.0.1:43332 - "POST /v1/completions HTTP/1.1" 200 OK
(APIServer pid=3180521) INFO:     127.0.0.1:43272 - "POST /v1/completions HTTP/1.1" 200 OK
(APIServer pid=3180521) INFO:     127.0.0.1:43546 - "POST /v1/completions HTTP/1.1" 200 OK
(APIServer pid=3180521) INFO:     127.0.0.1:43282 - "POST /v1/completions HTTP/1.1" 200 OK
(APIServer pid=3180521) INFO:     127.0.0.1:43340 - "POST /v1/completions HTTP/1.1" 200 OK
(APIServer pid=3180521) INFO:     127.0.0.1:43458 - "POST /v1/completions HTTP/1.1" 200 OK
(APIServer pid=3180521) INFO:     127.0.0.1:43412 - "POST /v1/completions HTTP/1.1" 200 OK
(APIServer pid=3180521) INFO:     127.0.0.1:43444 - "POST /v1/completions HTTP/1.1" 200 OK
(APIServer pid=3180521) INFO:     127.0.0.1:43404 - "POST /v1/completions HTTP/1.1" 200 OK
(APIServer pid=3180521) INFO:     127.0.0.1:43474 - "POST /v1/completions HTTP/1.1" 200 OK
(APIServer pid=3180521) INFO:     127.0.0.1:43488 - "POST /v1/completions HTTP/1.1" 200 OK
(APIServer pid=3180521) INFO:     127.0.0.1:43492 - "POST /v1/completions HTTP/1.1" 200 OK
(APIServer pid=3180521) INFO:     127.0.0.1:43286 - "POST /v1/completions HTTP/1.1" 200 OK
(APIServer pid=3180521) INFO:     127.0.0.1:43550 - "POST /v1/completions HTTP/1.1" 200 OK
(APIServer pid=3180521) INFO:     127.0.0.1:43380 - "POST /v1/completions HTTP/1.1" 200 OK
(APIServer pid=3180521) INFO:     127.0.0.1:43456 - "POST /v1/completions HTTP/1.1" 200 OK
(APIServer pid=3180521) INFO:     127.0.0.1:43484 - "POST /v1/completions HTTP/1.1" 200 OK
(APIServer pid=3180521) INFO:     127.0.0.1:43520 - "POST /v1/completions HTTP/1.1" 200 OK
(APIServer pid=3180521) INFO:     127.0.0.1:43496 - "POST /v1/completions HTTP/1.1" 200 OK
(APIServer pid=3180521) INFO:     127.0.0.1:43512 - "POST /v1/completions HTTP/1.1" 200 OK
(APIServer pid=3180521) INFO:     127.0.0.1:43448 - "POST /v1/completions HTTP/1.1" 200 OK
(APIServer pid=3180521) INFO:     127.0.0.1:43478 - "POST /v1/completions HTTP/1.1" 200 OK
(APIServer pid=3180521) INFO:     127.0.0.1:43534 - "POST /v1/completions HTTP/1.1" 200 OK
(APIServer pid=3180521) INFO:     127.0.0.1:43312 - "POST /v1/completions HTTP/1.1" 200 OK
(APIServer pid=3180521) INFO:     127.0.0.1:43428 - "POST /v1/completions HTTP/1.1" 200 OK
(APIServer pid=3180521) INFO:     127.0.0.1:43612 - "POST /v1/completions HTTP/1.1" 200 OK
(APIServer pid=3180521) INFO:     127.0.0.1:43770 - "POST /v1/completions HTTP/1.1" 200 OK
(APIServer pid=3180521) INFO:     127.0.0.1:43674 - "POST /v1/completions HTTP/1.1" 200 OK
(APIServer pid=3180521) INFO:     127.0.0.1:43818 - "POST /v1/completions HTTP/1.1" 200 OK
(APIServer pid=3180521) INFO:     127.0.0.1:43970 - "POST /v1/completions HTTP/1.1" 200 OK
(APIServer pid=3180521) INFO:     127.0.0.1:43988 - "POST /v1/completions HTTP/1.1" 200 OK
(APIServer pid=3180521) INFO:     127.0.0.1:43858 - "POST /v1/completions HTTP/1.1" 200 OK
(APIServer pid=3180521) INFO:     127.0.0.1:43590 - "POST /v1/completions HTTP/1.1" 200 OK
(APIServer pid=3180521) INFO:     127.0.0.1:43756 - "POST /v1/completions HTTP/1.1" 200 OK
(APIServer pid=3180521) INFO:     127.0.0.1:43838 - "POST /v1/completions HTTP/1.1" 200 OK
(APIServer pid=3180521) INFO:     127.0.0.1:43788 - "POST /v1/completions HTTP/1.1" 200 OK
(APIServer pid=3180521) INFO:     127.0.0.1:43944 - "POST /v1/completions HTTP/1.1" 200 OK
(APIServer pid=3180521) INFO:     127.0.0.1:44016 - "POST /v1/completions HTTP/1.1" 200 OK
(APIServer pid=3180521) INFO:     127.0.0.1:43650 - "POST /v1/completions HTTP/1.1" 200 OK
(APIServer pid=3180521) INFO:     127.0.0.1:43616 - "POST /v1/completions HTTP/1.1" 200 OK
(APIServer pid=3180521) INFO:     127.0.0.1:44028 - "POST /v1/completions HTTP/1.1" 200 OK
(APIServer pid=3180521) INFO:     127.0.0.1:43932 - "POST /v1/completions HTTP/1.1" 200 OK
(APIServer pid=3180521) INFO:     127.0.0.1:43746 - "POST /v1/completions HTTP/1.1" 200 OK
(APIServer pid=3180521) INFO:     127.0.0.1:43784 - "POST /v1/completions HTTP/1.1" 200 OK
(APIServer pid=3180521) INFO:     127.0.0.1:43862 - "POST /v1/completions HTTP/1.1" 200 OK
(APIServer pid=3180521) INFO:     127.0.0.1:44040 - "POST /v1/completions HTTP/1.1" 200 OK
(APIServer pid=3180521) INFO:     127.0.0.1:43920 - "POST /v1/completions HTTP/1.1" 200 OK
(APIServer pid=3180521) INFO:     127.0.0.1:43700 - "POST /v1/completions HTTP/1.1" 200 OK
(APIServer pid=3180521) INFO:     127.0.0.1:43714 - "POST /v1/completions HTTP/1.1" 200 OK
(APIServer pid=3180521) INFO:     127.0.0.1:44066 - "POST /v1/completions HTTP/1.1" 200 OK
(APIServer pid=3180521) INFO:     127.0.0.1:44094 - "POST /v1/completions HTTP/1.1" 200 OK
(APIServer pid=3180521) INFO:     127.0.0.1:43602 - "POST /v1/completions HTTP/1.1" 200 OK
(APIServer pid=3180521) INFO:     127.0.0.1:43740 - "POST /v1/completions HTTP/1.1" 200 OK
(APIServer pid=3180521) INFO:     127.0.0.1:44078 - "POST /v1/completions HTTP/1.1" 200 OK
(APIServer pid=3180521) INFO:     127.0.0.1:43690 - "POST /v1/completions HTTP/1.1" 200 OK
(APIServer pid=3180521) INFO:     127.0.0.1:44000 - "POST /v1/completions HTTP/1.1" 200 OK
(APIServer pid=3180521) INFO:     127.0.0.1:43880 - "POST /v1/completions HTTP/1.1" 200 OK
(APIServer pid=3180521) INFO:     127.0.0.1:43968 - "POST /v1/completions HTTP/1.1" 200 OK
(APIServer pid=3180521) INFO:     127.0.0.1:44124 - "POST /v1/completions HTTP/1.1" 200 OK
(APIServer pid=3180521) INFO:     127.0.0.1:43832 - "POST /v1/completions HTTP/1.1" 200 OK
(APIServer pid=3180521) INFO:     127.0.0.1:43886 - "POST /v1/completions HTTP/1.1" 200 OK
(APIServer pid=3180521) INFO:     127.0.0.1:43898 - "POST /v1/completions HTTP/1.1" 200 OK
(APIServer pid=3180521) INFO:     127.0.0.1:43936 - "POST /v1/completions HTTP/1.1" 200 OK
(APIServer pid=3180521) INFO:     127.0.0.1:43634 - "POST /v1/completions HTTP/1.1" 200 OK
(APIServer pid=3180521) INFO:     127.0.0.1:43728 - "POST /v1/completions HTTP/1.1" 200 OK
(APIServer pid=3180521) INFO:     127.0.0.1:43802 - "POST /v1/completions HTTP/1.1" 200 OK
(APIServer pid=3180521) INFO:     127.0.0.1:43804 - "POST /v1/completions HTTP/1.1" 200 OK
(APIServer pid=3180521) INFO:     127.0.0.1:43870 - "POST /v1/completions HTTP/1.1" 200 OK
(APIServer pid=3180521) INFO:     127.0.0.1:44030 - "POST /v1/completions HTTP/1.1" 200 OK
(APIServer pid=3180521) INFO:     127.0.0.1:43630 - "POST /v1/completions HTTP/1.1" 200 OK
(APIServer pid=3180521) INFO:     127.0.0.1:43666 - "POST /v1/completions HTTP/1.1" 200 OK
(APIServer pid=3180521) INFO:     127.0.0.1:43578 - "POST /v1/completions HTTP/1.1" 200 OK
(APIServer pid=3180521) INFO:     127.0.0.1:43956 - "POST /v1/completions HTTP/1.1" 200 OK
(APIServer pid=3180521) INFO:     127.0.0.1:43570 - "POST /v1/completions HTTP/1.1" 200 OK
(APIServer pid=3180521) INFO:     127.0.0.1:43914 - "POST /v1/completions HTTP/1.1" 200 OK
(APIServer pid=3180521) INFO:     127.0.0.1:43828 - "POST /v1/completions HTTP/1.1" 200 OK
(APIServer pid=3180521) INFO:     127.0.0.1:43708 - "POST /v1/completions HTTP/1.1" 200 OK
(APIServer pid=3180521) INFO:     127.0.0.1:43906 - "POST /v1/completions HTTP/1.1" 200 OK
(APIServer pid=3180521) INFO:     127.0.0.1:43742 - "POST /v1/completions HTTP/1.1" 200 OK
(APIServer pid=3180521) INFO:     127.0.0.1:43772 - "POST /v1/completions HTTP/1.1" 200 OK
(APIServer pid=3180521) INFO:     127.0.0.1:43694 - "POST /v1/completions HTTP/1.1" 200 OK
(APIServer pid=3180521) INFO:     127.0.0.1:44110 - "POST /v1/completions HTTP/1.1" 200 OK
(APIServer pid=3180521) INFO:     127.0.0.1:43982 - "POST /v1/completions HTTP/1.1" 200 OK
(APIServer pid=3180521) INFO:     127.0.0.1:44056 - "POST /v1/completions HTTP/1.1" 200 OK
(APIServer pid=3180521) INFO:     127.0.0.1:43846 - "POST /v1/completions HTTP/1.1" 200 OK
(APIServer pid=3180521) INFO:     127.0.0.1:44166 - "POST /v1/completions HTTP/1.1" 200 OK
(APIServer pid=3180521) INFO:     127.0.0.1:44140 - "POST /v1/completions HTTP/1.1" 200 OK
(APIServer pid=3180521) INFO:     127.0.0.1:44154 - "POST /v1/completions HTTP/1.1" 200 OK
(APIServer pid=3180521) INFO:     127.0.0.1:44174 - "POST /v1/completions HTTP/1.1" 200 OK
(APIServer pid=3180521) INFO:     127.0.0.1:44132 - "POST /v1/completions HTTP/1.1" 200 OK
(APIServer pid=3180521) INFO 07-08 10:57:18 [loggers.py:271] Engine 000: Avg prompt throughput: 3253.4 tokens/s, Avg generation throughput: 13753.1 tokens/s, Running: 256 reqs, Waiting: 0 reqs, GPU KV cache usage: 4.6%, Prefix cache hit rate: 10.3%
(APIServer pid=3180521) INFO 07-08 10:57:28 [loggers.py:271] Engine 000: Avg prompt throughput: 0.0 tokens/s, Avg generation throughput: 15023.3 tokens/s, Running: 256 reqs, Waiting: 0 reqs, GPU KV cache usage: 12.6%, Prefix cache hit rate: 10.3%
(APIServer pid=3180521) INFO:     127.0.0.1:53906 - "GET /metrics HTTP/1.1" 200 OK
(APIServer pid=3180521) INFO 07-08 10:57:38 [loggers.py:271] Engine 000: Avg prompt throughput: 0.0 tokens/s, Avg generation throughput: 5861.1 tokens/s, Running: 0 reqs, Waiting: 0 reqs, GPU KV cache usage: 0.0%, Prefix cache hit rate: 10.3%
(APIServer pid=3180521) INFO 07-08 10:57:48 [loggers.py:271] Engine 000: Avg prompt throughput: 0.0 tokens/s, Avg generation throughput: 0.0 tokens/s, Running: 0 reqs, Waiting: 0 reqs, GPU KV cache usage: 0.0%, Prefix cache hit rate: 10.3%
(APIServer pid=3180521) INFO:     127.0.0.1:38088 - "POST /v1/completions HTTP/1.1" 200 OK
(APIServer pid=3180521) INFO:     127.0.0.1:38088 - "POST /v1/completions HTTP/1.1" 200 OK
(APIServer pid=3180521) INFO:     127.0.0.1:39576 - "POST /v1/completions HTTP/1.1" 200 OK
(APIServer pid=3180521) INFO:     127.0.0.1:39590 - "POST /v1/completions HTTP/1.1" 200 OK
(APIServer pid=3180521) INFO:     127.0.0.1:39604 - "POST /v1/completions HTTP/1.1" 200 OK
(APIServer pid=3180521) INFO:     127.0.0.1:39618 - "POST /v1/completions HTTP/1.1" 200 OK
(APIServer pid=3180521) INFO:     127.0.0.1:39626 - "POST /v1/completions HTTP/1.1" 200 OK
(APIServer pid=3180521) INFO:     127.0.0.1:39628 - "POST /v1/completions HTTP/1.1" 200 OK
(APIServer pid=3180521) INFO:     127.0.0.1:39634 - "POST /v1/completions HTTP/1.1" 200 OK
(APIServer pid=3180521) INFO:     127.0.0.1:39638 - "POST /v1/completions HTTP/1.1" 200 OK
(APIServer pid=3180521) INFO:     127.0.0.1:39648 - "POST /v1/completions HTTP/1.1" 200 OK
(APIServer pid=3180521) INFO:     127.0.0.1:39652 - "POST /v1/completions HTTP/1.1" 200 OK
(APIServer pid=3180521) INFO:     127.0.0.1:39662 - "POST /v1/completions HTTP/1.1" 200 OK
(APIServer pid=3180521) INFO:     127.0.0.1:39670 - "POST /v1/completions HTTP/1.1" 200 OK
(APIServer pid=3180521) INFO:     127.0.0.1:39676 - "POST /v1/completions HTTP/1.1" 200 OK
(APIServer pid=3180521) INFO:     127.0.0.1:39692 - "POST /v1/completions HTTP/1.1" 200 OK
(APIServer pid=3180521) INFO:     127.0.0.1:39702 - "POST /v1/completions HTTP/1.1" 200 OK
(APIServer pid=3180521) INFO:     127.0.0.1:39710 - "POST /v1/completions HTTP/1.1" 200 OK
(APIServer pid=3180521) INFO:     127.0.0.1:39714 - "POST /v1/completions HTTP/1.1" 200 OK
(APIServer pid=3180521) INFO:     127.0.0.1:39724 - "POST /v1/completions HTTP/1.1" 200 OK
(APIServer pid=3180521) INFO:     127.0.0.1:39732 - "POST /v1/completions HTTP/1.1" 200 OK
(APIServer pid=3180521) INFO:     127.0.0.1:39744 - "POST /v1/completions HTTP/1.1" 200 OK
(APIServer pid=3180521) INFO:     127.0.0.1:39760 - "POST /v1/completions HTTP/1.1" 200 OK
(APIServer pid=3180521) INFO:     127.0.0.1:39766 - "POST /v1/completions HTTP/1.1" 200 OK
(APIServer pid=3180521) INFO:     127.0.0.1:39772 - "POST /v1/completions HTTP/1.1" 200 OK
(APIServer pid=3180521) INFO:     127.0.0.1:39778 - "POST /v1/completions HTTP/1.1" 200 OK
(APIServer pid=3180521) INFO:     127.0.0.1:39786 - "POST /v1/completions HTTP/1.1" 200 OK
(APIServer pid=3180521) INFO:     127.0.0.1:39794 - "POST /v1/completions HTTP/1.1" 200 OK
(APIServer pid=3180521) INFO:     127.0.0.1:39800 - "POST /v1/completions HTTP/1.1" 200 OK
(APIServer pid=3180521) INFO:     127.0.0.1:39814 - "POST /v1/completions HTTP/1.1" 200 OK
(APIServer pid=3180521) INFO:     127.0.0.1:39818 - "POST /v1/completions HTTP/1.1" 200 OK
(APIServer pid=3180521) INFO:     127.0.0.1:39830 - "POST /v1/completions HTTP/1.1" 200 OK
(APIServer pid=3180521) INFO:     127.0.0.1:39842 - "POST /v1/completions HTTP/1.1" 200 OK
(APIServer pid=3180521) INFO:     127.0.0.1:39846 - "POST /v1/completions HTTP/1.1" 200 OK
(APIServer pid=3180521) INFO:     127.0.0.1:39854 - "POST /v1/completions HTTP/1.1" 200 OK
(APIServer pid=3180521) INFO:     127.0.0.1:39864 - "POST /v1/completions HTTP/1.1" 200 OK
(APIServer pid=3180521) INFO:     127.0.0.1:39880 - "POST /v1/completions HTTP/1.1" 200 OK
(APIServer pid=3180521) INFO:     127.0.0.1:39896 - "POST /v1/completions HTTP/1.1" 200 OK
(APIServer pid=3180521) INFO:     127.0.0.1:39908 - "POST /v1/completions HTTP/1.1" 200 OK
(APIServer pid=3180521) INFO:     127.0.0.1:39914 - "POST /v1/completions HTTP/1.1" 200 OK
(APIServer pid=3180521) INFO:     127.0.0.1:39928 - "POST /v1/completions HTTP/1.1" 200 OK
(APIServer pid=3180521) INFO:     127.0.0.1:39940 - "POST /v1/completions HTTP/1.1" 200 OK
(APIServer pid=3180521) INFO:     127.0.0.1:39950 - "POST /v1/completions HTTP/1.1" 200 OK
(APIServer pid=3180521) INFO:     127.0.0.1:39952 - "POST /v1/completions HTTP/1.1" 200 OK
(APIServer pid=3180521) INFO:     127.0.0.1:39964 - "POST /v1/completions HTTP/1.1" 200 OK
(APIServer pid=3180521) INFO:     127.0.0.1:39974 - "POST /v1/completions HTTP/1.1" 200 OK
(APIServer pid=3180521) INFO:     127.0.0.1:39984 - "POST /v1/completions HTTP/1.1" 200 OK
(APIServer pid=3180521) INFO:     127.0.0.1:39998 - "POST /v1/completions HTTP/1.1" 200 OK
(APIServer pid=3180521) INFO:     127.0.0.1:40000 - "POST /v1/completions HTTP/1.1" 200 OK
(APIServer pid=3180521) INFO:     127.0.0.1:40012 - "POST /v1/completions HTTP/1.1" 200 OK
(APIServer pid=3180521) INFO:     127.0.0.1:40022 - "POST /v1/completions HTTP/1.1" 200 OK
(APIServer pid=3180521) INFO:     127.0.0.1:40036 - "POST /v1/completions HTTP/1.1" 200 OK
(APIServer pid=3180521) INFO:     127.0.0.1:40042 - "POST /v1/completions HTTP/1.1" 200 OK
(APIServer pid=3180521) INFO:     127.0.0.1:40048 - "POST /v1/completions HTTP/1.1" 200 OK
(APIServer pid=3180521) INFO:     127.0.0.1:40060 - "POST /v1/completions HTTP/1.1" 200 OK
(APIServer pid=3180521) INFO:     127.0.0.1:40062 - "POST /v1/completions HTTP/1.1" 200 OK
(APIServer pid=3180521) INFO:     127.0.0.1:40068 - "POST /v1/completions HTTP/1.1" 200 OK
(APIServer pid=3180521) INFO:     127.0.0.1:40070 - "POST /v1/completions HTTP/1.1" 200 OK
(APIServer pid=3180521) INFO:     127.0.0.1:40076 - "POST /v1/completions HTTP/1.1" 200 OK
(APIServer pid=3180521) INFO:     127.0.0.1:40090 - "POST /v1/completions HTTP/1.1" 200 OK
(APIServer pid=3180521) INFO:     127.0.0.1:40098 - "POST /v1/completions HTTP/1.1" 200 OK
(APIServer pid=3180521) INFO:     127.0.0.1:40100 - "POST /v1/completions HTTP/1.1" 200 OK
(APIServer pid=3180521) INFO:     127.0.0.1:40104 - "POST /v1/completions HTTP/1.1" 200 OK
(APIServer pid=3180521) INFO:     127.0.0.1:40118 - "POST /v1/completions HTTP/1.1" 200 OK
(APIServer pid=3180521) INFO:     127.0.0.1:40120 - "POST /v1/completions HTTP/1.1" 200 OK
(APIServer pid=3180521) INFO:     127.0.0.1:38088 - "GET /metrics HTTP/1.1" 200 OK
(APIServer pid=3180521) INFO:     127.0.0.1:39648 - "POST /v1/completions HTTP/1.1" 200 OK
(APIServer pid=3180521) INFO:     127.0.0.1:39618 - "POST /v1/completions HTTP/1.1" 200 OK
(APIServer pid=3180521) INFO:     127.0.0.1:39604 - "POST /v1/completions HTTP/1.1" 200 OK
(APIServer pid=3180521) INFO:     127.0.0.1:39638 - "POST /v1/completions HTTP/1.1" 200 OK
(APIServer pid=3180521) INFO:     127.0.0.1:39576 - "POST /v1/completions HTTP/1.1" 200 OK
(APIServer pid=3180521) INFO:     127.0.0.1:39590 - "POST /v1/completions HTTP/1.1" 200 OK
(APIServer pid=3180521) INFO:     127.0.0.1:39634 - "POST /v1/completions HTTP/1.1" 200 OK
(APIServer pid=3180521) INFO:     127.0.0.1:39628 - "POST /v1/completions HTTP/1.1" 200 OK
(APIServer pid=3180521) INFO:     127.0.0.1:39626 - "POST /v1/completions HTTP/1.1" 200 OK
(APIServer pid=3180521) INFO:     127.0.0.1:39670 - "POST /v1/completions HTTP/1.1" 200 OK
(APIServer pid=3180521) INFO:     127.0.0.1:39676 - "POST /v1/completions HTTP/1.1" 200 OK
(APIServer pid=3180521) INFO:     127.0.0.1:39652 - "POST /v1/completions HTTP/1.1" 200 OK
(APIServer pid=3180521) INFO:     127.0.0.1:39692 - "POST /v1/completions HTTP/1.1" 200 OK
(APIServer pid=3180521) INFO:     127.0.0.1:39662 - "POST /v1/completions HTTP/1.1" 200 OK
(APIServer pid=3180521) INFO:     127.0.0.1:39710 - "POST /v1/completions HTTP/1.1" 200 OK
(APIServer pid=3180521) INFO:     127.0.0.1:39702 - "POST /v1/completions HTTP/1.1" 200 OK
(APIServer pid=3180521) INFO:     127.0.0.1:39760 - "POST /v1/completions HTTP/1.1" 200 OK
(APIServer pid=3180521) INFO:     127.0.0.1:39778 - "POST /v1/completions HTTP/1.1" 200 OK
(APIServer pid=3180521) INFO:     127.0.0.1:39772 - "POST /v1/completions HTTP/1.1" 200 OK
(APIServer pid=3180521) INFO:     127.0.0.1:39724 - "POST /v1/completions HTTP/1.1" 200 OK
(APIServer pid=3180521) INFO:     127.0.0.1:39732 - "POST /v1/completions HTTP/1.1" 200 OK
(APIServer pid=3180521) INFO:     127.0.0.1:39814 - "POST /v1/completions HTTP/1.1" 200 OK
(APIServer pid=3180521) INFO:     127.0.0.1:39830 - "POST /v1/completions HTTP/1.1" 200 OK
(APIServer pid=3180521) INFO:     127.0.0.1:39818 - "POST /v1/completions HTTP/1.1" 200 OK
(APIServer pid=3180521) INFO:     127.0.0.1:39794 - "POST /v1/completions HTTP/1.1" 200 OK
(APIServer pid=3180521) INFO:     127.0.0.1:39744 - "POST /v1/completions HTTP/1.1" 200 OK
(APIServer pid=3180521) INFO:     127.0.0.1:39766 - "POST /v1/completions HTTP/1.1" 200 OK
(APIServer pid=3180521) INFO:     127.0.0.1:39786 - "POST /v1/completions HTTP/1.1" 200 OK
(APIServer pid=3180521) INFO:     127.0.0.1:39714 - "POST /v1/completions HTTP/1.1" 200 OK
(APIServer pid=3180521) INFO:     127.0.0.1:39800 - "POST /v1/completions HTTP/1.1" 200 OK
(APIServer pid=3180521) INFO:     127.0.0.1:39842 - "POST /v1/completions HTTP/1.1" 200 OK
(APIServer pid=3180521) INFO:     127.0.0.1:39928 - "POST /v1/completions HTTP/1.1" 200 OK
(APIServer pid=3180521) INFO:     127.0.0.1:39984 - "POST /v1/completions HTTP/1.1" 200 OK
(APIServer pid=3180521) INFO:     127.0.0.1:39952 - "POST /v1/completions HTTP/1.1" 200 OK
(APIServer pid=3180521) INFO:     127.0.0.1:39974 - "POST /v1/completions HTTP/1.1" 200 OK
(APIServer pid=3180521) INFO:     127.0.0.1:39940 - "POST /v1/completions HTTP/1.1" 200 OK
(APIServer pid=3180521) INFO:     127.0.0.1:39896 - "POST /v1/completions HTTP/1.1" 200 OK
(APIServer pid=3180521) INFO:     127.0.0.1:39964 - "POST /v1/completions HTTP/1.1" 200 OK
(APIServer pid=3180521) INFO:     127.0.0.1:39914 - "POST /v1/completions HTTP/1.1" 200 OK
(APIServer pid=3180521) INFO:     127.0.0.1:39880 - "POST /v1/completions HTTP/1.1" 200 OK
(APIServer pid=3180521) INFO:     127.0.0.1:39998 - "POST /v1/completions HTTP/1.1" 200 OK
(APIServer pid=3180521) INFO:     127.0.0.1:39864 - "POST /v1/completions HTTP/1.1" 200 OK
(APIServer pid=3180521) INFO:     127.0.0.1:39908 - "POST /v1/completions HTTP/1.1" 200 OK
(APIServer pid=3180521) INFO:     127.0.0.1:39846 - "POST /v1/completions HTTP/1.1" 200 OK
(APIServer pid=3180521) INFO:     127.0.0.1:39950 - "POST /v1/completions HTTP/1.1" 200 OK
(APIServer pid=3180521) INFO:     127.0.0.1:39854 - "POST /v1/completions HTTP/1.1" 200 OK
(APIServer pid=3180521) INFO:     127.0.0.1:40036 - "POST /v1/completions HTTP/1.1" 200 OK
(APIServer pid=3180521) INFO:     127.0.0.1:40012 - "POST /v1/completions HTTP/1.1" 200 OK
(APIServer pid=3180521) INFO:     127.0.0.1:40042 - "POST /v1/completions HTTP/1.1" 200 OK
(APIServer pid=3180521) INFO:     127.0.0.1:40022 - "POST /v1/completions HTTP/1.1" 200 OK
(APIServer pid=3180521) INFO:     127.0.0.1:40000 - "POST /v1/completions HTTP/1.1" 200 OK
(APIServer pid=3180521) INFO:     127.0.0.1:40068 - "POST /v1/completions HTTP/1.1" 200 OK
(APIServer pid=3180521) INFO:     127.0.0.1:40060 - "POST /v1/completions HTTP/1.1" 200 OK
(APIServer pid=3180521) INFO:     127.0.0.1:40104 - "POST /v1/completions HTTP/1.1" 200 OK
(APIServer pid=3180521) INFO:     127.0.0.1:40118 - "POST /v1/completions HTTP/1.1" 200 OK
(APIServer pid=3180521) INFO:     127.0.0.1:40120 - "POST /v1/completions HTTP/1.1" 200 OK
(APIServer pid=3180521) INFO:     127.0.0.1:40100 - "POST /v1/completions HTTP/1.1" 200 OK
(APIServer pid=3180521) INFO:     127.0.0.1:40098 - "POST /v1/completions HTTP/1.1" 200 OK
(APIServer pid=3180521) INFO:     127.0.0.1:40070 - "POST /v1/completions HTTP/1.1" 200 OK
(APIServer pid=3180521) INFO:     127.0.0.1:40090 - "POST /v1/completions HTTP/1.1" 200 OK
(APIServer pid=3180521) INFO:     127.0.0.1:40076 - "POST /v1/completions HTTP/1.1" 200 OK
(APIServer pid=3180521) INFO:     127.0.0.1:40048 - "POST /v1/completions HTTP/1.1" 200 OK
(APIServer pid=3180521) INFO:     127.0.0.1:40062 - "POST /v1/completions HTTP/1.1" 200 OK
(APIServer pid=3180521) INFO:     127.0.0.1:38088 - "POST /v1/completions HTTP/1.1" 200 OK
(APIServer pid=3180521) INFO:     127.0.0.1:40122 - "POST /v1/completions HTTP/1.1" 200 OK
(APIServer pid=3180521) INFO:     127.0.0.1:40134 - "POST /v1/completions HTTP/1.1" 200 OK
(APIServer pid=3180521) INFO:     127.0.0.1:40138 - "POST /v1/completions HTTP/1.1" 200 OK
(APIServer pid=3180521) INFO:     127.0.0.1:40142 - "POST /v1/completions HTTP/1.1" 200 OK
(APIServer pid=3180521) INFO:     127.0.0.1:40158 - "POST /v1/completions HTTP/1.1" 200 OK
(APIServer pid=3180521) INFO:     127.0.0.1:40160 - "POST /v1/completions HTTP/1.1" 200 OK
(APIServer pid=3180521) INFO:     127.0.0.1:40168 - "POST /v1/completions HTTP/1.1" 200 OK
(APIServer pid=3180521) INFO:     127.0.0.1:40172 - "POST /v1/completions HTTP/1.1" 200 OK
(APIServer pid=3180521) INFO:     127.0.0.1:40178 - "POST /v1/completions HTTP/1.1" 200 OK
(APIServer pid=3180521) INFO:     127.0.0.1:40194 - "POST /v1/completions HTTP/1.1" 200 OK
(APIServer pid=3180521) INFO:     127.0.0.1:40208 - "POST /v1/completions HTTP/1.1" 200 OK
(APIServer pid=3180521) INFO:     127.0.0.1:40220 - "POST /v1/completions HTTP/1.1" 200 OK
(APIServer pid=3180521) INFO:     127.0.0.1:40232 - "POST /v1/completions HTTP/1.1" 200 OK
(APIServer pid=3180521) INFO:     127.0.0.1:40246 - "POST /v1/completions HTTP/1.1" 200 OK
(APIServer pid=3180521) INFO:     127.0.0.1:40252 - "POST /v1/completions HTTP/1.1" 200 OK
(APIServer pid=3180521) INFO:     127.0.0.1:40266 - "POST /v1/completions HTTP/1.1" 200 OK
(APIServer pid=3180521) INFO:     127.0.0.1:40282 - "POST /v1/completions HTTP/1.1" 200 OK
(APIServer pid=3180521) INFO:     127.0.0.1:40284 - "POST /v1/completions HTTP/1.1" 200 OK
(APIServer pid=3180521) INFO:     127.0.0.1:40294 - "POST /v1/completions HTTP/1.1" 200 OK
(APIServer pid=3180521) INFO:     127.0.0.1:40310 - "POST /v1/completions HTTP/1.1" 200 OK
(APIServer pid=3180521) INFO:     127.0.0.1:40318 - "POST /v1/completions HTTP/1.1" 200 OK
(APIServer pid=3180521) INFO:     127.0.0.1:40320 - "POST /v1/completions HTTP/1.1" 200 OK
(APIServer pid=3180521) INFO:     127.0.0.1:40324 - "POST /v1/completions HTTP/1.1" 200 OK
(APIServer pid=3180521) INFO:     127.0.0.1:40338 - "POST /v1/completions HTTP/1.1" 200 OK
(APIServer pid=3180521) INFO:     127.0.0.1:40352 - "POST /v1/completions HTTP/1.1" 200 OK
(APIServer pid=3180521) INFO:     127.0.0.1:40368 - "POST /v1/completions HTTP/1.1" 200 OK
(APIServer pid=3180521) INFO:     127.0.0.1:40384 - "POST /v1/completions HTTP/1.1" 200 OK
(APIServer pid=3180521) INFO:     127.0.0.1:40400 - "POST /v1/completions HTTP/1.1" 200 OK
(APIServer pid=3180521) INFO:     127.0.0.1:40404 - "POST /v1/completions HTTP/1.1" 200 OK
(APIServer pid=3180521) INFO:     127.0.0.1:40414 - "POST /v1/completions HTTP/1.1" 200 OK
(APIServer pid=3180521) INFO:     127.0.0.1:40428 - "POST /v1/completions HTTP/1.1" 200 OK
(APIServer pid=3180521) INFO:     127.0.0.1:40432 - "POST /v1/completions HTTP/1.1" 200 OK
(APIServer pid=3180521) INFO:     127.0.0.1:40436 - "POST /v1/completions HTTP/1.1" 200 OK
(APIServer pid=3180521) INFO:     127.0.0.1:40444 - "POST /v1/completions HTTP/1.1" 200 OK
(APIServer pid=3180521) INFO:     127.0.0.1:40458 - "POST /v1/completions HTTP/1.1" 200 OK
(APIServer pid=3180521) INFO:     127.0.0.1:40472 - "POST /v1/completions HTTP/1.1" 200 OK
(APIServer pid=3180521) INFO:     127.0.0.1:40482 - "POST /v1/completions HTTP/1.1" 200 OK
(APIServer pid=3180521) INFO:     127.0.0.1:40498 - "POST /v1/completions HTTP/1.1" 200 OK
(APIServer pid=3180521) INFO:     127.0.0.1:40514 - "POST /v1/completions HTTP/1.1" 200 OK
(APIServer pid=3180521) INFO:     127.0.0.1:40522 - "POST /v1/completions HTTP/1.1" 200 OK
(APIServer pid=3180521) INFO:     127.0.0.1:40532 - "POST /v1/completions HTTP/1.1" 200 OK
(APIServer pid=3180521) INFO:     127.0.0.1:40540 - "POST /v1/completions HTTP/1.1" 200 OK
(APIServer pid=3180521) INFO:     127.0.0.1:40550 - "POST /v1/completions HTTP/1.1" 200 OK
(APIServer pid=3180521) INFO:     127.0.0.1:40554 - "POST /v1/completions HTTP/1.1" 200 OK
(APIServer pid=3180521) INFO:     127.0.0.1:40566 - "POST /v1/completions HTTP/1.1" 200 OK
(APIServer pid=3180521) INFO:     127.0.0.1:40572 - "POST /v1/completions HTTP/1.1" 200 OK
(APIServer pid=3180521) INFO:     127.0.0.1:40584 - "POST /v1/completions HTTP/1.1" 200 OK
(APIServer pid=3180521) INFO:     127.0.0.1:40586 - "POST /v1/completions HTTP/1.1" 200 OK
(APIServer pid=3180521) INFO:     127.0.0.1:40600 - "POST /v1/completions HTTP/1.1" 200 OK
(APIServer pid=3180521) INFO:     127.0.0.1:40614 - "POST /v1/completions HTTP/1.1" 200 OK
(APIServer pid=3180521) INFO:     127.0.0.1:40630 - "POST /v1/completions HTTP/1.1" 200 OK
(APIServer pid=3180521) INFO:     127.0.0.1:40634 - "POST /v1/completions HTTP/1.1" 200 OK
(APIServer pid=3180521) INFO:     127.0.0.1:40648 - "POST /v1/completions HTTP/1.1" 200 OK
(APIServer pid=3180521) INFO:     127.0.0.1:40652 - "POST /v1/completions HTTP/1.1" 200 OK
(APIServer pid=3180521) INFO:     127.0.0.1:40658 - "POST /v1/completions HTTP/1.1" 200 OK
(APIServer pid=3180521) INFO:     127.0.0.1:40668 - "POST /v1/completions HTTP/1.1" 200 OK
(APIServer pid=3180521) INFO:     127.0.0.1:40680 - "POST /v1/completions HTTP/1.1" 200 OK
(APIServer pid=3180521) INFO:     127.0.0.1:40692 - "POST /v1/completions HTTP/1.1" 200 OK
(APIServer pid=3180521) INFO:     127.0.0.1:40696 - "POST /v1/completions HTTP/1.1" 200 OK
(APIServer pid=3180521) INFO:     127.0.0.1:40712 - "POST /v1/completions HTTP/1.1" 200 OK
(APIServer pid=3180521) INFO:     127.0.0.1:40728 - "POST /v1/completions HTTP/1.1" 200 OK
(APIServer pid=3180521) INFO:     127.0.0.1:40736 - "POST /v1/completions HTTP/1.1" 200 OK
(APIServer pid=3180521) INFO:     127.0.0.1:40742 - "POST /v1/completions HTTP/1.1" 200 OK
(APIServer pid=3180521) INFO:     127.0.0.1:40750 - "POST /v1/completions HTTP/1.1" 200 OK
(APIServer pid=3180521) INFO:     127.0.0.1:40762 - "POST /v1/completions HTTP/1.1" 200 OK
(APIServer pid=3180521) INFO:     127.0.0.1:40764 - "POST /v1/completions HTTP/1.1" 200 OK
(APIServer pid=3180521) INFO:     127.0.0.1:40766 - "POST /v1/completions HTTP/1.1" 200 OK
(APIServer pid=3180521) INFO:     127.0.0.1:40776 - "POST /v1/completions HTTP/1.1" 200 OK
(APIServer pid=3180521) INFO:     127.0.0.1:40790 - "POST /v1/completions HTTP/1.1" 200 OK
(APIServer pid=3180521) INFO:     127.0.0.1:40796 - "POST /v1/completions HTTP/1.1" 200 OK
(APIServer pid=3180521) INFO:     127.0.0.1:40798 - "POST /v1/completions HTTP/1.1" 200 OK
(APIServer pid=3180521) INFO:     127.0.0.1:40800 - "POST /v1/completions HTTP/1.1" 200 OK
(APIServer pid=3180521) INFO:     127.0.0.1:40816 - "POST /v1/completions HTTP/1.1" 200 OK
(APIServer pid=3180521) INFO:     127.0.0.1:40820 - "POST /v1/completions HTTP/1.1" 200 OK
(APIServer pid=3180521) INFO:     127.0.0.1:40824 - "POST /v1/completions HTTP/1.1" 200 OK
(APIServer pid=3180521) INFO:     127.0.0.1:40832 - "POST /v1/completions HTTP/1.1" 200 OK
(APIServer pid=3180521) INFO:     127.0.0.1:40848 - "POST /v1/completions HTTP/1.1" 200 OK
(APIServer pid=3180521) INFO:     127.0.0.1:40864 - "POST /v1/completions HTTP/1.1" 200 OK
(APIServer pid=3180521) INFO:     127.0.0.1:40866 - "POST /v1/completions HTTP/1.1" 200 OK
(APIServer pid=3180521) INFO:     127.0.0.1:40868 - "POST /v1/completions HTTP/1.1" 200 OK
(APIServer pid=3180521) INFO:     127.0.0.1:40884 - "POST /v1/completions HTTP/1.1" 200 OK
(APIServer pid=3180521) INFO:     127.0.0.1:40886 - "POST /v1/completions HTTP/1.1" 200 OK
(APIServer pid=3180521) INFO:     127.0.0.1:40888 - "POST /v1/completions HTTP/1.1" 200 OK
(APIServer pid=3180521) INFO:     127.0.0.1:40892 - "POST /v1/completions HTTP/1.1" 200 OK
(APIServer pid=3180521) INFO:     127.0.0.1:40898 - "POST /v1/completions HTTP/1.1" 200 OK
(APIServer pid=3180521) INFO:     127.0.0.1:40914 - "POST /v1/completions HTTP/1.1" 200 OK
(APIServer pid=3180521) INFO:     127.0.0.1:40926 - "POST /v1/completions HTTP/1.1" 200 OK
(APIServer pid=3180521) INFO:     127.0.0.1:40932 - "POST /v1/completions HTTP/1.1" 200 OK
(APIServer pid=3180521) INFO:     127.0.0.1:40942 - "POST /v1/completions HTTP/1.1" 200 OK
(APIServer pid=3180521) INFO:     127.0.0.1:40946 - "POST /v1/completions HTTP/1.1" 200 OK
(APIServer pid=3180521) INFO:     127.0.0.1:40956 - "POST /v1/completions HTTP/1.1" 200 OK
(APIServer pid=3180521) INFO:     127.0.0.1:40964 - "POST /v1/completions HTTP/1.1" 200 OK
(APIServer pid=3180521) INFO:     127.0.0.1:40980 - "POST /v1/completions HTTP/1.1" 200 OK
(APIServer pid=3180521) INFO:     127.0.0.1:40990 - "POST /v1/completions HTTP/1.1" 200 OK
(APIServer pid=3180521) INFO:     127.0.0.1:40996 - "POST /v1/completions HTTP/1.1" 200 OK
(APIServer pid=3180521) INFO:     127.0.0.1:41010 - "POST /v1/completions HTTP/1.1" 200 OK
(APIServer pid=3180521) INFO:     127.0.0.1:41014 - "POST /v1/completions HTTP/1.1" 200 OK
(APIServer pid=3180521) INFO:     127.0.0.1:41024 - "POST /v1/completions HTTP/1.1" 200 OK
(APIServer pid=3180521) INFO:     127.0.0.1:41032 - "POST /v1/completions HTTP/1.1" 200 OK
(APIServer pid=3180521) INFO:     127.0.0.1:41048 - "POST /v1/completions HTTP/1.1" 200 OK
(APIServer pid=3180521) INFO:     127.0.0.1:41064 - "POST /v1/completions HTTP/1.1" 200 OK
(APIServer pid=3180521) INFO:     127.0.0.1:41070 - "POST /v1/completions HTTP/1.1" 200 OK
(APIServer pid=3180521) INFO:     127.0.0.1:41078 - "POST /v1/completions HTTP/1.1" 200 OK
(APIServer pid=3180521) INFO:     127.0.0.1:41094 - "POST /v1/completions HTTP/1.1" 200 OK
(APIServer pid=3180521) INFO:     127.0.0.1:41100 - "POST /v1/completions HTTP/1.1" 200 OK
(APIServer pid=3180521) INFO:     127.0.0.1:41106 - "POST /v1/completions HTTP/1.1" 200 OK
(APIServer pid=3180521) INFO:     127.0.0.1:41110 - "POST /v1/completions HTTP/1.1" 200 OK
(APIServer pid=3180521) INFO:     127.0.0.1:41114 - "POST /v1/completions HTTP/1.1" 200 OK
(APIServer pid=3180521) INFO:     127.0.0.1:41126 - "POST /v1/completions HTTP/1.1" 200 OK
(APIServer pid=3180521) INFO:     127.0.0.1:41136 - "POST /v1/completions HTTP/1.1" 200 OK
(APIServer pid=3180521) INFO:     127.0.0.1:41152 - "POST /v1/completions HTTP/1.1" 200 OK
(APIServer pid=3180521) INFO:     127.0.0.1:41168 - "POST /v1/completions HTTP/1.1" 200 OK
(APIServer pid=3180521) INFO:     127.0.0.1:41172 - "POST /v1/completions HTTP/1.1" 200 OK
(APIServer pid=3180521) INFO:     127.0.0.1:41180 - "POST /v1/completions HTTP/1.1" 200 OK
(APIServer pid=3180521) INFO:     127.0.0.1:41190 - "POST /v1/completions HTTP/1.1" 200 OK
(APIServer pid=3180521) INFO:     127.0.0.1:41200 - "POST /v1/completions HTTP/1.1" 200 OK
(APIServer pid=3180521) INFO:     127.0.0.1:41204 - "POST /v1/completions HTTP/1.1" 200 OK
(APIServer pid=3180521) INFO:     127.0.0.1:41218 - "POST /v1/completions HTTP/1.1" 200 OK
(APIServer pid=3180521) INFO:     127.0.0.1:41228 - "POST /v1/completions HTTP/1.1" 200 OK
(APIServer pid=3180521) INFO:     127.0.0.1:41244 - "POST /v1/completions HTTP/1.1" 200 OK
(APIServer pid=3180521) INFO:     127.0.0.1:41258 - "POST /v1/completions HTTP/1.1" 200 OK
(APIServer pid=3180521) INFO:     127.0.0.1:41268 - "POST /v1/completions HTTP/1.1" 200 OK
(APIServer pid=3180521) INFO:     127.0.0.1:41272 - "POST /v1/completions HTTP/1.1" 200 OK
(APIServer pid=3180521) INFO:     127.0.0.1:41284 - "POST /v1/completions HTTP/1.1" 200 OK
(APIServer pid=3180521) INFO:     127.0.0.1:41294 - "POST /v1/completions HTTP/1.1" 200 OK
(APIServer pid=3180521) INFO:     127.0.0.1:41300 - "POST /v1/completions HTTP/1.1" 200 OK
(APIServer pid=3180521) INFO:     127.0.0.1:41314 - "POST /v1/completions HTTP/1.1" 200 OK
(APIServer pid=3180521) INFO:     127.0.0.1:41326 - "POST /v1/completions HTTP/1.1" 200 OK
(APIServer pid=3180521) INFO:     127.0.0.1:41336 - "POST /v1/completions HTTP/1.1" 200 OK
(APIServer pid=3180521) INFO:     127.0.0.1:41340 - "POST /v1/completions HTTP/1.1" 200 OK
(APIServer pid=3180521) INFO:     127.0.0.1:41344 - "POST /v1/completions HTTP/1.1" 200 OK
(APIServer pid=3180521) INFO:     127.0.0.1:41348 - "POST /v1/completions HTTP/1.1" 200 OK
(APIServer pid=3180521) INFO:     127.0.0.1:41354 - "POST /v1/completions HTTP/1.1" 200 OK
(APIServer pid=3180521) INFO:     127.0.0.1:41362 - "POST /v1/completions HTTP/1.1" 200 OK
(APIServer pid=3180521) INFO:     127.0.0.1:41378 - "POST /v1/completions HTTP/1.1" 200 OK
(APIServer pid=3180521) INFO:     127.0.0.1:41380 - "POST /v1/completions HTTP/1.1" 200 OK
(APIServer pid=3180521) INFO:     127.0.0.1:41386 - "POST /v1/completions HTTP/1.1" 200 OK
(APIServer pid=3180521) INFO:     127.0.0.1:41390 - "POST /v1/completions HTTP/1.1" 200 OK
(APIServer pid=3180521) INFO:     127.0.0.1:41406 - "POST /v1/completions HTTP/1.1" 200 OK
(APIServer pid=3180521) INFO:     127.0.0.1:41416 - "POST /v1/completions HTTP/1.1" 200 OK
(APIServer pid=3180521) INFO:     127.0.0.1:41422 - "POST /v1/completions HTTP/1.1" 200 OK
(APIServer pid=3180521) INFO:     127.0.0.1:41424 - "POST /v1/completions HTTP/1.1" 200 OK
(APIServer pid=3180521) INFO:     127.0.0.1:41428 - "POST /v1/completions HTTP/1.1" 200 OK
(APIServer pid=3180521) INFO:     127.0.0.1:41444 - "POST /v1/completions HTTP/1.1" 200 OK
(APIServer pid=3180521) INFO:     127.0.0.1:41450 - "POST /v1/completions HTTP/1.1" 200 OK
(APIServer pid=3180521) INFO:     127.0.0.1:41464 - "POST /v1/completions HTTP/1.1" 200 OK
(APIServer pid=3180521) INFO:     127.0.0.1:41478 - "POST /v1/completions HTTP/1.1" 200 OK
(APIServer pid=3180521) INFO:     127.0.0.1:41482 - "POST /v1/completions HTTP/1.1" 200 OK
(APIServer pid=3180521) INFO:     127.0.0.1:41492 - "POST /v1/completions HTTP/1.1" 200 OK
(APIServer pid=3180521) INFO:     127.0.0.1:41502 - "POST /v1/completions HTTP/1.1" 200 OK
(APIServer pid=3180521) INFO:     127.0.0.1:41510 - "POST /v1/completions HTTP/1.1" 200 OK
(APIServer pid=3180521) INFO:     127.0.0.1:41522 - "POST /v1/completions HTTP/1.1" 200 OK
(APIServer pid=3180521) INFO:     127.0.0.1:41524 - "POST /v1/completions HTTP/1.1" 200 OK
(APIServer pid=3180521) INFO:     127.0.0.1:41528 - "POST /v1/completions HTTP/1.1" 200 OK
(APIServer pid=3180521) INFO:     127.0.0.1:41530 - "POST /v1/completions HTTP/1.1" 200 OK
(APIServer pid=3180521) INFO:     127.0.0.1:41542 - "POST /v1/completions HTTP/1.1" 200 OK
(APIServer pid=3180521) INFO:     127.0.0.1:41550 - "POST /v1/completions HTTP/1.1" 200 OK
(APIServer pid=3180521) INFO:     127.0.0.1:41560 - "POST /v1/completions HTTP/1.1" 200 OK
(APIServer pid=3180521) INFO:     127.0.0.1:41564 - "POST /v1/completions HTTP/1.1" 200 OK
(APIServer pid=3180521) INFO:     127.0.0.1:41572 - "POST /v1/completions HTTP/1.1" 200 OK
(APIServer pid=3180521) INFO:     127.0.0.1:41578 - "POST /v1/completions HTTP/1.1" 200 OK
(APIServer pid=3180521) INFO:     127.0.0.1:41588 - "POST /v1/completions HTTP/1.1" 200 OK
(APIServer pid=3180521) INFO:     127.0.0.1:41604 - "POST /v1/completions HTTP/1.1" 200 OK
(APIServer pid=3180521) INFO:     127.0.0.1:41620 - "POST /v1/completions HTTP/1.1" 200 OK
(APIServer pid=3180521) INFO:     127.0.0.1:41634 - "POST /v1/completions HTTP/1.1" 200 OK
(APIServer pid=3180521) INFO:     127.0.0.1:41642 - "POST /v1/completions HTTP/1.1" 200 OK
(APIServer pid=3180521) INFO:     127.0.0.1:41648 - "POST /v1/completions HTTP/1.1" 200 OK
(APIServer pid=3180521) INFO:     127.0.0.1:41664 - "POST /v1/completions HTTP/1.1" 200 OK
(APIServer pid=3180521) INFO:     127.0.0.1:41680 - "POST /v1/completions HTTP/1.1" 200 OK
(APIServer pid=3180521) INFO:     127.0.0.1:41694 - "POST /v1/completions HTTP/1.1" 200 OK
(APIServer pid=3180521) INFO:     127.0.0.1:41698 - "POST /v1/completions HTTP/1.1" 200 OK
(APIServer pid=3180521) INFO:     127.0.0.1:41702 - "POST /v1/completions HTTP/1.1" 200 OK
(APIServer pid=3180521) INFO:     127.0.0.1:41718 - "POST /v1/completions HTTP/1.1" 200 OK
(APIServer pid=3180521) INFO:     127.0.0.1:41724 - "POST /v1/completions HTTP/1.1" 200 OK
(APIServer pid=3180521) INFO:     127.0.0.1:41738 - "POST /v1/completions HTTP/1.1" 200 OK
(APIServer pid=3180521) INFO:     127.0.0.1:41742 - "POST /v1/completions HTTP/1.1" 200 OK
(APIServer pid=3180521) INFO:     127.0.0.1:41756 - "POST /v1/completions HTTP/1.1" 200 OK
(APIServer pid=3180521) INFO:     127.0.0.1:41758 - "POST /v1/completions HTTP/1.1" 200 OK
(APIServer pid=3180521) INFO:     127.0.0.1:41762 - "POST /v1/completions HTTP/1.1" 200 OK
(APIServer pid=3180521) INFO:     127.0.0.1:41764 - "POST /v1/completions HTTP/1.1" 200 OK
(APIServer pid=3180521) INFO:     127.0.0.1:41772 - "POST /v1/completions HTTP/1.1" 200 OK
(APIServer pid=3180521) INFO:     127.0.0.1:41786 - "POST /v1/completions HTTP/1.1" 200 OK
(APIServer pid=3180521) INFO:     127.0.0.1:41800 - "POST /v1/completions HTTP/1.1" 200 OK
(APIServer pid=3180521) INFO:     127.0.0.1:41806 - "POST /v1/completions HTTP/1.1" 200 OK
(APIServer pid=3180521) INFO:     127.0.0.1:41808 - "POST /v1/completions HTTP/1.1" 200 OK
(APIServer pid=3180521) INFO:     127.0.0.1:41824 - "POST /v1/completions HTTP/1.1" 200 OK
(APIServer pid=3180521) INFO:     127.0.0.1:41840 - "POST /v1/completions HTTP/1.1" 200 OK
(APIServer pid=3180521) INFO:     127.0.0.1:41846 - "POST /v1/completions HTTP/1.1" 200 OK
(APIServer pid=3180521) INFO:     127.0.0.1:41848 - "POST /v1/completions HTTP/1.1" 200 OK
(APIServer pid=3180521) INFO:     127.0.0.1:41862 - "POST /v1/completions HTTP/1.1" 200 OK
(APIServer pid=3180521) INFO:     127.0.0.1:41876 - "POST /v1/completions HTTP/1.1" 200 OK
(APIServer pid=3180521) INFO:     127.0.0.1:41892 - "POST /v1/completions HTTP/1.1" 200 OK
(APIServer pid=3180521) INFO 07-08 10:57:58 [loggers.py:271] Engine 000: Avg prompt throughput: 28720.5 tokens/s, Avg generation throughput: 1377.6 tokens/s, Running: 152 reqs, Waiting: 104 reqs, GPU KV cache usage: 16.8%, Prefix cache hit rate: 30.7%
(APIServer pid=3180521) INFO:     127.0.0.1:39648 - "POST /v1/completions HTTP/1.1" 200 OK
(APIServer pid=3180521) INFO:     127.0.0.1:39618 - "POST /v1/completions HTTP/1.1" 200 OK
(APIServer pid=3180521) INFO:     127.0.0.1:39604 - "POST /v1/completions HTTP/1.1" 200 OK
(APIServer pid=3180521) INFO:     127.0.0.1:39576 - "POST /v1/completions HTTP/1.1" 200 OK
(APIServer pid=3180521) INFO:     127.0.0.1:39638 - "POST /v1/completions HTTP/1.1" 200 OK
(APIServer pid=3180521) INFO:     127.0.0.1:39590 - "POST /v1/completions HTTP/1.1" 200 OK
(APIServer pid=3180521) INFO:     127.0.0.1:39634 - "POST /v1/completions HTTP/1.1" 200 OK
(APIServer pid=3180521) INFO:     127.0.0.1:39628 - "POST /v1/completions HTTP/1.1" 200 OK
(APIServer pid=3180521) INFO:     127.0.0.1:39626 - "POST /v1/completions HTTP/1.1" 200 OK
(APIServer pid=3180521) INFO:     127.0.0.1:39670 - "POST /v1/completions HTTP/1.1" 200 OK
(APIServer pid=3180521) INFO:     127.0.0.1:39676 - "POST /v1/completions HTTP/1.1" 200 OK
(APIServer pid=3180521) INFO:     127.0.0.1:39652 - "POST /v1/completions HTTP/1.1" 200 OK
(APIServer pid=3180521) INFO:     127.0.0.1:39692 - "POST /v1/completions HTTP/1.1" 200 OK
(APIServer pid=3180521) INFO:     127.0.0.1:39710 - "POST /v1/completions HTTP/1.1" 200 OK
(APIServer pid=3180521) INFO:     127.0.0.1:39662 - "POST /v1/completions HTTP/1.1" 200 OK
(APIServer pid=3180521) INFO:     127.0.0.1:39778 - "POST /v1/completions HTTP/1.1" 200 OK
(APIServer pid=3180521) INFO:     127.0.0.1:39702 - "POST /v1/completions HTTP/1.1" 200 OK
(APIServer pid=3180521) INFO:     127.0.0.1:39760 - "POST /v1/completions HTTP/1.1" 200 OK
(APIServer pid=3180521) INFO:     127.0.0.1:39772 - "POST /v1/completions HTTP/1.1" 200 OK
(APIServer pid=3180521) INFO:     127.0.0.1:39724 - "POST /v1/completions HTTP/1.1" 200 OK
(APIServer pid=3180521) INFO:     127.0.0.1:39732 - "POST /v1/completions HTTP/1.1" 200 OK
(APIServer pid=3180521) INFO:     127.0.0.1:39814 - "POST /v1/completions HTTP/1.1" 200 OK
(APIServer pid=3180521) INFO:     127.0.0.1:39818 - "POST /v1/completions HTTP/1.1" 200 OK
(APIServer pid=3180521) INFO:     127.0.0.1:39830 - "POST /v1/completions HTTP/1.1" 200 OK
(APIServer pid=3180521) INFO:     127.0.0.1:39794 - "POST /v1/completions HTTP/1.1" 200 OK
(APIServer pid=3180521) INFO:     127.0.0.1:39744 - "POST /v1/completions HTTP/1.1" 200 OK
(APIServer pid=3180521) INFO:     127.0.0.1:39766 - "POST /v1/completions HTTP/1.1" 200 OK
(APIServer pid=3180521) INFO:     127.0.0.1:39786 - "POST /v1/completions HTTP/1.1" 200 OK
(APIServer pid=3180521) INFO:     127.0.0.1:39714 - "POST /v1/completions HTTP/1.1" 200 OK
(APIServer pid=3180521) INFO:     127.0.0.1:39800 - "POST /v1/completions HTTP/1.1" 200 OK
(APIServer pid=3180521) INFO:     127.0.0.1:39842 - "POST /v1/completions HTTP/1.1" 200 OK
(APIServer pid=3180521) INFO:     127.0.0.1:39928 - "POST /v1/completions HTTP/1.1" 200 OK
(APIServer pid=3180521) INFO:     127.0.0.1:39952 - "POST /v1/completions HTTP/1.1" 200 OK
(APIServer pid=3180521) INFO:     127.0.0.1:39984 - "POST /v1/completions HTTP/1.1" 200 OK
(APIServer pid=3180521) INFO:     127.0.0.1:39974 - "POST /v1/completions HTTP/1.1" 200 OK
(APIServer pid=3180521) INFO:     127.0.0.1:39896 - "POST /v1/completions HTTP/1.1" 200 OK
(APIServer pid=3180521) INFO:     127.0.0.1:39940 - "POST /v1/completions HTTP/1.1" 200 OK
(APIServer pid=3180521) INFO:     127.0.0.1:39964 - "POST /v1/completions HTTP/1.1" 200 OK
(APIServer pid=3180521) INFO:     127.0.0.1:39914 - "POST /v1/completions HTTP/1.1" 200 OK
(APIServer pid=3180521) INFO:     127.0.0.1:39998 - "POST /v1/completions HTTP/1.1" 200 OK
(APIServer pid=3180521) INFO:     127.0.0.1:39880 - "POST /v1/completions HTTP/1.1" 200 OK
(APIServer pid=3180521) INFO:     127.0.0.1:39864 - "POST /v1/completions HTTP/1.1" 200 OK
(APIServer pid=3180521) INFO:     127.0.0.1:39908 - "POST /v1/completions HTTP/1.1" 200 OK
(APIServer pid=3180521) INFO:     127.0.0.1:39846 - "POST /v1/completions HTTP/1.1" 200 OK
(APIServer pid=3180521) INFO:     127.0.0.1:39950 - "POST /v1/completions HTTP/1.1" 200 OK
(APIServer pid=3180521) INFO:     127.0.0.1:40036 - "POST /v1/completions HTTP/1.1" 200 OK
(APIServer pid=3180521) INFO:     127.0.0.1:39854 - "POST /v1/completions HTTP/1.1" 200 OK
(APIServer pid=3180521) INFO:     127.0.0.1:40012 - "POST /v1/completions HTTP/1.1" 200 OK
(APIServer pid=3180521) INFO:     127.0.0.1:40042 - "POST /v1/completions HTTP/1.1" 200 OK
(APIServer pid=3180521) INFO:     127.0.0.1:40022 - "POST /v1/completions HTTP/1.1" 200 OK
(APIServer pid=3180521) INFO:     127.0.0.1:40000 - "POST /v1/completions HTTP/1.1" 200 OK
(APIServer pid=3180521) INFO:     127.0.0.1:40068 - "POST /v1/completions HTTP/1.1" 200 OK
(APIServer pid=3180521) INFO:     127.0.0.1:40060 - "POST /v1/completions HTTP/1.1" 200 OK
(APIServer pid=3180521) INFO:     127.0.0.1:40118 - "POST /v1/completions HTTP/1.1" 200 OK
(APIServer pid=3180521) INFO:     127.0.0.1:40104 - "POST /v1/completions HTTP/1.1" 200 OK
(APIServer pid=3180521) INFO:     127.0.0.1:40120 - "POST /v1/completions HTTP/1.1" 200 OK
(APIServer pid=3180521) INFO:     127.0.0.1:40098 - "POST /v1/completions HTTP/1.1" 200 OK
(APIServer pid=3180521) INFO:     127.0.0.1:40100 - "POST /v1/completions HTTP/1.1" 200 OK
(APIServer pid=3180521) INFO:     127.0.0.1:40090 - "POST /v1/completions HTTP/1.1" 200 OK
(APIServer pid=3180521) INFO:     127.0.0.1:40070 - "POST /v1/completions HTTP/1.1" 200 OK
(APIServer pid=3180521) INFO:     127.0.0.1:40048 - "POST /v1/completions HTTP/1.1" 200 OK
(APIServer pid=3180521) INFO:     127.0.0.1:40076 - "POST /v1/completions HTTP/1.1" 200 OK
(APIServer pid=3180521) INFO:     127.0.0.1:40062 - "POST /v1/completions HTTP/1.1" 200 OK
(APIServer pid=3180521) INFO:     127.0.0.1:38088 - "POST /v1/completions HTTP/1.1" 200 OK
(APIServer pid=3180521) INFO:     127.0.0.1:40134 - "POST /v1/completions HTTP/1.1" 200 OK
(APIServer pid=3180521) INFO:     127.0.0.1:40122 - "POST /v1/completions HTTP/1.1" 200 OK
(APIServer pid=3180521) INFO:     127.0.0.1:40142 - "POST /v1/completions HTTP/1.1" 200 OK
(APIServer pid=3180521) INFO:     127.0.0.1:40138 - "POST /v1/completions HTTP/1.1" 200 OK
(APIServer pid=3180521) INFO:     127.0.0.1:40160 - "POST /v1/completions HTTP/1.1" 200 OK
(APIServer pid=3180521) INFO:     127.0.0.1:40158 - "POST /v1/completions HTTP/1.1" 200 OK
(APIServer pid=3180521) INFO:     127.0.0.1:40172 - "POST /v1/completions HTTP/1.1" 200 OK
(APIServer pid=3180521) INFO:     127.0.0.1:40168 - "POST /v1/completions HTTP/1.1" 200 OK
(APIServer pid=3180521) INFO:     127.0.0.1:40194 - "POST /v1/completions HTTP/1.1" 200 OK
(APIServer pid=3180521) INFO:     127.0.0.1:40178 - "POST /v1/completions HTTP/1.1" 200 OK
(APIServer pid=3180521) INFO:     127.0.0.1:40232 - "POST /v1/completions HTTP/1.1" 200 OK
(APIServer pid=3180521) INFO:     127.0.0.1:40208 - "POST /v1/completions HTTP/1.1" 200 OK
(APIServer pid=3180521) INFO:     127.0.0.1:40220 - "POST /v1/completions HTTP/1.1" 200 OK
(APIServer pid=3180521) INFO:     127.0.0.1:40252 - "POST /v1/completions HTTP/1.1" 200 OK
(APIServer pid=3180521) INFO:     127.0.0.1:40246 - "POST /v1/completions HTTP/1.1" 200 OK
(APIServer pid=3180521) INFO:     127.0.0.1:40282 - "POST /v1/completions HTTP/1.1" 200 OK
(APIServer pid=3180521) INFO:     127.0.0.1:40266 - "POST /v1/completions HTTP/1.1" 200 OK
(APIServer pid=3180521) INFO:     127.0.0.1:40294 - "POST /v1/completions HTTP/1.1" 200 OK
(APIServer pid=3180521) INFO:     127.0.0.1:40284 - "POST /v1/completions HTTP/1.1" 200 OK
(APIServer pid=3180521) INFO:     127.0.0.1:40318 - "POST /v1/completions HTTP/1.1" 200 OK
(APIServer pid=3180521) INFO:     127.0.0.1:40310 - "POST /v1/completions HTTP/1.1" 200 OK
(APIServer pid=3180521) INFO:     127.0.0.1:40324 - "POST /v1/completions HTTP/1.1" 200 OK
(APIServer pid=3180521) INFO:     127.0.0.1:40320 - "POST /v1/completions HTTP/1.1" 200 OK
(APIServer pid=3180521) INFO:     127.0.0.1:40338 - "POST /v1/completions HTTP/1.1" 200 OK
(APIServer pid=3180521) INFO:     127.0.0.1:40352 - "POST /v1/completions HTTP/1.1" 200 OK
(APIServer pid=3180521) INFO:     127.0.0.1:40368 - "POST /v1/completions HTTP/1.1" 200 OK
(APIServer pid=3180521) INFO:     127.0.0.1:40384 - "POST /v1/completions HTTP/1.1" 200 OK
(APIServer pid=3180521) INFO:     127.0.0.1:40404 - "POST /v1/completions HTTP/1.1" 200 OK
(APIServer pid=3180521) INFO:     127.0.0.1:40400 - "POST /v1/completions HTTP/1.1" 200 OK
(APIServer pid=3180521) INFO:     127.0.0.1:40428 - "POST /v1/completions HTTP/1.1" 200 OK
(APIServer pid=3180521) INFO:     127.0.0.1:40414 - "POST /v1/completions HTTP/1.1" 200 OK
(APIServer pid=3180521) INFO:     127.0.0.1:40436 - "POST /v1/completions HTTP/1.1" 200 OK
(APIServer pid=3180521) INFO:     127.0.0.1:40432 - "POST /v1/completions HTTP/1.1" 200 OK
(APIServer pid=3180521) INFO:     127.0.0.1:40458 - "POST /v1/completions HTTP/1.1" 200 OK
(APIServer pid=3180521) INFO:     127.0.0.1:40472 - "POST /v1/completions HTTP/1.1" 200 OK
(APIServer pid=3180521) INFO:     127.0.0.1:40444 - "POST /v1/completions HTTP/1.1" 200 OK
(APIServer pid=3180521) INFO:     127.0.0.1:40498 - "POST /v1/completions HTTP/1.1" 200 OK
(APIServer pid=3180521) INFO:     127.0.0.1:40482 - "POST /v1/completions HTTP/1.1" 200 OK
(APIServer pid=3180521) INFO:     127.0.0.1:40522 - "POST /v1/completions HTTP/1.1" 200 OK
(APIServer pid=3180521) INFO:     127.0.0.1:40514 - "POST /v1/completions HTTP/1.1" 200 OK
(APIServer pid=3180521) INFO 07-08 10:58:08 [loggers.py:271] Engine 000: Avg prompt throughput: 37797.6 tokens/s, Avg generation throughput: 2389.3 tokens/s, Running: 245 reqs, Waiting: 7 reqs, GPU KV cache usage: 27.4%, Prefix cache hit rate: 20.3%
(APIServer pid=3180521) INFO:     127.0.0.1:40540 - "POST /v1/completions HTTP/1.1" 200 OK
(APIServer pid=3180521) INFO:     127.0.0.1:40532 - "POST /v1/completions HTTP/1.1" 200 OK
(APIServer pid=3180521) INFO:     127.0.0.1:40554 - "POST /v1/completions HTTP/1.1" 200 OK
(APIServer pid=3180521) INFO:     127.0.0.1:40550 - "POST /v1/completions HTTP/1.1" 200 OK
(APIServer pid=3180521) INFO:     127.0.0.1:40572 - "POST /v1/completions HTTP/1.1" 200 OK
(APIServer pid=3180521) INFO:     127.0.0.1:40566 - "POST /v1/completions HTTP/1.1" 200 OK
(APIServer pid=3180521) INFO:     127.0.0.1:40584 - "POST /v1/completions HTTP/1.1" 200 OK
(APIServer pid=3180521) INFO:     127.0.0.1:40586 - "POST /v1/completions HTTP/1.1" 200 OK
(APIServer pid=3180521) INFO:     127.0.0.1:40614 - "POST /v1/completions HTTP/1.1" 200 OK
(APIServer pid=3180521) INFO:     127.0.0.1:40600 - "POST /v1/completions HTTP/1.1" 200 OK
(APIServer pid=3180521) INFO:     127.0.0.1:40630 - "POST /v1/completions HTTP/1.1" 200 OK
(APIServer pid=3180521) INFO:     127.0.0.1:40634 - "POST /v1/completions HTTP/1.1" 200 OK
(APIServer pid=3180521) INFO:     127.0.0.1:40652 - "POST /v1/completions HTTP/1.1" 200 OK
(APIServer pid=3180521) INFO:     127.0.0.1:40648 - "POST /v1/completions HTTP/1.1" 200 OK
(APIServer pid=3180521) INFO:     127.0.0.1:40668 - "POST /v1/completions HTTP/1.1" 200 OK
(APIServer pid=3180521) INFO:     127.0.0.1:40658 - "POST /v1/completions HTTP/1.1" 200 OK
(APIServer pid=3180521) INFO:     127.0.0.1:40680 - "POST /v1/completions HTTP/1.1" 200 OK
(APIServer pid=3180521) INFO:     127.0.0.1:40692 - "POST /v1/completions HTTP/1.1" 200 OK
(APIServer pid=3180521) INFO:     127.0.0.1:40696 - "POST /v1/completions HTTP/1.1" 200 OK
(APIServer pid=3180521) INFO:     127.0.0.1:40712 - "POST /v1/completions HTTP/1.1" 200 OK
(APIServer pid=3180521) INFO:     127.0.0.1:40728 - "POST /v1/completions HTTP/1.1" 200 OK
(APIServer pid=3180521) INFO:     127.0.0.1:40736 - "POST /v1/completions HTTP/1.1" 200 OK
(APIServer pid=3180521) INFO:     127.0.0.1:40750 - "POST /v1/completions HTTP/1.1" 200 OK
(APIServer pid=3180521) INFO:     127.0.0.1:40742 - "POST /v1/completions HTTP/1.1" 200 OK
(APIServer pid=3180521) INFO:     127.0.0.1:40762 - "POST /v1/completions HTTP/1.1" 200 OK
(APIServer pid=3180521) INFO:     127.0.0.1:40766 - "POST /v1/completions HTTP/1.1" 200 OK
(APIServer pid=3180521) INFO:     127.0.0.1:40764 - "POST /v1/completions HTTP/1.1" 200 OK
(APIServer pid=3180521) INFO:     127.0.0.1:40790 - "POST /v1/completions HTTP/1.1" 200 OK
(APIServer pid=3180521) INFO:     127.0.0.1:40776 - "POST /v1/completions HTTP/1.1" 200 OK
(APIServer pid=3180521) INFO:     127.0.0.1:40798 - "POST /v1/completions HTTP/1.1" 200 OK
(APIServer pid=3180521) INFO:     127.0.0.1:40796 - "POST /v1/completions HTTP/1.1" 200 OK
(APIServer pid=3180521) INFO:     127.0.0.1:40816 - "POST /v1/completions HTTP/1.1" 200 OK
(APIServer pid=3180521) INFO:     127.0.0.1:40800 - "POST /v1/completions HTTP/1.1" 200 OK
(APIServer pid=3180521) INFO:     127.0.0.1:40820 - "POST /v1/completions HTTP/1.1" 200 OK
(APIServer pid=3180521) INFO:     127.0.0.1:40824 - "POST /v1/completions HTTP/1.1" 200 OK
(APIServer pid=3180521) INFO:     127.0.0.1:40832 - "POST /v1/completions HTTP/1.1" 200 OK
(APIServer pid=3180521) INFO:     127.0.0.1:40848 - "POST /v1/completions HTTP/1.1" 200 OK
(APIServer pid=3180521) INFO:     127.0.0.1:40866 - "POST /v1/completions HTTP/1.1" 200 OK
(APIServer pid=3180521) INFO:     127.0.0.1:40864 - "POST /v1/completions HTTP/1.1" 200 OK
(APIServer pid=3180521) INFO:     127.0.0.1:40868 - "POST /v1/completions HTTP/1.1" 200 OK
(APIServer pid=3180521) INFO:     127.0.0.1:40884 - "POST /v1/completions HTTP/1.1" 200 OK
(APIServer pid=3180521) INFO:     127.0.0.1:40888 - "POST /v1/completions HTTP/1.1" 200 OK
(APIServer pid=3180521) INFO:     127.0.0.1:40886 - "POST /v1/completions HTTP/1.1" 200 OK
(APIServer pid=3180521) INFO:     127.0.0.1:40898 - "POST /v1/completions HTTP/1.1" 200 OK
(APIServer pid=3180521) INFO:     127.0.0.1:40892 - "POST /v1/completions HTTP/1.1" 200 OK
(APIServer pid=3180521) INFO:     127.0.0.1:40914 - "POST /v1/completions HTTP/1.1" 200 OK
(APIServer pid=3180521) INFO:     127.0.0.1:40926 - "POST /v1/completions HTTP/1.1" 200 OK
(APIServer pid=3180521) INFO:     127.0.0.1:40932 - "POST /v1/completions HTTP/1.1" 200 OK
(APIServer pid=3180521) INFO:     127.0.0.1:40942 - "POST /v1/completions HTTP/1.1" 200 OK
(APIServer pid=3180521) INFO:     127.0.0.1:40956 - "POST /v1/completions HTTP/1.1" 200 OK
(APIServer pid=3180521) INFO:     127.0.0.1:40946 - "POST /v1/completions HTTP/1.1" 200 OK
(APIServer pid=3180521) INFO:     127.0.0.1:40964 - "POST /v1/completions HTTP/1.1" 200 OK
(APIServer pid=3180521) INFO:     127.0.0.1:40980 - "POST /v1/completions HTTP/1.1" 200 OK
(APIServer pid=3180521) INFO:     127.0.0.1:40996 - "POST /v1/completions HTTP/1.1" 200 OK
(APIServer pid=3180521) INFO:     127.0.0.1:40990 - "POST /v1/completions HTTP/1.1" 200 OK
(APIServer pid=3180521) INFO:     127.0.0.1:41014 - "POST /v1/completions HTTP/1.1" 200 OK
(APIServer pid=3180521) INFO:     127.0.0.1:41010 - "POST /v1/completions HTTP/1.1" 200 OK
(APIServer pid=3180521) INFO:     127.0.0.1:41024 - "POST /v1/completions HTTP/1.1" 200 OK
(APIServer pid=3180521) INFO:     127.0.0.1:41048 - "POST /v1/completions HTTP/1.1" 200 OK
(APIServer pid=3180521) INFO:     127.0.0.1:41032 - "POST /v1/completions HTTP/1.1" 200 OK
(APIServer pid=3180521) INFO:     127.0.0.1:41064 - "POST /v1/completions HTTP/1.1" 200 OK
(APIServer pid=3180521) INFO:     127.0.0.1:41070 - "POST /v1/completions HTTP/1.1" 200 OK
(APIServer pid=3180521) INFO:     127.0.0.1:41078 - "POST /v1/completions HTTP/1.1" 200 OK
(APIServer pid=3180521) INFO:     127.0.0.1:41094 - "POST /v1/completions HTTP/1.1" 200 OK
(APIServer pid=3180521) INFO:     127.0.0.1:41106 - "POST /v1/completions HTTP/1.1" 200 OK
(APIServer pid=3180521) INFO:     127.0.0.1:41100 - "POST /v1/completions HTTP/1.1" 200 OK
(APIServer pid=3180521) INFO:     127.0.0.1:41114 - "POST /v1/completions HTTP/1.1" 200 OK
(APIServer pid=3180521) INFO:     127.0.0.1:41110 - "POST /v1/completions HTTP/1.1" 200 OK
(APIServer pid=3180521) INFO:     127.0.0.1:41126 - "POST /v1/completions HTTP/1.1" 200 OK
(APIServer pid=3180521) INFO:     127.0.0.1:41136 - "POST /v1/completions HTTP/1.1" 200 OK
(APIServer pid=3180521) INFO:     127.0.0.1:41152 - "POST /v1/completions HTTP/1.1" 200 OK
(APIServer pid=3180521) INFO:     127.0.0.1:41168 - "POST /v1/completions HTTP/1.1" 200 OK
(APIServer pid=3180521) INFO:     127.0.0.1:41180 - "POST /v1/completions HTTP/1.1" 200 OK
(APIServer pid=3180521) INFO:     127.0.0.1:41172 - "POST /v1/completions HTTP/1.1" 200 OK
(APIServer pid=3180521) INFO:     127.0.0.1:41200 - "POST /v1/completions HTTP/1.1" 200 OK
(APIServer pid=3180521) INFO:     127.0.0.1:41190 - "POST /v1/completions HTTP/1.1" 200 OK
(APIServer pid=3180521) INFO:     127.0.0.1:41204 - "POST /v1/completions HTTP/1.1" 200 OK
(APIServer pid=3180521) INFO:     127.0.0.1:41218 - "POST /v1/completions HTTP/1.1" 200 OK
(APIServer pid=3180521) INFO:     127.0.0.1:41244 - "POST /v1/completions HTTP/1.1" 200 OK
(APIServer pid=3180521) INFO:     127.0.0.1:41228 - "POST /v1/completions HTTP/1.1" 200 OK
(APIServer pid=3180521) INFO:     127.0.0.1:41268 - "POST /v1/completions HTTP/1.1" 200 OK
(APIServer pid=3180521) INFO:     127.0.0.1:41258 - "POST /v1/completions HTTP/1.1" 200 OK
(APIServer pid=3180521) INFO:     127.0.0.1:41272 - "POST /v1/completions HTTP/1.1" 200 OK
(APIServer pid=3180521) INFO:     127.0.0.1:41284 - "POST /v1/completions HTTP/1.1" 200 OK
(APIServer pid=3180521) INFO:     127.0.0.1:41294 - "POST /v1/completions HTTP/1.1" 200 OK
(APIServer pid=3180521) INFO:     127.0.0.1:41300 - "POST /v1/completions HTTP/1.1" 200 OK
(APIServer pid=3180521) INFO:     127.0.0.1:41314 - "POST /v1/completions HTTP/1.1" 200 OK
(APIServer pid=3180521) INFO:     127.0.0.1:41336 - "POST /v1/completions HTTP/1.1" 200 OK
(APIServer pid=3180521) INFO:     127.0.0.1:41326 - "POST /v1/completions HTTP/1.1" 200 OK
(APIServer pid=3180521) INFO:     127.0.0.1:41344 - "POST /v1/completions HTTP/1.1" 200 OK
(APIServer pid=3180521) INFO:     127.0.0.1:41340 - "POST /v1/completions HTTP/1.1" 200 OK
(APIServer pid=3180521) INFO:     127.0.0.1:41348 - "POST /v1/completions HTTP/1.1" 200 OK
(APIServer pid=3180521) INFO:     127.0.0.1:41354 - "POST /v1/completions HTTP/1.1" 200 OK
(APIServer pid=3180521) INFO:     127.0.0.1:41378 - "POST /v1/completions HTTP/1.1" 200 OK
(APIServer pid=3180521) INFO:     127.0.0.1:41362 - "POST /v1/completions HTTP/1.1" 200 OK
(APIServer pid=3180521) INFO:     127.0.0.1:41386 - "POST /v1/completions HTTP/1.1" 200 OK
(APIServer pid=3180521) INFO:     127.0.0.1:41380 - "POST /v1/completions HTTP/1.1" 200 OK
(APIServer pid=3180521) INFO:     127.0.0.1:41406 - "POST /v1/completions HTTP/1.1" 200 OK
(APIServer pid=3180521) INFO:     127.0.0.1:41390 - "POST /v1/completions HTTP/1.1" 200 OK
(APIServer pid=3180521) INFO:     127.0.0.1:41416 - "POST /v1/completions HTTP/1.1" 200 OK
(APIServer pid=3180521) INFO:     127.0.0.1:41422 - "POST /v1/completions HTTP/1.1" 200 OK
(APIServer pid=3180521) INFO:     127.0.0.1:41424 - "POST /v1/completions HTTP/1.1" 200 OK
(APIServer pid=3180521) INFO:     127.0.0.1:41428 - "POST /v1/completions HTTP/1.1" 200 OK
(APIServer pid=3180521) INFO:     127.0.0.1:41444 - "POST /v1/completions HTTP/1.1" 200 OK
(APIServer pid=3180521) INFO:     127.0.0.1:41450 - "POST /v1/completions HTTP/1.1" 200 OK
(APIServer pid=3180521) INFO:     127.0.0.1:41464 - "POST /v1/completions HTTP/1.1" 200 OK
(APIServer pid=3180521) INFO:     127.0.0.1:41478 - "POST /v1/completions HTTP/1.1" 200 OK
(APIServer pid=3180521) INFO:     127.0.0.1:41492 - "POST /v1/completions HTTP/1.1" 200 OK
(APIServer pid=3180521) INFO:     127.0.0.1:41482 - "POST /v1/completions HTTP/1.1" 200 OK
(APIServer pid=3180521) INFO:     127.0.0.1:41502 - "POST /v1/completions HTTP/1.1" 200 OK
(APIServer pid=3180521) INFO:     127.0.0.1:41510 - "POST /v1/completions HTTP/1.1" 200 OK
(APIServer pid=3180521) INFO:     127.0.0.1:41522 - "POST /v1/completions HTTP/1.1" 200 OK
(APIServer pid=3180521) INFO:     127.0.0.1:41524 - "POST /v1/completions HTTP/1.1" 200 OK
(APIServer pid=3180521) INFO:     127.0.0.1:41528 - "POST /v1/completions HTTP/1.1" 200 OK
(APIServer pid=3180521) INFO:     127.0.0.1:41530 - "POST /v1/completions HTTP/1.1" 200 OK
(APIServer pid=3180521) INFO:     127.0.0.1:41550 - "POST /v1/completions HTTP/1.1" 200 OK
(APIServer pid=3180521) INFO:     127.0.0.1:41542 - "POST /v1/completions HTTP/1.1" 200 OK
(APIServer pid=3180521) INFO:     127.0.0.1:41560 - "POST /v1/completions HTTP/1.1" 200 OK
(APIServer pid=3180521) INFO:     127.0.0.1:41564 - "POST /v1/completions HTTP/1.1" 200 OK
(APIServer pid=3180521) INFO:     127.0.0.1:41572 - "POST /v1/completions HTTP/1.1" 200 OK
(APIServer pid=3180521) INFO:     127.0.0.1:41578 - "POST /v1/completions HTTP/1.1" 200 OK
(APIServer pid=3180521) INFO:     127.0.0.1:41588 - "POST /v1/completions HTTP/1.1" 200 OK
(APIServer pid=3180521) INFO:     127.0.0.1:41604 - "POST /v1/completions HTTP/1.1" 200 OK
(APIServer pid=3180521) INFO:     127.0.0.1:41620 - "POST /v1/completions HTTP/1.1" 200 OK
(APIServer pid=3180521) INFO:     127.0.0.1:41642 - "POST /v1/completions HTTP/1.1" 200 OK
(APIServer pid=3180521) INFO:     127.0.0.1:41634 - "POST /v1/completions HTTP/1.1" 200 OK
(APIServer pid=3180521) INFO:     127.0.0.1:41648 - "POST /v1/completions HTTP/1.1" 200 OK
(APIServer pid=3180521) INFO:     127.0.0.1:41664 - "POST /v1/completions HTTP/1.1" 200 OK
(APIServer pid=3180521) INFO:     127.0.0.1:41680 - "POST /v1/completions HTTP/1.1" 200 OK
(APIServer pid=3180521) INFO:     127.0.0.1:41694 - "POST /v1/completions HTTP/1.1" 200 OK
(APIServer pid=3180521) INFO:     127.0.0.1:41698 - "POST /v1/completions HTTP/1.1" 200 OK
(APIServer pid=3180521) INFO:     127.0.0.1:41702 - "POST /v1/completions HTTP/1.1" 200 OK
(APIServer pid=3180521) INFO:     127.0.0.1:41718 - "POST /v1/completions HTTP/1.1" 200 OK
(APIServer pid=3180521) INFO:     127.0.0.1:41724 - "POST /v1/completions HTTP/1.1" 200 OK
(APIServer pid=3180521) INFO:     127.0.0.1:41742 - "POST /v1/completions HTTP/1.1" 200 OK
(APIServer pid=3180521) INFO:     127.0.0.1:41738 - "POST /v1/completions HTTP/1.1" 200 OK
(APIServer pid=3180521) INFO:     127.0.0.1:41758 - "POST /v1/completions HTTP/1.1" 200 OK
(APIServer pid=3180521) INFO:     127.0.0.1:41756 - "POST /v1/completions HTTP/1.1" 200 OK
(APIServer pid=3180521) INFO:     127.0.0.1:41762 - "POST /v1/completions HTTP/1.1" 200 OK
(APIServer pid=3180521) INFO:     127.0.0.1:41764 - "POST /v1/completions HTTP/1.1" 200 OK
(APIServer pid=3180521) INFO:     127.0.0.1:41772 - "POST /v1/completions HTTP/1.1" 200 OK
(APIServer pid=3180521) INFO:     127.0.0.1:41786 - "POST /v1/completions HTTP/1.1" 200 OK
(APIServer pid=3180521) INFO:     127.0.0.1:41806 - "POST /v1/completions HTTP/1.1" 200 OK
(APIServer pid=3180521) INFO:     127.0.0.1:41800 - "POST /v1/completions HTTP/1.1" 200 OK
(APIServer pid=3180521) INFO:     127.0.0.1:41808 - "POST /v1/completions HTTP/1.1" 200 OK
(APIServer pid=3180521) INFO:     127.0.0.1:41824 - "POST /v1/completions HTTP/1.1" 200 OK
(APIServer pid=3180521) INFO:     127.0.0.1:41840 - "POST /v1/completions HTTP/1.1" 200 OK
(APIServer pid=3180521) INFO:     127.0.0.1:41846 - "POST /v1/completions HTTP/1.1" 200 OK
(APIServer pid=3180521) INFO:     127.0.0.1:41862 - "POST /v1/completions HTTP/1.1" 200 OK
(APIServer pid=3180521) INFO:     127.0.0.1:41848 - "POST /v1/completions HTTP/1.1" 200 OK
(APIServer pid=3180521) INFO:     127.0.0.1:41892 - "POST /v1/completions HTTP/1.1" 200 OK
(APIServer pid=3180521) INFO:     127.0.0.1:41876 - "POST /v1/completions HTTP/1.1" 200 OK
(APIServer pid=3180521) INFO 07-08 10:58:18 [loggers.py:271] Engine 000: Avg prompt throughput: 31307.5 tokens/s, Avg generation throughput: 3532.2 tokens/s, Running: 57 reqs, Waiting: 0 reqs, GPU KV cache usage: 6.5%, Prefix cache hit rate: 16.5%
(APIServer pid=3180521) INFO:     127.0.0.1:39648 - "GET /metrics HTTP/1.1" 200 OK
(EngineCore pid=3181679) INFO 07-08 10:58:18 [core.py:1266] Shutdown initiated (timeout=0)
(EngineCore pid=3181679) INFO 07-08 10:58:18 [core.py:1289] Shutdown complete
(Worker_TP0 pid=3182193) INFO 07-08 10:58:18 [multiproc_executor.py:775] Parent process exited, terminating worker queues
(Worker_TP1 pid=3182194) INFO 07-08 10:58:18 [multiproc_executor.py:872] WorkerProc shutting down.
(Worker_TP5 pid=3182198) INFO 07-08 10:58:18 [multiproc_executor.py:872] WorkerProc shutting down.
(Worker_TP7 pid=3182200) INFO 07-08 10:58:18 [multiproc_executor.py:872] WorkerProc shutting down.
(Worker_TP2 pid=3182195) INFO 07-08 10:58:18 [multiproc_executor.py:872] WorkerProc shutting down.
(Worker_TP4 pid=3182197) INFO 07-08 10:58:18 [multiproc_executor.py:872] WorkerProc shutting down.
(Worker_TP6 pid=3182199) INFO 07-08 10:58:18 [multiproc_executor.py:872] WorkerProc shutting down.
(Worker_TP0 pid=3182193) INFO 07-08 10:58:18 [multiproc_executor.py:872] WorkerProc shutting down.
(Worker_TP3 pid=3182196) INFO 07-08 10:58:18 [multiproc_executor.py:872] WorkerProc shutting down.
(APIServer pid=3180521) INFO 07-08 10:58:18 [launcher.py:137] Shutting down FastAPI HTTP server.
(APIServer pid=3180521) INFO:     Shutting down
(APIServer pid=3180521) INFO:     Waiting for application shutdown.
(APIServer pid=3180521) INFO:     Application shutdown complete.
/usr/lib/python3.12/multiprocessing/resource_tracker.py:254: UserWarning: resource_tracker: There appear to be 8 leaked semaphore objects to clean up at shutdown
  warnings.warn('resource_tracker: There appear to be %d '
/usr/lib/python3.12/multiprocessing/resource_tracker.py:254: UserWarning: resource_tracker: There appear to be 10 leaked shared_memory objects to clean up at shutdown
  warnings.warn('resource_tracker: There appear to be %d '
